"Run","Run ID","metric","step","timestamp","value"
"ssl_emnist_digits_conv-seed5","0b48bb86cdb742b1814dc25443d2f7a5","val/accuracy","210","1775514548400","0.5726666450500488"
"ssl_emnist_digits_conv-seed5","0b48bb86cdb742b1814dc25443d2f7a5","val/accuracy","421","1775514572460","0.5835000276565552"
"ssl_emnist_digits_conv-seed5","0b48bb86cdb742b1814dc25443d2f7a5","val/accuracy","632","1775514596553","0.5776666402816772"
"ssl_emnist_digits_conv-seed5","0b48bb86cdb742b1814dc25443d2f7a5","val/accuracy","843","1775514653428","0.6400833129882812"
"ssl_emnist_digits_conv-seed5","0b48bb86cdb742b1814dc25443d2f7a5","val/accuracy","1054","1775514713828","0.6826249957084656"
"ssl_emnist_digits_conv-seed5","0b48bb86cdb742b1814dc25443d2f7a5","val/accuracy","1265","1775514776013","0.7240416407585144"
"ssl_emnist_digits_conv-seed5","0b48bb86cdb742b1814dc25443d2f7a5","val/accuracy","1476","1775514838800","0.7472083568572998"
"ssl_emnist_digits_conv-seed5","0b48bb86cdb742b1814dc25443d2f7a5","val/accuracy","1687","1775514904677","0.7603750228881836"
"ssl_emnist_digits_conv-seed5","0b48bb86cdb742b1814dc25443d2f7a5","val/accuracy","1898","1775514970008","0.7750833630561829"
"ssl_emnist_digits_conv-seed5","0b48bb86cdb742b1814dc25443d2f7a5","val/accuracy","2109","1775515031330","0.7839999794960022"
"ssl_emnist_digits_conv-seed5","0b48bb86cdb742b1814dc25443d2f7a5","val/accuracy","2320","1775515097981","0.7902500033378601"
"ssl_emnist_digits_conv-seed5","0b48bb86cdb742b1814dc25443d2f7a5","val/accuracy","2531","1775515164368","0.7940833568572998"
"ssl_emnist_digits_conv-seed5","0b48bb86cdb742b1814dc25443d2f7a5","val/accuracy","2742","1775515228817","0.7982916831970215"
"ssl_emnist_digits_conv-seed5","0b48bb86cdb742b1814dc25443d2f7a5","val/accuracy","2953","1775515293013","0.8018333315849304"
"ssl_emnist_digits_conv-seed5","0b48bb86cdb742b1814dc25443d2f7a5","val/accuracy","3164","1775515357660","0.8028333187103271"
"ssl_emnist_digits_conv-seed5","0b48bb86cdb742b1814dc25443d2f7a5","val/accuracy","3375","1775515421724","0.8064166903495789"
"ssl_emnist_digits_conv-seed5","0b48bb86cdb742b1814dc25443d2f7a5","val/accuracy","3586","1775515485913","0.8074583411216736"
"ssl_emnist_digits_conv-seed5","0b48bb86cdb742b1814dc25443d2f7a5","val/accuracy","3797","1775515551297","0.8112083077430725"
"ssl_emnist_digits_conv-seed5","0b48bb86cdb742b1814dc25443d2f7a5","val/accuracy","4008","1775515614496","0.8116250038146973"
"ssl_emnist_digits_conv-seed5","0b48bb86cdb742b1814dc25443d2f7a5","val/accuracy","4219","1775515676868","0.8119583129882812"
"ssl_emnist_digits_conv-seed5","0b48bb86cdb742b1814dc25443d2f7a5","val/accuracy","4430","1775515742005","0.8161666393280029"
"ssl_emnist_digits_conv-seed5","0b48bb86cdb742b1814dc25443d2f7a5","val/accuracy","4641","1775515806756","0.8180833458900452"
"ssl_emnist_digits_conv-seed5","0b48bb86cdb742b1814dc25443d2f7a5","val/accuracy","4852","1775515871548","0.8205833435058594"
"ssl_emnist_digits_conv-seed5","0b48bb86cdb742b1814dc25443d2f7a5","val/accuracy","5063","1775515937585","0.8203333616256714"
"ssl_emnist_digits_conv-seed5","0b48bb86cdb742b1814dc25443d2f7a5","val/accuracy","5274","1775516001208","0.8236250281333923"
"ssl_emnist_digits_conv-seed5","0b48bb86cdb742b1814dc25443d2f7a5","val/accuracy","5485","1775516065264","0.8234999775886536"
"ssl_emnist_digits_conv-seed5","0b48bb86cdb742b1814dc25443d2f7a5","val/accuracy","5696","1775516129188","0.8258749842643738"
"ssl_emnist_digits_conv-seed5","0b48bb86cdb742b1814dc25443d2f7a5","val/accuracy","5907","1775516191852","0.8247500061988831"
"ssl_emnist_digits_conv-seed5","0b48bb86cdb742b1814dc25443d2f7a5","val/accuracy","6118","1775516256140","0.828374981880188"
"ssl_emnist_digits_conv-seed5","0b48bb86cdb742b1814dc25443d2f7a5","val/accuracy","6329","1775516319992","0.827791690826416"
"ssl_emnist_digits_conv-seed5","0b48bb86cdb742b1814dc25443d2f7a5","val/accuracy","6540","1775516383149","0.8285833597183228"
"ssl_emnist_digits_conv-seed5","0b48bb86cdb742b1814dc25443d2f7a5","val/accuracy","6751","1775516447617","0.8277083039283752"
"ssl_emnist_digits_conv-seed5","0b48bb86cdb742b1814dc25443d2f7a5","val/accuracy","6962","1775516512177","0.8318333625793457"
"ssl_emnist_digits_conv-seed5","0b48bb86cdb742b1814dc25443d2f7a5","val/accuracy","7173","1775516578876","0.8298333287239075"
"ssl_emnist_digits_conv-seed5","0b48bb86cdb742b1814dc25443d2f7a5","val/accuracy","7384","1775516642835","0.8338333368301392"
"ssl_emnist_digits_conv-seed5","0b48bb86cdb742b1814dc25443d2f7a5","val/accuracy","7595","1775516707020","0.8315833210945129"
"ssl_emnist_digits_conv-seed5","0b48bb86cdb742b1814dc25443d2f7a5","val/accuracy","7806","1775516769052","0.8328333497047424"
"ssl_emnist_digits_conv-seed5","0b48bb86cdb742b1814dc25443d2f7a5","val/accuracy","8017","1775516833856","0.8321666717529297"
"ssl_emnist_digits_conv-seed5","0b48bb86cdb742b1814dc25443d2f7a5","val/accuracy","8228","1775516900268","0.8348333239555359"
"ssl_emnist_digits_conv-seed5","0b48bb86cdb742b1814dc25443d2f7a5","val/accuracy","8439","1775516965665","0.8357083201408386"
"ssl_emnist_digits_conv-seed5","0b48bb86cdb742b1814dc25443d2f7a5","val/accuracy","8650","1775517034761","0.8355833292007446"
"ssl_emnist_digits_conv-seed5","0b48bb86cdb742b1814dc25443d2f7a5","val/accuracy","8861","1775517099228","0.8344166874885559"
"ssl_emnist_digits_conv-seed5","0b48bb86cdb742b1814dc25443d2f7a5","val/accuracy","9072","1775517162932","0.8353750109672546"
"ssl_emnist_digits_conv-seed5","0b48bb86cdb742b1814dc25443d2f7a5","val/accuracy","9283","1775517226280","0.8364583253860474"
"ssl_emnist_digits_conv-seed5","0b48bb86cdb742b1814dc25443d2f7a5","val/accuracy","9494","1775517289144","0.8353750109672546"
"ssl_emnist_digits_conv-seed5","0b48bb86cdb742b1814dc25443d2f7a5","val/accuracy","9705","1775517353368","0.8368750214576721"
"ssl_emnist_digits_conv-seed5","0b48bb86cdb742b1814dc25443d2f7a5","val/accuracy","9916","1775517417556","0.8395416736602783"
"ssl_emnist_digits_conv-seed5","0b48bb86cdb742b1814dc25443d2f7a5","val/accuracy","10127","1775517482260","0.8381666541099548"
"ssl_emnist_digits_conv-seed5","0b48bb86cdb742b1814dc25443d2f7a5","val/accuracy","10338","1775517548868","0.8382083177566528"
"ssl_emnist_digits_conv-seed5","0b48bb86cdb742b1814dc25443d2f7a5","val/accuracy","10549","1775517612888","0.8412083387374878"
"ssl_emnist_digits_conv-seed5","0b48bb86cdb742b1814dc25443d2f7a5","val/accuracy","10760","1775517677844","0.8422916531562805"
"ssl_emnist_digits_conv-seed5","0b48bb86cdb742b1814dc25443d2f7a5","val/accuracy","10971","1775517743408","0.8397916555404663"
"ssl_emnist_digits_conv-seed5","0b48bb86cdb742b1814dc25443d2f7a5","val/accuracy","11182","1775517808828","0.8416249752044678"
"ssl_emnist_digits_conv-seed5","0b48bb86cdb742b1814dc25443d2f7a5","val/accuracy","11393","1775517872232","0.8399583101272583"
"ssl_emnist_digits_conv-seed5","0b48bb86cdb742b1814dc25443d2f7a5","val/accuracy","11604","1775517939256","0.843583345413208"
"ssl_emnist_digits_conv-seed5","0b48bb86cdb742b1814dc25443d2f7a5","val/accuracy","11815","1775518005053","0.8420416712760925"
"ssl_emnist_digits_conv-seed5","0b48bb86cdb742b1814dc25443d2f7a5","val/accuracy","12026","1775518068004","0.8410000205039978"
"ssl_emnist_digits_conv-seed5","0b48bb86cdb742b1814dc25443d2f7a5","val/accuracy","12237","1775518134421","0.8431666493415833"
"ssl_emnist_digits_conv-seed5","0b48bb86cdb742b1814dc25443d2f7a5","val/accuracy","12448","1775518201996","0.8472499847412109"
"ssl_emnist_digits_conv-seed5","0b48bb86cdb742b1814dc25443d2f7a5","val/accuracy","12659","1775518264809","0.8459583520889282"
"ssl_emnist_digits_conv-seed5","0b48bb86cdb742b1814dc25443d2f7a5","val/accuracy","12870","1775518328244","0.8462083339691162"
"ssl_emnist_digits_conv-seed5","0b48bb86cdb742b1814dc25443d2f7a5","val/accuracy","13081","1775518392665","0.8431666493415833"
"ssl_emnist_digits_conv-seed5","0b48bb86cdb742b1814dc25443d2f7a5","val/accuracy","13292","1775518458496","0.8460833430290222"
"ssl_emnist_digits_conv-seed5","0b48bb86cdb742b1814dc25443d2f7a5","val/accuracy","13503","1775518522785","0.8442500233650208"
"ssl_emnist_digits_conv-seed5","0b48bb86cdb742b1814dc25443d2f7a5","val/accuracy","13714","1775518588904","0.8448749780654907"
"ssl_emnist_digits_conv-seed5","0b48bb86cdb742b1814dc25443d2f7a5","val/accuracy","13925","1775518653424","0.8466249704360962"
"ssl_emnist_digits_conv-seed5","0b48bb86cdb742b1814dc25443d2f7a5","val/accuracy","14136","1775518718625","0.8463749885559082"
"ssl_emnist_digits_conv-seed5","0b48bb86cdb742b1814dc25443d2f7a5","val/accuracy","14347","1775518785924","0.8489583134651184"
"ssl_emnist_digits_conv-seed5","0b48bb86cdb742b1814dc25443d2f7a5","val/accuracy","14558","1775518848313","0.8491250276565552"
"ssl_emnist_digits_conv-seed5","0b48bb86cdb742b1814dc25443d2f7a5","val/accuracy","14769","1775518913588","0.8513749837875366"
"ssl_emnist_digits_conv-seed5","0b48bb86cdb742b1814dc25443d2f7a5","val/accuracy","14980","1775518978957","0.8489583134651184"
"ssl_emnist_digits_conv-seed5","0b48bb86cdb742b1814dc25443d2f7a5","val/accuracy","15191","1775519043521","0.8500416874885559"
"ssl_emnist_digits_conv-seed5","0b48bb86cdb742b1814dc25443d2f7a5","val/accuracy","15402","1775519108281","0.8479999899864197"
"ssl_emnist_digits_conv-seed5","0b48bb86cdb742b1814dc25443d2f7a5","val/accuracy","15613","1775519171876","0.8514166474342346"
"ssl_emnist_digits_conv-seed5","0b48bb86cdb742b1814dc25443d2f7a5","val/accuracy","15824","1775519238865","0.8512083292007446"
"ssl_emnist_digits_conv-seed5","0b48bb86cdb742b1814dc25443d2f7a5","val/accuracy","16035","1775519305457","0.8500833511352539"
"ssl_emnist_digits_conv-seed5","0b48bb86cdb742b1814dc25443d2f7a5","val/accuracy","16246","1775519372700","0.8518333435058594"
"ssl_emnist_digits_conv-seed5","0b48bb86cdb742b1814dc25443d2f7a5","val/accuracy","16457","1775519439884","0.8514166474342346"
"ssl_emnist_digits_conv-seed5","0b48bb86cdb742b1814dc25443d2f7a5","val/accuracy","16668","1775519503780","0.8521666526794434"
"ssl_emnist_digits_conv-seed5","0b48bb86cdb742b1814dc25443d2f7a5","val/accuracy","16879","1775519570120","0.8542916774749756"
"ssl_emnist_digits_conv-seed5","0b48bb86cdb742b1814dc25443d2f7a5","val/accuracy","17090","1775519632741","0.8532083630561829"
"ssl_emnist_digits_conv-seed5","0b48bb86cdb742b1814dc25443d2f7a5","val/accuracy","17301","1775519697296","0.8556249737739563"
"ssl_emnist_digits_conv-seed5","0b48bb86cdb742b1814dc25443d2f7a5","val/accuracy","17512","1775519761272","0.8528333306312561"
"ssl_emnist_digits_conv-seed5","0b48bb86cdb742b1814dc25443d2f7a5","val/accuracy","17723","1775519828332","0.8544166684150696"
"ssl_emnist_digits_conv-seed5","0b48bb86cdb742b1814dc25443d2f7a5","val/accuracy","17934","1775519893044","0.8547916412353516"
"ssl_emnist_digits_conv-seed5","0b48bb86cdb742b1814dc25443d2f7a5","val/accuracy","18145","1775519970648","0.8547499775886536"
"ssl_emnist_digits_conv-seed5","0b48bb86cdb742b1814dc25443d2f7a5","val/accuracy","18356","1775520036577","0.8558750152587891"
"ssl_emnist_digits_conv-seed5","0b48bb86cdb742b1814dc25443d2f7a5","val/accuracy","18567","1775520150312","0.8568750023841858"
"ssl_emnist_digits_conv-seed5","0b48bb86cdb742b1814dc25443d2f7a5","val/accuracy","18778","1775520255885","0.8560000061988831"
"ssl_emnist_digits_conv-seed5","0b48bb86cdb742b1814dc25443d2f7a5","val/accuracy","18989","1775520685649","0.8576666712760925"
"ssl_emnist_digits_conv-seed5","0b48bb86cdb742b1814dc25443d2f7a5","val/accuracy","19200","1775520782720","0.8571249842643738"
"ssl_emnist_digits_conv-seed5","0b48bb86cdb742b1814dc25443d2f7a5","val/accuracy","19411","1775520879740","0.859375"
"ssl_emnist_digits_conv-seed5","0b48bb86cdb742b1814dc25443d2f7a5","val/accuracy","19622","1775521012372","0.859416663646698"
"ssl_emnist_digits_conv-seed5","0b48bb86cdb742b1814dc25443d2f7a5","val/accuracy","19833","1775521101541","0.8602499961853027"
"ssl_emnist_digits_conv-seed5","0b48bb86cdb742b1814dc25443d2f7a5","val/accuracy","20044","1775521227148","0.862458348274231"
"ssl_emnist_digits_conv-seed5","0b48bb86cdb742b1814dc25443d2f7a5","val/accuracy","20255","1775521319037","0.8604999780654907"
"ssl_emnist_digits_conv-seed5","0b48bb86cdb742b1814dc25443d2f7a5","val/accuracy","20466","1775521401997","0.8617916703224182"
"ssl_emnist_digits_conv-seed5","0b48bb86cdb742b1814dc25443d2f7a5","val/accuracy","20677","1775521505944","0.8631250262260437"
"ssl_emnist_digits_conv-seed5","0b48bb86cdb742b1814dc25443d2f7a5","val/accuracy","20888","1775521624268","0.8615416884422302"
"ssl_emnist_digits_conv-seed5","0b48bb86cdb742b1814dc25443d2f7a5","val/accuracy","21099","1775521710800","0.8636249899864197"
"ssl_emnist_digits_conv-seed4","6f1f4dd5f16e474f8cb65c5e856992c6","val/accuracy","210","1775514539176","0.5648750066757202"
"ssl_emnist_digits_conv-seed4","6f1f4dd5f16e474f8cb65c5e856992c6","val/accuracy","421","1775514563364","0.5609999895095825"
"ssl_emnist_digits_conv-seed4","6f1f4dd5f16e474f8cb65c5e856992c6","val/accuracy","632","1775514588068","0.5633749961853027"
"ssl_emnist_digits_conv-seed4","6f1f4dd5f16e474f8cb65c5e856992c6","val/accuracy","843","1775514647012","0.6309166550636292"
"ssl_emnist_digits_conv-seed4","6f1f4dd5f16e474f8cb65c5e856992c6","val/accuracy","1054","1775514707001","0.6474583148956299"
"ssl_emnist_digits_conv-seed4","6f1f4dd5f16e474f8cb65c5e856992c6","val/accuracy","1265","1775514767637","0.6731666922569275"
"ssl_emnist_digits_conv-seed4","6f1f4dd5f16e474f8cb65c5e856992c6","val/accuracy","1476","1775514829689","0.6922916769981384"
"ssl_emnist_digits_conv-seed4","6f1f4dd5f16e474f8cb65c5e856992c6","val/accuracy","1687","1775514896228","0.6985416412353516"
"ssl_emnist_digits_conv-seed4","6f1f4dd5f16e474f8cb65c5e856992c6","val/accuracy","1898","1775514961176","0.6947916746139526"
"ssl_emnist_digits_conv-seed4","6f1f4dd5f16e474f8cb65c5e856992c6","val/accuracy","2109","1775515025444","0.6928750276565552"
"ssl_emnist_digits_conv-seed4","6f1f4dd5f16e474f8cb65c5e856992c6","val/accuracy","2320","1775515092532","0.6924166679382324"
"ssl_emnist_digits_conv-seed4","6f1f4dd5f16e474f8cb65c5e856992c6","val/accuracy","2531","1775515158024","0.6947916746139526"
"ssl_emnist_digits_conv-seed4","6f1f4dd5f16e474f8cb65c5e856992c6","val/accuracy","2742","1775515223481","0.6945833563804626"
"ssl_emnist_digits_conv-seed4","6f1f4dd5f16e474f8cb65c5e856992c6","val/accuracy","2953","1775515288373","0.7038333415985107"
"ssl_emnist_digits_conv-seed4","6f1f4dd5f16e474f8cb65c5e856992c6","val/accuracy","3164","1775515353760","0.7336666584014893"
"ssl_emnist_digits_conv-seed4","6f1f4dd5f16e474f8cb65c5e856992c6","val/accuracy","3375","1775515417780","0.7381250262260437"
"ssl_emnist_digits_conv-seed4","6f1f4dd5f16e474f8cb65c5e856992c6","val/accuracy","3586","1775515481308","0.7482500076293945"
"ssl_emnist_digits_conv-seed4","6f1f4dd5f16e474f8cb65c5e856992c6","val/accuracy","3797","1775515547649","0.7538333535194397"
"ssl_emnist_digits_conv-seed4","6f1f4dd5f16e474f8cb65c5e856992c6","val/accuracy","4008","1775515612232","0.7556250095367432"
"ssl_emnist_digits_conv-seed4","6f1f4dd5f16e474f8cb65c5e856992c6","val/accuracy","4219","1775515678516","0.7573333382606506"
"ssl_emnist_digits_conv-seed4","6f1f4dd5f16e474f8cb65c5e856992c6","val/accuracy","4430","1775515743192","0.7593749761581421"
"ssl_emnist_digits_conv-seed4","6f1f4dd5f16e474f8cb65c5e856992c6","val/accuracy","4641","1775515806996","0.762541651725769"
"ssl_emnist_digits_conv-seed4","6f1f4dd5f16e474f8cb65c5e856992c6","val/accuracy","4852","1775515871833","0.7632916569709778"
"ssl_emnist_digits_conv-seed4","6f1f4dd5f16e474f8cb65c5e856992c6","val/accuracy","5063","1775515935300","0.7645416855812073"
"ssl_emnist_digits_conv-seed4","6f1f4dd5f16e474f8cb65c5e856992c6","val/accuracy","5274","1775515998461","0.7641666531562805"
"ssl_emnist_digits_conv-seed4","6f1f4dd5f16e474f8cb65c5e856992c6","val/accuracy","5485","1775516067285","0.7689999938011169"
"ssl_emnist_digits_conv-seed4","6f1f4dd5f16e474f8cb65c5e856992c6","val/accuracy","5696","1775516130700","0.7674999833106995"
"ssl_emnist_digits_conv-seed4","6f1f4dd5f16e474f8cb65c5e856992c6","val/accuracy","5907","1775516194600","0.7707499861717224"
"ssl_emnist_digits_conv-seed4","6f1f4dd5f16e474f8cb65c5e856992c6","val/accuracy","6118","1775516258365","0.7696250081062317"
"ssl_emnist_digits_conv-seed4","6f1f4dd5f16e474f8cb65c5e856992c6","val/accuracy","6329","1775516322712","0.7707916498184204"
"ssl_emnist_digits_conv-seed4","6f1f4dd5f16e474f8cb65c5e856992c6","val/accuracy","6540","1775516389317","0.7722916603088379"
"ssl_emnist_digits_conv-seed4","6f1f4dd5f16e474f8cb65c5e856992c6","val/accuracy","6751","1775516455352","0.7760833501815796"
"ssl_emnist_digits_conv-seed4","6f1f4dd5f16e474f8cb65c5e856992c6","val/accuracy","6962","1775516519352","0.7726666927337646"
"ssl_emnist_digits_conv-seed4","6f1f4dd5f16e474f8cb65c5e856992c6","val/accuracy","7173","1775516583592","0.7766666412353516"
"ssl_emnist_digits_conv-seed4","6f1f4dd5f16e474f8cb65c5e856992c6","val/accuracy","7384","1775516649473","0.7759583592414856"
"ssl_emnist_digits_conv-seed4","6f1f4dd5f16e474f8cb65c5e856992c6","val/accuracy","7595","1775516715080","0.7757916450500488"
"ssl_emnist_digits_conv-seed4","6f1f4dd5f16e474f8cb65c5e856992c6","val/accuracy","7806","1775516781036","0.778291642665863"
"ssl_emnist_digits_conv-seed4","6f1f4dd5f16e474f8cb65c5e856992c6","val/accuracy","8017","1775516845080","0.7820416688919067"
"ssl_emnist_digits_conv-seed4","6f1f4dd5f16e474f8cb65c5e856992c6","val/accuracy","8228","1775516907581","0.7777500152587891"
"ssl_emnist_digits_conv-seed4","6f1f4dd5f16e474f8cb65c5e856992c6","val/accuracy","8439","1775516973525","0.781333327293396"
"ssl_emnist_digits_conv-seed4","6f1f4dd5f16e474f8cb65c5e856992c6","val/accuracy","8650","1775517038925","0.7822499871253967"
"ssl_emnist_digits_conv-seed4","6f1f4dd5f16e474f8cb65c5e856992c6","val/accuracy","8861","1775517103776","0.7847083210945129"
"ssl_emnist_digits_conv-seed4","6f1f4dd5f16e474f8cb65c5e856992c6","val/accuracy","9072","1775517168060","0.7838749885559082"
"ssl_emnist_digits_conv-seed4","6f1f4dd5f16e474f8cb65c5e856992c6","val/accuracy","9283","1775517234824","0.7821249961853027"
"ssl_emnist_digits_conv-seed4","6f1f4dd5f16e474f8cb65c5e856992c6","val/accuracy","9494","1775517300625","0.7824583053588867"
"ssl_emnist_digits_conv-seed4","6f1f4dd5f16e474f8cb65c5e856992c6","val/accuracy","9705","1775517364740","0.7854166626930237"
"ssl_emnist_digits_conv-seed4","6f1f4dd5f16e474f8cb65c5e856992c6","val/accuracy","9916","1775517430364","0.7833750247955322"
"ssl_emnist_digits_conv-seed4","6f1f4dd5f16e474f8cb65c5e856992c6","val/accuracy","10127","1775517496916","0.7919999957084656"
"ssl_emnist_digits_conv-seed4","6f1f4dd5f16e474f8cb65c5e856992c6","val/accuracy","10338","1775517563473","0.7893333435058594"
"ssl_emnist_digits_conv-seed4","6f1f4dd5f16e474f8cb65c5e856992c6","val/accuracy","10549","1775517628665","0.7885833382606506"
"ssl_emnist_digits_conv-seed4","6f1f4dd5f16e474f8cb65c5e856992c6","val/accuracy","10760","1775517692829","0.7886250019073486"
"ssl_emnist_digits_conv-seed4","6f1f4dd5f16e474f8cb65c5e856992c6","val/accuracy","10971","1775517760269","0.7922916412353516"
"ssl_emnist_digits_conv-seed4","6f1f4dd5f16e474f8cb65c5e856992c6","val/accuracy","11182","1775517831249","0.7895416617393494"
"ssl_emnist_digits_conv-seed4","6f1f4dd5f16e474f8cb65c5e856992c6","val/accuracy","11393","1775517896685","0.7916250228881836"
"ssl_emnist_digits_conv-seed4","6f1f4dd5f16e474f8cb65c5e856992c6","val/accuracy","11604","1775517961308","0.7910833358764648"
"ssl_emnist_digits_conv-seed4","6f1f4dd5f16e474f8cb65c5e856992c6","val/accuracy","11815","1775518031544","0.7928333282470703"
"ssl_emnist_digits_conv-seed4","6f1f4dd5f16e474f8cb65c5e856992c6","val/accuracy","12026","1775518099208","0.7932916879653931"
"ssl_emnist_digits_conv-seed4","6f1f4dd5f16e474f8cb65c5e856992c6","val/accuracy","12237","1775518167612","0.7917916774749756"
"ssl_emnist_digits_conv-seed4","6f1f4dd5f16e474f8cb65c5e856992c6","val/accuracy","12448","1775518232792","0.7932916879653931"
"ssl_emnist_digits_conv-seed4","6f1f4dd5f16e474f8cb65c5e856992c6","val/accuracy","12659","1775518296808","0.7952499985694885"
"ssl_emnist_digits_conv-seed4","6f1f4dd5f16e474f8cb65c5e856992c6","val/accuracy","12870","1775518361096","0.7954583168029785"
"ssl_emnist_digits_conv-seed4","6f1f4dd5f16e474f8cb65c5e856992c6","val/accuracy","13081","1775518425209","0.7921249866485596"
"ssl_emnist_digits_conv-seed4","6f1f4dd5f16e474f8cb65c5e856992c6","val/accuracy","13292","1775518491792","0.7982500195503235"
"ssl_emnist_digits_conv-seed4","6f1f4dd5f16e474f8cb65c5e856992c6","val/accuracy","13503","1775518555864","0.7984583377838135"
"ssl_emnist_digits_conv-seed4","6f1f4dd5f16e474f8cb65c5e856992c6","val/accuracy","13714","1775518622381","0.7944583296775818"
"ssl_emnist_digits_conv-seed4","6f1f4dd5f16e474f8cb65c5e856992c6","val/accuracy","13925","1775518686605","0.8002916574478149"
"ssl_emnist_digits_conv-seed4","6f1f4dd5f16e474f8cb65c5e856992c6","val/accuracy","14136","1775518752308","0.8015000224113464"
"ssl_emnist_digits_conv-seed4","6f1f4dd5f16e474f8cb65c5e856992c6","val/accuracy","14347","1775518816396","0.7961249947547913"
"ssl_emnist_digits_conv-seed4","6f1f4dd5f16e474f8cb65c5e856992c6","val/accuracy","14558","1775518881400","0.7991666793823242"
"ssl_emnist_digits_conv-seed4","6f1f4dd5f16e474f8cb65c5e856992c6","val/accuracy","14769","1775518945497","0.8003749847412109"
"ssl_emnist_digits_conv-seed4","6f1f4dd5f16e474f8cb65c5e856992c6","val/accuracy","14980","1775519010496","0.8011249899864197"
"ssl_emnist_digits_conv-seed4","6f1f4dd5f16e474f8cb65c5e856992c6","val/accuracy","15191","1775519075900","0.8007916808128357"
"ssl_emnist_digits_conv-seed4","6f1f4dd5f16e474f8cb65c5e856992c6","val/accuracy","15402","1775519141264","0.7984166741371155"
"ssl_emnist_digits_conv-seed4","6f1f4dd5f16e474f8cb65c5e856992c6","val/accuracy","15613","1775519208832","0.8041250109672546"
"ssl_emnist_digits_conv-seed4","6f1f4dd5f16e474f8cb65c5e856992c6","val/accuracy","15824","1775519272932","0.8045833110809326"
"ssl_emnist_digits_conv-seed4","6f1f4dd5f16e474f8cb65c5e856992c6","val/accuracy","16035","1775519336836","0.8043333292007446"
"ssl_emnist_digits_conv-seed4","6f1f4dd5f16e474f8cb65c5e856992c6","val/accuracy","16246","1775519404720","0.8065833449363708"
"ssl_emnist_digits_conv-seed4","6f1f4dd5f16e474f8cb65c5e856992c6","val/accuracy","16457","1775519468193","0.8063333630561829"
"ssl_emnist_digits_conv-seed4","6f1f4dd5f16e474f8cb65c5e856992c6","val/accuracy","16668","1775519535480","0.8049583435058594"
"ssl_emnist_digits_conv-seed4","6f1f4dd5f16e474f8cb65c5e856992c6","val/accuracy","16879","1775519601976","0.8065000176429749"
"ssl_emnist_digits_conv-seed4","6f1f4dd5f16e474f8cb65c5e856992c6","val/accuracy","17090","1775519667868","0.8075416684150696"
"ssl_emnist_digits_conv-seed4","6f1f4dd5f16e474f8cb65c5e856992c6","val/accuracy","17301","1775519731600","0.8057500123977661"
"ssl_emnist_digits_conv-seed4","6f1f4dd5f16e474f8cb65c5e856992c6","val/accuracy","17512","1775519796696","0.809416651725769"
"ssl_emnist_digits_conv-seed4","6f1f4dd5f16e474f8cb65c5e856992c6","val/accuracy","17723","1775519860972","0.8091250061988831"
"ssl_emnist_digits_conv-seed4","6f1f4dd5f16e474f8cb65c5e856992c6","val/accuracy","17934","1775519957312","0.8097500205039978"
"ssl_emnist_digits_conv-seed4","6f1f4dd5f16e474f8cb65c5e856992c6","val/accuracy","18145","1775520023416","0.8088750243186951"
"ssl_emnist_digits_conv-seed4","6f1f4dd5f16e474f8cb65c5e856992c6","val/accuracy","18356","1775520145364","0.8101249933242798"
"ssl_emnist_digits_conv-seed4","6f1f4dd5f16e474f8cb65c5e856992c6","val/accuracy","18567","1775520242992","0.8130000233650208"
"ssl_emnist_digits_conv-seed4","6f1f4dd5f16e474f8cb65c5e856992c6","val/accuracy","18778","1775520419708","0.8091250061988831"
"ssl_emnist_digits_conv-seed4","6f1f4dd5f16e474f8cb65c5e856992c6","val/accuracy","18989","1775520740697","0.8097083568572998"
"ssl_emnist_digits_conv-seed4","6f1f4dd5f16e474f8cb65c5e856992c6","val/accuracy","19200","1775520833488","0.8107083439826965"
"ssl_emnist_digits_conv-seed4","6f1f4dd5f16e474f8cb65c5e856992c6","val/accuracy","19411","1775520949265","0.815833330154419"
"ssl_emnist_digits_conv-seed4","6f1f4dd5f16e474f8cb65c5e856992c6","val/accuracy","19622","1775521065381","0.8138333559036255"
"ssl_emnist_digits_conv-seed4","6f1f4dd5f16e474f8cb65c5e856992c6","val/accuracy","19833","1775521161828","0.8139583468437195"
"ssl_emnist_digits_conv-seed4","6f1f4dd5f16e474f8cb65c5e856992c6","val/accuracy","20044","1775521274033","0.8114583492279053"
"ssl_emnist_digits_conv-seed4","6f1f4dd5f16e474f8cb65c5e856992c6","val/accuracy","20255","1775521374089","0.8145833611488342"
"ssl_emnist_digits_conv-seed4","6f1f4dd5f16e474f8cb65c5e856992c6","val/accuracy","20466","1775521466110","0.8143333196640015"
"ssl_emnist_digits_conv-seed4","6f1f4dd5f16e474f8cb65c5e856992c6","val/accuracy","20677","1775521619177","0.815708339214325"
"ssl_emnist_digits_conv-seed4","6f1f4dd5f16e474f8cb65c5e856992c6","val/accuracy","20888","1775521708024","0.815583348274231"
"ssl_emnist_digits_conv-seed4","6f1f4dd5f16e474f8cb65c5e856992c6","val/accuracy","21099","1775521795240","0.8177499771118164"
"ssl_emnist_digits_conv-seed3","f1144d38d7ea41afb045124c1ea33677","val/accuracy","210","1775514441353","0.5886666774749756"
"ssl_emnist_digits_conv-seed3","f1144d38d7ea41afb045124c1ea33677","val/accuracy","421","1775514464776","0.5497083067893982"
"ssl_emnist_digits_conv-seed3","f1144d38d7ea41afb045124c1ea33677","val/accuracy","632","1775514487432","0.5473750233650208"
"ssl_emnist_digits_conv-seed3","f1144d38d7ea41afb045124c1ea33677","val/accuracy","843","1775514545440","0.6685000061988831"
"ssl_emnist_digits_conv-seed3","f1144d38d7ea41afb045124c1ea33677","val/accuracy","1054","1775514607601","0.7166666388511658"
"ssl_emnist_digits_conv-seed3","f1144d38d7ea41afb045124c1ea33677","val/accuracy","1265","1775514669736","0.7327916622161865"
"ssl_emnist_digits_conv-seed3","f1144d38d7ea41afb045124c1ea33677","val/accuracy","1476","1775514731693","0.7807916402816772"
"ssl_emnist_digits_conv-seed3","f1144d38d7ea41afb045124c1ea33677","val/accuracy","1687","1775514794664","0.8027083277702332"
"ssl_emnist_digits_conv-seed3","f1144d38d7ea41afb045124c1ea33677","val/accuracy","1898","1775514859180","0.81229168176651"
"ssl_emnist_digits_conv-seed3","f1144d38d7ea41afb045124c1ea33677","val/accuracy","2109","1775514924984","0.8177499771118164"
"ssl_emnist_digits_conv-seed3","f1144d38d7ea41afb045124c1ea33677","val/accuracy","2320","1775514989060","0.8191249966621399"
"ssl_emnist_digits_conv-seed3","f1144d38d7ea41afb045124c1ea33677","val/accuracy","2531","1775515055253","0.8215416669845581"
"ssl_emnist_digits_conv-seed3","f1144d38d7ea41afb045124c1ea33677","val/accuracy","2742","1775515122960","0.8224583268165588"
"ssl_emnist_digits_conv-seed3","f1144d38d7ea41afb045124c1ea33677","val/accuracy","2953","1775515188982","0.827750027179718"
"ssl_emnist_digits_conv-seed3","f1144d38d7ea41afb045124c1ea33677","val/accuracy","3164","1775515258485","0.8317083120346069"
"ssl_emnist_digits_conv-seed3","f1144d38d7ea41afb045124c1ea33677","val/accuracy","3375","1775515321056","0.8331249952316284"
"ssl_emnist_digits_conv-seed3","f1144d38d7ea41afb045124c1ea33677","val/accuracy","3586","1775515383172","0.831375002861023"
"ssl_emnist_digits_conv-seed3","f1144d38d7ea41afb045124c1ea33677","val/accuracy","3797","1775515446324","0.8341249823570251"
"ssl_emnist_digits_conv-seed3","f1144d38d7ea41afb045124c1ea33677","val/accuracy","4008","1775515508352","0.8342083096504211"
"ssl_emnist_digits_conv-seed3","f1144d38d7ea41afb045124c1ea33677","val/accuracy","4219","1775515571536","0.8363749980926514"
"ssl_emnist_digits_conv-seed3","f1144d38d7ea41afb045124c1ea33677","val/accuracy","4430","1775515636140","0.8363333344459534"
"ssl_emnist_digits_conv-seed3","f1144d38d7ea41afb045124c1ea33677","val/accuracy","4641","1775515698620","0.8372916579246521"
"ssl_emnist_digits_conv-seed3","f1144d38d7ea41afb045124c1ea33677","val/accuracy","4852","1775515762948","0.8375416398048401"
"ssl_emnist_digits_conv-seed3","f1144d38d7ea41afb045124c1ea33677","val/accuracy","5063","1775515825772","0.8385833501815796"
"ssl_emnist_digits_conv-seed3","f1144d38d7ea41afb045124c1ea33677","val/accuracy","5274","1775515890489","0.8414583206176758"
"ssl_emnist_digits_conv-seed3","f1144d38d7ea41afb045124c1ea33677","val/accuracy","5485","1775515954724","0.843416690826416"
"ssl_emnist_digits_conv-seed3","f1144d38d7ea41afb045124c1ea33677","val/accuracy","5696","1775516015896","0.8422083258628845"
"ssl_emnist_digits_conv-seed3","f1144d38d7ea41afb045124c1ea33677","val/accuracy","5907","1775516079909","0.8460416793823242"
"ssl_emnist_digits_conv-seed3","f1144d38d7ea41afb045124c1ea33677","val/accuracy","6118","1775516142860","0.8443333506584167"
"ssl_emnist_digits_conv-seed3","f1144d38d7ea41afb045124c1ea33677","val/accuracy","6329","1775516207100","0.8472499847412109"
"ssl_emnist_digits_conv-seed3","f1144d38d7ea41afb045124c1ea33677","val/accuracy","6540","1775516267860","0.8465416431427002"
"ssl_emnist_digits_conv-seed3","f1144d38d7ea41afb045124c1ea33677","val/accuracy","6751","1775516331541","0.8498749732971191"
"ssl_emnist_digits_conv-seed3","f1144d38d7ea41afb045124c1ea33677","val/accuracy","6962","1775516395396","0.8479166626930237"
"ssl_emnist_digits_conv-seed3","f1144d38d7ea41afb045124c1ea33677","val/accuracy","7173","1775516459332","0.8481666445732117"
"ssl_emnist_digits_conv-seed3","f1144d38d7ea41afb045124c1ea33677","val/accuracy","7384","1775516521604","0.8496666550636292"
"ssl_emnist_digits_conv-seed3","f1144d38d7ea41afb045124c1ea33677","val/accuracy","7595","1775516584288","0.8505416512489319"
"ssl_emnist_digits_conv-seed3","f1144d38d7ea41afb045124c1ea33677","val/accuracy","7806","1775516648520","0.8523333072662354"
"ssl_emnist_digits_conv-seed3","f1144d38d7ea41afb045124c1ea33677","val/accuracy","8017","1775516712909","0.8534166812896729"
"ssl_emnist_digits_conv-seed3","f1144d38d7ea41afb045124c1ea33677","val/accuracy","8228","1775516777396","0.8530833125114441"
"ssl_emnist_digits_conv-seed3","f1144d38d7ea41afb045124c1ea33677","val/accuracy","8439","1775516840276","0.8544583320617676"
"ssl_emnist_digits_conv-seed3","f1144d38d7ea41afb045124c1ea33677","val/accuracy","8650","1775516903816","0.8541666865348816"
"ssl_emnist_digits_conv-seed3","f1144d38d7ea41afb045124c1ea33677","val/accuracy","8861","1775516967765","0.856208324432373"
"ssl_emnist_digits_conv-seed3","f1144d38d7ea41afb045124c1ea33677","val/accuracy","9072","1775517031900","0.8545416593551636"
"ssl_emnist_digits_conv-seed3","f1144d38d7ea41afb045124c1ea33677","val/accuracy","9283","1775517095864","0.8574166893959045"
"ssl_emnist_digits_conv-seed3","f1144d38d7ea41afb045124c1ea33677","val/accuracy","9494","1775517158632","0.8617500066757202"
"ssl_emnist_digits_conv-seed3","f1144d38d7ea41afb045124c1ea33677","val/accuracy","9705","1775517221188","0.8585000038146973"
"ssl_emnist_digits_conv-seed3","f1144d38d7ea41afb045124c1ea33677","val/accuracy","9916","1775517283956","0.8583333492279053"
"ssl_emnist_digits_conv-seed3","f1144d38d7ea41afb045124c1ea33677","val/accuracy","10127","1775517349056","0.8577083349227905"
"ssl_emnist_digits_conv-seed3","f1144d38d7ea41afb045124c1ea33677","val/accuracy","10338","1775517412453","0.8605416417121887"
"ssl_emnist_digits_conv-seed3","f1144d38d7ea41afb045124c1ea33677","val/accuracy","10549","1775517477545","0.8602499961853027"
"ssl_emnist_digits_conv-seed3","f1144d38d7ea41afb045124c1ea33677","val/accuracy","10760","1775517540276","0.8601666688919067"
"ssl_emnist_digits_conv-seed3","f1144d38d7ea41afb045124c1ea33677","val/accuracy","10971","1775517604480","0.8601666688919067"
"ssl_emnist_digits_conv-seed3","f1144d38d7ea41afb045124c1ea33677","val/accuracy","11182","1775517668564","0.8635416626930237"
"ssl_emnist_digits_conv-seed3","f1144d38d7ea41afb045124c1ea33677","val/accuracy","11393","1775517733288","0.859291672706604"
"ssl_emnist_digits_conv-seed3","f1144d38d7ea41afb045124c1ea33677","val/accuracy","11604","1775517797584","0.8615833520889282"
"ssl_emnist_digits_conv-seed3","f1144d38d7ea41afb045124c1ea33677","val/accuracy","11815","1775517859740","0.8628333210945129"
"ssl_emnist_digits_conv-seed3","f1144d38d7ea41afb045124c1ea33677","val/accuracy","12026","1775517926093","0.8619999885559082"
"ssl_emnist_digits_conv-seed3","f1144d38d7ea41afb045124c1ea33677","val/accuracy","12237","1775517992924","0.8635416626930237"
"ssl_emnist_digits_conv-seed3","f1144d38d7ea41afb045124c1ea33677","val/accuracy","12448","1775518056328","0.8651250004768372"
"ssl_emnist_digits_conv-seed3","f1144d38d7ea41afb045124c1ea33677","val/accuracy","12659","1775518123313","0.8682083487510681"
"ssl_emnist_digits_conv-seed3","f1144d38d7ea41afb045124c1ea33677","val/accuracy","12870","1775518187552","0.8637916445732117"
"ssl_emnist_digits_conv-seed3","f1144d38d7ea41afb045124c1ea33677","val/accuracy","13081","1775518251484","0.8664166927337646"
"ssl_emnist_digits_conv-seed3","f1144d38d7ea41afb045124c1ea33677","val/accuracy","13292","1775518317057","0.8679166436195374"
"ssl_emnist_digits_conv-seed3","f1144d38d7ea41afb045124c1ea33677","val/accuracy","13503","1775518380152","0.8686666488647461"
"ssl_emnist_digits_conv-seed3","f1144d38d7ea41afb045124c1ea33677","val/accuracy","13714","1775518443788","0.8704166412353516"
"ssl_emnist_digits_conv-seed3","f1144d38d7ea41afb045124c1ea33677","val/accuracy","13925","1775518506585","0.8684583306312561"
"ssl_emnist_digits_conv-seed3","f1144d38d7ea41afb045124c1ea33677","val/accuracy","14136","1775518572397","0.8686249852180481"
"ssl_emnist_digits_conv-seed3","f1144d38d7ea41afb045124c1ea33677","val/accuracy","14347","1775518633760","0.8706250190734863"
"ssl_emnist_digits_conv-seed3","f1144d38d7ea41afb045124c1ea33677","val/accuracy","14558","1775518696628","0.8724166750907898"
"ssl_emnist_digits_conv-seed3","f1144d38d7ea41afb045124c1ea33677","val/accuracy","14769","1775518759400","0.8727083206176758"
"ssl_emnist_digits_conv-seed3","f1144d38d7ea41afb045124c1ea33677","val/accuracy","14980","1775518822844","0.8731250166893005"
"ssl_emnist_digits_conv-seed3","f1144d38d7ea41afb045124c1ea33677","val/accuracy","15191","1775518889336","0.875041663646698"
"ssl_emnist_digits_conv-seed3","f1144d38d7ea41afb045124c1ea33677","val/accuracy","15402","1775518953164","0.8767916560173035"
"ssl_emnist_digits_conv-seed3","f1144d38d7ea41afb045124c1ea33677","val/accuracy","15613","1775519016684","0.8737083077430725"
"ssl_emnist_digits_conv-seed3","f1144d38d7ea41afb045124c1ea33677","val/accuracy","15824","1775519080173","0.874708354473114"
"ssl_emnist_digits_conv-seed3","f1144d38d7ea41afb045124c1ea33677","val/accuracy","16035","1775519143464","0.8757083415985107"
"ssl_emnist_digits_conv-seed3","f1144d38d7ea41afb045124c1ea33677","val/accuracy","16246","1775519209652","0.8755416870117188"
"ssl_emnist_digits_conv-seed3","f1144d38d7ea41afb045124c1ea33677","val/accuracy","16457","1775519274036","0.8787083625793457"
"ssl_emnist_digits_conv-seed3","f1144d38d7ea41afb045124c1ea33677","val/accuracy","16668","1775519339353","0.8773750066757202"
"ssl_emnist_digits_conv-seed3","f1144d38d7ea41afb045124c1ea33677","val/accuracy","16879","1775519401868","0.8756666779518127"
"ssl_emnist_digits_conv-seed3","f1144d38d7ea41afb045124c1ea33677","val/accuracy","17090","1775519464452","0.8790000081062317"
"ssl_emnist_digits_conv-seed3","f1144d38d7ea41afb045124c1ea33677","val/accuracy","17301","1775519528549","0.8791249990463257"
"ssl_emnist_digits_conv-seed3","f1144d38d7ea41afb045124c1ea33677","val/accuracy","17512","1775519591884","0.8792083263397217"
"ssl_emnist_digits_conv-seed3","f1144d38d7ea41afb045124c1ea33677","val/accuracy","17723","1775519656788","0.8794583082199097"
"ssl_emnist_digits_conv-seed3","f1144d38d7ea41afb045124c1ea33677","val/accuracy","17934","1775519721213","0.8799999952316284"
"ssl_emnist_digits_conv-seed3","f1144d38d7ea41afb045124c1ea33677","val/accuracy","18145","1775519784968","0.8808333277702332"
"ssl_emnist_digits_conv-seed3","f1144d38d7ea41afb045124c1ea33677","val/accuracy","18356","1775519850652","0.8817083239555359"
"ssl_emnist_digits_conv-seed3","f1144d38d7ea41afb045124c1ea33677","val/accuracy","18567","1775519946660","0.8831250071525574"
"ssl_emnist_digits_conv-seed3","f1144d38d7ea41afb045124c1ea33677","val/accuracy","18778","1775520009416","0.8841249942779541"
"ssl_emnist_digits_conv-seed3","f1144d38d7ea41afb045124c1ea33677","val/accuracy","18989","1775520106200","0.8838750123977661"
"ssl_emnist_digits_conv-seed3","f1144d38d7ea41afb045124c1ea33677","val/accuracy","19200","1775520209684","0.8831666707992554"
"ssl_emnist_digits_conv-seed3","f1144d38d7ea41afb045124c1ea33677","val/accuracy","19411","1775520310172","0.8845000267028809"
"ssl_emnist_digits_conv-seed3","f1144d38d7ea41afb045124c1ea33677","val/accuracy","19622","1775520705100","0.8851666450500488"
"ssl_emnist_digits_conv-seed3","f1144d38d7ea41afb045124c1ea33677","val/accuracy","19833","1775520792309","0.8854583501815796"
"ssl_emnist_digits_conv-seed3","f1144d38d7ea41afb045124c1ea33677","val/accuracy","20044","1775520889102","0.8864166736602783"
"ssl_emnist_digits_conv-seed3","f1144d38d7ea41afb045124c1ea33677","val/accuracy","20255","1775521014956","0.8864166736602783"
"ssl_emnist_digits_conv-seed3","f1144d38d7ea41afb045124c1ea33677","val/accuracy","20466","1775521103216","0.8831250071525574"
"ssl_emnist_digits_conv-seed3","f1144d38d7ea41afb045124c1ea33677","val/accuracy","20677","1775521226584","0.8865000009536743"
"ssl_emnist_digits_conv-seed3","f1144d38d7ea41afb045124c1ea33677","val/accuracy","20888","1775521316933","0.8881250023841858"
"ssl_emnist_digits_conv-seed3","f1144d38d7ea41afb045124c1ea33677","val/accuracy","21099","1775521400276","0.890958309173584"
"ssl_emnist_digits_conv-seed2","9f9e0ac5f3ce416eaa615a5a59136083","val/accuracy","210","1775514410645","0.562624990940094"
"ssl_emnist_digits_conv-seed2","9f9e0ac5f3ce416eaa615a5a59136083","val/accuracy","421","1775514435208","0.6023749709129333"
"ssl_emnist_digits_conv-seed2","9f9e0ac5f3ce416eaa615a5a59136083","val/accuracy","632","1775514458520","0.5929166674613953"
"ssl_emnist_digits_conv-seed2","9f9e0ac5f3ce416eaa615a5a59136083","val/accuracy","843","1775514519269","0.7084583044052124"
"ssl_emnist_digits_conv-seed2","9f9e0ac5f3ce416eaa615a5a59136083","val/accuracy","1054","1775514582585","0.7450833320617676"
"ssl_emnist_digits_conv-seed2","9f9e0ac5f3ce416eaa615a5a59136083","val/accuracy","1265","1775514646165","0.7292083501815796"
"ssl_emnist_digits_conv-seed2","9f9e0ac5f3ce416eaa615a5a59136083","val/accuracy","1476","1775514709708","0.721666693687439"
"ssl_emnist_digits_conv-seed2","9f9e0ac5f3ce416eaa615a5a59136083","val/accuracy","1687","1775514774552","0.7225833535194397"
"ssl_emnist_digits_conv-seed2","9f9e0ac5f3ce416eaa615a5a59136083","val/accuracy","1898","1775514838164","0.7223749756813049"
"ssl_emnist_digits_conv-seed2","9f9e0ac5f3ce416eaa615a5a59136083","val/accuracy","2109","1775514905320","0.7207916378974915"
"ssl_emnist_digits_conv-seed2","9f9e0ac5f3ce416eaa615a5a59136083","val/accuracy","2320","1775514968901","0.71875"
"ssl_emnist_digits_conv-seed2","9f9e0ac5f3ce416eaa615a5a59136083","val/accuracy","2531","1775515033444","0.7161250114440918"
"ssl_emnist_digits_conv-seed2","9f9e0ac5f3ce416eaa615a5a59136083","val/accuracy","2742","1775515099684","0.7132083177566528"
"ssl_emnist_digits_conv-seed2","9f9e0ac5f3ce416eaa615a5a59136083","val/accuracy","2953","1775515165360","0.7130416631698608"
"ssl_emnist_digits_conv-seed2","9f9e0ac5f3ce416eaa615a5a59136083","val/accuracy","3164","1775515230064","0.7093750238418579"
"ssl_emnist_digits_conv-seed2","9f9e0ac5f3ce416eaa615a5a59136083","val/accuracy","3375","1775515294273","0.706041693687439"
"ssl_emnist_digits_conv-seed2","9f9e0ac5f3ce416eaa615a5a59136083","val/accuracy","3586","1775515360192","0.7072916626930237"
"ssl_emnist_digits_conv-seed2","9f9e0ac5f3ce416eaa615a5a59136083","val/accuracy","3797","1775515422572","0.7024583220481873"
"ssl_emnist_digits_conv-seed2","9f9e0ac5f3ce416eaa615a5a59136083","val/accuracy","4008","1775515486152","0.7036666870117188"
"ssl_emnist_digits_conv-seed2","9f9e0ac5f3ce416eaa615a5a59136083","val/accuracy","4219","1775515550308","0.7041666507720947"
"ssl_emnist_digits_conv-seed2","9f9e0ac5f3ce416eaa615a5a59136083","val/accuracy","4430","1775515614632","0.706333339214325"
"ssl_emnist_digits_conv-seed2","9f9e0ac5f3ce416eaa615a5a59136083","val/accuracy","4641","1775515679720","0.7054166793823242"
"ssl_emnist_digits_conv-seed2","9f9e0ac5f3ce416eaa615a5a59136083","val/accuracy","4852","1775515742220","0.7054583430290222"
"ssl_emnist_digits_conv-seed2","9f9e0ac5f3ce416eaa615a5a59136083","val/accuracy","5063","1775515807220","0.7050416469573975"
"ssl_emnist_digits_conv-seed2","9f9e0ac5f3ce416eaa615a5a59136083","val/accuracy","5274","1775515870340","0.703208327293396"
"ssl_emnist_digits_conv-seed2","9f9e0ac5f3ce416eaa615a5a59136083","val/accuracy","5485","1775515933692","0.7035416960716248"
"ssl_emnist_digits_conv-seed2","9f9e0ac5f3ce416eaa615a5a59136083","val/accuracy","5696","1775515995820","0.7042916417121887"
"ssl_emnist_digits_conv-seed2","9f9e0ac5f3ce416eaa615a5a59136083","val/accuracy","5907","1775516059972","0.7051249742507935"
"ssl_emnist_digits_conv-seed2","9f9e0ac5f3ce416eaa615a5a59136083","val/accuracy","6118","1775516123508","0.7135416865348816"
"ssl_emnist_digits_conv-seed2","9f9e0ac5f3ce416eaa615a5a59136083","val/accuracy","6329","1775516186476","0.734375"
"ssl_emnist_digits_conv-seed2","9f9e0ac5f3ce416eaa615a5a59136083","val/accuracy","6540","1775516249740","0.7400416731834412"
"ssl_emnist_digits_conv-seed2","9f9e0ac5f3ce416eaa615a5a59136083","val/accuracy","6751","1775516312736","0.7480000257492065"
"ssl_emnist_digits_conv-seed2","9f9e0ac5f3ce416eaa615a5a59136083","val/accuracy","6962","1775516378561","0.7491250038146973"
"ssl_emnist_digits_conv-seed2","9f9e0ac5f3ce416eaa615a5a59136083","val/accuracy","7173","1775516447121","0.7525833249092102"
"ssl_emnist_digits_conv-seed2","9f9e0ac5f3ce416eaa615a5a59136083","val/accuracy","7384","1775516510712","0.7519999742507935"
"ssl_emnist_digits_conv-seed2","9f9e0ac5f3ce416eaa615a5a59136083","val/accuracy","7595","1775516573605","0.7557083368301392"
"ssl_emnist_digits_conv-seed2","9f9e0ac5f3ce416eaa615a5a59136083","val/accuracy","7806","1775516640456","0.7559999823570251"
"ssl_emnist_digits_conv-seed2","9f9e0ac5f3ce416eaa615a5a59136083","val/accuracy","8017","1775516701792","0.7562083601951599"
"ssl_emnist_digits_conv-seed2","9f9e0ac5f3ce416eaa615a5a59136083","val/accuracy","8228","1775516766044","0.7567916512489319"
"ssl_emnist_digits_conv-seed2","9f9e0ac5f3ce416eaa615a5a59136083","val/accuracy","8439","1775516828560","0.7569166421890259"
"ssl_emnist_digits_conv-seed2","9f9e0ac5f3ce416eaa615a5a59136083","val/accuracy","8650","1775516892268","0.7596666812896729"
"ssl_emnist_digits_conv-seed2","9f9e0ac5f3ce416eaa615a5a59136083","val/accuracy","8861","1775516958464","0.7570000290870667"
"ssl_emnist_digits_conv-seed2","9f9e0ac5f3ce416eaa615a5a59136083","val/accuracy","9072","1775517022000","0.7617916464805603"
"ssl_emnist_digits_conv-seed2","9f9e0ac5f3ce416eaa615a5a59136083","val/accuracy","9283","1775517085248","0.7605416774749756"
"ssl_emnist_digits_conv-seed2","9f9e0ac5f3ce416eaa615a5a59136083","val/accuracy","9494","1775517150324","0.7600833177566528"
"ssl_emnist_digits_conv-seed2","9f9e0ac5f3ce416eaa615a5a59136083","val/accuracy","9705","1775517214104","0.7605833411216736"
"ssl_emnist_digits_conv-seed2","9f9e0ac5f3ce416eaa615a5a59136083","val/accuracy","9916","1775517276525","0.7595416903495789"
"ssl_emnist_digits_conv-seed2","9f9e0ac5f3ce416eaa615a5a59136083","val/accuracy","10127","1775517341881","0.7636666893959045"
"ssl_emnist_digits_conv-seed2","9f9e0ac5f3ce416eaa615a5a59136083","val/accuracy","10338","1775517404684","0.7622083425521851"
"ssl_emnist_digits_conv-seed2","9f9e0ac5f3ce416eaa615a5a59136083","val/accuracy","10549","1775517469796","0.7633333206176758"
"ssl_emnist_digits_conv-seed2","9f9e0ac5f3ce416eaa615a5a59136083","val/accuracy","10760","1775517533184","0.7631666660308838"
"ssl_emnist_digits_conv-seed2","9f9e0ac5f3ce416eaa615a5a59136083","val/accuracy","10971","1775517598668","0.7639166712760925"
"ssl_emnist_digits_conv-seed2","9f9e0ac5f3ce416eaa615a5a59136083","val/accuracy","11182","1775517662308","0.7671250104904175"
"ssl_emnist_digits_conv-seed2","9f9e0ac5f3ce416eaa615a5a59136083","val/accuracy","11393","1775517724421","0.7632916569709778"
"ssl_emnist_digits_conv-seed2","9f9e0ac5f3ce416eaa615a5a59136083","val/accuracy","11604","1775517788113","0.7612083554267883"
"ssl_emnist_digits_conv-seed2","9f9e0ac5f3ce416eaa615a5a59136083","val/accuracy","11815","1775517856677","0.7635833621025085"
"ssl_emnist_digits_conv-seed2","9f9e0ac5f3ce416eaa615a5a59136083","val/accuracy","12026","1775517922240","0.7660416960716248"
"ssl_emnist_digits_conv-seed2","9f9e0ac5f3ce416eaa615a5a59136083","val/accuracy","12237","1775517988249","0.7669583559036255"
"ssl_emnist_digits_conv-seed2","9f9e0ac5f3ce416eaa615a5a59136083","val/accuracy","12448","1775518055832","0.765375018119812"
"ssl_emnist_digits_conv-seed2","9f9e0ac5f3ce416eaa615a5a59136083","val/accuracy","12659","1775518122152","0.7668333053588867"
"ssl_emnist_digits_conv-seed2","9f9e0ac5f3ce416eaa615a5a59136083","val/accuracy","12870","1775518188077","0.7673333287239075"
"ssl_emnist_digits_conv-seed2","9f9e0ac5f3ce416eaa615a5a59136083","val/accuracy","13081","1775518252724","0.7661250233650208"
"ssl_emnist_digits_conv-seed2","9f9e0ac5f3ce416eaa615a5a59136083","val/accuracy","13292","1775518317381","0.7712916731834412"
"ssl_emnist_digits_conv-seed2","9f9e0ac5f3ce416eaa615a5a59136083","val/accuracy","13503","1775518381920","0.7674166560173035"
"ssl_emnist_digits_conv-seed2","9f9e0ac5f3ce416eaa615a5a59136083","val/accuracy","13714","1775518445588","0.768791675567627"
"ssl_emnist_digits_conv-seed2","9f9e0ac5f3ce416eaa615a5a59136083","val/accuracy","13925","1775518507792","0.7695833444595337"
"ssl_emnist_digits_conv-seed2","9f9e0ac5f3ce416eaa615a5a59136083","val/accuracy","14136","1775518572233","0.768916666507721"
"ssl_emnist_digits_conv-seed2","9f9e0ac5f3ce416eaa615a5a59136083","val/accuracy","14347","1775518639684","0.7693750262260437"
"ssl_emnist_digits_conv-seed2","9f9e0ac5f3ce416eaa615a5a59136083","val/accuracy","14558","1775518702172","0.768708348274231"
"ssl_emnist_digits_conv-seed2","9f9e0ac5f3ce416eaa615a5a59136083","val/accuracy","14769","1775518767904","0.7721250057220459"
"ssl_emnist_digits_conv-seed2","9f9e0ac5f3ce416eaa615a5a59136083","val/accuracy","14980","1775518834640","0.7702083587646484"
"ssl_emnist_digits_conv-seed2","9f9e0ac5f3ce416eaa615a5a59136083","val/accuracy","15191","1775518899088","0.7732499837875366"
"ssl_emnist_digits_conv-seed2","9f9e0ac5f3ce416eaa615a5a59136083","val/accuracy","15402","1775518961964","0.7722083330154419"
"ssl_emnist_digits_conv-seed2","9f9e0ac5f3ce416eaa615a5a59136083","val/accuracy","15613","1775519025424","0.7703750133514404"
"ssl_emnist_digits_conv-seed2","9f9e0ac5f3ce416eaa615a5a59136083","val/accuracy","15824","1775519089976","0.7680000066757202"
"ssl_emnist_digits_conv-seed2","9f9e0ac5f3ce416eaa615a5a59136083","val/accuracy","16035","1775519156380","0.7724583148956299"
"ssl_emnist_digits_conv-seed2","9f9e0ac5f3ce416eaa615a5a59136083","val/accuracy","16246","1775519222268","0.7742499709129333"
"ssl_emnist_digits_conv-seed2","9f9e0ac5f3ce416eaa615a5a59136083","val/accuracy","16457","1775519287189","0.7752916812896729"
"ssl_emnist_digits_conv-seed2","9f9e0ac5f3ce416eaa615a5a59136083","val/accuracy","16668","1775519351592","0.7701249718666077"
"ssl_emnist_digits_conv-seed2","9f9e0ac5f3ce416eaa615a5a59136083","val/accuracy","16879","1775519414472","0.7743750214576721"
"ssl_emnist_digits_conv-seed2","9f9e0ac5f3ce416eaa615a5a59136083","val/accuracy","17090","1775519478504","0.7747083306312561"
"ssl_emnist_digits_conv-seed2","9f9e0ac5f3ce416eaa615a5a59136083","val/accuracy","17301","1775519542548","0.7741249799728394"
"ssl_emnist_digits_conv-seed2","9f9e0ac5f3ce416eaa615a5a59136083","val/accuracy","17512","1775519606348","0.7763749957084656"
"ssl_emnist_digits_conv-seed2","9f9e0ac5f3ce416eaa615a5a59136083","val/accuracy","17723","1775519670980","0.7730416655540466"
"ssl_emnist_digits_conv-seed2","9f9e0ac5f3ce416eaa615a5a59136083","val/accuracy","17934","1775519735064","0.7772499918937683"
"ssl_emnist_digits_conv-seed2","9f9e0ac5f3ce416eaa615a5a59136083","val/accuracy","18145","1775519800972","0.7730833292007446"
"ssl_emnist_digits_conv-seed2","9f9e0ac5f3ce416eaa615a5a59136083","val/accuracy","18356","1775519864573","0.7777500152587891"
"ssl_emnist_digits_conv-seed2","9f9e0ac5f3ce416eaa615a5a59136083","val/accuracy","18567","1775519961081","0.7765416502952576"
"ssl_emnist_digits_conv-seed2","9f9e0ac5f3ce416eaa615a5a59136083","val/accuracy","18778","1775520025749","0.7770833373069763"
"ssl_emnist_digits_conv-seed2","9f9e0ac5f3ce416eaa615a5a59136083","val/accuracy","18989","1775520138333","0.7787083387374878"
"ssl_emnist_digits_conv-seed2","9f9e0ac5f3ce416eaa615a5a59136083","val/accuracy","19200","1775520232689","0.7738749980926514"
"ssl_emnist_digits_conv-seed2","9f9e0ac5f3ce416eaa615a5a59136083","val/accuracy","19411","1775520426333","0.7750833630561829"
"ssl_emnist_digits_conv-seed2","9f9e0ac5f3ce416eaa615a5a59136083","val/accuracy","19622","1775520724686","0.7746250033378601"
"ssl_emnist_digits_conv-seed2","9f9e0ac5f3ce416eaa615a5a59136083","val/accuracy","19833","1775520817152","0.777999997138977"
"ssl_emnist_digits_conv-seed2","9f9e0ac5f3ce416eaa615a5a59136083","val/accuracy","20044","1775520933157","0.7773749828338623"
"ssl_emnist_digits_conv-seed2","9f9e0ac5f3ce416eaa615a5a59136083","val/accuracy","20255","1775521042615","0.7764999866485596"
"ssl_emnist_digits_conv-seed2","9f9e0ac5f3ce416eaa615a5a59136083","val/accuracy","20466","1775521142072","0.7802083492279053"
"ssl_emnist_digits_conv-seed2","9f9e0ac5f3ce416eaa615a5a59136083","val/accuracy","20677","1775521268980","0.7790416479110718"
"ssl_emnist_digits_conv-seed2","9f9e0ac5f3ce416eaa615a5a59136083","val/accuracy","20888","1775521360573","0.7777500152587891"
"ssl_emnist_digits_conv-seed2","9f9e0ac5f3ce416eaa615a5a59136083","val/accuracy","21099","1775521449389","0.78125"
"ssl_emnist_digits_conv-seed1","83c220782a414079b7a75c333a6dd7d9","val/accuracy","210","1775514314337","0.6042500138282776"
"ssl_emnist_digits_conv-seed1","83c220782a414079b7a75c333a6dd7d9","val/accuracy","421","1775514336180","0.5879999995231628"
"ssl_emnist_digits_conv-seed1","83c220782a414079b7a75c333a6dd7d9","val/accuracy","632","1775514360661","0.5910416841506958"
"ssl_emnist_digits_conv-seed1","83c220782a414079b7a75c333a6dd7d9","val/accuracy","843","1775514418980","0.6837083101272583"
"ssl_emnist_digits_conv-seed1","83c220782a414079b7a75c333a6dd7d9","val/accuracy","1054","1775514479876","0.7117916941642761"
"ssl_emnist_digits_conv-seed1","83c220782a414079b7a75c333a6dd7d9","val/accuracy","1265","1775514542648","0.7138749957084656"
"ssl_emnist_digits_conv-seed1","83c220782a414079b7a75c333a6dd7d9","val/accuracy","1476","1775514608093","0.7256249785423279"
"ssl_emnist_digits_conv-seed1","83c220782a414079b7a75c333a6dd7d9","val/accuracy","1687","1775514673064","0.7544166445732117"
"ssl_emnist_digits_conv-seed1","83c220782a414079b7a75c333a6dd7d9","val/accuracy","1898","1775514735433","0.7875833511352539"
"ssl_emnist_digits_conv-seed1","83c220782a414079b7a75c333a6dd7d9","val/accuracy","2109","1775514798268","0.8003749847412109"
"ssl_emnist_digits_conv-seed1","83c220782a414079b7a75c333a6dd7d9","val/accuracy","2320","1775514862209","0.8090833425521851"
"ssl_emnist_digits_conv-seed1","83c220782a414079b7a75c333a6dd7d9","val/accuracy","2531","1775514930576","0.8183333277702332"
"ssl_emnist_digits_conv-seed1","83c220782a414079b7a75c333a6dd7d9","val/accuracy","2742","1775514992516","0.8188333511352539"
"ssl_emnist_digits_conv-seed1","83c220782a414079b7a75c333a6dd7d9","val/accuracy","2953","1775515058540","0.8268333077430725"
"ssl_emnist_digits_conv-seed1","83c220782a414079b7a75c333a6dd7d9","val/accuracy","3164","1775515125988","0.8317499756813049"
"ssl_emnist_digits_conv-seed1","83c220782a414079b7a75c333a6dd7d9","val/accuracy","3375","1775515191460","0.8299583196640015"
"ssl_emnist_digits_conv-seed1","83c220782a414079b7a75c333a6dd7d9","val/accuracy","3586","1775515256741","0.8361250162124634"
"ssl_emnist_digits_conv-seed1","83c220782a414079b7a75c333a6dd7d9","val/accuracy","3797","1775515323136","0.8378750085830688"
"ssl_emnist_digits_conv-seed1","83c220782a414079b7a75c333a6dd7d9","val/accuracy","4008","1775515384765","0.8428333401679993"
"ssl_emnist_digits_conv-seed1","83c220782a414079b7a75c333a6dd7d9","val/accuracy","4219","1775515447504","0.8415416479110718"
"ssl_emnist_digits_conv-seed1","83c220782a414079b7a75c333a6dd7d9","val/accuracy","4430","1775515512076","0.8410000205039978"
"ssl_emnist_digits_conv-seed1","83c220782a414079b7a75c333a6dd7d9","val/accuracy","4641","1775515576581","0.8490416407585144"
"ssl_emnist_digits_conv-seed1","83c220782a414079b7a75c333a6dd7d9","val/accuracy","4852","1775515640596","0.8422499895095825"
"ssl_emnist_digits_conv-seed1","83c220782a414079b7a75c333a6dd7d9","val/accuracy","5063","1775515703548","0.8501666784286499"
"ssl_emnist_digits_conv-seed1","83c220782a414079b7a75c333a6dd7d9","val/accuracy","5274","1775515766736","0.8505416512489319"
"ssl_emnist_digits_conv-seed1","83c220782a414079b7a75c333a6dd7d9","val/accuracy","5485","1775515830634","0.8504999876022339"
"ssl_emnist_digits_conv-seed1","83c220782a414079b7a75c333a6dd7d9","val/accuracy","5696","1775515893968","0.8510833382606506"
"ssl_emnist_digits_conv-seed1","83c220782a414079b7a75c333a6dd7d9","val/accuracy","5907","1775515957736","0.8530416488647461"
"ssl_emnist_digits_conv-seed1","83c220782a414079b7a75c333a6dd7d9","val/accuracy","6118","1775516022608","0.8527083396911621"
"ssl_emnist_digits_conv-seed1","83c220782a414079b7a75c333a6dd7d9","val/accuracy","6329","1775516085929","0.8514166474342346"
"ssl_emnist_digits_conv-seed1","83c220782a414079b7a75c333a6dd7d9","val/accuracy","6540","1775516149980","0.8538749814033508"
"ssl_emnist_digits_conv-seed1","83c220782a414079b7a75c333a6dd7d9","val/accuracy","6751","1775516215984","0.8553749918937683"
"ssl_emnist_digits_conv-seed1","83c220782a414079b7a75c333a6dd7d9","val/accuracy","6962","1775516280676","0.8580833077430725"
"ssl_emnist_digits_conv-seed1","83c220782a414079b7a75c333a6dd7d9","val/accuracy","7173","1775516344188","0.8569166660308838"
"ssl_emnist_digits_conv-seed1","83c220782a414079b7a75c333a6dd7d9","val/accuracy","7384","1775516411300","0.8551666736602783"
"ssl_emnist_digits_conv-seed1","83c220782a414079b7a75c333a6dd7d9","val/accuracy","7595","1775516474045","0.8571249842643738"
"ssl_emnist_digits_conv-seed1","83c220782a414079b7a75c333a6dd7d9","val/accuracy","7806","1775516537380","0.8579583168029785"
"ssl_emnist_digits_conv-seed1","83c220782a414079b7a75c333a6dd7d9","val/accuracy","8017","1775516603248","0.8570833206176758"
"ssl_emnist_digits_conv-seed1","83c220782a414079b7a75c333a6dd7d9","val/accuracy","8228","1775516666128","0.8578333258628845"
"ssl_emnist_digits_conv-seed1","83c220782a414079b7a75c333a6dd7d9","val/accuracy","8439","1775516733561","0.8579583168029785"
"ssl_emnist_digits_conv-seed1","83c220782a414079b7a75c333a6dd7d9","val/accuracy","8650","1775516797768","0.8587499856948853"
"ssl_emnist_digits_conv-seed1","83c220782a414079b7a75c333a6dd7d9","val/accuracy","8861","1775516863293","0.859041690826416"
"ssl_emnist_digits_conv-seed1","83c220782a414079b7a75c333a6dd7d9","val/accuracy","9072","1775516928224","0.8618333339691162"
"ssl_emnist_digits_conv-seed1","83c220782a414079b7a75c333a6dd7d9","val/accuracy","9283","1775516994200","0.8579999804496765"
"ssl_emnist_digits_conv-seed1","83c220782a414079b7a75c333a6dd7d9","val/accuracy","9494","1775517059856","0.8629583120346069"
"ssl_emnist_digits_conv-seed1","83c220782a414079b7a75c333a6dd7d9","val/accuracy","9705","1775517123800","0.8617083430290222"
"ssl_emnist_digits_conv-seed1","83c220782a414079b7a75c333a6dd7d9","val/accuracy","9916","1775517189296","0.8616666793823242"
"ssl_emnist_digits_conv-seed1","83c220782a414079b7a75c333a6dd7d9","val/accuracy","10127","1775517253756","0.8612083196640015"
"ssl_emnist_digits_conv-seed1","83c220782a414079b7a75c333a6dd7d9","val/accuracy","10338","1775517318460","0.8651250004768372"
"ssl_emnist_digits_conv-seed1","83c220782a414079b7a75c333a6dd7d9","val/accuracy","10549","1775517382400","0.8619999885559082"
"ssl_emnist_digits_conv-seed1","83c220782a414079b7a75c333a6dd7d9","val/accuracy","10760","1775517449561","0.8635833263397217"
"ssl_emnist_digits_conv-seed1","83c220782a414079b7a75c333a6dd7d9","val/accuracy","10971","1775517514981","0.8677083253860474"
"ssl_emnist_digits_conv-seed1","83c220782a414079b7a75c333a6dd7d9","val/accuracy","11182","1775517578073","0.8636249899864197"
"ssl_emnist_digits_conv-seed1","83c220782a414079b7a75c333a6dd7d9","val/accuracy","11393","1775517640456","0.8652083277702332"
"ssl_emnist_digits_conv-seed1","83c220782a414079b7a75c333a6dd7d9","val/accuracy","11604","1775517703288","0.8664583563804626"
"ssl_emnist_digits_conv-seed1","83c220782a414079b7a75c333a6dd7d9","val/accuracy","11815","1775517767744","0.8662916421890259"
"ssl_emnist_digits_conv-seed1","83c220782a414079b7a75c333a6dd7d9","val/accuracy","12026","1775517831972","0.8659166693687439"
"ssl_emnist_digits_conv-seed1","83c220782a414079b7a75c333a6dd7d9","val/accuracy","12237","1775517897965","0.8697500228881836"
"ssl_emnist_digits_conv-seed1","83c220782a414079b7a75c333a6dd7d9","val/accuracy","12448","1775517963684","0.8672916889190674"
"ssl_emnist_digits_conv-seed1","83c220782a414079b7a75c333a6dd7d9","val/accuracy","12659","1775518027292","0.8696666955947876"
"ssl_emnist_digits_conv-seed1","83c220782a414079b7a75c333a6dd7d9","val/accuracy","12870","1775518090628","0.8678749799728394"
"ssl_emnist_digits_conv-seed1","83c220782a414079b7a75c333a6dd7d9","val/accuracy","13081","1775518154373","0.8682500123977661"
"ssl_emnist_digits_conv-seed1","83c220782a414079b7a75c333a6dd7d9","val/accuracy","13292","1775518219065","0.8700000047683716"
"ssl_emnist_digits_conv-seed1","83c220782a414079b7a75c333a6dd7d9","val/accuracy","13503","1775518281712","0.8690833449363708"
"ssl_emnist_digits_conv-seed1","83c220782a414079b7a75c333a6dd7d9","val/accuracy","13714","1775518346853","0.8678333163261414"
"ssl_emnist_digits_conv-seed1","83c220782a414079b7a75c333a6dd7d9","val/accuracy","13925","1775518410952","0.8672083616256714"
"ssl_emnist_digits_conv-seed1","83c220782a414079b7a75c333a6dd7d9","val/accuracy","14136","1775518476233","0.8734999895095825"
"ssl_emnist_digits_conv-seed1","83c220782a414079b7a75c333a6dd7d9","val/accuracy","14347","1775518542636","0.8724166750907898"
"ssl_emnist_digits_conv-seed1","83c220782a414079b7a75c333a6dd7d9","val/accuracy","14558","1775518609400","0.8707916736602783"
"ssl_emnist_digits_conv-seed1","83c220782a414079b7a75c333a6dd7d9","val/accuracy","14769","1775518672808","0.8694583177566528"
"ssl_emnist_digits_conv-seed1","83c220782a414079b7a75c333a6dd7d9","val/accuracy","14980","1775518738462","0.8726249933242798"
"ssl_emnist_digits_conv-seed1","83c220782a414079b7a75c333a6dd7d9","val/accuracy","15191","1775518805416","0.8715000152587891"
"ssl_emnist_digits_conv-seed1","83c220782a414079b7a75c333a6dd7d9","val/accuracy","15402","1775518870308","0.8761249780654907"
"ssl_emnist_digits_conv-seed1","83c220782a414079b7a75c333a6dd7d9","val/accuracy","15613","1775518933485","0.875333309173584"
"ssl_emnist_digits_conv-seed1","83c220782a414079b7a75c333a6dd7d9","val/accuracy","15824","1775518997500","0.8732083439826965"
"ssl_emnist_digits_conv-seed1","83c220782a414079b7a75c333a6dd7d9","val/accuracy","16035","1775519061153","0.8737499713897705"
"ssl_emnist_digits_conv-seed1","83c220782a414079b7a75c333a6dd7d9","val/accuracy","16246","1775519125705","0.87479168176651"
"ssl_emnist_digits_conv-seed1","83c220782a414079b7a75c333a6dd7d9","val/accuracy","16457","1775519191417","0.8733749985694885"
"ssl_emnist_digits_conv-seed1","83c220782a414079b7a75c333a6dd7d9","val/accuracy","16668","1775519255189","0.8734583258628845"
"ssl_emnist_digits_conv-seed1","83c220782a414079b7a75c333a6dd7d9","val/accuracy","16879","1775519318436","0.8724166750907898"
"ssl_emnist_digits_conv-seed1","83c220782a414079b7a75c333a6dd7d9","val/accuracy","17090","1775519383242","0.878250002861023"
"ssl_emnist_digits_conv-seed1","83c220782a414079b7a75c333a6dd7d9","val/accuracy","17301","1775519448132","0.8737916946411133"
"ssl_emnist_digits_conv-seed1","83c220782a414079b7a75c333a6dd7d9","val/accuracy","17512","1775519511876","0.8763750195503235"
"ssl_emnist_digits_conv-seed1","83c220782a414079b7a75c333a6dd7d9","val/accuracy","17723","1775519576285","0.8774583339691162"
"ssl_emnist_digits_conv-seed1","83c220782a414079b7a75c333a6dd7d9","val/accuracy","17934","1775519641788","0.8754583597183228"
"ssl_emnist_digits_conv-seed1","83c220782a414079b7a75c333a6dd7d9","val/accuracy","18145","1775519706908","0.8740416765213013"
"ssl_emnist_digits_conv-seed1","83c220782a414079b7a75c333a6dd7d9","val/accuracy","18356","1775519776641","0.8762916922569275"
"ssl_emnist_digits_conv-seed1","83c220782a414079b7a75c333a6dd7d9","val/accuracy","18567","1775519842388","0.8776249885559082"
"ssl_emnist_digits_conv-seed1","83c220782a414079b7a75c333a6dd7d9","val/accuracy","18778","1775519936201","0.8765416741371155"
"ssl_emnist_digits_conv-seed1","83c220782a414079b7a75c333a6dd7d9","val/accuracy","18989","1775520000521","0.8777499794960022"
"ssl_emnist_digits_conv-seed1","83c220782a414079b7a75c333a6dd7d9","val/accuracy","19200","1775520084633","0.8757916688919067"
"ssl_emnist_digits_conv-seed1","83c220782a414079b7a75c333a6dd7d9","val/accuracy","19411","1775520198448","0.8787916898727417"
"ssl_emnist_digits_conv-seed1","83c220782a414079b7a75c333a6dd7d9","val/accuracy","19622","1775520313977","0.8769999742507935"
"ssl_emnist_digits_conv-seed1","83c220782a414079b7a75c333a6dd7d9","val/accuracy","19833","1775520707384","0.8764583468437195"
"ssl_emnist_digits_conv-seed1","83c220782a414079b7a75c333a6dd7d9","val/accuracy","20044","1775520808576","0.8784999847412109"
"ssl_emnist_digits_conv-seed1","83c220782a414079b7a75c333a6dd7d9","val/accuracy","20255","1775520905612","0.8790416717529297"
"ssl_emnist_digits_conv-seed1","83c220782a414079b7a75c333a6dd7d9","val/accuracy","20466","1775521039125","0.8773750066757202"
"ssl_emnist_digits_conv-seed1","83c220782a414079b7a75c333a6dd7d9","val/accuracy","20677","1775521131453","0.8768333196640015"
"ssl_emnist_digits_conv-seed1","83c220782a414079b7a75c333a6dd7d9","val/accuracy","20888","1775521266885","0.8811666369438171"
"ssl_emnist_digits_conv-seed1","83c220782a414079b7a75c333a6dd7d9","val/accuracy","21099","1775521355812","0.8778749704360962"
"ssl_emnist_digits_conv_font-seed5","3b99a8a15ed7488a838f86f814c4395c","val/accuracy","210","1775514282493","0.3005000054836273"
"ssl_emnist_digits_conv_font-seed5","3b99a8a15ed7488a838f86f814c4395c","val/accuracy","421","1775514305588","0.2866249978542328"
"ssl_emnist_digits_conv_font-seed5","3b99a8a15ed7488a838f86f814c4395c","val/accuracy","632","1775514329853","0.3011666536331177"
"ssl_emnist_digits_conv_font-seed5","3b99a8a15ed7488a838f86f814c4395c","val/accuracy","843","1775514378440","0.20512500405311584"
"ssl_emnist_digits_conv_font-seed5","3b99a8a15ed7488a838f86f814c4395c","val/accuracy","1054","1775514431188","0.2124166637659073"
"ssl_emnist_digits_conv_font-seed5","3b99a8a15ed7488a838f86f814c4395c","val/accuracy","1265","1775514487800","0.17237499356269836"
"ssl_emnist_digits_conv_font-seed5","3b99a8a15ed7488a838f86f814c4395c","val/accuracy","1476","1775514549369","0.1549166738986969"
"ssl_emnist_digits_conv_font-seed5","3b99a8a15ed7488a838f86f814c4395c","val/accuracy","1687","1775514612541","0.1626249998807907"
"ssl_emnist_digits_conv_font-seed5","3b99a8a15ed7488a838f86f814c4395c","val/accuracy","1898","1775514676105","0.1665416657924652"
"ssl_emnist_digits_conv_font-seed5","3b99a8a15ed7488a838f86f814c4395c","val/accuracy","2109","1775514738965","0.16583333909511566"
"ssl_emnist_digits_conv_font-seed5","3b99a8a15ed7488a838f86f814c4395c","val/accuracy","2320","1775514802316","0.1692916601896286"
"ssl_emnist_digits_conv_font-seed5","3b99a8a15ed7488a838f86f814c4395c","val/accuracy","2531","1775514866548","0.16599999368190765"
"ssl_emnist_digits_conv_font-seed5","3b99a8a15ed7488a838f86f814c4395c","val/accuracy","2742","1775514931985","0.17016667127609253"
"ssl_emnist_digits_conv_font-seed5","3b99a8a15ed7488a838f86f814c4395c","val/accuracy","2953","1775514995460","0.17754167318344116"
"ssl_emnist_digits_conv_font-seed5","3b99a8a15ed7488a838f86f814c4395c","val/accuracy","3164","1775515060644","0.17737500369548798"
"ssl_emnist_digits_conv_font-seed5","3b99a8a15ed7488a838f86f814c4395c","val/accuracy","3375","1775515128192","0.17599999904632568"
"ssl_emnist_digits_conv_font-seed5","3b99a8a15ed7488a838f86f814c4395c","val/accuracy","3586","1775515195169","0.1772083342075348"
"ssl_emnist_digits_conv_font-seed5","3b99a8a15ed7488a838f86f814c4395c","val/accuracy","3797","1775515259969","0.1772083342075348"
"ssl_emnist_digits_conv_font-seed5","3b99a8a15ed7488a838f86f814c4395c","val/accuracy","4008","1775515323916","0.17499999701976776"
"ssl_emnist_digits_conv_font-seed5","3b99a8a15ed7488a838f86f814c4395c","val/accuracy","4219","1775515386484","0.17895832657814026"
"ssl_emnist_digits_conv_font-seed5","3b99a8a15ed7488a838f86f814c4395c","val/accuracy","4430","1775515451645","0.17991666495800018"
"ssl_emnist_digits_conv_font-seed5","3b99a8a15ed7488a838f86f814c4395c","val/accuracy","4641","1775515514937","0.18008333444595337"
"ssl_emnist_digits_conv_font-seed5","3b99a8a15ed7488a838f86f814c4395c","val/accuracy","4852","1775515578277","0.18170833587646484"
"ssl_emnist_digits_conv_font-seed5","3b99a8a15ed7488a838f86f814c4395c","val/accuracy","5063","1775515643536","0.18299999833106995"
"ssl_emnist_digits_conv_font-seed5","3b99a8a15ed7488a838f86f814c4395c","val/accuracy","5274","1775515707604","0.1850416660308838"
"ssl_emnist_digits_conv_font-seed5","3b99a8a15ed7488a838f86f814c4395c","val/accuracy","5485","1775515771220","0.18554165959358215"
"ssl_emnist_digits_conv_font-seed5","3b99a8a15ed7488a838f86f814c4395c","val/accuracy","5696","1775515837848","0.1822916716337204"
"ssl_emnist_digits_conv_font-seed5","3b99a8a15ed7488a838f86f814c4395c","val/accuracy","5907","1775515902184","0.1861249953508377"
"ssl_emnist_digits_conv_font-seed5","3b99a8a15ed7488a838f86f814c4395c","val/accuracy","6118","1775515965920","0.1860000044107437"
"ssl_emnist_digits_conv_font-seed5","3b99a8a15ed7488a838f86f814c4395c","val/accuracy","6329","1775516031056","0.18695832788944244"
"ssl_emnist_digits_conv_font-seed5","3b99a8a15ed7488a838f86f814c4395c","val/accuracy","6540","1775516095832","0.18816666305065155"
"ssl_emnist_digits_conv_font-seed5","3b99a8a15ed7488a838f86f814c4395c","val/accuracy","6751","1775516160276","0.18691666424274445"
"ssl_emnist_digits_conv_font-seed5","3b99a8a15ed7488a838f86f814c4395c","val/accuracy","6962","1775516225245","0.1875"
"ssl_emnist_digits_conv_font-seed5","3b99a8a15ed7488a838f86f814c4395c","val/accuracy","7173","1775516290813","0.18654166162014008"
"ssl_emnist_digits_conv_font-seed5","3b99a8a15ed7488a838f86f814c4395c","val/accuracy","7384","1775516355572","0.18670833110809326"
"ssl_emnist_digits_conv_font-seed5","3b99a8a15ed7488a838f86f814c4395c","val/accuracy","7595","1775516419288","0.18804167211055756"
"ssl_emnist_digits_conv_font-seed5","3b99a8a15ed7488a838f86f814c4395c","val/accuracy","7806","1775516482613","0.1873749941587448"
"ssl_emnist_digits_conv_font-seed5","3b99a8a15ed7488a838f86f814c4395c","val/accuracy","8017","1775516548540","0.1862083375453949"
"ssl_emnist_digits_conv_font-seed5","3b99a8a15ed7488a838f86f814c4395c","val/accuracy","8228","1775516610772","0.18687500059604645"
"ssl_emnist_digits_conv_font-seed5","3b99a8a15ed7488a838f86f814c4395c","val/accuracy","8439","1775516675797","0.1847500056028366"
"ssl_emnist_digits_conv_font-seed5","3b99a8a15ed7488a838f86f814c4395c","val/accuracy","8650","1775516740365","0.18966667354106903"
"ssl_emnist_digits_conv_font-seed5","3b99a8a15ed7488a838f86f814c4395c","val/accuracy","8861","1775516806656","0.18720833957195282"
"ssl_emnist_digits_conv_font-seed5","3b99a8a15ed7488a838f86f814c4395c","val/accuracy","9072","1775516871337","0.1915416717529297"
"ssl_emnist_digits_conv_font-seed5","3b99a8a15ed7488a838f86f814c4395c","val/accuracy","9283","1775516935948","0.18779166042804718"
"ssl_emnist_digits_conv_font-seed5","3b99a8a15ed7488a838f86f814c4395c","val/accuracy","9494","1775517000296","0.18774999678134918"
"ssl_emnist_digits_conv_font-seed5","3b99a8a15ed7488a838f86f814c4395c","val/accuracy","9705","1775517067284","0.18641667068004608"
"ssl_emnist_digits_conv_font-seed5","3b99a8a15ed7488a838f86f814c4395c","val/accuracy","9916","1775517130925","0.18658334016799927"
"ssl_emnist_digits_conv_font-seed5","3b99a8a15ed7488a838f86f814c4395c","val/accuracy","10127","1775517197584","0.18574999272823334"
"ssl_emnist_digits_conv_font-seed5","3b99a8a15ed7488a838f86f814c4395c","val/accuracy","10338","1775517262365","0.1862083375453949"
"ssl_emnist_digits_conv_font-seed5","3b99a8a15ed7488a838f86f814c4395c","val/accuracy","10549","1775517330216","0.18583333492279053"
"ssl_emnist_digits_conv_font-seed5","3b99a8a15ed7488a838f86f814c4395c","val/accuracy","10760","1775517395704","0.18825000524520874"
"ssl_emnist_digits_conv_font-seed5","3b99a8a15ed7488a838f86f814c4395c","val/accuracy","10971","1775517460761","0.1861666738986969"
"ssl_emnist_digits_conv_font-seed5","3b99a8a15ed7488a838f86f814c4395c","val/accuracy","11182","1775517524017","0.18720833957195282"
"ssl_emnist_digits_conv_font-seed5","3b99a8a15ed7488a838f86f814c4395c","val/accuracy","11393","1775517588444","0.18808333575725555"
"ssl_emnist_digits_conv_font-seed5","3b99a8a15ed7488a838f86f814c4395c","val/accuracy","11604","1775517655232","0.18658334016799927"
"ssl_emnist_digits_conv_font-seed5","3b99a8a15ed7488a838f86f814c4395c","val/accuracy","11815","1775517719804","0.18712499737739563"
"ssl_emnist_digits_conv_font-seed5","3b99a8a15ed7488a838f86f814c4395c","val/accuracy","12026","1775517785693","0.1889166682958603"
"ssl_emnist_digits_conv_font-seed5","3b99a8a15ed7488a838f86f814c4395c","val/accuracy","12237","1775517850137","0.18641667068004608"
"ssl_emnist_digits_conv_font-seed5","3b99a8a15ed7488a838f86f814c4395c","val/accuracy","12448","1775517915353","0.18791666626930237"
"ssl_emnist_digits_conv_font-seed5","3b99a8a15ed7488a838f86f814c4395c","val/accuracy","12659","1775517981228","0.18674999475479126"
"ssl_emnist_digits_conv_font-seed5","3b99a8a15ed7488a838f86f814c4395c","val/accuracy","12870","1775518046120","0.1861249953508377"
"ssl_emnist_digits_conv_font-seed5","3b99a8a15ed7488a838f86f814c4395c","val/accuracy","13081","1775518111468","0.18587499856948853"
"ssl_emnist_digits_conv_font-seed5","3b99a8a15ed7488a838f86f814c4395c","val/accuracy","13292","1775518177540","0.1849583387374878"
"ssl_emnist_digits_conv_font-seed5","3b99a8a15ed7488a838f86f814c4395c","val/accuracy","13503","1775518244108","0.18670833110809326"
"ssl_emnist_digits_conv_font-seed5","3b99a8a15ed7488a838f86f814c4395c","val/accuracy","13714","1775518309700","0.18400000035762787"
"ssl_emnist_digits_conv_font-seed5","3b99a8a15ed7488a838f86f814c4395c","val/accuracy","13925","1775518372868","0.18674999475479126"
"ssl_emnist_digits_conv_font-seed5","3b99a8a15ed7488a838f86f814c4395c","val/accuracy","14136","1775518439180","0.18649999797344208"
"ssl_emnist_digits_conv_font-seed5","3b99a8a15ed7488a838f86f814c4395c","val/accuracy","14347","1775518502861","0.18512499332427979"
"ssl_emnist_digits_conv_font-seed5","3b99a8a15ed7488a838f86f814c4395c","val/accuracy","14558","1775518567700","0.18595834076404572"
"ssl_emnist_digits_conv_font-seed5","3b99a8a15ed7488a838f86f814c4395c","val/accuracy","14769","1775518632337","0.18574999272823334"
"ssl_emnist_digits_conv_font-seed5","3b99a8a15ed7488a838f86f814c4395c","val/accuracy","14980","1775518696540","0.1861249953508377"
"ssl_emnist_digits_conv_font-seed5","3b99a8a15ed7488a838f86f814c4395c","val/accuracy","15191","1775518761157","0.1860000044107437"
"ssl_emnist_digits_conv_font-seed5","3b99a8a15ed7488a838f86f814c4395c","val/accuracy","15402","1775518825480","0.1850416660308838"
"ssl_emnist_digits_conv_font-seed5","3b99a8a15ed7488a838f86f814c4395c","val/accuracy","15613","1775518890788","0.18254166841506958"
"ssl_emnist_digits_conv_font-seed5","3b99a8a15ed7488a838f86f814c4395c","val/accuracy","15824","1775518955340","0.18558333814144135"
"ssl_emnist_digits_conv_font-seed5","3b99a8a15ed7488a838f86f814c4395c","val/accuracy","16035","1775519019980","0.1861249953508377"
"ssl_emnist_digits_conv_font-seed5","3b99a8a15ed7488a838f86f814c4395c","val/accuracy","16246","1775519084688","0.18449999392032623"
"ssl_emnist_digits_conv_font-seed5","3b99a8a15ed7488a838f86f814c4395c","val/accuracy","16457","1775519150221","0.1847916692495346"
"ssl_emnist_digits_conv_font-seed5","3b99a8a15ed7488a838f86f814c4395c","val/accuracy","16668","1775519215568","0.18712499737739563"
"ssl_emnist_digits_conv_font-seed5","3b99a8a15ed7488a838f86f814c4395c","val/accuracy","16879","1775519278148","0.18700000643730164"
"ssl_emnist_digits_conv_font-seed5","3b99a8a15ed7488a838f86f814c4395c","val/accuracy","17090","1775519342217","0.18583333492279053"
"ssl_emnist_digits_conv_font-seed5","3b99a8a15ed7488a838f86f814c4395c","val/accuracy","17301","1775519405768","0.18549999594688416"
"ssl_emnist_digits_conv_font-seed5","3b99a8a15ed7488a838f86f814c4395c","val/accuracy","17512","1775519470540","0.1847500056028366"
"ssl_emnist_digits_conv_font-seed5","3b99a8a15ed7488a838f86f814c4395c","val/accuracy","17723","1775519533045","0.18379166722297668"
"ssl_emnist_digits_conv_font-seed5","3b99a8a15ed7488a838f86f814c4395c","val/accuracy","17934","1775519598709","0.1848749965429306"
"ssl_emnist_digits_conv_font-seed5","3b99a8a15ed7488a838f86f814c4395c","val/accuracy","18145","1775519664533","0.18649999797344208"
"ssl_emnist_digits_conv_font-seed5","3b99a8a15ed7488a838f86f814c4395c","val/accuracy","18356","1775519730696","0.18558333814144135"
"ssl_emnist_digits_conv_font-seed5","3b99a8a15ed7488a838f86f814c4395c","val/accuracy","18567","1775519795229","0.18520833551883698"
"ssl_emnist_digits_conv_font-seed5","3b99a8a15ed7488a838f86f814c4395c","val/accuracy","18778","1775519860033","0.18545833230018616"
"ssl_emnist_digits_conv_font-seed5","3b99a8a15ed7488a838f86f814c4395c","val/accuracy","18989","1775519955964","0.18554165959358215"
"ssl_emnist_digits_conv_font-seed5","3b99a8a15ed7488a838f86f814c4395c","val/accuracy","19200","1775520023637","0.18433333933353424"
"ssl_emnist_digits_conv_font-seed5","3b99a8a15ed7488a838f86f814c4395c","val/accuracy","19411","1775520120524","0.18591666221618652"
"ssl_emnist_digits_conv_font-seed5","3b99a8a15ed7488a838f86f814c4395c","val/accuracy","19622","1775520223704","0.1848749965429306"
"ssl_emnist_digits_conv_font-seed5","3b99a8a15ed7488a838f86f814c4395c","val/accuracy","19833","1775520312110","0.18437500298023224"
"ssl_emnist_digits_conv_font-seed5","3b99a8a15ed7488a838f86f814c4395c","val/accuracy","20044","1775520708345","0.18520833551883698"
"ssl_emnist_digits_conv_font-seed5","3b99a8a15ed7488a838f86f814c4395c","val/accuracy","20255","1775520798997","0.1847916692495346"
"ssl_emnist_digits_conv_font-seed5","3b99a8a15ed7488a838f86f814c4395c","val/accuracy","20466","1775520901449","0.18583333492279053"
"ssl_emnist_digits_conv_font-seed5","3b99a8a15ed7488a838f86f814c4395c","val/accuracy","20677","1775521012721","0.18683333694934845"
"ssl_emnist_digits_conv_font-seed5","3b99a8a15ed7488a838f86f814c4395c","val/accuracy","20888","1775521115548","0.18716666102409363"
"ssl_emnist_digits_conv_font-seed5","3b99a8a15ed7488a838f86f814c4395c","val/accuracy","21099","1775521221816","0.18512499332427979"
"ssl_emnist_digits_conv_font-seed4","a3dd36686bfa41dcb9ffce29ed72df87","val/accuracy","210","1775508877545","0.3072916567325592"
"ssl_emnist_digits_conv_font-seed4","a3dd36686bfa41dcb9ffce29ed72df87","val/accuracy","421","1775508901904","0.2942500114440918"
"ssl_emnist_digits_conv_font-seed4","a3dd36686bfa41dcb9ffce29ed72df87","val/accuracy","632","1775508924820","0.3021250069141388"
"ssl_emnist_digits_conv_font-seed4","a3dd36686bfa41dcb9ffce29ed72df87","val/accuracy","843","1775508974804","0.20675000548362732"
"ssl_emnist_digits_conv_font-seed4","a3dd36686bfa41dcb9ffce29ed72df87","val/accuracy","1054","1775509026581","0.24779166281223297"
"ssl_emnist_digits_conv_font-seed4","a3dd36686bfa41dcb9ffce29ed72df87","val/accuracy","1265","1775509085048","0.25704166293144226"
"ssl_emnist_digits_conv_font-seed4","a3dd36686bfa41dcb9ffce29ed72df87","val/accuracy","1476","1775509144820","0.2329999953508377"
"ssl_emnist_digits_conv_font-seed4","a3dd36686bfa41dcb9ffce29ed72df87","val/accuracy","1687","1775509205840","0.22845833003520966"
"ssl_emnist_digits_conv_font-seed4","a3dd36686bfa41dcb9ffce29ed72df87","val/accuracy","1898","1775509270833","0.23591665923595428"
"ssl_emnist_digits_conv_font-seed4","a3dd36686bfa41dcb9ffce29ed72df87","val/accuracy","2109","1775509333685","0.2575833201408386"
"ssl_emnist_digits_conv_font-seed4","a3dd36686bfa41dcb9ffce29ed72df87","val/accuracy","2320","1775509398566","0.27683332562446594"
"ssl_emnist_digits_conv_font-seed4","a3dd36686bfa41dcb9ffce29ed72df87","val/accuracy","2531","1775509463889","0.2823333442211151"
"ssl_emnist_digits_conv_font-seed4","a3dd36686bfa41dcb9ffce29ed72df87","val/accuracy","2742","1775509526508","0.2874999940395355"
"ssl_emnist_digits_conv_font-seed4","a3dd36686bfa41dcb9ffce29ed72df87","val/accuracy","2953","1775509592292","0.2907083332538605"
"ssl_emnist_digits_conv_font-seed4","a3dd36686bfa41dcb9ffce29ed72df87","val/accuracy","3164","1775509658996","0.2928333282470703"
"ssl_emnist_digits_conv_font-seed4","a3dd36686bfa41dcb9ffce29ed72df87","val/accuracy","3375","1775509722812","0.29479166865348816"
"ssl_emnist_digits_conv_font-seed4","a3dd36686bfa41dcb9ffce29ed72df87","val/accuracy","3586","1775509787229","0.29770833253860474"
"ssl_emnist_digits_conv_font-seed4","a3dd36686bfa41dcb9ffce29ed72df87","val/accuracy","3797","1775509854176","0.29908332228660583"
"ssl_emnist_digits_conv_font-seed4","a3dd36686bfa41dcb9ffce29ed72df87","val/accuracy","4008","1775509921420","0.30016666650772095"
"ssl_emnist_digits_conv_font-seed4","a3dd36686bfa41dcb9ffce29ed72df87","val/accuracy","4219","1775509986796","0.30133333802223206"
"ssl_emnist_digits_conv_font-seed4","a3dd36686bfa41dcb9ffce29ed72df87","val/accuracy","4430","1775510050729","0.3031249940395355"
"ssl_emnist_digits_conv_font-seed4","a3dd36686bfa41dcb9ffce29ed72df87","val/accuracy","4641","1775510117164","0.3030416667461395"
"ssl_emnist_digits_conv_font-seed4","a3dd36686bfa41dcb9ffce29ed72df87","val/accuracy","4852","1775510182816","0.304625004529953"
"ssl_emnist_digits_conv_font-seed4","a3dd36686bfa41dcb9ffce29ed72df87","val/accuracy","5063","1775510248020","0.304874986410141"
"ssl_emnist_digits_conv_font-seed4","a3dd36686bfa41dcb9ffce29ed72df87","val/accuracy","5274","1775510315025","0.3057500123977661"
"ssl_emnist_digits_conv_font-seed4","a3dd36686bfa41dcb9ffce29ed72df87","val/accuracy","5485","1775510380441","0.30670833587646484"
"ssl_emnist_digits_conv_font-seed4","a3dd36686bfa41dcb9ffce29ed72df87","val/accuracy","5696","1775510447124","0.30816665291786194"
"ssl_emnist_digits_conv_font-seed4","a3dd36686bfa41dcb9ffce29ed72df87","val/accuracy","5907","1775510511636","0.30937498807907104"
"ssl_emnist_digits_conv_font-seed4","a3dd36686bfa41dcb9ffce29ed72df87","val/accuracy","6118","1775510576668","0.31066668033599854"
"ssl_emnist_digits_conv_font-seed4","a3dd36686bfa41dcb9ffce29ed72df87","val/accuracy","6329","1775510642137","0.3082916736602783"
"ssl_emnist_digits_conv_font-seed4","a3dd36686bfa41dcb9ffce29ed72df87","val/accuracy","6540","1775510707664","0.312666654586792"
"ssl_emnist_digits_conv_font-seed4","a3dd36686bfa41dcb9ffce29ed72df87","val/accuracy","6751","1775510774917","0.3101249933242798"
"ssl_emnist_digits_conv_font-seed4","a3dd36686bfa41dcb9ffce29ed72df87","val/accuracy","6962","1775510839160","0.3101249933242798"
"ssl_emnist_digits_conv_font-seed4","a3dd36686bfa41dcb9ffce29ed72df87","val/accuracy","7173","1775510903440","0.3096666634082794"
"ssl_emnist_digits_conv_font-seed4","a3dd36686bfa41dcb9ffce29ed72df87","val/accuracy","7384","1775510971473","0.31187498569488525"
"ssl_emnist_digits_conv_font-seed4","a3dd36686bfa41dcb9ffce29ed72df87","val/accuracy","7595","1775511036421","0.3112916648387909"
"ssl_emnist_digits_conv_font-seed4","a3dd36686bfa41dcb9ffce29ed72df87","val/accuracy","7806","1775511102372","0.3122083246707916"
"ssl_emnist_digits_conv_font-seed4","a3dd36686bfa41dcb9ffce29ed72df87","val/accuracy","8017","1775511167997","0.312416672706604"
"ssl_emnist_digits_conv_font-seed4","a3dd36686bfa41dcb9ffce29ed72df87","val/accuracy","8228","1775511232160","0.31162500381469727"
"ssl_emnist_digits_conv_font-seed4","a3dd36686bfa41dcb9ffce29ed72df87","val/accuracy","8439","1775511298521","0.31591665744781494"
"ssl_emnist_digits_conv_font-seed4","a3dd36686bfa41dcb9ffce29ed72df87","val/accuracy","8650","1775511365744","0.3147916793823242"
"ssl_emnist_digits_conv_font-seed4","a3dd36686bfa41dcb9ffce29ed72df87","val/accuracy","8861","1775511430133","0.31558331847190857"
"ssl_emnist_digits_conv_font-seed4","a3dd36686bfa41dcb9ffce29ed72df87","val/accuracy","9072","1775511496244","0.31579166650772095"
"ssl_emnist_digits_conv_font-seed4","a3dd36686bfa41dcb9ffce29ed72df87","val/accuracy","9283","1775511563581","0.31579166650772095"
"ssl_emnist_digits_conv_font-seed4","a3dd36686bfa41dcb9ffce29ed72df87","val/accuracy","9494","1775511629712","0.3152500092983246"
"ssl_emnist_digits_conv_font-seed4","a3dd36686bfa41dcb9ffce29ed72df87","val/accuracy","9705","1775511695804","0.3188333213329315"
"ssl_emnist_digits_conv_font-seed4","a3dd36686bfa41dcb9ffce29ed72df87","val/accuracy","9916","1775511761400","0.3190833330154419"
"ssl_emnist_digits_conv_font-seed4","a3dd36686bfa41dcb9ffce29ed72df87","val/accuracy","10127","1775511826872","0.3161250054836273"
"ssl_emnist_digits_conv_font-seed4","a3dd36686bfa41dcb9ffce29ed72df87","val/accuracy","10338","1775511893856","0.320291668176651"
"ssl_emnist_digits_conv_font-seed4","a3dd36686bfa41dcb9ffce29ed72df87","val/accuracy","10549","1775511961993","0.3167499899864197"
"ssl_emnist_digits_conv_font-seed4","a3dd36686bfa41dcb9ffce29ed72df87","val/accuracy","10760","1775512028733","0.3205833435058594"
"ssl_emnist_digits_conv_font-seed4","a3dd36686bfa41dcb9ffce29ed72df87","val/accuracy","10971","1775512094764","0.3216249942779541"
"ssl_emnist_digits_conv_font-seed4","a3dd36686bfa41dcb9ffce29ed72df87","val/accuracy","11182","1775512158161","0.3175833225250244"
"ssl_emnist_digits_conv_font-seed4","a3dd36686bfa41dcb9ffce29ed72df87","val/accuracy","11393","1775512226292","0.31812500953674316"
"ssl_emnist_digits_conv_font-seed4","a3dd36686bfa41dcb9ffce29ed72df87","val/accuracy","11604","1775512291772","0.3187916576862335"
"ssl_emnist_digits_conv_font-seed4","a3dd36686bfa41dcb9ffce29ed72df87","val/accuracy","11815","1775512360020","0.3192499876022339"
"ssl_emnist_digits_conv_font-seed4","a3dd36686bfa41dcb9ffce29ed72df87","val/accuracy","12026","1775512424700","0.320333331823349"
"ssl_emnist_digits_conv_font-seed4","a3dd36686bfa41dcb9ffce29ed72df87","val/accuracy","12237","1775512491888","0.3175416588783264"
"ssl_emnist_digits_conv_font-seed4","a3dd36686bfa41dcb9ffce29ed72df87","val/accuracy","12448","1775512559200","0.3190416693687439"
"ssl_emnist_digits_conv_font-seed4","a3dd36686bfa41dcb9ffce29ed72df87","val/accuracy","12659","1775512625284","0.3230000138282776"
"ssl_emnist_digits_conv_font-seed4","a3dd36686bfa41dcb9ffce29ed72df87","val/accuracy","12870","1775512690096","0.32066667079925537"
"ssl_emnist_digits_conv_font-seed4","a3dd36686bfa41dcb9ffce29ed72df87","val/accuracy","13081","1775512758232","0.320250004529953"
"ssl_emnist_digits_conv_font-seed4","a3dd36686bfa41dcb9ffce29ed72df87","val/accuracy","13292","1775512824081","0.32116666436195374"
"ssl_emnist_digits_conv_font-seed4","a3dd36686bfa41dcb9ffce29ed72df87","val/accuracy","13503","1775512889748","0.31954166293144226"
"ssl_emnist_digits_conv_font-seed4","a3dd36686bfa41dcb9ffce29ed72df87","val/accuracy","13714","1775512956017","0.3205833435058594"
"ssl_emnist_digits_conv_font-seed4","a3dd36686bfa41dcb9ffce29ed72df87","val/accuracy","13925","1775513021725","0.3232083320617676"
"ssl_emnist_digits_conv_font-seed4","a3dd36686bfa41dcb9ffce29ed72df87","val/accuracy","14136","1775513087056","0.3225833475589752"
"ssl_emnist_digits_conv_font-seed4","a3dd36686bfa41dcb9ffce29ed72df87","val/accuracy","14347","1775513152784","0.32087498903274536"
"ssl_emnist_digits_conv_font-seed4","a3dd36686bfa41dcb9ffce29ed72df87","val/accuracy","14558","1775513221012","0.3215833306312561"
"ssl_emnist_digits_conv_font-seed4","a3dd36686bfa41dcb9ffce29ed72df87","val/accuracy","14769","1775513286216","0.32120832800865173"
"ssl_emnist_digits_conv_font-seed4","a3dd36686bfa41dcb9ffce29ed72df87","val/accuracy","14980","1775513352480","0.3190416693687439"
"ssl_emnist_digits_conv_font-seed4","a3dd36686bfa41dcb9ffce29ed72df87","val/accuracy","15191","1775513420444","0.3191666603088379"
"ssl_emnist_digits_conv_font-seed4","a3dd36686bfa41dcb9ffce29ed72df87","val/accuracy","15402","1775513487785","0.3217916786670685"
"ssl_emnist_digits_conv_font-seed4","a3dd36686bfa41dcb9ffce29ed72df87","val/accuracy","15613","1775513555850","0.32354167103767395"
"ssl_emnist_digits_conv_font-seed4","a3dd36686bfa41dcb9ffce29ed72df87","val/accuracy","15824","1775513621076","0.32212498784065247"
"ssl_emnist_digits_conv_font-seed4","a3dd36686bfa41dcb9ffce29ed72df87","val/accuracy","16035","1775513686378","0.320499986410141"
"ssl_emnist_digits_conv_font-seed4","a3dd36686bfa41dcb9ffce29ed72df87","val/accuracy","16246","1775513756000","0.3215416669845581"
"ssl_emnist_digits_conv_font-seed4","a3dd36686bfa41dcb9ffce29ed72df87","val/accuracy","16457","1775513824101","0.3227083384990692"
"ssl_emnist_digits_conv_font-seed4","a3dd36686bfa41dcb9ffce29ed72df87","val/accuracy","16668","1775513891438","0.3217499852180481"
"ssl_emnist_digits_conv_font-seed4","a3dd36686bfa41dcb9ffce29ed72df87","val/accuracy","16879","1775513956400","0.32491666078567505"
"ssl_emnist_digits_conv_font-seed4","a3dd36686bfa41dcb9ffce29ed72df87","val/accuracy","17090","1775514020736","0.32245832681655884"
"ssl_emnist_digits_conv_font-seed4","a3dd36686bfa41dcb9ffce29ed72df87","val/accuracy","17301","1775514086285","0.32362499833106995"
"ssl_emnist_digits_conv_font-seed4","a3dd36686bfa41dcb9ffce29ed72df87","val/accuracy","17512","1775514157028","0.32345834374427795"
"ssl_emnist_digits_conv_font-seed4","a3dd36686bfa41dcb9ffce29ed72df87","val/accuracy","17723","1775514224061","0.32354167103767395"
"ssl_emnist_digits_conv_font-seed4","a3dd36686bfa41dcb9ffce29ed72df87","val/accuracy","17934","1775514290168","0.3232083320617676"
"ssl_emnist_digits_conv_font-seed4","a3dd36686bfa41dcb9ffce29ed72df87","val/accuracy","18145","1775514358121","0.3230416774749756"
"ssl_emnist_digits_conv_font-seed4","a3dd36686bfa41dcb9ffce29ed72df87","val/accuracy","18356","1775514426129","0.3230833411216736"
"ssl_emnist_digits_conv_font-seed4","a3dd36686bfa41dcb9ffce29ed72df87","val/accuracy","18567","1775514494416","0.32245832681655884"
"ssl_emnist_digits_conv_font-seed4","a3dd36686bfa41dcb9ffce29ed72df87","val/accuracy","18778","1775514560628","0.3243750035762787"
"ssl_emnist_digits_conv_font-seed4","a3dd36686bfa41dcb9ffce29ed72df87","val/accuracy","18989","1775514626665","0.32370832562446594"
"ssl_emnist_digits_conv_font-seed4","a3dd36686bfa41dcb9ffce29ed72df87","val/accuracy","19200","1775514691808","0.3240833282470703"
"ssl_emnist_digits_conv_font-seed4","a3dd36686bfa41dcb9ffce29ed72df87","val/accuracy","19411","1775514758081","0.32350000739097595"
"ssl_emnist_digits_conv_font-seed4","a3dd36686bfa41dcb9ffce29ed72df87","val/accuracy","19622","1775514822788","0.3225833475589752"
"ssl_emnist_digits_conv_font-seed4","a3dd36686bfa41dcb9ffce29ed72df87","val/accuracy","19833","1775514889492","0.3239166736602783"
"ssl_emnist_digits_conv_font-seed4","a3dd36686bfa41dcb9ffce29ed72df87","val/accuracy","20044","1775514958253","0.3251666724681854"
"ssl_emnist_digits_conv_font-seed4","a3dd36686bfa41dcb9ffce29ed72df87","val/accuracy","20255","1775515024900","0.3226666748523712"
"ssl_emnist_digits_conv_font-seed4","a3dd36686bfa41dcb9ffce29ed72df87","val/accuracy","20466","1775515091220","0.32216668128967285"
"ssl_emnist_digits_conv_font-seed4","a3dd36686bfa41dcb9ffce29ed72df87","val/accuracy","20677","1775515154513","0.32466667890548706"
"ssl_emnist_digits_conv_font-seed4","a3dd36686bfa41dcb9ffce29ed72df87","val/accuracy","20888","1775515216912","0.32341668009757996"
"ssl_emnist_digits_conv_font-seed4","a3dd36686bfa41dcb9ffce29ed72df87","val/accuracy","21099","1775515280196","0.3241666555404663"
"ssl_emnist_digits_conv_font-seed3","89a48b1c0a00478baba954e457c471ec","val/accuracy","210","1775507809548","0.30404165387153625"
"ssl_emnist_digits_conv_font-seed3","89a48b1c0a00478baba954e457c471ec","val/accuracy","421","1775507835631","0.2720833420753479"
"ssl_emnist_digits_conv_font-seed3","89a48b1c0a00478baba954e457c471ec","val/accuracy","632","1775507860520","0.28320834040641785"
"ssl_emnist_digits_conv_font-seed3","89a48b1c0a00478baba954e457c471ec","val/accuracy","843","1775507909501","0.16345833241939545"
"ssl_emnist_digits_conv_font-seed3","89a48b1c0a00478baba954e457c471ec","val/accuracy","1054","1775507963560","0.2042916715145111"
"ssl_emnist_digits_conv_font-seed3","89a48b1c0a00478baba954e457c471ec","val/accuracy","1265","1775508030001","0.21412500739097595"
"ssl_emnist_digits_conv_font-seed3","89a48b1c0a00478baba954e457c471ec","val/accuracy","1476","1775508296125","0.20941667258739471"
"ssl_emnist_digits_conv_font-seed3","89a48b1c0a00478baba954e457c471ec","val/accuracy","1687","1775508354792","0.20791666209697723"
"ssl_emnist_digits_conv_font-seed3","89a48b1c0a00478baba954e457c471ec","val/accuracy","1898","1775508414493","0.21658332645893097"
"ssl_emnist_digits_conv_font-seed3","89a48b1c0a00478baba954e457c471ec","val/accuracy","2109","1775508476128","0.2305416613817215"
"ssl_emnist_digits_conv_font-seed3","89a48b1c0a00478baba954e457c471ec","val/accuracy","2320","1775508539624","0.24145832657814026"
"ssl_emnist_digits_conv_font-seed3","89a48b1c0a00478baba954e457c471ec","val/accuracy","2531","1775508601576","0.24691666662693024"
"ssl_emnist_digits_conv_font-seed3","89a48b1c0a00478baba954e457c471ec","val/accuracy","2742","1775508664625","0.25062501430511475"
"ssl_emnist_digits_conv_font-seed3","89a48b1c0a00478baba954e457c471ec","val/accuracy","2953","1775508728700","0.2542499899864197"
"ssl_emnist_digits_conv_font-seed3","89a48b1c0a00478baba954e457c471ec","val/accuracy","3164","1775508793024","0.25737500190734863"
"ssl_emnist_digits_conv_font-seed3","89a48b1c0a00478baba954e457c471ec","val/accuracy","3375","1775508857281","0.257750004529953"
"ssl_emnist_digits_conv_font-seed3","89a48b1c0a00478baba954e457c471ec","val/accuracy","3586","1775508922317","0.2614166736602783"
"ssl_emnist_digits_conv_font-seed3","89a48b1c0a00478baba954e457c471ec","val/accuracy","3797","1775508987628","0.265500009059906"
"ssl_emnist_digits_conv_font-seed3","89a48b1c0a00478baba954e457c471ec","val/accuracy","4008","1775509051157","0.26787498593330383"
"ssl_emnist_digits_conv_font-seed3","89a48b1c0a00478baba954e457c471ec","val/accuracy","4219","1775509114233","0.26641666889190674"
"ssl_emnist_digits_conv_font-seed3","89a48b1c0a00478baba954e457c471ec","val/accuracy","4430","1775509178005","0.27024999260902405"
"ssl_emnist_digits_conv_font-seed3","89a48b1c0a00478baba954e457c471ec","val/accuracy","4641","1775509242841","0.2685000002384186"
"ssl_emnist_digits_conv_font-seed3","89a48b1c0a00478baba954e457c471ec","val/accuracy","4852","1775509309033","0.2708333432674408"
"ssl_emnist_digits_conv_font-seed3","89a48b1c0a00478baba954e457c471ec","val/accuracy","5063","1775509378209","0.27008333802223206"
"ssl_emnist_digits_conv_font-seed3","89a48b1c0a00478baba954e457c471ec","val/accuracy","5274","1775509442809","0.27433332800865173"
"ssl_emnist_digits_conv_font-seed3","89a48b1c0a00478baba954e457c471ec","val/accuracy","5485","1775509506308","0.27383333444595337"
"ssl_emnist_digits_conv_font-seed3","89a48b1c0a00478baba954e457c471ec","val/accuracy","5696","1775509569637","0.27166667580604553"
"ssl_emnist_digits_conv_font-seed3","89a48b1c0a00478baba954e457c471ec","val/accuracy","5907","1775509634145","0.27541667222976685"
"ssl_emnist_digits_conv_font-seed3","89a48b1c0a00478baba954e457c471ec","val/accuracy","6118","1775509698032","0.27412500977516174"
"ssl_emnist_digits_conv_font-seed3","89a48b1c0a00478baba954e457c471ec","val/accuracy","6329","1775509762012","0.2759583294391632"
"ssl_emnist_digits_conv_font-seed3","89a48b1c0a00478baba954e457c471ec","val/accuracy","6540","1775509827017","0.2758750021457672"
"ssl_emnist_digits_conv_font-seed3","89a48b1c0a00478baba954e457c471ec","val/accuracy","6751","1775509892605","0.27420833706855774"
"ssl_emnist_digits_conv_font-seed3","89a48b1c0a00478baba954e457c471ec","val/accuracy","6962","1775509959568","0.27425000071525574"
"ssl_emnist_digits_conv_font-seed3","89a48b1c0a00478baba954e457c471ec","val/accuracy","7173","1775510024496","0.27274999022483826"
"ssl_emnist_digits_conv_font-seed3","89a48b1c0a00478baba954e457c471ec","val/accuracy","7384","1775510089889","0.2722499966621399"
"ssl_emnist_digits_conv_font-seed3","89a48b1c0a00478baba954e457c471ec","val/accuracy","7595","1775510155480","0.27558332681655884"
"ssl_emnist_digits_conv_font-seed3","89a48b1c0a00478baba954e457c471ec","val/accuracy","7806","1775510219381","0.27404165267944336"
"ssl_emnist_digits_conv_font-seed3","89a48b1c0a00478baba954e457c471ec","val/accuracy","8017","1775510282236","0.27816668152809143"
"ssl_emnist_digits_conv_font-seed3","89a48b1c0a00478baba954e457c471ec","val/accuracy","8228","1775510346068","0.2736666798591614"
"ssl_emnist_digits_conv_font-seed3","89a48b1c0a00478baba954e457c471ec","val/accuracy","8439","1775510409725","0.27516666054725647"
"ssl_emnist_digits_conv_font-seed3","89a48b1c0a00478baba954e457c471ec","val/accuracy","8650","1775510473597","0.27658334374427795"
"ssl_emnist_digits_conv_font-seed3","89a48b1c0a00478baba954e457c471ec","val/accuracy","8861","1775510541048","0.2723749876022339"
"ssl_emnist_digits_conv_font-seed3","89a48b1c0a00478baba954e457c471ec","val/accuracy","9072","1775510606137","0.27283334732055664"
"ssl_emnist_digits_conv_font-seed3","89a48b1c0a00478baba954e457c471ec","val/accuracy","9283","1775510673784","0.2758333384990692"
"ssl_emnist_digits_conv_font-seed3","89a48b1c0a00478baba954e457c471ec","val/accuracy","9494","1775510739217","0.2759999930858612"
"ssl_emnist_digits_conv_font-seed3","89a48b1c0a00478baba954e457c471ec","val/accuracy","9705","1775510802908","0.2762500047683716"
"ssl_emnist_digits_conv_font-seed3","89a48b1c0a00478baba954e457c471ec","val/accuracy","9916","1775510869280","0.2774583399295807"
"ssl_emnist_digits_conv_font-seed3","89a48b1c0a00478baba954e457c471ec","val/accuracy","10127","1775510934948","0.2770416736602783"
"ssl_emnist_digits_conv_font-seed3","89a48b1c0a00478baba954e457c471ec","val/accuracy","10338","1775510999484","0.2737083435058594"
"ssl_emnist_digits_conv_font-seed3","89a48b1c0a00478baba954e457c471ec","val/accuracy","10549","1775511066777","0.273541659116745"
"ssl_emnist_digits_conv_font-seed3","89a48b1c0a00478baba954e457c471ec","val/accuracy","10760","1775511135789","0.2731249928474426"
"ssl_emnist_digits_conv_font-seed3","89a48b1c0a00478baba954e457c471ec","val/accuracy","10971","1775511201748","0.27516666054725647"
"ssl_emnist_digits_conv_font-seed3","89a48b1c0a00478baba954e457c471ec","val/accuracy","11182","1775511265152","0.2710833251476288"
"ssl_emnist_digits_conv_font-seed3","89a48b1c0a00478baba954e457c471ec","val/accuracy","11393","1775511329361","0.27287501096725464"
"ssl_emnist_digits_conv_font-seed3","89a48b1c0a00478baba954e457c471ec","val/accuracy","11604","1775511396648","0.2721250057220459"
"ssl_emnist_digits_conv_font-seed3","89a48b1c0a00478baba954e457c471ec","val/accuracy","11815","1775511462124","0.27258333563804626"
"ssl_emnist_digits_conv_font-seed3","89a48b1c0a00478baba954e457c471ec","val/accuracy","12026","1775511527944","0.2723333239555359"
"ssl_emnist_digits_conv_font-seed3","89a48b1c0a00478baba954e457c471ec","val/accuracy","12237","1775511592808","0.27437499165534973"
"ssl_emnist_digits_conv_font-seed3","89a48b1c0a00478baba954e457c471ec","val/accuracy","12448","1775511658268","0.273624986410141"
"ssl_emnist_digits_conv_font-seed3","89a48b1c0a00478baba954e457c471ec","val/accuracy","12659","1775511724024","0.27391666173934937"
"ssl_emnist_digits_conv_font-seed3","89a48b1c0a00478baba954e457c471ec","val/accuracy","12870","1775511790448","0.27149999141693115"
"ssl_emnist_digits_conv_font-seed3","89a48b1c0a00478baba954e457c471ec","val/accuracy","13081","1775511855080","0.2709583342075348"
"ssl_emnist_digits_conv_font-seed3","89a48b1c0a00478baba954e457c471ec","val/accuracy","13292","1775511919185","0.2720833420753479"
"ssl_emnist_digits_conv_font-seed3","89a48b1c0a00478baba954e457c471ec","val/accuracy","13503","1775511984673","0.2721666693687439"
"ssl_emnist_digits_conv_font-seed3","89a48b1c0a00478baba954e457c471ec","val/accuracy","13714","1775512050468","0.27437499165534973"
"ssl_emnist_digits_conv_font-seed3","89a48b1c0a00478baba954e457c471ec","val/accuracy","13925","1775512116036","0.273416668176651"
"ssl_emnist_digits_conv_font-seed3","89a48b1c0a00478baba954e457c471ec","val/accuracy","14136","1775512179232","0.27283334732055664"
"ssl_emnist_digits_conv_font-seed3","89a48b1c0a00478baba954e457c471ec","val/accuracy","14347","1775512243558","0.27387499809265137"
"ssl_emnist_digits_conv_font-seed3","89a48b1c0a00478baba954e457c471ec","val/accuracy","14558","1775512309924","0.2747916579246521"
"ssl_emnist_digits_conv_font-seed3","89a48b1c0a00478baba954e457c471ec","val/accuracy","14769","1775512374933","0.2731666564941406"
"ssl_emnist_digits_conv_font-seed3","89a48b1c0a00478baba954e457c471ec","val/accuracy","14980","1775512440181","0.2732083201408386"
"ssl_emnist_digits_conv_font-seed3","89a48b1c0a00478baba954e457c471ec","val/accuracy","15191","1775512505589","0.27295833826065063"
"ssl_emnist_digits_conv_font-seed3","89a48b1c0a00478baba954e457c471ec","val/accuracy","15402","1775512569180","0.27516666054725647"
"ssl_emnist_digits_conv_font-seed3","89a48b1c0a00478baba954e457c471ec","val/accuracy","15613","1775512635956","0.2758333384990692"
"ssl_emnist_digits_conv_font-seed3","89a48b1c0a00478baba954e457c471ec","val/accuracy","15824","1775512701264","0.27512499690055847"
"ssl_emnist_digits_conv_font-seed3","89a48b1c0a00478baba954e457c471ec","val/accuracy","16035","1775512765745","0.2761250138282776"
"ssl_emnist_digits_conv_font-seed3","89a48b1c0a00478baba954e457c471ec","val/accuracy","16246","1775512829604","0.27437499165534973"
"ssl_emnist_digits_conv_font-seed3","89a48b1c0a00478baba954e457c471ec","val/accuracy","16457","1775512896854","0.2760833203792572"
"ssl_emnist_digits_conv_font-seed3","89a48b1c0a00478baba954e457c471ec","val/accuracy","16668","1775512963945","0.27300000190734863"
"ssl_emnist_digits_conv_font-seed3","89a48b1c0a00478baba954e457c471ec","val/accuracy","16879","1775513031268","0.2737083435058594"
"ssl_emnist_digits_conv_font-seed3","89a48b1c0a00478baba954e457c471ec","val/accuracy","17090","1775513097709","0.27262499928474426"
"ssl_emnist_digits_conv_font-seed3","89a48b1c0a00478baba954e457c471ec","val/accuracy","17301","1775513163696","0.273458331823349"
"ssl_emnist_digits_conv_font-seed3","89a48b1c0a00478baba954e457c471ec","val/accuracy","17512","1775513231273","0.27520832419395447"
"ssl_emnist_digits_conv_font-seed3","89a48b1c0a00478baba954e457c471ec","val/accuracy","17723","1775513299392","0.2749166786670685"
"ssl_emnist_digits_conv_font-seed3","89a48b1c0a00478baba954e457c471ec","val/accuracy","17934","1775513365297","0.27533334493637085"
"ssl_emnist_digits_conv_font-seed3","89a48b1c0a00478baba954e457c471ec","val/accuracy","18145","1775513431112","0.2759999930858612"
"ssl_emnist_digits_conv_font-seed3","89a48b1c0a00478baba954e457c471ec","val/accuracy","18356","1775513499970","0.27524998784065247"
"ssl_emnist_digits_conv_font-seed3","89a48b1c0a00478baba954e457c471ec","val/accuracy","18567","1775513566133","0.2775833308696747"
"ssl_emnist_digits_conv_font-seed3","89a48b1c0a00478baba954e457c471ec","val/accuracy","18778","1775513629873","0.2759166657924652"
"ssl_emnist_digits_conv_font-seed3","89a48b1c0a00478baba954e457c471ec","val/accuracy","18989","1775513694188","0.2782916724681854"
"ssl_emnist_digits_conv_font-seed3","89a48b1c0a00478baba954e457c471ec","val/accuracy","19200","1775513759121","0.2770000100135803"
"ssl_emnist_digits_conv_font-seed3","89a48b1c0a00478baba954e457c471ec","val/accuracy","19411","1775513823640","0.27541667222976685"
"ssl_emnist_digits_conv_font-seed3","89a48b1c0a00478baba954e457c471ec","val/accuracy","19622","1775513888720","0.27658334374427795"
"ssl_emnist_digits_conv_font-seed3","89a48b1c0a00478baba954e457c471ec","val/accuracy","19833","1775513954104","0.2763333320617676"
"ssl_emnist_digits_conv_font-seed3","89a48b1c0a00478baba954e457c471ec","val/accuracy","20044","1775514023400","0.2747083306312561"
"ssl_emnist_digits_conv_font-seed3","89a48b1c0a00478baba954e457c471ec","val/accuracy","20255","1775514087804","0.2784999907016754"
"ssl_emnist_digits_conv_font-seed3","89a48b1c0a00478baba954e457c471ec","val/accuracy","20466","1775514152418","0.2776249945163727"
"ssl_emnist_digits_conv_font-seed3","89a48b1c0a00478baba954e457c471ec","val/accuracy","20677","1775514216224","0.2772083282470703"
"ssl_emnist_digits_conv_font-seed3","89a48b1c0a00478baba954e457c471ec","val/accuracy","20888","1775514281225","0.27937498688697815"
"ssl_emnist_digits_conv_font-seed3","89a48b1c0a00478baba954e457c471ec","val/accuracy","21099","1775514348380","0.2762500047683716"
"ssl_emnist_digits_conv_font-seed2","1a100ebe2d1641f2ba3a56f9357d0b37","val/accuracy","210","1775507758756","0.3085416555404663"
"ssl_emnist_digits_conv_font-seed2","1a100ebe2d1641f2ba3a56f9357d0b37","val/accuracy","421","1775507782976","0.2860416769981384"
"ssl_emnist_digits_conv_font-seed2","1a100ebe2d1641f2ba3a56f9357d0b37","val/accuracy","632","1775507807104","0.2879999876022339"
"ssl_emnist_digits_conv_font-seed2","1a100ebe2d1641f2ba3a56f9357d0b37","val/accuracy","843","1775507855504","0.19054166972637177"
"ssl_emnist_digits_conv_font-seed2","1a100ebe2d1641f2ba3a56f9357d0b37","val/accuracy","1054","1775507906660","0.18920832872390747"
"ssl_emnist_digits_conv_font-seed2","1a100ebe2d1641f2ba3a56f9357d0b37","val/accuracy","1265","1775507964313","0.19033333659172058"
"ssl_emnist_digits_conv_font-seed2","1a100ebe2d1641f2ba3a56f9357d0b37","val/accuracy","1476","1775508093404","0.19550000131130219"
"ssl_emnist_digits_conv_font-seed2","1a100ebe2d1641f2ba3a56f9357d0b37","val/accuracy","1687","1775508303812","0.20220834016799927"
"ssl_emnist_digits_conv_font-seed2","1a100ebe2d1641f2ba3a56f9357d0b37","val/accuracy","1898","1775508370596","0.20683333277702332"
"ssl_emnist_digits_conv_font-seed2","1a100ebe2d1641f2ba3a56f9357d0b37","val/accuracy","2109","1775508437872","0.21166667342185974"
"ssl_emnist_digits_conv_font-seed2","1a100ebe2d1641f2ba3a56f9357d0b37","val/accuracy","2320","1775508502949","0.2122083306312561"
"ssl_emnist_digits_conv_font-seed2","1a100ebe2d1641f2ba3a56f9357d0b37","val/accuracy","2531","1775508569904","0.21445833146572113"
"ssl_emnist_digits_conv_font-seed2","1a100ebe2d1641f2ba3a56f9357d0b37","val/accuracy","2742","1775508636925","0.21787500381469727"
"ssl_emnist_digits_conv_font-seed2","1a100ebe2d1641f2ba3a56f9357d0b37","val/accuracy","2953","1775508702561","0.22091667354106903"
"ssl_emnist_digits_conv_font-seed2","1a100ebe2d1641f2ba3a56f9357d0b37","val/accuracy","3164","1775508772904","0.22629167139530182"
"ssl_emnist_digits_conv_font-seed2","1a100ebe2d1641f2ba3a56f9357d0b37","val/accuracy","3375","1775508839944","0.2279583364725113"
"ssl_emnist_digits_conv_font-seed2","1a100ebe2d1641f2ba3a56f9357d0b37","val/accuracy","3586","1775508909876","0.23066666722297668"
"ssl_emnist_digits_conv_font-seed2","1a100ebe2d1641f2ba3a56f9357d0b37","val/accuracy","3797","1775508976604","0.23362499475479126"
"ssl_emnist_digits_conv_font-seed2","1a100ebe2d1641f2ba3a56f9357d0b37","val/accuracy","4008","1775509044084","0.23537500202655792"
"ssl_emnist_digits_conv_font-seed2","1a100ebe2d1641f2ba3a56f9357d0b37","val/accuracy","4219","1775509111816","0.23787499964237213"
"ssl_emnist_digits_conv_font-seed2","1a100ebe2d1641f2ba3a56f9357d0b37","val/accuracy","4430","1775509181156","0.23999999463558197"
"ssl_emnist_digits_conv_font-seed2","1a100ebe2d1641f2ba3a56f9357d0b37","val/accuracy","4641","1775509247021","0.23904167115688324"
"ssl_emnist_digits_conv_font-seed2","1a100ebe2d1641f2ba3a56f9357d0b37","val/accuracy","4852","1775509315616","0.24037499725818634"
"ssl_emnist_digits_conv_font-seed2","1a100ebe2d1641f2ba3a56f9357d0b37","val/accuracy","5063","1775509385433","0.24016666412353516"
"ssl_emnist_digits_conv_font-seed2","1a100ebe2d1641f2ba3a56f9357d0b37","val/accuracy","5274","1775509455016","0.24066667258739471"
"ssl_emnist_digits_conv_font-seed2","1a100ebe2d1641f2ba3a56f9357d0b37","val/accuracy","5485","1775509520796","0.24308332800865173"
"ssl_emnist_digits_conv_font-seed2","1a100ebe2d1641f2ba3a56f9357d0b37","val/accuracy","5696","1775509588884","0.24504166841506958"
"ssl_emnist_digits_conv_font-seed2","1a100ebe2d1641f2ba3a56f9357d0b37","val/accuracy","5907","1775509657052","0.24412499368190765"
"ssl_emnist_digits_conv_font-seed2","1a100ebe2d1641f2ba3a56f9357d0b37","val/accuracy","6118","1775509725272","0.24558334052562714"
"ssl_emnist_digits_conv_font-seed2","1a100ebe2d1641f2ba3a56f9357d0b37","val/accuracy","6329","1775509794797","0.24541667103767395"
"ssl_emnist_digits_conv_font-seed2","1a100ebe2d1641f2ba3a56f9357d0b37","val/accuracy","6540","1775509864800","0.24570833146572113"
"ssl_emnist_digits_conv_font-seed2","1a100ebe2d1641f2ba3a56f9357d0b37","val/accuracy","6751","1775509933180","0.2486249953508377"
"ssl_emnist_digits_conv_font-seed2","1a100ebe2d1641f2ba3a56f9357d0b37","val/accuracy","6962","1775510002024","0.24799999594688416"
"ssl_emnist_digits_conv_font-seed2","1a100ebe2d1641f2ba3a56f9357d0b37","val/accuracy","7173","1775510072940","0.25058332085609436"
"ssl_emnist_digits_conv_font-seed2","1a100ebe2d1641f2ba3a56f9357d0b37","val/accuracy","7384","1775510141100","0.24920833110809326"
"ssl_emnist_digits_conv_font-seed2","1a100ebe2d1641f2ba3a56f9357d0b37","val/accuracy","7595","1775510208664","0.25091665983200073"
"ssl_emnist_digits_conv_font-seed2","1a100ebe2d1641f2ba3a56f9357d0b37","val/accuracy","7806","1775510276181","0.2513333261013031"
"ssl_emnist_digits_conv_font-seed2","1a100ebe2d1641f2ba3a56f9357d0b37","val/accuracy","8017","1775510344557","0.25320833921432495"
"ssl_emnist_digits_conv_font-seed2","1a100ebe2d1641f2ba3a56f9357d0b37","val/accuracy","8228","1775510411877","0.25341665744781494"
"ssl_emnist_digits_conv_font-seed2","1a100ebe2d1641f2ba3a56f9357d0b37","val/accuracy","8439","1775510482300","0.2536250054836273"
"ssl_emnist_digits_conv_font-seed2","1a100ebe2d1641f2ba3a56f9357d0b37","val/accuracy","8650","1775510551088","0.2512083351612091"
"ssl_emnist_digits_conv_font-seed2","1a100ebe2d1641f2ba3a56f9357d0b37","val/accuracy","8861","1775510622236","0.2551249861717224"
"ssl_emnist_digits_conv_font-seed2","1a100ebe2d1641f2ba3a56f9357d0b37","val/accuracy","9072","1775510690264","0.25441667437553406"
"ssl_emnist_digits_conv_font-seed2","1a100ebe2d1641f2ba3a56f9357d0b37","val/accuracy","9283","1775510758013","0.25612500309944153"
"ssl_emnist_digits_conv_font-seed2","1a100ebe2d1641f2ba3a56f9357d0b37","val/accuracy","9494","1775510829701","0.25745832920074463"
"ssl_emnist_digits_conv_font-seed2","1a100ebe2d1641f2ba3a56f9357d0b37","val/accuracy","9705","1775510898572","0.25820833444595337"
"ssl_emnist_digits_conv_font-seed2","1a100ebe2d1641f2ba3a56f9357d0b37","val/accuracy","9916","1775510965924","0.25745832920074463"
"ssl_emnist_digits_conv_font-seed2","1a100ebe2d1641f2ba3a56f9357d0b37","val/accuracy","10127","1775511032801","0.25991666316986084"
"ssl_emnist_digits_conv_font-seed2","1a100ebe2d1641f2ba3a56f9357d0b37","val/accuracy","10338","1775511101248","0.26004165410995483"
"ssl_emnist_digits_conv_font-seed2","1a100ebe2d1641f2ba3a56f9357d0b37","val/accuracy","10549","1775511170069","0.25999999046325684"
"ssl_emnist_digits_conv_font-seed2","1a100ebe2d1641f2ba3a56f9357d0b37","val/accuracy","10760","1775511239385","0.2601666748523712"
"ssl_emnist_digits_conv_font-seed2","1a100ebe2d1641f2ba3a56f9357d0b37","val/accuracy","10971","1775511307305","0.2617083191871643"
"ssl_emnist_digits_conv_font-seed2","1a100ebe2d1641f2ba3a56f9357d0b37","val/accuracy","11182","1775511374257","0.2607499957084656"
"ssl_emnist_digits_conv_font-seed2","1a100ebe2d1641f2ba3a56f9357d0b37","val/accuracy","11393","1775511442584","0.2629583477973938"
"ssl_emnist_digits_conv_font-seed2","1a100ebe2d1641f2ba3a56f9357d0b37","val/accuracy","11604","1775511510712","0.26379168033599854"
"ssl_emnist_digits_conv_font-seed2","1a100ebe2d1641f2ba3a56f9357d0b37","val/accuracy","11815","1775511579752","0.2628333270549774"
"ssl_emnist_digits_conv_font-seed2","1a100ebe2d1641f2ba3a56f9357d0b37","val/accuracy","12026","1775511649497","0.26254168152809143"
"ssl_emnist_digits_conv_font-seed2","1a100ebe2d1641f2ba3a56f9357d0b37","val/accuracy","12237","1775511718121","0.2626250088214874"
"ssl_emnist_digits_conv_font-seed2","1a100ebe2d1641f2ba3a56f9357d0b37","val/accuracy","12448","1775511787956","0.2640416622161865"
"ssl_emnist_digits_conv_font-seed2","1a100ebe2d1641f2ba3a56f9357d0b37","val/accuracy","12659","1775511858396","0.2644999921321869"
"ssl_emnist_digits_conv_font-seed2","1a100ebe2d1641f2ba3a56f9357d0b37","val/accuracy","12870","1775511924848","0.2667500078678131"
"ssl_emnist_digits_conv_font-seed2","1a100ebe2d1641f2ba3a56f9357d0b37","val/accuracy","13081","1775511995248","0.265583336353302"
"ssl_emnist_digits_conv_font-seed2","1a100ebe2d1641f2ba3a56f9357d0b37","val/accuracy","13292","1775512065288","0.26524999737739563"
"ssl_emnist_digits_conv_font-seed2","1a100ebe2d1641f2ba3a56f9357d0b37","val/accuracy","13503","1775512133164","0.26629167795181274"
"ssl_emnist_digits_conv_font-seed2","1a100ebe2d1641f2ba3a56f9357d0b37","val/accuracy","13714","1775512201964","0.265749990940094"
"ssl_emnist_digits_conv_font-seed2","1a100ebe2d1641f2ba3a56f9357d0b37","val/accuracy","13925","1775512269776","0.26508334279060364"
"ssl_emnist_digits_conv_font-seed2","1a100ebe2d1641f2ba3a56f9357d0b37","val/accuracy","14136","1775512339000","0.2654166519641876"
"ssl_emnist_digits_conv_font-seed2","1a100ebe2d1641f2ba3a56f9357d0b37","val/accuracy","14347","1775512410764","0.26741665601730347"
"ssl_emnist_digits_conv_font-seed2","1a100ebe2d1641f2ba3a56f9357d0b37","val/accuracy","14558","1775512479857","0.2684166729450226"
"ssl_emnist_digits_conv_font-seed2","1a100ebe2d1641f2ba3a56f9357d0b37","val/accuracy","14769","1775512548557","0.26750001311302185"
"ssl_emnist_digits_conv_font-seed2","1a100ebe2d1641f2ba3a56f9357d0b37","val/accuracy","14980","1775512616004","0.2682916522026062"
"ssl_emnist_digits_conv_font-seed2","1a100ebe2d1641f2ba3a56f9357d0b37","val/accuracy","15191","1775512687129","0.26875001192092896"
"ssl_emnist_digits_conv_font-seed2","1a100ebe2d1641f2ba3a56f9357d0b37","val/accuracy","15402","1775512756492","0.2698333263397217"
"ssl_emnist_digits_conv_font-seed2","1a100ebe2d1641f2ba3a56f9357d0b37","val/accuracy","15613","1775512825152","0.2691666781902313"
"ssl_emnist_digits_conv_font-seed2","1a100ebe2d1641f2ba3a56f9357d0b37","val/accuracy","15824","1775512893985","0.2711249887943268"
"ssl_emnist_digits_conv_font-seed2","1a100ebe2d1641f2ba3a56f9357d0b37","val/accuracy","16035","1775512961528","0.27270832657814026"
"ssl_emnist_digits_conv_font-seed2","1a100ebe2d1641f2ba3a56f9357d0b37","val/accuracy","16246","1775513029702","0.27266666293144226"
"ssl_emnist_digits_conv_font-seed2","1a100ebe2d1641f2ba3a56f9357d0b37","val/accuracy","16457","1775513097597","0.2691666781902313"
"ssl_emnist_digits_conv_font-seed2","1a100ebe2d1641f2ba3a56f9357d0b37","val/accuracy","16668","1775513167472","0.2709999978542328"
"ssl_emnist_digits_conv_font-seed2","1a100ebe2d1641f2ba3a56f9357d0b37","val/accuracy","16879","1775513236960","0.27149999141693115"
"ssl_emnist_digits_conv_font-seed2","1a100ebe2d1641f2ba3a56f9357d0b37","val/accuracy","17090","1775513306965","0.2704166769981384"
"ssl_emnist_digits_conv_font-seed2","1a100ebe2d1641f2ba3a56f9357d0b37","val/accuracy","17301","1775513375573","0.27245834469795227"
"ssl_emnist_digits_conv_font-seed2","1a100ebe2d1641f2ba3a56f9357d0b37","val/accuracy","17512","1775513444712","0.27295833826065063"
"ssl_emnist_digits_conv_font-seed2","1a100ebe2d1641f2ba3a56f9357d0b37","val/accuracy","17723","1775513514333","0.2711249887943268"
"ssl_emnist_digits_conv_font-seed2","1a100ebe2d1641f2ba3a56f9357d0b37","val/accuracy","17934","1775513586020","0.273624986410141"
"ssl_emnist_digits_conv_font-seed2","1a100ebe2d1641f2ba3a56f9357d0b37","val/accuracy","18145","1775513656644","0.2749166786670685"
"ssl_emnist_digits_conv_font-seed2","1a100ebe2d1641f2ba3a56f9357d0b37","val/accuracy","18356","1775513724153","0.2737083435058594"
"ssl_emnist_digits_conv_font-seed2","1a100ebe2d1641f2ba3a56f9357d0b37","val/accuracy","18567","1775513792052","0.2745000123977661"
"ssl_emnist_digits_conv_font-seed2","1a100ebe2d1641f2ba3a56f9357d0b37","val/accuracy","18778","1775513861472","0.2749583423137665"
"ssl_emnist_digits_conv_font-seed2","1a100ebe2d1641f2ba3a56f9357d0b37","val/accuracy","18989","1775513930153","0.27554166316986084"
"ssl_emnist_digits_conv_font-seed2","1a100ebe2d1641f2ba3a56f9357d0b37","val/accuracy","19200","1775514000026","0.2759166657924652"
"ssl_emnist_digits_conv_font-seed2","1a100ebe2d1641f2ba3a56f9357d0b37","val/accuracy","19411","1775514069248","0.27425000071525574"
"ssl_emnist_digits_conv_font-seed2","1a100ebe2d1641f2ba3a56f9357d0b37","val/accuracy","19622","1775514140604","0.2760833203792572"
"ssl_emnist_digits_conv_font-seed2","1a100ebe2d1641f2ba3a56f9357d0b37","val/accuracy","19833","1775514209884","0.27783334255218506"
"ssl_emnist_digits_conv_font-seed2","1a100ebe2d1641f2ba3a56f9357d0b37","val/accuracy","20044","1775514281616","0.2746666669845581"
"ssl_emnist_digits_conv_font-seed2","1a100ebe2d1641f2ba3a56f9357d0b37","val/accuracy","20255","1775514352113","0.2758333384990692"
"ssl_emnist_digits_conv_font-seed2","1a100ebe2d1641f2ba3a56f9357d0b37","val/accuracy","20466","1775514423768","0.2782500088214874"
"ssl_emnist_digits_conv_font-seed2","1a100ebe2d1641f2ba3a56f9357d0b37","val/accuracy","20677","1775514494036","0.27529168128967285"
"ssl_emnist_digits_conv_font-seed2","1a100ebe2d1641f2ba3a56f9357d0b37","val/accuracy","20888","1775514564156","0.27691665291786194"
"ssl_emnist_digits_conv_font-seed2","1a100ebe2d1641f2ba3a56f9357d0b37","val/accuracy","21099","1775514634109","0.28025001287460327"
"ssl_emnist_digits_conv_font-seed1","4fe8b704ecdd4bb5a7a02222477f259f","val/accuracy","210","1775507730852","0.3009583353996277"
"ssl_emnist_digits_conv_font-seed1","4fe8b704ecdd4bb5a7a02222477f259f","val/accuracy","421","1775507753277","0.2862499952316284"
"ssl_emnist_digits_conv_font-seed1","4fe8b704ecdd4bb5a7a02222477f259f","val/accuracy","632","1775507778748","0.28195834159851074"
"ssl_emnist_digits_conv_font-seed1","4fe8b704ecdd4bb5a7a02222477f259f","val/accuracy","843","1775507825733","0.2056666612625122"
"ssl_emnist_digits_conv_font-seed1","4fe8b704ecdd4bb5a7a02222477f259f","val/accuracy","1054","1775507879972","0.2475833296775818"
"ssl_emnist_digits_conv_font-seed1","4fe8b704ecdd4bb5a7a02222477f259f","val/accuracy","1265","1775507937960","0.2435416728258133"
"ssl_emnist_digits_conv_font-seed1","4fe8b704ecdd4bb5a7a02222477f259f","val/accuracy","1476","1775507996164","0.24300000071525574"
"ssl_emnist_digits_conv_font-seed1","4fe8b704ecdd4bb5a7a02222477f259f","val/accuracy","1687","1775508295112","0.25091665983200073"
"ssl_emnist_digits_conv_font-seed1","4fe8b704ecdd4bb5a7a02222477f259f","val/accuracy","1898","1775508355592","0.28320834040641785"
"ssl_emnist_digits_conv_font-seed1","4fe8b704ecdd4bb5a7a02222477f259f","val/accuracy","2109","1775508419664","0.2887499928474426"
"ssl_emnist_digits_conv_font-seed1","4fe8b704ecdd4bb5a7a02222477f259f","val/accuracy","2320","1775508481184","0.29229167103767395"
"ssl_emnist_digits_conv_font-seed1","4fe8b704ecdd4bb5a7a02222477f259f","val/accuracy","2531","1775508545005","0.29124999046325684"
"ssl_emnist_digits_conv_font-seed1","4fe8b704ecdd4bb5a7a02222477f259f","val/accuracy","2742","1775508607624","0.28983333706855774"
"ssl_emnist_digits_conv_font-seed1","4fe8b704ecdd4bb5a7a02222477f259f","val/accuracy","2953","1775508670936","0.29074999690055847"
"ssl_emnist_digits_conv_font-seed1","4fe8b704ecdd4bb5a7a02222477f259f","val/accuracy","3164","1775508733876","0.2916249930858612"
"ssl_emnist_digits_conv_font-seed1","4fe8b704ecdd4bb5a7a02222477f259f","val/accuracy","3375","1775508798376","0.2893750071525574"
"ssl_emnist_digits_conv_font-seed1","4fe8b704ecdd4bb5a7a02222477f259f","val/accuracy","3586","1775508861268","0.2915416657924652"
"ssl_emnist_digits_conv_font-seed1","4fe8b704ecdd4bb5a7a02222477f259f","val/accuracy","3797","1775508925101","0.28983333706855774"
"ssl_emnist_digits_conv_font-seed1","4fe8b704ecdd4bb5a7a02222477f259f","val/accuracy","4008","1775508988592","0.28866666555404663"
"ssl_emnist_digits_conv_font-seed1","4fe8b704ecdd4bb5a7a02222477f259f","val/accuracy","4219","1775509049517","0.2879583239555359"
"ssl_emnist_digits_conv_font-seed1","4fe8b704ecdd4bb5a7a02222477f259f","val/accuracy","4430","1775509112980","0.28725001215934753"
"ssl_emnist_digits_conv_font-seed1","4fe8b704ecdd4bb5a7a02222477f259f","val/accuracy","4641","1775509179228","0.29487499594688416"
"ssl_emnist_digits_conv_font-seed1","4fe8b704ecdd4bb5a7a02222477f259f","val/accuracy","4852","1775509246004","0.29883334040641785"
"ssl_emnist_digits_conv_font-seed1","4fe8b704ecdd4bb5a7a02222477f259f","val/accuracy","5063","1775509312925","0.3004583418369293"
"ssl_emnist_digits_conv_font-seed1","4fe8b704ecdd4bb5a7a02222477f259f","val/accuracy","5274","1775509381056","0.3006249964237213"
"ssl_emnist_digits_conv_font-seed1","4fe8b704ecdd4bb5a7a02222477f259f","val/accuracy","5485","1775509446333","0.30266666412353516"
"ssl_emnist_digits_conv_font-seed1","4fe8b704ecdd4bb5a7a02222477f259f","val/accuracy","5696","1775509509501","0.3033750057220459"
"ssl_emnist_digits_conv_font-seed1","4fe8b704ecdd4bb5a7a02222477f259f","val/accuracy","5907","1775509571927","0.3033750057220459"
"ssl_emnist_digits_conv_font-seed1","4fe8b704ecdd4bb5a7a02222477f259f","val/accuracy","6118","1775509635296","0.304833322763443"
"ssl_emnist_digits_conv_font-seed1","4fe8b704ecdd4bb5a7a02222477f259f","val/accuracy","6329","1775509698976","0.304500013589859"
"ssl_emnist_digits_conv_font-seed1","4fe8b704ecdd4bb5a7a02222477f259f","val/accuracy","6540","1775509762116","0.3044166564941406"
"ssl_emnist_digits_conv_font-seed1","4fe8b704ecdd4bb5a7a02222477f259f","val/accuracy","6751","1775509827285","0.3074166774749756"
"ssl_emnist_digits_conv_font-seed1","4fe8b704ecdd4bb5a7a02222477f259f","val/accuracy","6962","1775509890884","0.30804166197776794"
"ssl_emnist_digits_conv_font-seed1","4fe8b704ecdd4bb5a7a02222477f259f","val/accuracy","7173","1775509954812","0.3074583411216736"
"ssl_emnist_digits_conv_font-seed1","4fe8b704ecdd4bb5a7a02222477f259f","val/accuracy","7384","1775510019860","0.31179165840148926"
"ssl_emnist_digits_conv_font-seed1","4fe8b704ecdd4bb5a7a02222477f259f","val/accuracy","7595","1775510082568","0.31420832872390747"
"ssl_emnist_digits_conv_font-seed1","4fe8b704ecdd4bb5a7a02222477f259f","val/accuracy","7806","1775510146392","0.31683334708213806"
"ssl_emnist_digits_conv_font-seed1","4fe8b704ecdd4bb5a7a02222477f259f","val/accuracy","8017","1775510208836","0.31820833683013916"
"ssl_emnist_digits_conv_font-seed1","4fe8b704ecdd4bb5a7a02222477f259f","val/accuracy","8228","1775510272733","0.3199999928474426"
"ssl_emnist_digits_conv_font-seed1","4fe8b704ecdd4bb5a7a02222477f259f","val/accuracy","8439","1775510335737","0.3216666579246521"
"ssl_emnist_digits_conv_font-seed1","4fe8b704ecdd4bb5a7a02222477f259f","val/accuracy","8650","1775510400329","0.32225000858306885"
"ssl_emnist_digits_conv_font-seed1","4fe8b704ecdd4bb5a7a02222477f259f","val/accuracy","8861","1775510466556","0.31966665387153625"
"ssl_emnist_digits_conv_font-seed1","4fe8b704ecdd4bb5a7a02222477f259f","val/accuracy","9072","1775510529729","0.3174999952316284"
"ssl_emnist_digits_conv_font-seed1","4fe8b704ecdd4bb5a7a02222477f259f","val/accuracy","9283","1775510592729","0.32199999690055847"
"ssl_emnist_digits_conv_font-seed1","4fe8b704ecdd4bb5a7a02222477f259f","val/accuracy","9494","1775510656497","0.3226250112056732"
"ssl_emnist_digits_conv_font-seed1","4fe8b704ecdd4bb5a7a02222477f259f","val/accuracy","9705","1775510721169","0.32212498784065247"
"ssl_emnist_digits_conv_font-seed1","4fe8b704ecdd4bb5a7a02222477f259f","val/accuracy","9916","1775510786916","0.32091665267944336"
"ssl_emnist_digits_conv_font-seed1","4fe8b704ecdd4bb5a7a02222477f259f","val/accuracy","10127","1775510850022","0.320499986410141"
"ssl_emnist_digits_conv_font-seed1","4fe8b704ecdd4bb5a7a02222477f259f","val/accuracy","10338","1775510913397","0.32362499833106995"
"ssl_emnist_digits_conv_font-seed1","4fe8b704ecdd4bb5a7a02222477f259f","val/accuracy","10549","1775510979876","0.32129165530204773"
"ssl_emnist_digits_conv_font-seed1","4fe8b704ecdd4bb5a7a02222477f259f","val/accuracy","10760","1775511042920","0.32079166173934937"
"ssl_emnist_digits_conv_font-seed1","4fe8b704ecdd4bb5a7a02222477f259f","val/accuracy","10971","1775511107332","0.32116666436195374"
"ssl_emnist_digits_conv_font-seed1","4fe8b704ecdd4bb5a7a02222477f259f","val/accuracy","11182","1775511171409","0.31954166293144226"
"ssl_emnist_digits_conv_font-seed1","4fe8b704ecdd4bb5a7a02222477f259f","val/accuracy","11393","1775511238044","0.3232499957084656"
"ssl_emnist_digits_conv_font-seed1","4fe8b704ecdd4bb5a7a02222477f259f","val/accuracy","11604","1775511302104","0.32379165291786194"
"ssl_emnist_digits_conv_font-seed1","4fe8b704ecdd4bb5a7a02222477f259f","val/accuracy","11815","1775511362900","0.3252499997615814"
"ssl_emnist_digits_conv_font-seed1","4fe8b704ecdd4bb5a7a02222477f259f","val/accuracy","12026","1775511426088","0.3229166567325592"
"ssl_emnist_digits_conv_font-seed1","4fe8b704ecdd4bb5a7a02222477f259f","val/accuracy","12237","1775511492368","0.3228749930858612"
"ssl_emnist_digits_conv_font-seed1","4fe8b704ecdd4bb5a7a02222477f259f","val/accuracy","12448","1775511558172","0.3227916657924652"
"ssl_emnist_digits_conv_font-seed1","4fe8b704ecdd4bb5a7a02222477f259f","val/accuracy","12659","1775511624324","0.3227916657924652"
"ssl_emnist_digits_conv_font-seed1","4fe8b704ecdd4bb5a7a02222477f259f","val/accuracy","12870","1775511689296","0.3255833387374878"
"ssl_emnist_digits_conv_font-seed1","4fe8b704ecdd4bb5a7a02222477f259f","val/accuracy","13081","1775511753977","0.32366666197776794"
"ssl_emnist_digits_conv_font-seed1","4fe8b704ecdd4bb5a7a02222477f259f","val/accuracy","13292","1775511819880","0.32491666078567505"
"ssl_emnist_digits_conv_font-seed1","4fe8b704ecdd4bb5a7a02222477f259f","val/accuracy","13503","1775511887948","0.32379165291786194"
"ssl_emnist_digits_conv_font-seed1","4fe8b704ecdd4bb5a7a02222477f259f","val/accuracy","13714","1775511950564","0.3239166736602783"
"ssl_emnist_digits_conv_font-seed1","4fe8b704ecdd4bb5a7a02222477f259f","val/accuracy","13925","1775512013876","0.32229167222976685"
"ssl_emnist_digits_conv_font-seed1","4fe8b704ecdd4bb5a7a02222477f259f","val/accuracy","14136","1775512077985","0.32508334517478943"
"ssl_emnist_digits_conv_font-seed1","4fe8b704ecdd4bb5a7a02222477f259f","val/accuracy","14347","1775512142993","0.3244999945163727"
"ssl_emnist_digits_conv_font-seed1","4fe8b704ecdd4bb5a7a02222477f259f","val/accuracy","14558","1775512206692","0.32249999046325684"
"ssl_emnist_digits_conv_font-seed1","4fe8b704ecdd4bb5a7a02222477f259f","val/accuracy","14769","1775512270005","0.3217916786670685"
"ssl_emnist_digits_conv_font-seed1","4fe8b704ecdd4bb5a7a02222477f259f","val/accuracy","14980","1775512336097","0.32354167103767395"
"ssl_emnist_digits_conv_font-seed1","4fe8b704ecdd4bb5a7a02222477f259f","val/accuracy","15191","1775512400240","0.3255000114440918"
"ssl_emnist_digits_conv_font-seed1","4fe8b704ecdd4bb5a7a02222477f259f","val/accuracy","15402","1775512464009","0.32616665959358215"
"ssl_emnist_digits_conv_font-seed1","4fe8b704ecdd4bb5a7a02222477f259f","val/accuracy","15613","1775512531624","0.32479166984558105"
"ssl_emnist_digits_conv_font-seed1","4fe8b704ecdd4bb5a7a02222477f259f","val/accuracy","15824","1775512595689","0.32487499713897705"
"ssl_emnist_digits_conv_font-seed1","4fe8b704ecdd4bb5a7a02222477f259f","val/accuracy","16035","1775512661753","0.32637500762939453"
"ssl_emnist_digits_conv_font-seed1","4fe8b704ecdd4bb5a7a02222477f259f","val/accuracy","16246","1775512725649","0.3253749907016754"
"ssl_emnist_digits_conv_font-seed1","4fe8b704ecdd4bb5a7a02222477f259f","val/accuracy","16457","1775512791524","0.32624998688697815"
"ssl_emnist_digits_conv_font-seed1","4fe8b704ecdd4bb5a7a02222477f259f","val/accuracy","16668","1775512858072","0.3267083466053009"
"ssl_emnist_digits_conv_font-seed1","4fe8b704ecdd4bb5a7a02222477f259f","val/accuracy","16879","1775512922505","0.3256250023841858"
"ssl_emnist_digits_conv_font-seed1","4fe8b704ecdd4bb5a7a02222477f259f","val/accuracy","17090","1775512987017","0.3254166543483734"
"ssl_emnist_digits_conv_font-seed1","4fe8b704ecdd4bb5a7a02222477f259f","val/accuracy","17301","1775513051464","0.3252499997615814"
"ssl_emnist_digits_conv_font-seed1","4fe8b704ecdd4bb5a7a02222477f259f","val/accuracy","17512","1775513116289","0.32758334279060364"
"ssl_emnist_digits_conv_font-seed1","4fe8b704ecdd4bb5a7a02222477f259f","val/accuracy","17723","1775513181113","0.3269999921321869"
"ssl_emnist_digits_conv_font-seed1","4fe8b704ecdd4bb5a7a02222477f259f","val/accuracy","17934","1775513248100","0.3246249854564667"
"ssl_emnist_digits_conv_font-seed1","4fe8b704ecdd4bb5a7a02222477f259f","val/accuracy","18145","1775513313432","0.32633334398269653"
"ssl_emnist_digits_conv_font-seed1","4fe8b704ecdd4bb5a7a02222477f259f","val/accuracy","18356","1775513377885","0.32729166746139526"
"ssl_emnist_digits_conv_font-seed1","4fe8b704ecdd4bb5a7a02222477f259f","val/accuracy","18567","1775513443885","0.3255833387374878"
"ssl_emnist_digits_conv_font-seed1","4fe8b704ecdd4bb5a7a02222477f259f","val/accuracy","18778","1775513506636","0.3257916569709778"
"ssl_emnist_digits_conv_font-seed1","4fe8b704ecdd4bb5a7a02222477f259f","val/accuracy","18989","1775513568232","0.3278333246707916"
"ssl_emnist_digits_conv_font-seed1","4fe8b704ecdd4bb5a7a02222477f259f","val/accuracy","19200","1775513632929","0.3270833194255829"
"ssl_emnist_digits_conv_font-seed1","4fe8b704ecdd4bb5a7a02222477f259f","val/accuracy","19411","1775513697388","0.32762500643730164"
"ssl_emnist_digits_conv_font-seed1","4fe8b704ecdd4bb5a7a02222477f259f","val/accuracy","19622","1775513762449","0.327958345413208"
"ssl_emnist_digits_conv_font-seed1","4fe8b704ecdd4bb5a7a02222477f259f","val/accuracy","19833","1775513827049","0.3267916738986969"
"ssl_emnist_digits_conv_font-seed1","4fe8b704ecdd4bb5a7a02222477f259f","val/accuracy","20044","1775513893892","0.32862499356269836"
"ssl_emnist_digits_conv_font-seed1","4fe8b704ecdd4bb5a7a02222477f259f","val/accuracy","20255","1775513958601","0.32754167914390564"
"ssl_emnist_digits_conv_font-seed1","4fe8b704ecdd4bb5a7a02222477f259f","val/accuracy","20466","1775514026145","0.3278749883174896"
"ssl_emnist_digits_conv_font-seed1","4fe8b704ecdd4bb5a7a02222477f259f","val/accuracy","20677","1775514091562","0.32854166626930237"
"ssl_emnist_digits_conv_font-seed1","4fe8b704ecdd4bb5a7a02222477f259f","val/accuracy","20888","1775514154588","0.32770833373069763"
"ssl_emnist_digits_conv_font-seed1","4fe8b704ecdd4bb5a7a02222477f259f","val/accuracy","21099","1775514218216","0.3292916715145111"
"ssl_emnist_digits_conv_centroid-seed5","2f08360945fe43feb8cc7f892af3e974","val/accuracy","210","1775507667760","0.7176250219345093"
"ssl_emnist_digits_conv_centroid-seed5","2f08360945fe43feb8cc7f892af3e974","val/accuracy","421","1775507690628","0.6789583563804626"
"ssl_emnist_digits_conv_centroid-seed5","2f08360945fe43feb8cc7f892af3e974","val/accuracy","632","1775507713952","0.6898750066757202"
"ssl_emnist_digits_conv_centroid-seed5","2f08360945fe43feb8cc7f892af3e974","val/accuracy","843","1775507774540","0.7242916822433472"
"ssl_emnist_digits_conv_centroid-seed5","2f08360945fe43feb8cc7f892af3e974","val/accuracy","1054","1775507841249","0.7227083444595337"
"ssl_emnist_digits_conv_centroid-seed5","2f08360945fe43feb8cc7f892af3e974","val/accuracy","1265","1775507905408","0.7224166393280029"
"ssl_emnist_digits_conv_centroid-seed5","2f08360945fe43feb8cc7f892af3e974","val/accuracy","1476","1775507971140","0.7333333492279053"
"ssl_emnist_digits_conv_centroid-seed5","2f08360945fe43feb8cc7f892af3e974","val/accuracy","1687","1775508260452","0.7714583277702332"
"ssl_emnist_digits_conv_centroid-seed5","2f08360945fe43feb8cc7f892af3e974","val/accuracy","1898","1775508340273","0.7989166378974915"
"ssl_emnist_digits_conv_centroid-seed5","2f08360945fe43feb8cc7f892af3e974","val/accuracy","2109","1775508405824","0.8112083077430725"
"ssl_emnist_digits_conv_centroid-seed5","2f08360945fe43feb8cc7f892af3e974","val/accuracy","2320","1775508472016","0.8212916851043701"
"ssl_emnist_digits_conv_centroid-seed5","2f08360945fe43feb8cc7f892af3e974","val/accuracy","2531","1775508539180","0.8270833492279053"
"ssl_emnist_digits_conv_centroid-seed5","2f08360945fe43feb8cc7f892af3e974","val/accuracy","2742","1775508605665","0.8295000195503235"
"ssl_emnist_digits_conv_centroid-seed5","2f08360945fe43feb8cc7f892af3e974","val/accuracy","2953","1775508673308","0.8345833420753479"
"ssl_emnist_digits_conv_centroid-seed5","2f08360945fe43feb8cc7f892af3e974","val/accuracy","3164","1775508740620","0.8373333215713501"
"ssl_emnist_digits_conv_centroid-seed5","2f08360945fe43feb8cc7f892af3e974","val/accuracy","3375","1775508807908","0.840583324432373"
"ssl_emnist_digits_conv_centroid-seed5","2f08360945fe43feb8cc7f892af3e974","val/accuracy","3586","1775508877172","0.8412083387374878"
"ssl_emnist_digits_conv_centroid-seed5","2f08360945fe43feb8cc7f892af3e974","val/accuracy","3797","1775508945956","0.8418750166893005"
"ssl_emnist_digits_conv_centroid-seed5","2f08360945fe43feb8cc7f892af3e974","val/accuracy","4008","1775509013189","0.8462083339691162"
"ssl_emnist_digits_conv_centroid-seed5","2f08360945fe43feb8cc7f892af3e974","val/accuracy","4219","1775509081149","0.8464583158493042"
"ssl_emnist_digits_conv_centroid-seed5","2f08360945fe43feb8cc7f892af3e974","val/accuracy","4430","1775509148444","0.8479583263397217"
"ssl_emnist_digits_conv_centroid-seed5","2f08360945fe43feb8cc7f892af3e974","val/accuracy","4641","1775509217428","0.8457916378974915"
"ssl_emnist_digits_conv_centroid-seed5","2f08360945fe43feb8cc7f892af3e974","val/accuracy","4852","1775509285093","0.8478749990463257"
"ssl_emnist_digits_conv_centroid-seed5","2f08360945fe43feb8cc7f892af3e974","val/accuracy","5063","1775509355232","0.8512083292007446"
"ssl_emnist_digits_conv_centroid-seed5","2f08360945fe43feb8cc7f892af3e974","val/accuracy","5274","1775509422721","0.8539583086967468"
"ssl_emnist_digits_conv_centroid-seed5","2f08360945fe43feb8cc7f892af3e974","val/accuracy","5485","1775509491813","0.8518333435058594"
"ssl_emnist_digits_conv_centroid-seed5","2f08360945fe43feb8cc7f892af3e974","val/accuracy","5696","1775509560981","0.8512499928474426"
"ssl_emnist_digits_conv_centroid-seed5","2f08360945fe43feb8cc7f892af3e974","val/accuracy","5907","1775509630684","0.8567500114440918"
"ssl_emnist_digits_conv_centroid-seed5","2f08360945fe43feb8cc7f892af3e974","val/accuracy","6118","1775509697138","0.8571249842643738"
"ssl_emnist_digits_conv_centroid-seed5","2f08360945fe43feb8cc7f892af3e974","val/accuracy","6329","1775509764794","0.8572083115577698"
"ssl_emnist_digits_conv_centroid-seed5","2f08360945fe43feb8cc7f892af3e974","val/accuracy","6540","1775509831904","0.8573750257492065"
"ssl_emnist_digits_conv_centroid-seed5","2f08360945fe43feb8cc7f892af3e974","val/accuracy","6751","1775509902784","0.8577916622161865"
"ssl_emnist_digits_conv_centroid-seed5","2f08360945fe43feb8cc7f892af3e974","val/accuracy","6962","1775509968664","0.8589166402816772"
"ssl_emnist_digits_conv_centroid-seed5","2f08360945fe43feb8cc7f892af3e974","val/accuracy","7173","1775510034980","0.8609583377838135"
"ssl_emnist_digits_conv_centroid-seed5","2f08360945fe43feb8cc7f892af3e974","val/accuracy","7384","1775510101092","0.8578749895095825"
"ssl_emnist_digits_conv_centroid-seed5","2f08360945fe43feb8cc7f892af3e974","val/accuracy","7595","1775510167785","0.8608333468437195"
"ssl_emnist_digits_conv_centroid-seed5","2f08360945fe43feb8cc7f892af3e974","val/accuracy","7806","1775510234453","0.8588749766349792"
"ssl_emnist_digits_conv_centroid-seed5","2f08360945fe43feb8cc7f892af3e974","val/accuracy","8017","1775510301732","0.862458348274231"
"ssl_emnist_digits_conv_centroid-seed5","2f08360945fe43feb8cc7f892af3e974","val/accuracy","8228","1775510369536","0.8603749871253967"
"ssl_emnist_digits_conv_centroid-seed5","2f08360945fe43feb8cc7f892af3e974","val/accuracy","8439","1775510441617","0.862375020980835"
"ssl_emnist_digits_conv_centroid-seed5","2f08360945fe43feb8cc7f892af3e974","val/accuracy","8650","1775510509909","0.8642916679382324"
"ssl_emnist_digits_conv_centroid-seed5","2f08360945fe43feb8cc7f892af3e974","val/accuracy","8861","1775510575553","0.8634999990463257"
"ssl_emnist_digits_conv_centroid-seed5","2f08360945fe43feb8cc7f892af3e974","val/accuracy","9072","1775510643204","0.8653333187103271"
"ssl_emnist_digits_conv_centroid-seed5","2f08360945fe43feb8cc7f892af3e974","val/accuracy","9283","1775510710992","0.8654999732971191"
"ssl_emnist_digits_conv_centroid-seed5","2f08360945fe43feb8cc7f892af3e974","val/accuracy","9494","1775510777464","0.8662083148956299"
"ssl_emnist_digits_conv_centroid-seed5","2f08360945fe43feb8cc7f892af3e974","val/accuracy","9705","1775510847313","0.8648333549499512"
"ssl_emnist_digits_conv_centroid-seed5","2f08360945fe43feb8cc7f892af3e974","val/accuracy","9916","1775510915121","0.8650000095367432"
"ssl_emnist_digits_conv_centroid-seed5","2f08360945fe43feb8cc7f892af3e974","val/accuracy","10127","1775510981748","0.8665833473205566"
"ssl_emnist_digits_conv_centroid-seed5","2f08360945fe43feb8cc7f892af3e974","val/accuracy","10338","1775511049328","0.8684166669845581"
"ssl_emnist_digits_conv_centroid-seed5","2f08360945fe43feb8cc7f892af3e974","val/accuracy","10549","1775511118388","0.8663750290870667"
"ssl_emnist_digits_conv_centroid-seed5","2f08360945fe43feb8cc7f892af3e974","val/accuracy","10760","1775511185252","0.8685416579246521"
"ssl_emnist_digits_conv_centroid-seed5","2f08360945fe43feb8cc7f892af3e974","val/accuracy","10971","1775511252760","0.8700000047683716"
"ssl_emnist_digits_conv_centroid-seed5","2f08360945fe43feb8cc7f892af3e974","val/accuracy","11182","1775511320473","0.8710416555404663"
"ssl_emnist_digits_conv_centroid-seed5","2f08360945fe43feb8cc7f892af3e974","val/accuracy","11393","1775511386476","0.8666250109672546"
"ssl_emnist_digits_conv_centroid-seed5","2f08360945fe43feb8cc7f892af3e974","val/accuracy","11604","1775511453384","0.8696666955947876"
"ssl_emnist_digits_conv_centroid-seed5","2f08360945fe43feb8cc7f892af3e974","val/accuracy","11815","1775511520268","0.8709166646003723"
"ssl_emnist_digits_conv_centroid-seed5","2f08360945fe43feb8cc7f892af3e974","val/accuracy","12026","1775511592412","0.8694166541099548"
"ssl_emnist_digits_conv_centroid-seed5","2f08360945fe43feb8cc7f892af3e974","val/accuracy","12237","1775511662105","0.8705416917800903"
"ssl_emnist_digits_conv_centroid-seed5","2f08360945fe43feb8cc7f892af3e974","val/accuracy","12448","1775511728860","0.8693333268165588"
"ssl_emnist_digits_conv_centroid-seed5","2f08360945fe43feb8cc7f892af3e974","val/accuracy","12659","1775511796549","0.8713750243186951"
"ssl_emnist_digits_conv_centroid-seed5","2f08360945fe43feb8cc7f892af3e974","val/accuracy","12870","1775511861920","0.8722083568572998"
"ssl_emnist_digits_conv_centroid-seed5","2f08360945fe43feb8cc7f892af3e974","val/accuracy","13081","1775511928072","0.871666669845581"
"ssl_emnist_digits_conv_centroid-seed5","2f08360945fe43feb8cc7f892af3e974","val/accuracy","13292","1775511994600","0.8672916889190674"
"ssl_emnist_digits_conv_centroid-seed5","2f08360945fe43feb8cc7f892af3e974","val/accuracy","13503","1775512061344","0.8727083206176758"
"ssl_emnist_digits_conv_centroid-seed5","2f08360945fe43feb8cc7f892af3e974","val/accuracy","13714","1775512129677","0.8706250190734863"
"ssl_emnist_digits_conv_centroid-seed5","2f08360945fe43feb8cc7f892af3e974","val/accuracy","13925","1775512197228","0.8743749856948853"
"ssl_emnist_digits_conv_centroid-seed5","2f08360945fe43feb8cc7f892af3e974","val/accuracy","14136","1775512265177","0.872083306312561"
"ssl_emnist_digits_conv_centroid-seed5","2f08360945fe43feb8cc7f892af3e974","val/accuracy","14347","1775512331464","0.8724166750907898"
"ssl_emnist_digits_conv_centroid-seed5","2f08360945fe43feb8cc7f892af3e974","val/accuracy","14558","1775512396757","0.8702083230018616"
"ssl_emnist_digits_conv_centroid-seed5","2f08360945fe43feb8cc7f892af3e974","val/accuracy","14769","1775512464580","0.8716250061988831"
"ssl_emnist_digits_conv_centroid-seed5","2f08360945fe43feb8cc7f892af3e974","val/accuracy","14980","1775512530685","0.8742083311080933"
"ssl_emnist_digits_conv_centroid-seed5","2f08360945fe43feb8cc7f892af3e974","val/accuracy","15191","1775512596556","0.8704583048820496"
"ssl_emnist_digits_conv_centroid-seed5","2f08360945fe43feb8cc7f892af3e974","val/accuracy","15402","1775512662789","0.871833324432373"
"ssl_emnist_digits_conv_centroid-seed5","2f08360945fe43feb8cc7f892af3e974","val/accuracy","15613","1775512730565","0.8725833296775818"
"ssl_emnist_digits_conv_centroid-seed5","2f08360945fe43feb8cc7f892af3e974","val/accuracy","15824","1775512799212","0.871833324432373"
"ssl_emnist_digits_conv_centroid-seed5","2f08360945fe43feb8cc7f892af3e974","val/accuracy","16035","1775512866852","0.8744999766349792"
"ssl_emnist_digits_conv_centroid-seed5","2f08360945fe43feb8cc7f892af3e974","val/accuracy","16246","1775512931044","0.8744166493415833"
"ssl_emnist_digits_conv_centroid-seed5","2f08360945fe43feb8cc7f892af3e974","val/accuracy","16457","1775512996920","0.874625027179718"
"ssl_emnist_digits_conv_centroid-seed5","2f08360945fe43feb8cc7f892af3e974","val/accuracy","16668","1775513063084","0.8722083568572998"
"ssl_emnist_digits_conv_centroid-seed5","2f08360945fe43feb8cc7f892af3e974","val/accuracy","16879","1775513128984","0.8762500286102295"
"ssl_emnist_digits_conv_centroid-seed5","2f08360945fe43feb8cc7f892af3e974","val/accuracy","17090","1775513194884","0.8728333115577698"
"ssl_emnist_digits_conv_centroid-seed5","2f08360945fe43feb8cc7f892af3e974","val/accuracy","17301","1775513260249","0.8768749833106995"
"ssl_emnist_digits_conv_centroid-seed5","2f08360945fe43feb8cc7f892af3e974","val/accuracy","17512","1775513328476","0.875083327293396"
"ssl_emnist_digits_conv_centroid-seed5","2f08360945fe43feb8cc7f892af3e974","val/accuracy","17723","1775513395812","0.87520831823349"
"ssl_emnist_digits_conv_centroid-seed5","2f08360945fe43feb8cc7f892af3e974","val/accuracy","17934","1775513468004","0.8744583129882812"
"ssl_emnist_digits_conv_centroid-seed5","2f08360945fe43feb8cc7f892af3e974","val/accuracy","18145","1775513533840","0.8767083287239075"
"ssl_emnist_digits_conv_centroid-seed5","2f08360945fe43feb8cc7f892af3e974","val/accuracy","18356","1775513599532","0.875124990940094"
"ssl_emnist_digits_conv_centroid-seed5","2f08360945fe43feb8cc7f892af3e974","val/accuracy","18567","1775513664572","0.8742916584014893"
"ssl_emnist_digits_conv_centroid-seed5","2f08360945fe43feb8cc7f892af3e974","val/accuracy","18778","1775513733304","0.878083348274231"
"ssl_emnist_digits_conv_centroid-seed5","2f08360945fe43feb8cc7f892af3e974","val/accuracy","18989","1775513799740","0.8766250014305115"
"ssl_emnist_digits_conv_centroid-seed5","2f08360945fe43feb8cc7f892af3e974","val/accuracy","19200","1775513867440","0.8805000185966492"
"ssl_emnist_digits_conv_centroid-seed5","2f08360945fe43feb8cc7f892af3e974","val/accuracy","19411","1775513934660","0.8767916560173035"
"ssl_emnist_digits_conv_centroid-seed5","2f08360945fe43feb8cc7f892af3e974","val/accuracy","19622","1775514001533","0.8757500052452087"
"ssl_emnist_digits_conv_centroid-seed5","2f08360945fe43feb8cc7f892af3e974","val/accuracy","19833","1775514069028","0.8807083368301392"
"ssl_emnist_digits_conv_centroid-seed5","2f08360945fe43feb8cc7f892af3e974","val/accuracy","20044","1775514135552","0.8801666498184204"
"ssl_emnist_digits_conv_centroid-seed5","2f08360945fe43feb8cc7f892af3e974","val/accuracy","20255","1775514203040","0.8795833587646484"
"ssl_emnist_digits_conv_centroid-seed5","2f08360945fe43feb8cc7f892af3e974","val/accuracy","20466","1775514270108","0.8786249756813049"
"ssl_emnist_digits_conv_centroid-seed5","2f08360945fe43feb8cc7f892af3e974","val/accuracy","20677","1775514338832","0.8792916536331177"
"ssl_emnist_digits_conv_centroid-seed5","2f08360945fe43feb8cc7f892af3e974","val/accuracy","20888","1775514405736","0.8794583082199097"
"ssl_emnist_digits_conv_centroid-seed5","2f08360945fe43feb8cc7f892af3e974","val/accuracy","21099","1775514474124","0.8809583187103271"
"ssl_emnist_digits_conv_centroid-seed4","9652e353b05548e2a197bdb9c7dca61e","val/accuracy","210","1775507645569","0.6741666793823242"
"ssl_emnist_digits_conv_centroid-seed4","9652e353b05548e2a197bdb9c7dca61e","val/accuracy","421","1775507669215","0.6389583349227905"
"ssl_emnist_digits_conv_centroid-seed4","9652e353b05548e2a197bdb9c7dca61e","val/accuracy","632","1775507693064","0.668874979019165"
"ssl_emnist_digits_conv_centroid-seed4","9652e353b05548e2a197bdb9c7dca61e","val/accuracy","843","1775507753421","0.706250011920929"
"ssl_emnist_digits_conv_centroid-seed4","9652e353b05548e2a197bdb9c7dca61e","val/accuracy","1054","1775507817825","0.6831666827201843"
"ssl_emnist_digits_conv_centroid-seed4","9652e353b05548e2a197bdb9c7dca61e","val/accuracy","1265","1775507885332","0.7024583220481873"
"ssl_emnist_digits_conv_centroid-seed4","9652e353b05548e2a197bdb9c7dca61e","val/accuracy","1476","1775507954597","0.7215833067893982"
"ssl_emnist_digits_conv_centroid-seed4","9652e353b05548e2a197bdb9c7dca61e","val/accuracy","1687","1775508042768","0.7487083077430725"
"ssl_emnist_digits_conv_centroid-seed4","9652e353b05548e2a197bdb9c7dca61e","val/accuracy","1898","1775508305625","0.7764999866485596"
"ssl_emnist_digits_conv_centroid-seed4","9652e353b05548e2a197bdb9c7dca61e","val/accuracy","2109","1775508374040","0.7985416650772095"
"ssl_emnist_digits_conv_centroid-seed4","9652e353b05548e2a197bdb9c7dca61e","val/accuracy","2320","1775508443012","0.8080416917800903"
"ssl_emnist_digits_conv_centroid-seed4","9652e353b05548e2a197bdb9c7dca61e","val/accuracy","2531","1775508513464","0.8146250247955322"
"ssl_emnist_digits_conv_centroid-seed4","9652e353b05548e2a197bdb9c7dca61e","val/accuracy","2742","1775508581920","0.8243333101272583"
"ssl_emnist_digits_conv_centroid-seed4","9652e353b05548e2a197bdb9c7dca61e","val/accuracy","2953","1775508650097","0.8314999938011169"
"ssl_emnist_digits_conv_centroid-seed4","9652e353b05548e2a197bdb9c7dca61e","val/accuracy","3164","1775508718544","0.8361250162124634"
"ssl_emnist_digits_conv_centroid-seed4","9652e353b05548e2a197bdb9c7dca61e","val/accuracy","3375","1775508786292","0.8352500200271606"
"ssl_emnist_digits_conv_centroid-seed4","9652e353b05548e2a197bdb9c7dca61e","val/accuracy","3586","1775508854165","0.8400416374206543"
"ssl_emnist_digits_conv_centroid-seed4","9652e353b05548e2a197bdb9c7dca61e","val/accuracy","3797","1775508923684","0.84375"
"ssl_emnist_digits_conv_centroid-seed4","9652e353b05548e2a197bdb9c7dca61e","val/accuracy","4008","1775508991612","0.8461250066757202"
"ssl_emnist_digits_conv_centroid-seed4","9652e353b05548e2a197bdb9c7dca61e","val/accuracy","4219","1775509059352","0.847000002861023"
"ssl_emnist_digits_conv_centroid-seed4","9652e353b05548e2a197bdb9c7dca61e","val/accuracy","4430","1775509127146","0.8479166626930237"
"ssl_emnist_digits_conv_centroid-seed4","9652e353b05548e2a197bdb9c7dca61e","val/accuracy","4641","1775509197420","0.8511666655540466"
"ssl_emnist_digits_conv_centroid-seed4","9652e353b05548e2a197bdb9c7dca61e","val/accuracy","4852","1775509265644","0.8461666703224182"
"ssl_emnist_digits_conv_centroid-seed4","9652e353b05548e2a197bdb9c7dca61e","val/accuracy","5063","1775509335520","0.8492916822433472"
"ssl_emnist_digits_conv_centroid-seed4","9652e353b05548e2a197bdb9c7dca61e","val/accuracy","5274","1775509406208","0.8522083163261414"
"ssl_emnist_digits_conv_centroid-seed4","9652e353b05548e2a197bdb9c7dca61e","val/accuracy","5485","1775509471989","0.8541666865348816"
"ssl_emnist_digits_conv_centroid-seed4","9652e353b05548e2a197bdb9c7dca61e","val/accuracy","5696","1775509540373","0.8605416417121887"
"ssl_emnist_digits_conv_centroid-seed4","9652e353b05548e2a197bdb9c7dca61e","val/accuracy","5907","1775509609460","0.859499990940094"
"ssl_emnist_digits_conv_centroid-seed4","9652e353b05548e2a197bdb9c7dca61e","val/accuracy","6118","1775509677272","0.8586666584014893"
"ssl_emnist_digits_conv_centroid-seed4","9652e353b05548e2a197bdb9c7dca61e","val/accuracy","6329","1775509744544","0.859666645526886"
"ssl_emnist_digits_conv_centroid-seed4","9652e353b05548e2a197bdb9c7dca61e","val/accuracy","6540","1775509812760","0.8613333106040955"
"ssl_emnist_digits_conv_centroid-seed4","9652e353b05548e2a197bdb9c7dca61e","val/accuracy","6751","1775509880229","0.8686249852180481"
"ssl_emnist_digits_conv_centroid-seed4","9652e353b05548e2a197bdb9c7dca61e","val/accuracy","6962","1775509948256","0.8615000247955322"
"ssl_emnist_digits_conv_centroid-seed4","9652e353b05548e2a197bdb9c7dca61e","val/accuracy","7173","1775510014042","0.8642083406448364"
"ssl_emnist_digits_conv_centroid-seed4","9652e353b05548e2a197bdb9c7dca61e","val/accuracy","7384","1775510081088","0.8692916631698608"
"ssl_emnist_digits_conv_centroid-seed4","9652e353b05548e2a197bdb9c7dca61e","val/accuracy","7595","1775510147268","0.871708333492279"
"ssl_emnist_digits_conv_centroid-seed4","9652e353b05548e2a197bdb9c7dca61e","val/accuracy","7806","1775510214605","0.8732500076293945"
"ssl_emnist_digits_conv_centroid-seed4","9652e353b05548e2a197bdb9c7dca61e","val/accuracy","8017","1775510279448","0.871749997138977"
"ssl_emnist_digits_conv_centroid-seed4","9652e353b05548e2a197bdb9c7dca61e","val/accuracy","8228","1775510348660","0.8745416402816772"
"ssl_emnist_digits_conv_centroid-seed4","9652e353b05548e2a197bdb9c7dca61e","val/accuracy","8439","1775510416728","0.875"
"ssl_emnist_digits_conv_centroid-seed4","9652e353b05548e2a197bdb9c7dca61e","val/accuracy","8650","1775510485272","0.8765833377838135"
"ssl_emnist_digits_conv_centroid-seed4","9652e353b05548e2a197bdb9c7dca61e","val/accuracy","8861","1775510553344","0.8773333430290222"
"ssl_emnist_digits_conv_centroid-seed4","9652e353b05548e2a197bdb9c7dca61e","val/accuracy","9072","1775510620257","0.8790833353996277"
"ssl_emnist_digits_conv_centroid-seed4","9652e353b05548e2a197bdb9c7dca61e","val/accuracy","9283","1775510687064","0.8793333172798157"
"ssl_emnist_digits_conv_centroid-seed4","9652e353b05548e2a197bdb9c7dca61e","val/accuracy","9494","1775510753756","0.8819583058357239"
"ssl_emnist_digits_conv_centroid-seed4","9652e353b05548e2a197bdb9c7dca61e","val/accuracy","9705","1775510820689","0.8808749914169312"
"ssl_emnist_digits_conv_centroid-seed4","9652e353b05548e2a197bdb9c7dca61e","val/accuracy","9916","1775510887197","0.8791666626930237"
"ssl_emnist_digits_conv_centroid-seed4","9652e353b05548e2a197bdb9c7dca61e","val/accuracy","10127","1775510955256","0.8820416927337646"
"ssl_emnist_digits_conv_centroid-seed4","9652e353b05548e2a197bdb9c7dca61e","val/accuracy","10338","1775511025208","0.8802083134651184"
"ssl_emnist_digits_conv_centroid-seed4","9652e353b05548e2a197bdb9c7dca61e","val/accuracy","10549","1775511092420","0.8835833072662354"
"ssl_emnist_digits_conv_centroid-seed4","9652e353b05548e2a197bdb9c7dca61e","val/accuracy","10760","1775511159465","0.8847916722297668"
"ssl_emnist_digits_conv_centroid-seed4","9652e353b05548e2a197bdb9c7dca61e","val/accuracy","10971","1775511227872","0.8843749761581421"
"ssl_emnist_digits_conv_centroid-seed4","9652e353b05548e2a197bdb9c7dca61e","val/accuracy","11182","1775511296288","0.8839166760444641"
"ssl_emnist_digits_conv_centroid-seed4","9652e353b05548e2a197bdb9c7dca61e","val/accuracy","11393","1775511361536","0.8842499852180481"
"ssl_emnist_digits_conv_centroid-seed4","9652e353b05548e2a197bdb9c7dca61e","val/accuracy","11604","1775511429796","0.8848749995231628"
"ssl_emnist_digits_conv_centroid-seed4","9652e353b05548e2a197bdb9c7dca61e","val/accuracy","11815","1775511496581","0.8867499828338623"
"ssl_emnist_digits_conv_centroid-seed4","9652e353b05548e2a197bdb9c7dca61e","val/accuracy","12026","1775511564205","0.8891249895095825"
"ssl_emnist_digits_conv_centroid-seed4","9652e353b05548e2a197bdb9c7dca61e","val/accuracy","12237","1775511634853","0.8879166841506958"
"ssl_emnist_digits_conv_centroid-seed4","9652e353b05548e2a197bdb9c7dca61e","val/accuracy","12448","1775511703928","0.8901666402816772"
"ssl_emnist_digits_conv_centroid-seed4","9652e353b05548e2a197bdb9c7dca61e","val/accuracy","12659","1775511772585","0.8881250023841858"
"ssl_emnist_digits_conv_centroid-seed4","9652e353b05548e2a197bdb9c7dca61e","val/accuracy","12870","1775511840488","0.8902083039283752"
"ssl_emnist_digits_conv_centroid-seed4","9652e353b05548e2a197bdb9c7dca61e","val/accuracy","13081","1775511907504","0.8930833339691162"
"ssl_emnist_digits_conv_centroid-seed4","9652e353b05548e2a197bdb9c7dca61e","val/accuracy","13292","1775511973942","0.890500009059906"
"ssl_emnist_digits_conv_centroid-seed4","9652e353b05548e2a197bdb9c7dca61e","val/accuracy","13503","1775512041356","0.8965416550636292"
"ssl_emnist_digits_conv_centroid-seed4","9652e353b05548e2a197bdb9c7dca61e","val/accuracy","13714","1775512108810","0.8978750109672546"
"ssl_emnist_digits_conv_centroid-seed4","9652e353b05548e2a197bdb9c7dca61e","val/accuracy","13925","1775512177144","0.8924166560173035"
"ssl_emnist_digits_conv_centroid-seed4","9652e353b05548e2a197bdb9c7dca61e","val/accuracy","14136","1775512244756","0.8947499990463257"
"ssl_emnist_digits_conv_centroid-seed4","9652e353b05548e2a197bdb9c7dca61e","val/accuracy","14347","1775512313076","0.8967499732971191"
"ssl_emnist_digits_conv_centroid-seed4","9652e353b05548e2a197bdb9c7dca61e","val/accuracy","14558","1775512381337","0.8939999938011169"
"ssl_emnist_digits_conv_centroid-seed4","9652e353b05548e2a197bdb9c7dca61e","val/accuracy","14769","1775512449580","0.8963750004768372"
"ssl_emnist_digits_conv_centroid-seed4","9652e353b05548e2a197bdb9c7dca61e","val/accuracy","14980","1775512516045","0.8970416784286499"
"ssl_emnist_digits_conv_centroid-seed4","9652e353b05548e2a197bdb9c7dca61e","val/accuracy","15191","1775512581324","0.8951249718666077"
"ssl_emnist_digits_conv_centroid-seed4","9652e353b05548e2a197bdb9c7dca61e","val/accuracy","15402","1775512648916","0.8948749899864197"
"ssl_emnist_digits_conv_centroid-seed4","9652e353b05548e2a197bdb9c7dca61e","val/accuracy","15613","1775512715284","0.8995833396911621"
"ssl_emnist_digits_conv_centroid-seed4","9652e353b05548e2a197bdb9c7dca61e","val/accuracy","15824","1775512785392","0.9007499814033508"
"ssl_emnist_digits_conv_centroid-seed4","9652e353b05548e2a197bdb9c7dca61e","val/accuracy","16035","1775512852828","0.8922916650772095"
"ssl_emnist_digits_conv_centroid-seed4","9652e353b05548e2a197bdb9c7dca61e","val/accuracy","16246","1775512920952","0.8981249928474426"
"ssl_emnist_digits_conv_centroid-seed4","9652e353b05548e2a197bdb9c7dca61e","val/accuracy","16457","1775512990002","0.9037500023841858"
"ssl_emnist_digits_conv_centroid-seed4","9652e353b05548e2a197bdb9c7dca61e","val/accuracy","16668","1775513056988","0.9007083177566528"
"ssl_emnist_digits_conv_centroid-seed4","9652e353b05548e2a197bdb9c7dca61e","val/accuracy","16879","1775513125160","0.9007916450500488"
"ssl_emnist_digits_conv_centroid-seed4","9652e353b05548e2a197bdb9c7dca61e","val/accuracy","17090","1775513194113","0.9020833373069763"
"ssl_emnist_digits_conv_centroid-seed4","9652e353b05548e2a197bdb9c7dca61e","val/accuracy","17301","1775513260437","0.9026666879653931"
"ssl_emnist_digits_conv_centroid-seed4","9652e353b05548e2a197bdb9c7dca61e","val/accuracy","17512","1775513328969","0.8997499942779541"
"ssl_emnist_digits_conv_centroid-seed4","9652e353b05548e2a197bdb9c7dca61e","val/accuracy","17723","1775513398257","0.9018333554267883"
"ssl_emnist_digits_conv_centroid-seed4","9652e353b05548e2a197bdb9c7dca61e","val/accuracy","17934","1775513467656","0.9016249775886536"
"ssl_emnist_digits_conv_centroid-seed4","9652e353b05548e2a197bdb9c7dca61e","val/accuracy","18145","1775513535272","0.9027500152587891"
"ssl_emnist_digits_conv_centroid-seed4","9652e353b05548e2a197bdb9c7dca61e","val/accuracy","18356","1775513604736","0.9010000228881836"
"ssl_emnist_digits_conv_centroid-seed4","9652e353b05548e2a197bdb9c7dca61e","val/accuracy","18567","1775513672300","0.9082083106040955"
"ssl_emnist_digits_conv_centroid-seed4","9652e353b05548e2a197bdb9c7dca61e","val/accuracy","18778","1775513739924","0.9036666750907898"
"ssl_emnist_digits_conv_centroid-seed4","9652e353b05548e2a197bdb9c7dca61e","val/accuracy","18989","1775513807100","0.9022916555404663"
"ssl_emnist_digits_conv_centroid-seed4","9652e353b05548e2a197bdb9c7dca61e","val/accuracy","19200","1775513874340","0.9070000052452087"
"ssl_emnist_digits_conv_centroid-seed4","9652e353b05548e2a197bdb9c7dca61e","val/accuracy","19411","1775513941956","0.9074166417121887"
"ssl_emnist_digits_conv_centroid-seed4","9652e353b05548e2a197bdb9c7dca61e","val/accuracy","19622","1775514009880","0.9083750247955322"
"ssl_emnist_digits_conv_centroid-seed4","9652e353b05548e2a197bdb9c7dca61e","val/accuracy","19833","1775514075864","0.9044166803359985"
"ssl_emnist_digits_conv_centroid-seed4","9652e353b05548e2a197bdb9c7dca61e","val/accuracy","20044","1775514144012","0.906541645526886"
"ssl_emnist_digits_conv_centroid-seed4","9652e353b05548e2a197bdb9c7dca61e","val/accuracy","20255","1775514211480","0.9079583287239075"
"ssl_emnist_digits_conv_centroid-seed4","9652e353b05548e2a197bdb9c7dca61e","val/accuracy","20466","1775514278469","0.9088749885559082"
"ssl_emnist_digits_conv_centroid-seed4","9652e353b05548e2a197bdb9c7dca61e","val/accuracy","20677","1775514348096","0.906333327293396"
"ssl_emnist_digits_conv_centroid-seed4","9652e353b05548e2a197bdb9c7dca61e","val/accuracy","20888","1775514417196","0.9097499847412109"
"ssl_emnist_digits_conv_centroid-seed4","9652e353b05548e2a197bdb9c7dca61e","val/accuracy","21099","1775514485460","0.906416654586792"
"ssl_emnist_digits_conv_centroid-seed3","48509877012d42dd8e36afcd5b39c7f5","val/accuracy","210","1775507631092","0.6935833096504211"
"ssl_emnist_digits_conv_centroid-seed3","48509877012d42dd8e36afcd5b39c7f5","val/accuracy","421","1775507654600","0.6792916655540466"
"ssl_emnist_digits_conv_centroid-seed3","48509877012d42dd8e36afcd5b39c7f5","val/accuracy","632","1775507678843","0.6321250200271606"
"ssl_emnist_digits_conv_centroid-seed3","48509877012d42dd8e36afcd5b39c7f5","val/accuracy","843","1775507737592","0.7151666879653931"
"ssl_emnist_digits_conv_centroid-seed3","48509877012d42dd8e36afcd5b39c7f5","val/accuracy","1054","1775507801628","0.7127916812896729"
"ssl_emnist_digits_conv_centroid-seed3","48509877012d42dd8e36afcd5b39c7f5","val/accuracy","1265","1775507866517","0.6803749799728394"
"ssl_emnist_digits_conv_centroid-seed3","48509877012d42dd8e36afcd5b39c7f5","val/accuracy","1476","1775507930172","0.684374988079071"
"ssl_emnist_digits_conv_centroid-seed3","48509877012d42dd8e36afcd5b39c7f5","val/accuracy","1687","1775507996069","0.7035833597183228"
"ssl_emnist_digits_conv_centroid-seed3","48509877012d42dd8e36afcd5b39c7f5","val/accuracy","1898","1775508304869","0.7225000262260437"
"ssl_emnist_digits_conv_centroid-seed3","48509877012d42dd8e36afcd5b39c7f5","val/accuracy","2109","1775508372241","0.7390416860580444"
"ssl_emnist_digits_conv_centroid-seed3","48509877012d42dd8e36afcd5b39c7f5","val/accuracy","2320","1775508441624","0.7565833330154419"
"ssl_emnist_digits_conv_centroid-seed3","48509877012d42dd8e36afcd5b39c7f5","val/accuracy","2531","1775508507177","0.7704166769981384"
"ssl_emnist_digits_conv_centroid-seed3","48509877012d42dd8e36afcd5b39c7f5","val/accuracy","2742","1775508574844","0.778124988079071"
"ssl_emnist_digits_conv_centroid-seed3","48509877012d42dd8e36afcd5b39c7f5","val/accuracy","2953","1775508645736","0.7860416769981384"
"ssl_emnist_digits_conv_centroid-seed3","48509877012d42dd8e36afcd5b39c7f5","val/accuracy","3164","1775508714757","0.7873333096504211"
"ssl_emnist_digits_conv_centroid-seed3","48509877012d42dd8e36afcd5b39c7f5","val/accuracy","3375","1775508782192","0.7905833125114441"
"ssl_emnist_digits_conv_centroid-seed3","48509877012d42dd8e36afcd5b39c7f5","val/accuracy","3586","1775508848004","0.7935000061988831"
"ssl_emnist_digits_conv_centroid-seed3","48509877012d42dd8e36afcd5b39c7f5","val/accuracy","3797","1775508914125","0.7946666479110718"
"ssl_emnist_digits_conv_centroid-seed3","48509877012d42dd8e36afcd5b39c7f5","val/accuracy","4008","1775508980633","0.793833315372467"
"ssl_emnist_digits_conv_centroid-seed3","48509877012d42dd8e36afcd5b39c7f5","val/accuracy","4219","1775509047448","0.7980416417121887"
"ssl_emnist_digits_conv_centroid-seed3","48509877012d42dd8e36afcd5b39c7f5","val/accuracy","4430","1775509116173","0.7944583296775818"
"ssl_emnist_digits_conv_centroid-seed3","48509877012d42dd8e36afcd5b39c7f5","val/accuracy","4641","1775509182473","0.7962499856948853"
"ssl_emnist_digits_conv_centroid-seed3","48509877012d42dd8e36afcd5b39c7f5","val/accuracy","4852","1775509250680","0.8011666536331177"
"ssl_emnist_digits_conv_centroid-seed3","48509877012d42dd8e36afcd5b39c7f5","val/accuracy","5063","1775509316540","0.7975416779518127"
"ssl_emnist_digits_conv_centroid-seed3","48509877012d42dd8e36afcd5b39c7f5","val/accuracy","5274","1775509384344","0.7995416522026062"
"ssl_emnist_digits_conv_centroid-seed3","48509877012d42dd8e36afcd5b39c7f5","val/accuracy","5485","1775509450072","0.8040416836738586"
"ssl_emnist_digits_conv_centroid-seed3","48509877012d42dd8e36afcd5b39c7f5","val/accuracy","5696","1775509518500","0.8037499785423279"
"ssl_emnist_digits_conv_centroid-seed3","48509877012d42dd8e36afcd5b39c7f5","val/accuracy","5907","1775509585532","0.8014583587646484"
"ssl_emnist_digits_conv_centroid-seed3","48509877012d42dd8e36afcd5b39c7f5","val/accuracy","6118","1775509651936","0.7990000247955322"
"ssl_emnist_digits_conv_centroid-seed3","48509877012d42dd8e36afcd5b39c7f5","val/accuracy","6329","1775509720840","0.8023750185966492"
"ssl_emnist_digits_conv_centroid-seed3","48509877012d42dd8e36afcd5b39c7f5","val/accuracy","6540","1775509789140","0.8083750009536743"
"ssl_emnist_digits_conv_centroid-seed3","48509877012d42dd8e36afcd5b39c7f5","val/accuracy","6751","1775509856120","0.8075000047683716"
"ssl_emnist_digits_conv_centroid-seed3","48509877012d42dd8e36afcd5b39c7f5","val/accuracy","6962","1775509919436","0.8144999742507935"
"ssl_emnist_digits_conv_centroid-seed3","48509877012d42dd8e36afcd5b39c7f5","val/accuracy","7173","1775509986312","0.8108333349227905"
"ssl_emnist_digits_conv_centroid-seed3","48509877012d42dd8e36afcd5b39c7f5","val/accuracy","7384","1775510052280","0.8114166855812073"
"ssl_emnist_digits_conv_centroid-seed3","48509877012d42dd8e36afcd5b39c7f5","val/accuracy","7595","1775510119504","0.812583327293396"
"ssl_emnist_digits_conv_centroid-seed3","48509877012d42dd8e36afcd5b39c7f5","val/accuracy","7806","1775510185648","0.812791645526886"
"ssl_emnist_digits_conv_centroid-seed3","48509877012d42dd8e36afcd5b39c7f5","val/accuracy","8017","1775510252236","0.8102499842643738"
"ssl_emnist_digits_conv_centroid-seed3","48509877012d42dd8e36afcd5b39c7f5","val/accuracy","8228","1775510319636","0.8140833377838135"
"ssl_emnist_digits_conv_centroid-seed3","48509877012d42dd8e36afcd5b39c7f5","val/accuracy","8439","1775510389764","0.8169583082199097"
"ssl_emnist_digits_conv_centroid-seed3","48509877012d42dd8e36afcd5b39c7f5","val/accuracy","8650","1775510454940","0.8167499899864197"
"ssl_emnist_digits_conv_centroid-seed3","48509877012d42dd8e36afcd5b39c7f5","val/accuracy","8861","1775510519941","0.815666675567627"
"ssl_emnist_digits_conv_centroid-seed3","48509877012d42dd8e36afcd5b39c7f5","val/accuracy","9072","1775510585005","0.8147083520889282"
"ssl_emnist_digits_conv_centroid-seed3","48509877012d42dd8e36afcd5b39c7f5","val/accuracy","9283","1775510651520","0.8189583420753479"
"ssl_emnist_digits_conv_centroid-seed3","48509877012d42dd8e36afcd5b39c7f5","val/accuracy","9494","1775510717706","0.8193749785423279"
"ssl_emnist_digits_conv_centroid-seed3","48509877012d42dd8e36afcd5b39c7f5","val/accuracy","9705","1775510785264","0.8212916851043701"
"ssl_emnist_digits_conv_centroid-seed3","48509877012d42dd8e36afcd5b39c7f5","val/accuracy","9916","1775510851612","0.815708339214325"
"ssl_emnist_digits_conv_centroid-seed3","48509877012d42dd8e36afcd5b39c7f5","val/accuracy","10127","1775510917688","0.812833309173584"
"ssl_emnist_digits_conv_centroid-seed3","48509877012d42dd8e36afcd5b39c7f5","val/accuracy","10338","1775510984404","0.8167499899864197"
"ssl_emnist_digits_conv_centroid-seed3","48509877012d42dd8e36afcd5b39c7f5","val/accuracy","10549","1775511050649","0.8162500262260437"
"ssl_emnist_digits_conv_centroid-seed3","48509877012d42dd8e36afcd5b39c7f5","val/accuracy","10760","1775511116432","0.8185416460037231"
"ssl_emnist_digits_conv_centroid-seed3","48509877012d42dd8e36afcd5b39c7f5","val/accuracy","10971","1775511181924","0.8172500133514404"
"ssl_emnist_digits_conv_centroid-seed3","48509877012d42dd8e36afcd5b39c7f5","val/accuracy","11182","1775511248625","0.8192916512489319"
"ssl_emnist_digits_conv_centroid-seed3","48509877012d42dd8e36afcd5b39c7f5","val/accuracy","11393","1775511313349","0.8209999799728394"
"ssl_emnist_digits_conv_centroid-seed3","48509877012d42dd8e36afcd5b39c7f5","val/accuracy","11604","1775511379078","0.8205000162124634"
"ssl_emnist_digits_conv_centroid-seed3","48509877012d42dd8e36afcd5b39c7f5","val/accuracy","11815","1775511445692","0.8199999928474426"
"ssl_emnist_digits_conv_centroid-seed3","48509877012d42dd8e36afcd5b39c7f5","val/accuracy","12026","1775511512128","0.8174583315849304"
"ssl_emnist_digits_conv_centroid-seed3","48509877012d42dd8e36afcd5b39c7f5","val/accuracy","12237","1775511579868","0.8225833177566528"
"ssl_emnist_digits_conv_centroid-seed3","48509877012d42dd8e36afcd5b39c7f5","val/accuracy","12448","1775511649216","0.8184166550636292"
"ssl_emnist_digits_conv_centroid-seed3","48509877012d42dd8e36afcd5b39c7f5","val/accuracy","12659","1775511714568","0.8230416774749756"
"ssl_emnist_digits_conv_centroid-seed3","48509877012d42dd8e36afcd5b39c7f5","val/accuracy","12870","1775511781856","0.8167916536331177"
"ssl_emnist_digits_conv_centroid-seed3","48509877012d42dd8e36afcd5b39c7f5","val/accuracy","13081","1775511848252","0.8203333616256714"
"ssl_emnist_digits_conv_centroid-seed3","48509877012d42dd8e36afcd5b39c7f5","val/accuracy","13292","1775511913988","0.8225833177566528"
"ssl_emnist_digits_conv_centroid-seed3","48509877012d42dd8e36afcd5b39c7f5","val/accuracy","13503","1775511979312","0.8235416412353516"
"ssl_emnist_digits_conv_centroid-seed3","48509877012d42dd8e36afcd5b39c7f5","val/accuracy","13714","1775512046409","0.8263750076293945"
"ssl_emnist_digits_conv_centroid-seed3","48509877012d42dd8e36afcd5b39c7f5","val/accuracy","13925","1775512112012","0.8262083530426025"
"ssl_emnist_digits_conv_centroid-seed3","48509877012d42dd8e36afcd5b39c7f5","val/accuracy","14136","1775512180920","0.8218333125114441"
"ssl_emnist_digits_conv_centroid-seed3","48509877012d42dd8e36afcd5b39c7f5","val/accuracy","14347","1775512249069","0.8231250047683716"
"ssl_emnist_digits_conv_centroid-seed3","48509877012d42dd8e36afcd5b39c7f5","val/accuracy","14558","1775512314389","0.8196666836738586"
"ssl_emnist_digits_conv_centroid-seed3","48509877012d42dd8e36afcd5b39c7f5","val/accuracy","14769","1775512377164","0.824999988079071"
"ssl_emnist_digits_conv_centroid-seed3","48509877012d42dd8e36afcd5b39c7f5","val/accuracy","14980","1775512443144","0.8260416388511658"
"ssl_emnist_digits_conv_centroid-seed3","48509877012d42dd8e36afcd5b39c7f5","val/accuracy","15191","1775512508604","0.8214583396911621"
"ssl_emnist_digits_conv_centroid-seed3","48509877012d42dd8e36afcd5b39c7f5","val/accuracy","15402","1775512578284","0.8209583163261414"
"ssl_emnist_digits_conv_centroid-seed3","48509877012d42dd8e36afcd5b39c7f5","val/accuracy","15613","1775512644840","0.8234166502952576"
"ssl_emnist_digits_conv_centroid-seed3","48509877012d42dd8e36afcd5b39c7f5","val/accuracy","15824","1775512710568","0.8232499957084656"
"ssl_emnist_digits_conv_centroid-seed3","48509877012d42dd8e36afcd5b39c7f5","val/accuracy","16035","1775512778965","0.8181250095367432"
"ssl_emnist_digits_conv_centroid-seed3","48509877012d42dd8e36afcd5b39c7f5","val/accuracy","16246","1775512846948","0.8215000033378601"
"ssl_emnist_digits_conv_centroid-seed3","48509877012d42dd8e36afcd5b39c7f5","val/accuracy","16457","1775512912644","0.8158749938011169"
"ssl_emnist_digits_conv_centroid-seed3","48509877012d42dd8e36afcd5b39c7f5","val/accuracy","16668","1775512978609","0.8203333616256714"
"ssl_emnist_digits_conv_centroid-seed3","48509877012d42dd8e36afcd5b39c7f5","val/accuracy","16879","1775513045121","0.8217916488647461"
"ssl_emnist_digits_conv_centroid-seed3","48509877012d42dd8e36afcd5b39c7f5","val/accuracy","17090","1775513111168","0.8240416646003723"
"ssl_emnist_digits_conv_centroid-seed3","48509877012d42dd8e36afcd5b39c7f5","val/accuracy","17301","1775513177741","0.8245833516120911"
"ssl_emnist_digits_conv_centroid-seed3","48509877012d42dd8e36afcd5b39c7f5","val/accuracy","17512","1775513244217","0.8238333463668823"
"ssl_emnist_digits_conv_centroid-seed3","48509877012d42dd8e36afcd5b39c7f5","val/accuracy","17723","1775513311772","0.8230000138282776"
"ssl_emnist_digits_conv_centroid-seed3","48509877012d42dd8e36afcd5b39c7f5","val/accuracy","17934","1775513379944","0.8238750100135803"
"ssl_emnist_digits_conv_centroid-seed3","48509877012d42dd8e36afcd5b39c7f5","val/accuracy","18145","1775513446245","0.8263333439826965"
"ssl_emnist_digits_conv_centroid-seed3","48509877012d42dd8e36afcd5b39c7f5","val/accuracy","18356","1775513512672","0.8236666917800903"
"ssl_emnist_digits_conv_centroid-seed3","48509877012d42dd8e36afcd5b39c7f5","val/accuracy","18567","1775513579740","0.8204166889190674"
"ssl_emnist_digits_conv_centroid-seed3","48509877012d42dd8e36afcd5b39c7f5","val/accuracy","18778","1775513645376","0.8245833516120911"
"ssl_emnist_digits_conv_centroid-seed3","48509877012d42dd8e36afcd5b39c7f5","val/accuracy","18989","1775513712129","0.8202499747276306"
"ssl_emnist_digits_conv_centroid-seed3","48509877012d42dd8e36afcd5b39c7f5","val/accuracy","19200","1775513778344","0.8238333463668823"
"ssl_emnist_digits_conv_centroid-seed3","48509877012d42dd8e36afcd5b39c7f5","val/accuracy","19411","1775513845648","0.8220833539962769"
"ssl_emnist_digits_conv_centroid-seed3","48509877012d42dd8e36afcd5b39c7f5","val/accuracy","19622","1775513911924","0.825208306312561"
"ssl_emnist_digits_conv_centroid-seed3","48509877012d42dd8e36afcd5b39c7f5","val/accuracy","19833","1775513980832","0.8237916827201843"
"ssl_emnist_digits_conv_centroid-seed3","48509877012d42dd8e36afcd5b39c7f5","val/accuracy","20044","1775514048100","0.8244583606719971"
"ssl_emnist_digits_conv_centroid-seed3","48509877012d42dd8e36afcd5b39c7f5","val/accuracy","20255","1775514111720","0.8247500061988831"
"ssl_emnist_digits_conv_centroid-seed3","48509877012d42dd8e36afcd5b39c7f5","val/accuracy","20466","1775514177352","0.8234999775886536"
"ssl_emnist_digits_conv_centroid-seed3","48509877012d42dd8e36afcd5b39c7f5","val/accuracy","20677","1775514241776","0.8239166736602783"
"ssl_emnist_digits_conv_centroid-seed3","48509877012d42dd8e36afcd5b39c7f5","val/accuracy","20888","1775514308438","0.8209166526794434"
"ssl_emnist_digits_conv_centroid-seed3","48509877012d42dd8e36afcd5b39c7f5","val/accuracy","21099","1775514374392","0.8237083554267883"
"ssl_emnist_digits_conv_centroid-seed2","8b57f29833484872bd012f4c91b3aaa5","val/accuracy","210","1775507616112","0.6896666884422302"
"ssl_emnist_digits_conv_centroid-seed2","8b57f29833484872bd012f4c91b3aaa5","val/accuracy","421","1775507640464","0.6861666440963745"
"ssl_emnist_digits_conv_centroid-seed2","8b57f29833484872bd012f4c91b3aaa5","val/accuracy","632","1775507664404","0.7008333206176758"
"ssl_emnist_digits_conv_centroid-seed2","8b57f29833484872bd012f4c91b3aaa5","val/accuracy","843","1775507724068","0.7352916598320007"
"ssl_emnist_digits_conv_centroid-seed2","8b57f29833484872bd012f4c91b3aaa5","val/accuracy","1054","1775507785704","0.7292916774749756"
"ssl_emnist_digits_conv_centroid-seed2","8b57f29833484872bd012f4c91b3aaa5","val/accuracy","1265","1775507849460","0.7517916560173035"
"ssl_emnist_digits_conv_centroid-seed2","8b57f29833484872bd012f4c91b3aaa5","val/accuracy","1476","1775507914364","0.7862499952316284"
"ssl_emnist_digits_conv_centroid-seed2","8b57f29833484872bd012f4c91b3aaa5","val/accuracy","1687","1775507981545","0.809458315372467"
"ssl_emnist_digits_conv_centroid-seed2","8b57f29833484872bd012f4c91b3aaa5","val/accuracy","1898","1775508285988","0.8195416927337646"
"ssl_emnist_digits_conv_centroid-seed2","8b57f29833484872bd012f4c91b3aaa5","val/accuracy","2109","1775508351516","0.831208348274231"
"ssl_emnist_digits_conv_centroid-seed2","8b57f29833484872bd012f4c91b3aaa5","val/accuracy","2320","1775508420401","0.8380833268165588"
"ssl_emnist_digits_conv_centroid-seed2","8b57f29833484872bd012f4c91b3aaa5","val/accuracy","2531","1775508489573","0.8417500257492065"
"ssl_emnist_digits_conv_centroid-seed2","8b57f29833484872bd012f4c91b3aaa5","val/accuracy","2742","1775508556308","0.84375"
"ssl_emnist_digits_conv_centroid-seed2","8b57f29833484872bd012f4c91b3aaa5","val/accuracy","2953","1775508623477","0.8472083210945129"
"ssl_emnist_digits_conv_centroid-seed2","8b57f29833484872bd012f4c91b3aaa5","val/accuracy","3164","1775508689328","0.843458354473114"
"ssl_emnist_digits_conv_centroid-seed2","8b57f29833484872bd012f4c91b3aaa5","val/accuracy","3375","1775508756692","0.8496249914169312"
"ssl_emnist_digits_conv_centroid-seed2","8b57f29833484872bd012f4c91b3aaa5","val/accuracy","3586","1775508822616","0.8453750014305115"
"ssl_emnist_digits_conv_centroid-seed2","8b57f29833484872bd012f4c91b3aaa5","val/accuracy","3797","1775508888121","0.8520833253860474"
"ssl_emnist_digits_conv_centroid-seed2","8b57f29833484872bd012f4c91b3aaa5","val/accuracy","4008","1775508955040","0.846958339214325"
"ssl_emnist_digits_conv_centroid-seed2","8b57f29833484872bd012f4c91b3aaa5","val/accuracy","4219","1775509023036","0.8492083549499512"
"ssl_emnist_digits_conv_centroid-seed2","8b57f29833484872bd012f4c91b3aaa5","val/accuracy","4430","1775509089040","0.8499583601951599"
"ssl_emnist_digits_conv_centroid-seed2","8b57f29833484872bd012f4c91b3aaa5","val/accuracy","4641","1775509154648","0.8504583239555359"
"ssl_emnist_digits_conv_centroid-seed2","8b57f29833484872bd012f4c91b3aaa5","val/accuracy","4852","1775509220880","0.8540416955947876"
"ssl_emnist_digits_conv_centroid-seed2","8b57f29833484872bd012f4c91b3aaa5","val/accuracy","5063","1775509288945","0.8512499928474426"
"ssl_emnist_digits_conv_centroid-seed2","8b57f29833484872bd012f4c91b3aaa5","val/accuracy","5274","1775509353756","0.8541250228881836"
"ssl_emnist_digits_conv_centroid-seed2","8b57f29833484872bd012f4c91b3aaa5","val/accuracy","5485","1775509419841","0.8550416827201843"
"ssl_emnist_digits_conv_centroid-seed2","8b57f29833484872bd012f4c91b3aaa5","val/accuracy","5696","1775509484500","0.8548750281333923"
"ssl_emnist_digits_conv_centroid-seed2","8b57f29833484872bd012f4c91b3aaa5","val/accuracy","5907","1775509549324","0.8486250042915344"
"ssl_emnist_digits_conv_centroid-seed2","8b57f29833484872bd012f4c91b3aaa5","val/accuracy","6118","1775509615720","0.8558333516120911"
"ssl_emnist_digits_conv_centroid-seed2","8b57f29833484872bd012f4c91b3aaa5","val/accuracy","6329","1775509681953","0.8542083501815796"
"ssl_emnist_digits_conv_centroid-seed2","8b57f29833484872bd012f4c91b3aaa5","val/accuracy","6540","1775509751416","0.8543333411216736"
"ssl_emnist_digits_conv_centroid-seed2","8b57f29833484872bd012f4c91b3aaa5","val/accuracy","6751","1775509817413","0.8522083163261414"
"ssl_emnist_digits_conv_centroid-seed2","8b57f29833484872bd012f4c91b3aaa5","val/accuracy","6962","1775509883656","0.856124997138977"
"ssl_emnist_digits_conv_centroid-seed2","8b57f29833484872bd012f4c91b3aaa5","val/accuracy","7173","1775509948384","0.8553333282470703"
"ssl_emnist_digits_conv_centroid-seed2","8b57f29833484872bd012f4c91b3aaa5","val/accuracy","7384","1775510013241","0.859375"
"ssl_emnist_digits_conv_centroid-seed2","8b57f29833484872bd012f4c91b3aaa5","val/accuracy","7595","1775510077436","0.8602499961853027"
"ssl_emnist_digits_conv_centroid-seed2","8b57f29833484872bd012f4c91b3aaa5","val/accuracy","7806","1775510144441","0.8544583320617676"
"ssl_emnist_digits_conv_centroid-seed2","8b57f29833484872bd012f4c91b3aaa5","val/accuracy","8017","1775510209509","0.8589166402816772"
"ssl_emnist_digits_conv_centroid-seed2","8b57f29833484872bd012f4c91b3aaa5","val/accuracy","8228","1775510274580","0.8583333492279053"
"ssl_emnist_digits_conv_centroid-seed2","8b57f29833484872bd012f4c91b3aaa5","val/accuracy","8439","1775510339744","0.8587499856948853"
"ssl_emnist_digits_conv_centroid-seed2","8b57f29833484872bd012f4c91b3aaa5","val/accuracy","8650","1775510406904","0.8611249923706055"
"ssl_emnist_digits_conv_centroid-seed2","8b57f29833484872bd012f4c91b3aaa5","val/accuracy","8861","1775510470321","0.8603749871253967"
"ssl_emnist_digits_conv_centroid-seed2","8b57f29833484872bd012f4c91b3aaa5","val/accuracy","9072","1775510534312","0.8599166870117188"
"ssl_emnist_digits_conv_centroid-seed2","8b57f29833484872bd012f4c91b3aaa5","val/accuracy","9283","1775510597860","0.859666645526886"
"ssl_emnist_digits_conv_centroid-seed2","8b57f29833484872bd012f4c91b3aaa5","val/accuracy","9494","1775510663545","0.8633333444595337"
"ssl_emnist_digits_conv_centroid-seed2","8b57f29833484872bd012f4c91b3aaa5","val/accuracy","9705","1775510728336","0.859083354473114"
"ssl_emnist_digits_conv_centroid-seed2","8b57f29833484872bd012f4c91b3aaa5","val/accuracy","9916","1775510793048","0.8614166378974915"
"ssl_emnist_digits_conv_centroid-seed2","8b57f29833484872bd012f4c91b3aaa5","val/accuracy","10127","1775510856760","0.8600416779518127"
"ssl_emnist_digits_conv_centroid-seed2","8b57f29833484872bd012f4c91b3aaa5","val/accuracy","10338","1775510923360","0.8640000224113464"
"ssl_emnist_digits_conv_centroid-seed2","8b57f29833484872bd012f4c91b3aaa5","val/accuracy","10549","1775510987936","0.8648750185966492"
"ssl_emnist_digits_conv_centroid-seed2","8b57f29833484872bd012f4c91b3aaa5","val/accuracy","10760","1775511054292","0.8654999732971191"
"ssl_emnist_digits_conv_centroid-seed2","8b57f29833484872bd012f4c91b3aaa5","val/accuracy","10971","1775511117373","0.8621249794960022"
"ssl_emnist_digits_conv_centroid-seed2","8b57f29833484872bd012f4c91b3aaa5","val/accuracy","11182","1775511182660","0.8651666641235352"
"ssl_emnist_digits_conv_centroid-seed2","8b57f29833484872bd012f4c91b3aaa5","val/accuracy","11393","1775511248081","0.8683333396911621"
"ssl_emnist_digits_conv_centroid-seed2","8b57f29833484872bd012f4c91b3aaa5","val/accuracy","11604","1775511311881","0.8578749895095825"
"ssl_emnist_digits_conv_centroid-seed2","8b57f29833484872bd012f4c91b3aaa5","val/accuracy","11815","1775511375553","0.862500011920929"
"ssl_emnist_digits_conv_centroid-seed2","8b57f29833484872bd012f4c91b3aaa5","val/accuracy","12026","1775511439665","0.8650416731834412"
"ssl_emnist_digits_conv_centroid-seed2","8b57f29833484872bd012f4c91b3aaa5","val/accuracy","12237","1775511506049","0.8627916574478149"
"ssl_emnist_digits_conv_centroid-seed2","8b57f29833484872bd012f4c91b3aaa5","val/accuracy","12448","1775511572660","0.8656250238418579"
"ssl_emnist_digits_conv_centroid-seed2","8b57f29833484872bd012f4c91b3aaa5","val/accuracy","12659","1775511638676","0.8697916865348816"
"ssl_emnist_digits_conv_centroid-seed2","8b57f29833484872bd012f4c91b3aaa5","val/accuracy","12870","1775511704652","0.8686666488647461"
"ssl_emnist_digits_conv_centroid-seed2","8b57f29833484872bd012f4c91b3aaa5","val/accuracy","13081","1775511768520","0.8685416579246521"
"ssl_emnist_digits_conv_centroid-seed2","8b57f29833484872bd012f4c91b3aaa5","val/accuracy","13292","1775511832944","0.8652916550636292"
"ssl_emnist_digits_conv_centroid-seed2","8b57f29833484872bd012f4c91b3aaa5","val/accuracy","13503","1775511897780","0.8667500019073486"
"ssl_emnist_digits_conv_centroid-seed2","8b57f29833484872bd012f4c91b3aaa5","val/accuracy","13714","1775511961961","0.8667083382606506"
"ssl_emnist_digits_conv_centroid-seed2","8b57f29833484872bd012f4c91b3aaa5","val/accuracy","13925","1775512027540","0.8665416836738586"
"ssl_emnist_digits_conv_centroid-seed2","8b57f29833484872bd012f4c91b3aaa5","val/accuracy","14136","1775512092380","0.8675000071525574"
"ssl_emnist_digits_conv_centroid-seed2","8b57f29833484872bd012f4c91b3aaa5","val/accuracy","14347","1775512160376","0.8687083125114441"
"ssl_emnist_digits_conv_centroid-seed2","8b57f29833484872bd012f4c91b3aaa5","val/accuracy","14558","1775512224648","0.8670416474342346"
"ssl_emnist_digits_conv_centroid-seed2","8b57f29833484872bd012f4c91b3aaa5","val/accuracy","14769","1775512289872","0.8670833110809326"
"ssl_emnist_digits_conv_centroid-seed2","8b57f29833484872bd012f4c91b3aaa5","val/accuracy","14980","1775512354520","0.8709999918937683"
"ssl_emnist_digits_conv_centroid-seed2","8b57f29833484872bd012f4c91b3aaa5","val/accuracy","15191","1775512420008","0.8676666617393494"
"ssl_emnist_digits_conv_centroid-seed2","8b57f29833484872bd012f4c91b3aaa5","val/accuracy","15402","1775512484436","0.8667500019073486"
"ssl_emnist_digits_conv_centroid-seed2","8b57f29833484872bd012f4c91b3aaa5","val/accuracy","15613","1775512549360","0.8645833134651184"
"ssl_emnist_digits_conv_centroid-seed2","8b57f29833484872bd012f4c91b3aaa5","val/accuracy","15824","1775512615865","0.8665000200271606"
"ssl_emnist_digits_conv_centroid-seed2","8b57f29833484872bd012f4c91b3aaa5","val/accuracy","16035","1775512680890","0.8665833473205566"
"ssl_emnist_digits_conv_centroid-seed2","8b57f29833484872bd012f4c91b3aaa5","val/accuracy","16246","1775512747236","0.8695833086967468"
"ssl_emnist_digits_conv_centroid-seed2","8b57f29833484872bd012f4c91b3aaa5","val/accuracy","16457","1775512812372","0.8667500019073486"
"ssl_emnist_digits_conv_centroid-seed2","8b57f29833484872bd012f4c91b3aaa5","val/accuracy","16668","1775512876013","0.8677499890327454"
"ssl_emnist_digits_conv_centroid-seed2","8b57f29833484872bd012f4c91b3aaa5","val/accuracy","16879","1775512940052","0.8690833449363708"
"ssl_emnist_digits_conv_centroid-seed2","8b57f29833484872bd012f4c91b3aaa5","val/accuracy","17090","1775513005036","0.8644999861717224"
"ssl_emnist_digits_conv_centroid-seed2","8b57f29833484872bd012f4c91b3aaa5","val/accuracy","17301","1775513072492","0.8684166669845581"
"ssl_emnist_digits_conv_centroid-seed2","8b57f29833484872bd012f4c91b3aaa5","val/accuracy","17512","1775513135421","0.8668749928474426"
"ssl_emnist_digits_conv_centroid-seed2","8b57f29833484872bd012f4c91b3aaa5","val/accuracy","17723","1775513199952","0.872083306312561"
"ssl_emnist_digits_conv_centroid-seed2","8b57f29833484872bd012f4c91b3aaa5","val/accuracy","17934","1775513263948","0.8671249747276306"
"ssl_emnist_digits_conv_centroid-seed2","8b57f29833484872bd012f4c91b3aaa5","val/accuracy","18145","1775513330692","0.8686666488647461"
"ssl_emnist_digits_conv_centroid-seed2","8b57f29833484872bd012f4c91b3aaa5","val/accuracy","18356","1775513400617","0.871708333492279"
"ssl_emnist_digits_conv_centroid-seed2","8b57f29833484872bd012f4c91b3aaa5","val/accuracy","18567","1775513465776","0.8712499737739563"
"ssl_emnist_digits_conv_centroid-seed2","8b57f29833484872bd012f4c91b3aaa5","val/accuracy","18778","1775513532316","0.8677083253860474"
"ssl_emnist_digits_conv_centroid-seed2","8b57f29833484872bd012f4c91b3aaa5","val/accuracy","18989","1775513596408","0.871916651725769"
"ssl_emnist_digits_conv_centroid-seed2","8b57f29833484872bd012f4c91b3aaa5","val/accuracy","19200","1775513662028","0.8714166879653931"
"ssl_emnist_digits_conv_centroid-seed2","8b57f29833484872bd012f4c91b3aaa5","val/accuracy","19411","1775513727096","0.8709999918937683"
"ssl_emnist_digits_conv_centroid-seed2","8b57f29833484872bd012f4c91b3aaa5","val/accuracy","19622","1775513792516","0.8683333396911621"
"ssl_emnist_digits_conv_centroid-seed2","8b57f29833484872bd012f4c91b3aaa5","val/accuracy","19833","1775513857817","0.8685833215713501"
"ssl_emnist_digits_conv_centroid-seed2","8b57f29833484872bd012f4c91b3aaa5","val/accuracy","20044","1775513923708","0.8654166460037231"
"ssl_emnist_digits_conv_centroid-seed2","8b57f29833484872bd012f4c91b3aaa5","val/accuracy","20255","1775513990057","0.8701249957084656"
"ssl_emnist_digits_conv_centroid-seed2","8b57f29833484872bd012f4c91b3aaa5","val/accuracy","20466","1775514054320","0.8676666617393494"
"ssl_emnist_digits_conv_centroid-seed2","8b57f29833484872bd012f4c91b3aaa5","val/accuracy","20677","1775514119168","0.8692083358764648"
"ssl_emnist_digits_conv_centroid-seed2","8b57f29833484872bd012f4c91b3aaa5","val/accuracy","20888","1775514184609","0.8712499737739563"
"ssl_emnist_digits_conv_centroid-seed2","8b57f29833484872bd012f4c91b3aaa5","val/accuracy","21099","1775514250868","0.8701249957084656"
"ssl_emnist_digits_conv_centroid-seed1","9768f1c8c2d246d0a24f926f76ceb771","val/accuracy","210","1775501915313","0.6819999814033508"
"ssl_emnist_digits_conv_centroid-seed1","9768f1c8c2d246d0a24f926f76ceb771","val/accuracy","421","1775501937841","0.6926249861717224"
"ssl_emnist_digits_conv_centroid-seed1","9768f1c8c2d246d0a24f926f76ceb771","val/accuracy","632","1775501961648","0.6574583053588867"
"ssl_emnist_digits_conv_centroid-seed1","9768f1c8c2d246d0a24f926f76ceb771","val/accuracy","843","1775502018692","0.7255833148956299"
"ssl_emnist_digits_conv_centroid-seed1","9768f1c8c2d246d0a24f926f76ceb771","val/accuracy","1054","1775502079592","0.7291250228881836"
"ssl_emnist_digits_conv_centroid-seed1","9768f1c8c2d246d0a24f926f76ceb771","val/accuracy","1265","1775502140753","0.7756666541099548"
"ssl_emnist_digits_conv_centroid-seed1","9768f1c8c2d246d0a24f926f76ceb771","val/accuracy","1476","1775502203408","0.8318750262260437"
"ssl_emnist_digits_conv_centroid-seed1","9768f1c8c2d246d0a24f926f76ceb771","val/accuracy","1687","1775502267380","0.856249988079071"
"ssl_emnist_digits_conv_centroid-seed1","9768f1c8c2d246d0a24f926f76ceb771","val/accuracy","1898","1775502336316","0.8651250004768372"
"ssl_emnist_digits_conv_centroid-seed1","9768f1c8c2d246d0a24f926f76ceb771","val/accuracy","2109","1775502399813","0.8695416450500488"
"ssl_emnist_digits_conv_centroid-seed1","9768f1c8c2d246d0a24f926f76ceb771","val/accuracy","2320","1775502464397","0.8758333325386047"
"ssl_emnist_digits_conv_centroid-seed1","9768f1c8c2d246d0a24f926f76ceb771","val/accuracy","2531","1775502528884","0.8796250224113464"
"ssl_emnist_digits_conv_centroid-seed1","9768f1c8c2d246d0a24f926f76ceb771","val/accuracy","2742","1775502593369","0.8801249861717224"
"ssl_emnist_digits_conv_centroid-seed1","9768f1c8c2d246d0a24f926f76ceb771","val/accuracy","2953","1775502658596","0.8845000267028809"
"ssl_emnist_digits_conv_centroid-seed1","9768f1c8c2d246d0a24f926f76ceb771","val/accuracy","3164","1775502726392","0.8820416927337646"
"ssl_emnist_digits_conv_centroid-seed1","9768f1c8c2d246d0a24f926f76ceb771","val/accuracy","3375","1775502791420","0.887499988079071"
"ssl_emnist_digits_conv_centroid-seed1","9768f1c8c2d246d0a24f926f76ceb771","val/accuracy","3586","1775502856412","0.8893749713897705"
"ssl_emnist_digits_conv_centroid-seed1","9768f1c8c2d246d0a24f926f76ceb771","val/accuracy","3797","1775502919900","0.8872500061988831"
"ssl_emnist_digits_conv_centroid-seed1","9768f1c8c2d246d0a24f926f76ceb771","val/accuracy","4008","1775502986964","0.8881666660308838"
"ssl_emnist_digits_conv_centroid-seed1","9768f1c8c2d246d0a24f926f76ceb771","val/accuracy","4219","1775503053404","0.8884166479110718"
"ssl_emnist_digits_conv_centroid-seed1","9768f1c8c2d246d0a24f926f76ceb771","val/accuracy","4430","1775503118140","0.893708348274231"
"ssl_emnist_digits_conv_centroid-seed1","9768f1c8c2d246d0a24f926f76ceb771","val/accuracy","4641","1775503182720","0.8929166793823242"
"ssl_emnist_digits_conv_centroid-seed1","9768f1c8c2d246d0a24f926f76ceb771","val/accuracy","4852","1775503248888","0.893541693687439"
"ssl_emnist_digits_conv_centroid-seed1","9768f1c8c2d246d0a24f926f76ceb771","val/accuracy","5063","1775503315144","0.8941249847412109"
"ssl_emnist_digits_conv_centroid-seed1","9768f1c8c2d246d0a24f926f76ceb771","val/accuracy","5274","1775503566588","0.8968333601951599"
"ssl_emnist_digits_conv_centroid-seed1","9768f1c8c2d246d0a24f926f76ceb771","val/accuracy","5485","1775503630252","0.8957916498184204"
"ssl_emnist_digits_conv_centroid-seed1","9768f1c8c2d246d0a24f926f76ceb771","val/accuracy","5696","1775503698865","0.8996666669845581"
"ssl_emnist_digits_conv_centroid-seed1","9768f1c8c2d246d0a24f926f76ceb771","val/accuracy","5907","1775503767256","0.8979166746139526"
"ssl_emnist_digits_conv_centroid-seed1","9768f1c8c2d246d0a24f926f76ceb771","val/accuracy","6118","1775503835728","0.8987916707992554"
"ssl_emnist_digits_conv_centroid-seed1","9768f1c8c2d246d0a24f926f76ceb771","val/accuracy","6329","1775503901401","0.8993333578109741"
"ssl_emnist_digits_conv_centroid-seed1","9768f1c8c2d246d0a24f926f76ceb771","val/accuracy","6540","1775503966205","0.9006666541099548"
"ssl_emnist_digits_conv_centroid-seed1","9768f1c8c2d246d0a24f926f76ceb771","val/accuracy","6751","1775504032973","0.9008749723434448"
"ssl_emnist_digits_conv_centroid-seed1","9768f1c8c2d246d0a24f926f76ceb771","val/accuracy","6962","1775504097800","0.9010000228881836"
"ssl_emnist_digits_conv_centroid-seed1","9768f1c8c2d246d0a24f926f76ceb771","val/accuracy","7173","1775504165081","0.903041660785675"
"ssl_emnist_digits_conv_centroid-seed1","9768f1c8c2d246d0a24f926f76ceb771","val/accuracy","7384","1775504231888","0.9035833477973938"
"ssl_emnist_digits_conv_centroid-seed1","9768f1c8c2d246d0a24f926f76ceb771","val/accuracy","7595","1775504300060","0.9038333296775818"
"ssl_emnist_digits_conv_centroid-seed1","9768f1c8c2d246d0a24f926f76ceb771","val/accuracy","7806","1775504366232","0.9051250219345093"
"ssl_emnist_digits_conv_centroid-seed1","9768f1c8c2d246d0a24f926f76ceb771","val/accuracy","8017","1775504431237","0.9068333506584167"
"ssl_emnist_digits_conv_centroid-seed1","9768f1c8c2d246d0a24f926f76ceb771","val/accuracy","8228","1775504495852","0.9051666855812073"
"ssl_emnist_digits_conv_centroid-seed1","9768f1c8c2d246d0a24f926f76ceb771","val/accuracy","8439","1775504561525","0.906125009059906"
"ssl_emnist_digits_conv_centroid-seed1","9768f1c8c2d246d0a24f926f76ceb771","val/accuracy","8650","1775504627296","0.9075416922569275"
"ssl_emnist_digits_conv_centroid-seed1","9768f1c8c2d246d0a24f926f76ceb771","val/accuracy","8861","1775504696937","0.9069166779518127"
"ssl_emnist_digits_conv_centroid-seed1","9768f1c8c2d246d0a24f926f76ceb771","val/accuracy","9072","1775504762873","0.9096666574478149"
"ssl_emnist_digits_conv_centroid-seed1","9768f1c8c2d246d0a24f926f76ceb771","val/accuracy","9283","1775504829068","0.9088333249092102"
"ssl_emnist_digits_conv_centroid-seed1","9768f1c8c2d246d0a24f926f76ceb771","val/accuracy","9494","1775504894728","0.9079999923706055"
"ssl_emnist_digits_conv_centroid-seed1","9768f1c8c2d246d0a24f926f76ceb771","val/accuracy","9705","1775504958892","0.909541666507721"
"ssl_emnist_digits_conv_centroid-seed1","9768f1c8c2d246d0a24f926f76ceb771","val/accuracy","9916","1775505022792","0.9090416431427002"
"ssl_emnist_digits_conv_centroid-seed1","9768f1c8c2d246d0a24f926f76ceb771","val/accuracy","10127","1775505087100","0.9101250171661377"
"ssl_emnist_digits_conv_centroid-seed1","9768f1c8c2d246d0a24f926f76ceb771","val/accuracy","10338","1775505153780","0.9136250019073486"
"ssl_emnist_digits_conv_centroid-seed1","9768f1c8c2d246d0a24f926f76ceb771","val/accuracy","10549","1775505219864","0.9132083058357239"
"ssl_emnist_digits_conv_centroid-seed1","9768f1c8c2d246d0a24f926f76ceb771","val/accuracy","10760","1775505333080","0.9109583497047424"
"ssl_emnist_digits_conv_centroid-seed1","9768f1c8c2d246d0a24f926f76ceb771","val/accuracy","10971","1775505397917","0.9144583344459534"
"ssl_emnist_digits_conv_centroid-seed1","9768f1c8c2d246d0a24f926f76ceb771","val/accuracy","11182","1775505461633","0.9126250147819519"
"ssl_emnist_digits_conv_centroid-seed1","9768f1c8c2d246d0a24f926f76ceb771","val/accuracy","11393","1775505527901","0.9156249761581421"
"ssl_emnist_digits_conv_centroid-seed1","9768f1c8c2d246d0a24f926f76ceb771","val/accuracy","11604","1775505593224","0.9153333306312561"
"ssl_emnist_digits_conv_centroid-seed1","9768f1c8c2d246d0a24f926f76ceb771","val/accuracy","11815","1775505657893","0.9157916903495789"
"ssl_emnist_digits_conv_centroid-seed1","9768f1c8c2d246d0a24f926f76ceb771","val/accuracy","12026","1775505726548","0.9174166917800903"
"ssl_emnist_digits_conv_centroid-seed1","9768f1c8c2d246d0a24f926f76ceb771","val/accuracy","12237","1775505791848","0.9184583425521851"
"ssl_emnist_digits_conv_centroid-seed1","9768f1c8c2d246d0a24f926f76ceb771","val/accuracy","12448","1775505856045","0.9164999723434448"
"ssl_emnist_digits_conv_centroid-seed1","9768f1c8c2d246d0a24f926f76ceb771","val/accuracy","12659","1775505922412","0.9190833568572998"
"ssl_emnist_digits_conv_centroid-seed1","9768f1c8c2d246d0a24f926f76ceb771","val/accuracy","12870","1775505988720","0.9199583530426025"
"ssl_emnist_digits_conv_centroid-seed1","9768f1c8c2d246d0a24f926f76ceb771","val/accuracy","13081","1775506056552","0.9201250076293945"
"ssl_emnist_digits_conv_centroid-seed1","9768f1c8c2d246d0a24f926f76ceb771","val/accuracy","13292","1775506123196","0.9201666712760925"
"ssl_emnist_digits_conv_centroid-seed1","9768f1c8c2d246d0a24f926f76ceb771","val/accuracy","13503","1775506186616","0.9181666374206543"
"ssl_emnist_digits_conv_centroid-seed1","9768f1c8c2d246d0a24f926f76ceb771","val/accuracy","13714","1775506253188","0.922166645526886"
"ssl_emnist_digits_conv_centroid-seed1","9768f1c8c2d246d0a24f926f76ceb771","val/accuracy","13925","1775506319181","0.9227499961853027"
"ssl_emnist_digits_conv_centroid-seed1","9768f1c8c2d246d0a24f926f76ceb771","val/accuracy","14136","1775506383112","0.9228749871253967"
"ssl_emnist_digits_conv_centroid-seed1","9768f1c8c2d246d0a24f926f76ceb771","val/accuracy","14347","1775506449405","0.9224166870117188"
"ssl_emnist_digits_conv_centroid-seed1","9768f1c8c2d246d0a24f926f76ceb771","val/accuracy","14558","1775506516124","0.9245833158493042"
"ssl_emnist_digits_conv_centroid-seed1","9768f1c8c2d246d0a24f926f76ceb771","val/accuracy","14769","1775506580464","0.9237499833106995"
"ssl_emnist_digits_conv_centroid-seed1","9768f1c8c2d246d0a24f926f76ceb771","val/accuracy","14980","1775506649628","0.9252916574478149"
"ssl_emnist_digits_conv_centroid-seed1","9768f1c8c2d246d0a24f926f76ceb771","val/accuracy","15191","1775506716220","0.9244583249092102"
"ssl_emnist_digits_conv_centroid-seed1","9768f1c8c2d246d0a24f926f76ceb771","val/accuracy","15402","1775506780616","0.9262916445732117"
"ssl_emnist_digits_conv_centroid-seed1","9768f1c8c2d246d0a24f926f76ceb771","val/accuracy","15613","1775506846669","0.9286249876022339"
"ssl_emnist_digits_conv_centroid-seed1","9768f1c8c2d246d0a24f926f76ceb771","val/accuracy","15824","1775506912313","0.9275416731834412"
"ssl_emnist_digits_conv_centroid-seed1","9768f1c8c2d246d0a24f926f76ceb771","val/accuracy","16035","1775506978064","0.9285416603088379"
"ssl_emnist_digits_conv_centroid-seed1","9768f1c8c2d246d0a24f926f76ceb771","val/accuracy","16246","1775507043097","0.9282500147819519"
"ssl_emnist_digits_conv_centroid-seed1","9768f1c8c2d246d0a24f926f76ceb771","val/accuracy","16457","1775507106753","0.9299583435058594"
"ssl_emnist_digits_conv_centroid-seed1","9768f1c8c2d246d0a24f926f76ceb771","val/accuracy","16668","1775507172787","0.9304583072662354"
"ssl_emnist_digits_conv_centroid-seed1","9768f1c8c2d246d0a24f926f76ceb771","val/accuracy","16879","1775507237508","0.9300000071525574"
"ssl_emnist_digits_conv_centroid-seed1","9768f1c8c2d246d0a24f926f76ceb771","val/accuracy","17090","1775507303248","0.9314166903495789"
"ssl_emnist_digits_conv_centroid-seed1","9768f1c8c2d246d0a24f926f76ceb771","val/accuracy","17301","1775507367680","0.9301666617393494"
"ssl_emnist_digits_conv_centroid-seed1","9768f1c8c2d246d0a24f926f76ceb771","val/accuracy","17512","1775507432772","0.9322916865348816"
"ssl_emnist_digits_conv_centroid-seed1","9768f1c8c2d246d0a24f926f76ceb771","val/accuracy","17723","1775507501440","0.9315416812896729"
"ssl_emnist_digits_conv_centroid-seed1","9768f1c8c2d246d0a24f926f76ceb771","val/accuracy","17934","1775507567024","0.9308750033378601"
"ssl_emnist_digits_conv_centroid-seed1","9768f1c8c2d246d0a24f926f76ceb771","val/accuracy","18145","1775507637409","0.9322083592414856"
"ssl_emnist_digits_conv_centroid-seed1","9768f1c8c2d246d0a24f926f76ceb771","val/accuracy","18356","1775507705545","0.9333750009536743"
"ssl_emnist_digits_conv_centroid-seed1","9768f1c8c2d246d0a24f926f76ceb771","val/accuracy","18567","1775507771776","0.9332916736602783"
"ssl_emnist_digits_conv_centroid-seed1","9768f1c8c2d246d0a24f926f76ceb771","val/accuracy","18778","1775507839692","0.9334166646003723"
"ssl_emnist_digits_conv_centroid-seed1","9768f1c8c2d246d0a24f926f76ceb771","val/accuracy","18989","1775507907960","0.9334999918937683"
"ssl_emnist_digits_conv_centroid-seed1","9768f1c8c2d246d0a24f926f76ceb771","val/accuracy","19200","1775507975423","0.9332916736602783"
"ssl_emnist_digits_conv_centroid-seed1","9768f1c8c2d246d0a24f926f76ceb771","val/accuracy","19411","1775508276852","0.9333750009536743"
"ssl_emnist_digits_conv_centroid-seed1","9768f1c8c2d246d0a24f926f76ceb771","val/accuracy","19622","1775508345812","0.9323333501815796"
"ssl_emnist_digits_conv_centroid-seed1","9768f1c8c2d246d0a24f926f76ceb771","val/accuracy","19833","1775508414000","0.9338750243186951"
"ssl_emnist_digits_conv_centroid-seed1","9768f1c8c2d246d0a24f926f76ceb771","val/accuracy","20044","1775508479516","0.9363333582878113"
"ssl_emnist_digits_conv_centroid-seed1","9768f1c8c2d246d0a24f926f76ceb771","val/accuracy","20255","1775508546149","0.9368333220481873"
"ssl_emnist_digits_conv_centroid-seed1","9768f1c8c2d246d0a24f926f76ceb771","val/accuracy","20466","1775508613568","0.934458315372467"
"ssl_emnist_digits_conv_centroid-seed1","9768f1c8c2d246d0a24f926f76ceb771","val/accuracy","20677","1775508679808","0.934291660785675"
"ssl_emnist_digits_conv_centroid-seed1","9768f1c8c2d246d0a24f926f76ceb771","val/accuracy","20888","1775508745408","0.93729168176651"
"ssl_emnist_digits_conv_centroid-seed1","9768f1c8c2d246d0a24f926f76ceb771","val/accuracy","21099","1775508812569","0.9352083206176758"
"ssl_emnist_balanced_conv-seed5","e5efbb4b7fd7495fa7382b3d13ec3b2b","val/accuracy","99","1775501792524","0.2853723466396332"
"ssl_emnist_balanced_conv-seed5","e5efbb4b7fd7495fa7382b3d13ec3b2b","val/accuracy","199","1775501822004","0.2776595652103424"
"ssl_emnist_balanced_conv-seed5","e5efbb4b7fd7495fa7382b3d13ec3b2b","val/accuracy","299","1775501851749","0.29290780425071716"
"ssl_emnist_balanced_conv-seed5","e5efbb4b7fd7495fa7382b3d13ec3b2b","val/accuracy","399","1775501905205","0.3779255449771881"
"ssl_emnist_balanced_conv-seed5","e5efbb4b7fd7495fa7382b3d13ec3b2b","val/accuracy","499","1775501957084","0.4068262279033661"
"ssl_emnist_balanced_conv-seed5","e5efbb4b7fd7495fa7382b3d13ec3b2b","val/accuracy","599","1775502011997","0.44547873735427856"
"ssl_emnist_balanced_conv-seed5","e5efbb4b7fd7495fa7382b3d13ec3b2b","val/accuracy","699","1775502065844","0.4728723466396332"
"ssl_emnist_balanced_conv-seed5","e5efbb4b7fd7495fa7382b3d13ec3b2b","val/accuracy","799","1775502121588","0.49760639667510986"
"ssl_emnist_balanced_conv-seed5","e5efbb4b7fd7495fa7382b3d13ec3b2b","val/accuracy","899","1775502178200","0.5129432678222656"
"ssl_emnist_balanced_conv-seed5","e5efbb4b7fd7495fa7382b3d13ec3b2b","val/accuracy","999","1775502232724","0.5278368592262268"
"ssl_emnist_balanced_conv-seed5","e5efbb4b7fd7495fa7382b3d13ec3b2b","val/accuracy","1099","1775502288232","0.5390957593917847"
"ssl_emnist_balanced_conv-seed5","e5efbb4b7fd7495fa7382b3d13ec3b2b","val/accuracy","1199","1775502343577","0.5484929084777832"
"ssl_emnist_balanced_conv-seed5","e5efbb4b7fd7495fa7382b3d13ec3b2b","val/accuracy","1299","1775502399896","0.5595744848251343"
"ssl_emnist_balanced_conv-seed5","e5efbb4b7fd7495fa7382b3d13ec3b2b","val/accuracy","1399","1775502456354","0.569946825504303"
"ssl_emnist_balanced_conv-seed5","e5efbb4b7fd7495fa7382b3d13ec3b2b","val/accuracy","1499","1775502512457","0.5765070915222168"
"ssl_emnist_balanced_conv-seed5","e5efbb4b7fd7495fa7382b3d13ec3b2b","val/accuracy","1599","1775502568860","0.5849290490150452"
"ssl_emnist_balanced_conv-seed5","e5efbb4b7fd7495fa7382b3d13ec3b2b","val/accuracy","1699","1775502625636","0.5923758745193481"
"ssl_emnist_balanced_conv-seed5","e5efbb4b7fd7495fa7382b3d13ec3b2b","val/accuracy","1799","1775502681772","0.598936140537262"
"ssl_emnist_balanced_conv-seed5","e5efbb4b7fd7495fa7382b3d13ec3b2b","val/accuracy","1899","1775502737201","0.6015957593917847"
"ssl_emnist_balanced_conv-seed5","e5efbb4b7fd7495fa7382b3d13ec3b2b","val/accuracy","1999","1775502794185","0.6069148778915405"
"ssl_emnist_balanced_conv-seed5","e5efbb4b7fd7495fa7382b3d13ec3b2b","val/accuracy","2099","1775502850980","0.6079787015914917"
"ssl_emnist_balanced_conv-seed5","e5efbb4b7fd7495fa7382b3d13ec3b2b","val/accuracy","2199","1775502910544","0.6130319237709045"
"ssl_emnist_balanced_conv-seed5","e5efbb4b7fd7495fa7382b3d13ec3b2b","val/accuracy","2299","1775502969156","0.6185283660888672"
"ssl_emnist_balanced_conv-seed5","e5efbb4b7fd7495fa7382b3d13ec3b2b","val/accuracy","2399","1775503027316","0.618794322013855"
"ssl_emnist_balanced_conv-seed5","e5efbb4b7fd7495fa7382b3d13ec3b2b","val/accuracy","2499","1775503084920","0.623670220375061"
"ssl_emnist_balanced_conv-seed5","e5efbb4b7fd7495fa7382b3d13ec3b2b","val/accuracy","2599","1775503141728","0.6261524558067322"
"ssl_emnist_balanced_conv-seed5","e5efbb4b7fd7495fa7382b3d13ec3b2b","val/accuracy","2699","1775503199468","0.6288120746612549"
"ssl_emnist_balanced_conv-seed5","e5efbb4b7fd7495fa7382b3d13ec3b2b","val/accuracy","2799","1775503260616","0.626329779624939"
"ssl_emnist_balanced_conv-seed5","e5efbb4b7fd7495fa7382b3d13ec3b2b","val/accuracy","2899","1775503395356","0.6271276473999023"
"ssl_emnist_balanced_conv-seed5","e5efbb4b7fd7495fa7382b3d13ec3b2b","val/accuracy","2999","1775503553806","0.6288120746612549"
"ssl_emnist_balanced_conv-seed5","e5efbb4b7fd7495fa7382b3d13ec3b2b","val/accuracy","3099","1775503613416","0.6302304863929749"
"ssl_emnist_balanced_conv-seed5","e5efbb4b7fd7495fa7382b3d13ec3b2b","val/accuracy","3199","1775503671465","0.6299645304679871"
"ssl_emnist_balanced_conv-seed5","e5efbb4b7fd7495fa7382b3d13ec3b2b","val/accuracy","3299","1775503729588","0.6291666626930237"
"ssl_emnist_balanced_conv-seed5","e5efbb4b7fd7495fa7382b3d13ec3b2b","val/accuracy","3399","1775503788452","0.6304964423179626"
"ssl_emnist_balanced_conv-seed5","e5efbb4b7fd7495fa7382b3d13ec3b2b","val/accuracy","3499","1775503846388","0.631117045879364"
"ssl_emnist_balanced_conv-seed5","e5efbb4b7fd7495fa7382b3d13ec3b2b","val/accuracy","3599","1775503905272","0.6295212507247925"
"ssl_emnist_balanced_conv-seed5","e5efbb4b7fd7495fa7382b3d13ec3b2b","val/accuracy","3699","1775503962808","0.6323581337928772"
"ssl_emnist_balanced_conv-seed5","e5efbb4b7fd7495fa7382b3d13ec3b2b","val/accuracy","3799","1775504020824","0.6342198848724365"
"ssl_emnist_balanced_conv-seed5","e5efbb4b7fd7495fa7382b3d13ec3b2b","val/accuracy","3899","1775504078736","0.6343085169792175"
"ssl_emnist_balanced_conv-seed5","e5efbb4b7fd7495fa7382b3d13ec3b2b","val/accuracy","3999","1775504135021","0.6305851340293884"
"ssl_emnist_balanced_conv-seed5","e5efbb4b7fd7495fa7382b3d13ec3b2b","val/accuracy","4099","1775504192412","0.6337766051292419"
"ssl_emnist_balanced_conv-seed5","e5efbb4b7fd7495fa7382b3d13ec3b2b","val/accuracy","4199","1775504253708","0.6341311931610107"
"ssl_emnist_balanced_conv-seed5","e5efbb4b7fd7495fa7382b3d13ec3b2b","val/accuracy","4299","1775504312713","0.632624089717865"
"ssl_emnist_balanced_conv-seed5","e5efbb4b7fd7495fa7382b3d13ec3b2b","val/accuracy","4399","1775504373733","0.6344858407974243"
"ssl_emnist_balanced_conv-seed5","e5efbb4b7fd7495fa7382b3d13ec3b2b","val/accuracy","4499","1775504432796","0.6318262219429016"
"ssl_emnist_balanced_conv-seed5","e5efbb4b7fd7495fa7382b3d13ec3b2b","val/accuracy","4599","1775504491380","0.6327127814292908"
"ssl_emnist_balanced_conv-seed5","e5efbb4b7fd7495fa7382b3d13ec3b2b","val/accuracy","4699","1775504550273","0.633865237236023"
"ssl_emnist_balanced_conv-seed5","e5efbb4b7fd7495fa7382b3d13ec3b2b","val/accuracy","4799","1775504606945","0.6367907524108887"
"ssl_emnist_balanced_conv-seed5","e5efbb4b7fd7495fa7382b3d13ec3b2b","val/accuracy","4899","1775504664832","0.6350177526473999"
"ssl_emnist_balanced_conv-seed5","e5efbb4b7fd7495fa7382b3d13ec3b2b","val/accuracy","4999","1775504726745","0.6364361643791199"
"ssl_emnist_balanced_conv-seed5","e5efbb4b7fd7495fa7382b3d13ec3b2b","val/accuracy","5099","1775504785912","0.633865237236023"
"ssl_emnist_balanced_conv-seed5","e5efbb4b7fd7495fa7382b3d13ec3b2b","val/accuracy","5199","1775504843305","0.6361702084541321"
"ssl_emnist_balanced_conv-seed5","e5efbb4b7fd7495fa7382b3d13ec3b2b","val/accuracy","5299","1775504901609","0.637322723865509"
"ssl_emnist_balanced_conv-seed5","e5efbb4b7fd7495fa7382b3d13ec3b2b","val/accuracy","5399","1775504959421","0.6335992813110352"
"ssl_emnist_balanced_conv-seed5","e5efbb4b7fd7495fa7382b3d13ec3b2b","val/accuracy","5499","1775505018829","0.6377659440040588"
"ssl_emnist_balanced_conv-seed5","e5efbb4b7fd7495fa7382b3d13ec3b2b","val/accuracy","5599","1775505076308","0.6351950168609619"
"ssl_emnist_balanced_conv-seed5","e5efbb4b7fd7495fa7382b3d13ec3b2b","val/accuracy","5699","1775505133964","0.6348404288291931"
"ssl_emnist_balanced_conv-seed5","e5efbb4b7fd7495fa7382b3d13ec3b2b","val/accuracy","5799","1775505191888","0.6364361643791199"
"ssl_emnist_balanced_conv-seed5","e5efbb4b7fd7495fa7382b3d13ec3b2b","val/accuracy","5899","1775505249737","0.6349290609359741"
"ssl_emnist_balanced_conv-seed5","e5efbb4b7fd7495fa7382b3d13ec3b2b","val/accuracy","5999","1775505334741","0.6379432678222656"
"ssl_emnist_balanced_conv-seed5","e5efbb4b7fd7495fa7382b3d13ec3b2b","val/accuracy","6099","1775505394120","0.6353723406791687"
"ssl_emnist_balanced_conv-seed5","e5efbb4b7fd7495fa7382b3d13ec3b2b","val/accuracy","6199","1775505452013","0.6343971490859985"
"ssl_emnist_balanced_conv-seed5","e5efbb4b7fd7495fa7382b3d13ec3b2b","val/accuracy","6299","1775505510481","0.6349290609359741"
"ssl_emnist_balanced_conv-seed5","e5efbb4b7fd7495fa7382b3d13ec3b2b","val/accuracy","6399","1775505568561","0.6361702084541321"
"ssl_emnist_balanced_conv-seed5","e5efbb4b7fd7495fa7382b3d13ec3b2b","val/accuracy","6499","1775505626157","0.6365247964859009"
"ssl_emnist_balanced_conv-seed5","e5efbb4b7fd7495fa7382b3d13ec3b2b","val/accuracy","6599","1775505685197","0.6379432678222656"
"ssl_emnist_balanced_conv-seed5","e5efbb4b7fd7495fa7382b3d13ec3b2b","val/accuracy","6699","1775505742921","0.6390957236289978"
"ssl_emnist_balanced_conv-seed5","e5efbb4b7fd7495fa7382b3d13ec3b2b","val/accuracy","6799","1775505801332","0.6368794441223145"
"ssl_emnist_balanced_conv-seed5","e5efbb4b7fd7495fa7382b3d13ec3b2b","val/accuracy","6899","1775505859473","0.6354609727859497"
"ssl_emnist_balanced_conv-seed5","e5efbb4b7fd7495fa7382b3d13ec3b2b","val/accuracy","6999","1775505917681","0.6402482390403748"
"ssl_emnist_balanced_conv-seed5","e5efbb4b7fd7495fa7382b3d13ec3b2b","val/accuracy","7099","1775505976860","0.6380318999290466"
"ssl_emnist_balanced_conv-seed5","e5efbb4b7fd7495fa7382b3d13ec3b2b","val/accuracy","7199","1775506036461","0.6392730474472046"
"ssl_emnist_balanced_conv-seed5","e5efbb4b7fd7495fa7382b3d13ec3b2b","val/accuracy","7299","1775506096177","0.6391844153404236"
"ssl_emnist_balanced_conv-seed5","e5efbb4b7fd7495fa7382b3d13ec3b2b","val/accuracy","7399","1775506154761","0.6364361643791199"
"ssl_emnist_balanced_conv-seed5","e5efbb4b7fd7495fa7382b3d13ec3b2b","val/accuracy","7499","1775506212541","0.6395390033721924"
"ssl_emnist_balanced_conv-seed5","e5efbb4b7fd7495fa7382b3d13ec3b2b","val/accuracy","7599","1775506271890","0.6368794441223145"
"ssl_emnist_balanced_conv-seed5","e5efbb4b7fd7495fa7382b3d13ec3b2b","val/accuracy","7699","1775506331069","0.6398049592971802"
"ssl_emnist_balanced_conv-seed5","e5efbb4b7fd7495fa7382b3d13ec3b2b","val/accuracy","7799","1775506391664","0.6364361643791199"
"ssl_emnist_balanced_conv-seed5","e5efbb4b7fd7495fa7382b3d13ec3b2b","val/accuracy","7899","1775506449817","0.638652503490448"
"ssl_emnist_balanced_conv-seed5","e5efbb4b7fd7495fa7382b3d13ec3b2b","val/accuracy","7999","1775506510052","0.6370567083358765"
"ssl_emnist_balanced_conv-seed5","e5efbb4b7fd7495fa7382b3d13ec3b2b","val/accuracy","8099","1775506568953","0.6380318999290466"
"ssl_emnist_balanced_conv-seed5","e5efbb4b7fd7495fa7382b3d13ec3b2b","val/accuracy","8199","1775506628800","0.6382978558540344"
"ssl_emnist_balanced_conv-seed5","e5efbb4b7fd7495fa7382b3d13ec3b2b","val/accuracy","8299","1775506687432","0.6366134881973267"
"ssl_emnist_balanced_conv-seed5","e5efbb4b7fd7495fa7382b3d13ec3b2b","val/accuracy","8399","1775506745888","0.6380318999290466"
"ssl_emnist_balanced_conv-seed5","e5efbb4b7fd7495fa7382b3d13ec3b2b","val/accuracy","8499","1775506806736","0.6385638117790222"
"ssl_emnist_balanced_conv-seed5","e5efbb4b7fd7495fa7382b3d13ec3b2b","val/accuracy","8599","1775506867029","0.640070915222168"
"ssl_emnist_balanced_conv-seed5","e5efbb4b7fd7495fa7382b3d13ec3b2b","val/accuracy","8699","1775506926180","0.6416666507720947"
"ssl_emnist_balanced_conv-seed5","e5efbb4b7fd7495fa7382b3d13ec3b2b","val/accuracy","8799","1775506986628","0.6363475322723389"
"ssl_emnist_balanced_conv-seed5","e5efbb4b7fd7495fa7382b3d13ec3b2b","val/accuracy","8899","1775507046820","0.6385638117790222"
"ssl_emnist_balanced_conv-seed5","e5efbb4b7fd7495fa7382b3d13ec3b2b","val/accuracy","8999","1775507105581","0.6368794441223145"
"ssl_emnist_balanced_conv-seed5","e5efbb4b7fd7495fa7382b3d13ec3b2b","val/accuracy","9099","1775507164636","0.6391844153404236"
"ssl_emnist_balanced_conv-seed5","e5efbb4b7fd7495fa7382b3d13ec3b2b","val/accuracy","9199","1775507224304","0.640159547328949"
"ssl_emnist_balanced_conv-seed5","e5efbb4b7fd7495fa7382b3d13ec3b2b","val/accuracy","9299","1775507282540","0.6390070915222168"
"ssl_emnist_balanced_conv-seed5","e5efbb4b7fd7495fa7382b3d13ec3b2b","val/accuracy","9399","1775507341401","0.6384751796722412"
"ssl_emnist_balanced_conv-seed5","e5efbb4b7fd7495fa7382b3d13ec3b2b","val/accuracy","9499","1775507401505","0.638652503490448"
"ssl_emnist_balanced_conv-seed5","e5efbb4b7fd7495fa7382b3d13ec3b2b","val/accuracy","9599","1775507462456","0.6389184594154358"
"ssl_emnist_balanced_conv-seed5","e5efbb4b7fd7495fa7382b3d13ec3b2b","val/accuracy","9699","1775507520700","0.6395390033721924"
"ssl_emnist_balanced_conv-seed5","e5efbb4b7fd7495fa7382b3d13ec3b2b","val/accuracy","9799","1775507578813","0.6408687829971313"
"ssl_emnist_balanced_conv-seed5","e5efbb4b7fd7495fa7382b3d13ec3b2b","val/accuracy","9899","1775507640396","0.6418439745903015"
"ssl_emnist_balanced_conv-seed5","e5efbb4b7fd7495fa7382b3d13ec3b2b","val/accuracy","9999","1775507703212","0.6390070915222168"
"ssl_emnist_balanced_conv-seed4","c0fc4faf25934295bdaea6052d67c2f3","val/accuracy","99","1775501764608","0.27322694659233093"
"ssl_emnist_balanced_conv-seed4","c0fc4faf25934295bdaea6052d67c2f3","val/accuracy","199","1775501796833","0.2645390033721924"
"ssl_emnist_balanced_conv-seed4","c0fc4faf25934295bdaea6052d67c2f3","val/accuracy","299","1775501825948","0.26976948976516724"
"ssl_emnist_balanced_conv-seed4","c0fc4faf25934295bdaea6052d67c2f3","val/accuracy","399","1775501874721","0.3580673635005951"
"ssl_emnist_balanced_conv-seed4","c0fc4faf25934295bdaea6052d67c2f3","val/accuracy","499","1775501929796","0.3913120627403259"
"ssl_emnist_balanced_conv-seed4","c0fc4faf25934295bdaea6052d67c2f3","val/accuracy","599","1775501982981","0.41879433393478394"
"ssl_emnist_balanced_conv-seed4","c0fc4faf25934295bdaea6052d67c2f3","val/accuracy","699","1775502036628","0.44237589836120605"
"ssl_emnist_balanced_conv-seed4","c0fc4faf25934295bdaea6052d67c2f3","val/accuracy","799","1775502089140","0.45984041690826416"
"ssl_emnist_balanced_conv-seed4","c0fc4faf25934295bdaea6052d67c2f3","val/accuracy","899","1775502144241","0.4754432737827301"
"ssl_emnist_balanced_conv-seed4","c0fc4faf25934295bdaea6052d67c2f3","val/accuracy","999","1775502199333","0.48386526107788086"
"ssl_emnist_balanced_conv-seed4","c0fc4faf25934295bdaea6052d67c2f3","val/accuracy","1099","1775502253016","0.49432623386383057"
"ssl_emnist_balanced_conv-seed4","c0fc4faf25934295bdaea6052d67c2f3","val/accuracy","1199","1775502308436","0.5004432797431946"
"ssl_emnist_balanced_conv-seed4","c0fc4faf25934295bdaea6052d67c2f3","val/accuracy","1299","1775502363100","0.5072695016860962"
"ssl_emnist_balanced_conv-seed4","c0fc4faf25934295bdaea6052d67c2f3","val/accuracy","1399","1775502417889","0.5132978558540344"
"ssl_emnist_balanced_conv-seed4","c0fc4faf25934295bdaea6052d67c2f3","val/accuracy","1499","1775502474416","0.5187056660652161"
"ssl_emnist_balanced_conv-seed4","c0fc4faf25934295bdaea6052d67c2f3","val/accuracy","1599","1775502529586","0.5241134762763977"
"ssl_emnist_balanced_conv-seed4","c0fc4faf25934295bdaea6052d67c2f3","val/accuracy","1699","1775502584500","0.5296099185943604"
"ssl_emnist_balanced_conv-seed4","c0fc4faf25934295bdaea6052d67c2f3","val/accuracy","1799","1775502640668","0.5314716100692749"
"ssl_emnist_balanced_conv-seed4","c0fc4faf25934295bdaea6052d67c2f3","val/accuracy","1899","1775502695912","0.5390070676803589"
"ssl_emnist_balanced_conv-seed4","c0fc4faf25934295bdaea6052d67c2f3","val/accuracy","1999","1775502751564","0.5391843914985657"
"ssl_emnist_balanced_conv-seed4","c0fc4faf25934295bdaea6052d67c2f3","val/accuracy","2099","1775502807356","0.5404255390167236"
"ssl_emnist_balanced_conv-seed4","c0fc4faf25934295bdaea6052d67c2f3","val/accuracy","2199","1775502864380","0.5452127456665039"
"ssl_emnist_balanced_conv-seed4","c0fc4faf25934295bdaea6052d67c2f3","val/accuracy","2299","1775502920768","0.5508865118026733"
"ssl_emnist_balanced_conv-seed4","c0fc4faf25934295bdaea6052d67c2f3","val/accuracy","2399","1775502976556","0.5531028509140015"
"ssl_emnist_balanced_conv-seed4","c0fc4faf25934295bdaea6052d67c2f3","val/accuracy","2499","1775503033372","0.5546985864639282"
"ssl_emnist_balanced_conv-seed4","c0fc4faf25934295bdaea6052d67c2f3","val/accuracy","2599","1775503089864","0.5577127933502197"
"ssl_emnist_balanced_conv-seed4","c0fc4faf25934295bdaea6052d67c2f3","val/accuracy","2699","1775503146784","0.5561169981956482"
"ssl_emnist_balanced_conv-seed4","c0fc4faf25934295bdaea6052d67c2f3","val/accuracy","2799","1775503204576","0.5617021322250366"
"ssl_emnist_balanced_conv-seed4","c0fc4faf25934295bdaea6052d67c2f3","val/accuracy","2899","1775503264336","0.5632978677749634"
"ssl_emnist_balanced_conv-seed4","c0fc4faf25934295bdaea6052d67c2f3","val/accuracy","2999","1775503343952","0.5640957355499268"
"ssl_emnist_balanced_conv-seed4","c0fc4faf25934295bdaea6052d67c2f3","val/accuracy","3099","1775503558220","0.5661347508430481"
"ssl_emnist_balanced_conv-seed4","c0fc4faf25934295bdaea6052d67c2f3","val/accuracy","3199","1775503615397","0.5676418542861938"
"ssl_emnist_balanced_conv-seed4","c0fc4faf25934295bdaea6052d67c2f3","val/accuracy","3299","1775503672217","0.5685283541679382"
"ssl_emnist_balanced_conv-seed4","c0fc4faf25934295bdaea6052d67c2f3","val/accuracy","3399","1775503728253","0.5684397220611572"
"ssl_emnist_balanced_conv-seed4","c0fc4faf25934295bdaea6052d67c2f3","val/accuracy","3499","1775503785256","0.568794310092926"
"ssl_emnist_balanced_conv-seed4","c0fc4faf25934295bdaea6052d67c2f3","val/accuracy","3599","1775503844289","0.5675531625747681"
"ssl_emnist_balanced_conv-seed4","c0fc4faf25934295bdaea6052d67c2f3","val/accuracy","3699","1775503900528","0.5710106492042542"
"ssl_emnist_balanced_conv-seed4","c0fc4faf25934295bdaea6052d67c2f3","val/accuracy","3799","1775503958264","0.5697695016860962"
"ssl_emnist_balanced_conv-seed4","c0fc4faf25934295bdaea6052d67c2f3","val/accuracy","3899","1775504016412","0.5716311931610107"
"ssl_emnist_balanced_conv-seed4","c0fc4faf25934295bdaea6052d67c2f3","val/accuracy","3999","1775504075137","0.5709219574928284"
"ssl_emnist_balanced_conv-seed4","c0fc4faf25934295bdaea6052d67c2f3","val/accuracy","4099","1775504131257","0.5727837085723877"
"ssl_emnist_balanced_conv-seed4","c0fc4faf25934295bdaea6052d67c2f3","val/accuracy","4199","1775504189792","0.574822723865509"
"ssl_emnist_balanced_conv-seed4","c0fc4faf25934295bdaea6052d67c2f3","val/accuracy","4299","1775504248156","0.570035457611084"
"ssl_emnist_balanced_conv-seed4","c0fc4faf25934295bdaea6052d67c2f3","val/accuracy","4399","1775504306524","0.5724290609359741"
"ssl_emnist_balanced_conv-seed4","c0fc4faf25934295bdaea6052d67c2f3","val/accuracy","4499","1775504363940","0.5702127814292908"
"ssl_emnist_balanced_conv-seed4","c0fc4faf25934295bdaea6052d67c2f3","val/accuracy","4599","1775504420865","0.5730496644973755"
"ssl_emnist_balanced_conv-seed4","c0fc4faf25934295bdaea6052d67c2f3","val/accuracy","4699","1775504478884","0.5727837085723877"
"ssl_emnist_balanced_conv-seed4","c0fc4faf25934295bdaea6052d67c2f3","val/accuracy","4799","1775504538208","0.5735815763473511"
"ssl_emnist_balanced_conv-seed4","c0fc4faf25934295bdaea6052d67c2f3","val/accuracy","4899","1775504595628","0.5734042525291443"
"ssl_emnist_balanced_conv-seed4","c0fc4faf25934295bdaea6052d67c2f3","val/accuracy","4999","1775504653636","0.5770390033721924"
"ssl_emnist_balanced_conv-seed4","c0fc4faf25934295bdaea6052d67c2f3","val/accuracy","5099","1775504714076","0.5741134881973267"
"ssl_emnist_balanced_conv-seed4","c0fc4faf25934295bdaea6052d67c2f3","val/accuracy","5199","1775504771284","0.5765070915222168"
"ssl_emnist_balanced_conv-seed4","c0fc4faf25934295bdaea6052d67c2f3","val/accuracy","5299","1775504829565","0.5785461068153381"
"ssl_emnist_balanced_conv-seed4","c0fc4faf25934295bdaea6052d67c2f3","val/accuracy","5399","1775504888164","0.5759751796722412"
"ssl_emnist_balanced_conv-seed4","c0fc4faf25934295bdaea6052d67c2f3","val/accuracy","5499","1775504946312","0.576241135597229"
"ssl_emnist_balanced_conv-seed4","c0fc4faf25934295bdaea6052d67c2f3","val/accuracy","5599","1775505006224","0.5757092237472534"
"ssl_emnist_balanced_conv-seed4","c0fc4faf25934295bdaea6052d67c2f3","val/accuracy","5699","1775505063833","0.5736702084541321"
"ssl_emnist_balanced_conv-seed4","c0fc4faf25934295bdaea6052d67c2f3","val/accuracy","5799","1775505124628","0.5759751796722412"
"ssl_emnist_balanced_conv-seed4","c0fc4faf25934295bdaea6052d67c2f3","val/accuracy","5899","1775505181753","0.57632976770401"
"ssl_emnist_balanced_conv-seed4","c0fc4faf25934295bdaea6052d67c2f3","val/accuracy","5999","1775505239908","0.5732269287109375"
"ssl_emnist_balanced_conv-seed4","c0fc4faf25934295bdaea6052d67c2f3","val/accuracy","6099","1775505330580","0.5757092237472534"
"ssl_emnist_balanced_conv-seed4","c0fc4faf25934295bdaea6052d67c2f3","val/accuracy","6199","1775505390552","0.5753546357154846"
"ssl_emnist_balanced_conv-seed4","c0fc4faf25934295bdaea6052d67c2f3","val/accuracy","6299","1775505448000","0.574822723865509"
"ssl_emnist_balanced_conv-seed4","c0fc4faf25934295bdaea6052d67c2f3","val/accuracy","6399","1775505504581","0.5770390033721924"
"ssl_emnist_balanced_conv-seed4","c0fc4faf25934295bdaea6052d67c2f3","val/accuracy","6499","1775505561365","0.5746454000473022"
"ssl_emnist_balanced_conv-seed4","c0fc4faf25934295bdaea6052d67c2f3","val/accuracy","6599","1775505618544","0.5755318999290466"
"ssl_emnist_balanced_conv-seed4","c0fc4faf25934295bdaea6052d67c2f3","val/accuracy","6699","1775505674944","0.5765070915222168"
"ssl_emnist_balanced_conv-seed4","c0fc4faf25934295bdaea6052d67c2f3","val/accuracy","6799","1775505731516","0.5754432678222656"
"ssl_emnist_balanced_conv-seed4","c0fc4faf25934295bdaea6052d67c2f3","val/accuracy","6899","1775505788448","0.5771276354789734"
"ssl_emnist_balanced_conv-seed4","c0fc4faf25934295bdaea6052d67c2f3","val/accuracy","6999","1775505846048","0.5755318999290466"
"ssl_emnist_balanced_conv-seed4","c0fc4faf25934295bdaea6052d67c2f3","val/accuracy","7099","1775505904392","0.5779255032539368"
"ssl_emnist_balanced_conv-seed4","c0fc4faf25934295bdaea6052d67c2f3","val/accuracy","7199","1775505960628","0.5746454000473022"
"ssl_emnist_balanced_conv-seed4","c0fc4faf25934295bdaea6052d67c2f3","val/accuracy","7299","1775506018676","0.5781915187835693"
"ssl_emnist_balanced_conv-seed4","c0fc4faf25934295bdaea6052d67c2f3","val/accuracy","7399","1775506074560","0.576152503490448"
"ssl_emnist_balanced_conv-seed4","c0fc4faf25934295bdaea6052d67c2f3","val/accuracy","7499","1775506131864","0.5758865475654602"
"ssl_emnist_balanced_conv-seed4","c0fc4faf25934295bdaea6052d67c2f3","val/accuracy","7599","1775506189828","0.5769503712654114"
"ssl_emnist_balanced_conv-seed4","c0fc4faf25934295bdaea6052d67c2f3","val/accuracy","7699","1775506250573","0.5789893865585327"
"ssl_emnist_balanced_conv-seed4","c0fc4faf25934295bdaea6052d67c2f3","val/accuracy","7799","1775506306980","0.5735815763473511"
"ssl_emnist_balanced_conv-seed4","c0fc4faf25934295bdaea6052d67c2f3","val/accuracy","7899","1775506365601","0.5783687829971313"
"ssl_emnist_balanced_conv-seed4","c0fc4faf25934295bdaea6052d67c2f3","val/accuracy","7999","1775506424684","0.5760638117790222"
"ssl_emnist_balanced_conv-seed4","c0fc4faf25934295bdaea6052d67c2f3","val/accuracy","8099","1775506481660","0.5751773118972778"
"ssl_emnist_balanced_conv-seed4","c0fc4faf25934295bdaea6052d67c2f3","val/accuracy","8199","1775506539173","0.5773935914039612"
"ssl_emnist_balanced_conv-seed4","c0fc4faf25934295bdaea6052d67c2f3","val/accuracy","8299","1775506596752","0.5767730474472046"
"ssl_emnist_balanced_conv-seed4","c0fc4faf25934295bdaea6052d67c2f3","val/accuracy","8399","1775506654872","0.5765957236289978"
"ssl_emnist_balanced_conv-seed4","c0fc4faf25934295bdaea6052d67c2f3","val/accuracy","8499","1775506714596","0.5785461068153381"
"ssl_emnist_balanced_conv-seed4","c0fc4faf25934295bdaea6052d67c2f3","val/accuracy","8599","1775506772217","0.5750886797904968"
"ssl_emnist_balanced_conv-seed4","c0fc4faf25934295bdaea6052d67c2f3","val/accuracy","8699","1775506829472","0.5755318999290466"
"ssl_emnist_balanced_conv-seed4","c0fc4faf25934295bdaea6052d67c2f3","val/accuracy","8799","1775506886904","0.577482283115387"
"ssl_emnist_balanced_conv-seed4","c0fc4faf25934295bdaea6052d67c2f3","val/accuracy","8899","1775506944420","0.5800532102584839"
"ssl_emnist_balanced_conv-seed4","c0fc4faf25934295bdaea6052d67c2f3","val/accuracy","8999","1775507003968","0.5766844153404236"
"ssl_emnist_balanced_conv-seed4","c0fc4faf25934295bdaea6052d67c2f3","val/accuracy","9099","1775507061089","0.5785461068153381"
"ssl_emnist_balanced_conv-seed4","c0fc4faf25934295bdaea6052d67c2f3","val/accuracy","9199","1775507117808","0.5804077982902527"
"ssl_emnist_balanced_conv-seed4","c0fc4faf25934295bdaea6052d67c2f3","val/accuracy","9299","1775507175376","0.5795212984085083"
"ssl_emnist_balanced_conv-seed4","c0fc4faf25934295bdaea6052d67c2f3","val/accuracy","9399","1775507232688","0.5791666507720947"
"ssl_emnist_balanced_conv-seed4","c0fc4faf25934295bdaea6052d67c2f3","val/accuracy","9499","1775507290685","0.577482283115387"
"ssl_emnist_balanced_conv-seed4","c0fc4faf25934295bdaea6052d67c2f3","val/accuracy","9599","1775507347352","0.5773935914039612"
"ssl_emnist_balanced_conv-seed4","c0fc4faf25934295bdaea6052d67c2f3","val/accuracy","9699","1775507405581","0.5771276354789734"
"ssl_emnist_balanced_conv-seed4","c0fc4faf25934295bdaea6052d67c2f3","val/accuracy","9799","1775507462313","0.5746454000473022"
"ssl_emnist_balanced_conv-seed4","c0fc4faf25934295bdaea6052d67c2f3","val/accuracy","9899","1775507520400","0.5778368711471558"
"ssl_emnist_balanced_conv-seed4","c0fc4faf25934295bdaea6052d67c2f3","val/accuracy","9999","1775507577572","0.5780141949653625"
"ssl_emnist_balanced_conv-seed3","1444fd177f9c4293a55354ceedbd98e0","val/accuracy","99","1775501740108","0.26285460591316223"
"ssl_emnist_balanced_conv-seed3","1444fd177f9c4293a55354ceedbd98e0","val/accuracy","199","1775501775172","0.2873227000236511"
"ssl_emnist_balanced_conv-seed3","1444fd177f9c4293a55354ceedbd98e0","val/accuracy","299","1775501807969","0.2950354516506195"
"ssl_emnist_balanced_conv-seed3","1444fd177f9c4293a55354ceedbd98e0","val/accuracy","399","1775501858624","0.3714539110660553"
"ssl_emnist_balanced_conv-seed3","1444fd177f9c4293a55354ceedbd98e0","val/accuracy","499","1775501913112","0.40815603733062744"
"ssl_emnist_balanced_conv-seed3","1444fd177f9c4293a55354ceedbd98e0","val/accuracy","599","1775501966200","0.43652480840682983"
"ssl_emnist_balanced_conv-seed3","1444fd177f9c4293a55354ceedbd98e0","val/accuracy","699","1775502022288","0.4657801389694214"
"ssl_emnist_balanced_conv-seed3","1444fd177f9c4293a55354ceedbd98e0","val/accuracy","799","1775502081508","0.4863475263118744"
"ssl_emnist_balanced_conv-seed3","1444fd177f9c4293a55354ceedbd98e0","val/accuracy","899","1775502138441","0.5028368830680847"
"ssl_emnist_balanced_conv-seed3","1444fd177f9c4293a55354ceedbd98e0","val/accuracy","999","1775502194308","0.5168439745903015"
"ssl_emnist_balanced_conv-seed3","1444fd177f9c4293a55354ceedbd98e0","val/accuracy","1099","1775502251316","0.527482271194458"
"ssl_emnist_balanced_conv-seed3","1444fd177f9c4293a55354ceedbd98e0","val/accuracy","1199","1775502309689","0.5382978916168213"
"ssl_emnist_balanced_conv-seed3","1444fd177f9c4293a55354ceedbd98e0","val/accuracy","1299","1775502365956","0.5455673933029175"
"ssl_emnist_balanced_conv-seed3","1444fd177f9c4293a55354ceedbd98e0","val/accuracy","1399","1775502423920","0.5515957474708557"
"ssl_emnist_balanced_conv-seed3","1444fd177f9c4293a55354ceedbd98e0","val/accuracy","1499","1775502480316","0.5629432797431946"
"ssl_emnist_balanced_conv-seed3","1444fd177f9c4293a55354ceedbd98e0","val/accuracy","1599","1775502539965","0.5697695016860962"
"ssl_emnist_balanced_conv-seed3","1444fd177f9c4293a55354ceedbd98e0","val/accuracy","1699","1775502596624","0.577659547328949"
"ssl_emnist_balanced_conv-seed3","1444fd177f9c4293a55354ceedbd98e0","val/accuracy","1799","1775502653548","0.5834220051765442"
"ssl_emnist_balanced_conv-seed3","1444fd177f9c4293a55354ceedbd98e0","val/accuracy","1899","1775502710820","0.591223418712616"
"ssl_emnist_balanced_conv-seed3","1444fd177f9c4293a55354ceedbd98e0","val/accuracy","1999","1775502769368","0.5932624340057373"
"ssl_emnist_balanced_conv-seed3","1444fd177f9c4293a55354ceedbd98e0","val/accuracy","2099","1775502826656","0.596187949180603"
"ssl_emnist_balanced_conv-seed3","1444fd177f9c4293a55354ceedbd98e0","val/accuracy","2199","1775502883900","0.6018617153167725"
"ssl_emnist_balanced_conv-seed3","1444fd177f9c4293a55354ceedbd98e0","val/accuracy","2299","1775502940456","0.6062057018280029"
"ssl_emnist_balanced_conv-seed3","1444fd177f9c4293a55354ceedbd98e0","val/accuracy","2399","1775503001220","0.6079787015914917"
"ssl_emnist_balanced_conv-seed3","1444fd177f9c4293a55354ceedbd98e0","val/accuracy","2499","1775503058812","0.6122340559959412"
"ssl_emnist_balanced_conv-seed3","1444fd177f9c4293a55354ceedbd98e0","val/accuracy","2599","1775503117448","0.6131205558776855"
"ssl_emnist_balanced_conv-seed3","1444fd177f9c4293a55354ceedbd98e0","val/accuracy","2699","1775503176732","0.6172872185707092"
"ssl_emnist_balanced_conv-seed3","1444fd177f9c4293a55354ceedbd98e0","val/accuracy","2799","1775503235216","0.6209219694137573"
"ssl_emnist_balanced_conv-seed3","1444fd177f9c4293a55354ceedbd98e0","val/accuracy","2899","1775503293988","0.620124101638794"
"ssl_emnist_balanced_conv-seed3","1444fd177f9c4293a55354ceedbd98e0","val/accuracy","2999","1775503543244","0.6212766170501709"
"ssl_emnist_balanced_conv-seed3","1444fd177f9c4293a55354ceedbd98e0","val/accuracy","3099","1775503602408","0.6210992932319641"
"ssl_emnist_balanced_conv-seed3","1444fd177f9c4293a55354ceedbd98e0","val/accuracy","3199","1775503661472","0.6234928965568542"
"ssl_emnist_balanced_conv-seed3","1444fd177f9c4293a55354ceedbd98e0","val/accuracy","3299","1775503723764","0.6260638236999512"
"ssl_emnist_balanced_conv-seed3","1444fd177f9c4293a55354ceedbd98e0","val/accuracy","3399","1775503783076","0.6211879253387451"
"ssl_emnist_balanced_conv-seed3","1444fd177f9c4293a55354ceedbd98e0","val/accuracy","3499","1775503841552","0.6252659559249878"
"ssl_emnist_balanced_conv-seed3","1444fd177f9c4293a55354ceedbd98e0","val/accuracy","3599","1775503900972","0.6253545880317688"
"ssl_emnist_balanced_conv-seed3","1444fd177f9c4293a55354ceedbd98e0","val/accuracy","3699","1775503962096","0.6269503831863403"
"ssl_emnist_balanced_conv-seed3","1444fd177f9c4293a55354ceedbd98e0","val/accuracy","3799","1775504021111","0.6257978677749634"
"ssl_emnist_balanced_conv-seed3","1444fd177f9c4293a55354ceedbd98e0","val/accuracy","3899","1775504079648","0.6248226761817932"
"ssl_emnist_balanced_conv-seed3","1444fd177f9c4293a55354ceedbd98e0","val/accuracy","3999","1775504138512","0.624911367893219"
"ssl_emnist_balanced_conv-seed3","1444fd177f9c4293a55354ceedbd98e0","val/accuracy","4099","1775504200272","0.6269503831863403"
"ssl_emnist_balanced_conv-seed3","1444fd177f9c4293a55354ceedbd98e0","val/accuracy","4199","1775504258702","0.62641841173172"
"ssl_emnist_balanced_conv-seed3","1444fd177f9c4293a55354ceedbd98e0","val/accuracy","4299","1775504317536","0.6279255151748657"
"ssl_emnist_balanced_conv-seed3","1444fd177f9c4293a55354ceedbd98e0","val/accuracy","4399","1775504377116","0.626329779624939"
"ssl_emnist_balanced_conv-seed3","1444fd177f9c4293a55354ceedbd98e0","val/accuracy","4499","1775504436116","0.6273936033248901"
"ssl_emnist_balanced_conv-seed3","1444fd177f9c4293a55354ceedbd98e0","val/accuracy","4599","1775504494076","0.6256205439567566"
"ssl_emnist_balanced_conv-seed3","1444fd177f9c4293a55354ceedbd98e0","val/accuracy","4699","1775504551505","0.6268616914749146"
"ssl_emnist_balanced_conv-seed3","1444fd177f9c4293a55354ceedbd98e0","val/accuracy","4799","1775504611260","0.6267730593681335"
"ssl_emnist_balanced_conv-seed3","1444fd177f9c4293a55354ceedbd98e0","val/accuracy","4899","1775504672768","0.6280142068862915"
"ssl_emnist_balanced_conv-seed3","1444fd177f9c4293a55354ceedbd98e0","val/accuracy","4999","1775504730756","0.6272163391113281"
"ssl_emnist_balanced_conv-seed3","1444fd177f9c4293a55354ceedbd98e0","val/accuracy","5099","1775504790657","0.6244680881500244"
"ssl_emnist_balanced_conv-seed3","1444fd177f9c4293a55354ceedbd98e0","val/accuracy","5199","1775504848753","0.6274822950363159"
"ssl_emnist_balanced_conv-seed3","1444fd177f9c4293a55354ceedbd98e0","val/accuracy","5299","1775504908024","0.6276595592498779"
"ssl_emnist_balanced_conv-seed3","1444fd177f9c4293a55354ceedbd98e0","val/accuracy","5399","1775504966100","0.6285461187362671"
"ssl_emnist_balanced_conv-seed3","1444fd177f9c4293a55354ceedbd98e0","val/accuracy","5499","1775505024673","0.626241147518158"
"ssl_emnist_balanced_conv-seed3","1444fd177f9c4293a55354ceedbd98e0","val/accuracy","5599","1775505085040","0.6281028389930725"
"ssl_emnist_balanced_conv-seed3","1444fd177f9c4293a55354ceedbd98e0","val/accuracy","5699","1775505146160","0.6270390152931213"
"ssl_emnist_balanced_conv-seed3","1444fd177f9c4293a55354ceedbd98e0","val/accuracy","5799","1775505203620","0.6275709271430969"
"ssl_emnist_balanced_conv-seed3","1444fd177f9c4293a55354ceedbd98e0","val/accuracy","5899","1775505306400","0.6254432797431946"
"ssl_emnist_balanced_conv-seed3","1444fd177f9c4293a55354ceedbd98e0","val/accuracy","5999","1775505366353","0.629875898361206"
"ssl_emnist_balanced_conv-seed3","1444fd177f9c4293a55354ceedbd98e0","val/accuracy","6099","1775505426456","0.6269503831863403"
"ssl_emnist_balanced_conv-seed3","1444fd177f9c4293a55354ceedbd98e0","val/accuracy","6199","1775505487201","0.6280142068862915"
"ssl_emnist_balanced_conv-seed3","1444fd177f9c4293a55354ceedbd98e0","val/accuracy","6299","1775505548345","0.6285461187362671"
"ssl_emnist_balanced_conv-seed3","1444fd177f9c4293a55354ceedbd98e0","val/accuracy","6399","1775505609308","0.6268616914749146"
"ssl_emnist_balanced_conv-seed3","1444fd177f9c4293a55354ceedbd98e0","val/accuracy","6499","1775505669020","0.6283687949180603"
"ssl_emnist_balanced_conv-seed3","1444fd177f9c4293a55354ceedbd98e0","val/accuracy","6599","1775505729136","0.6267730593681335"
"ssl_emnist_balanced_conv-seed3","1444fd177f9c4293a55354ceedbd98e0","val/accuracy","6699","1775505788781","0.6281914710998535"
"ssl_emnist_balanced_conv-seed3","1444fd177f9c4293a55354ceedbd98e0","val/accuracy","6799","1775505848444","0.6261524558067322"
"ssl_emnist_balanced_conv-seed3","1444fd177f9c4293a55354ceedbd98e0","val/accuracy","6899","1775505907516","0.6294326186180115"
"ssl_emnist_balanced_conv-seed3","1444fd177f9c4293a55354ceedbd98e0","val/accuracy","6999","1775505967244","0.6289007067680359"
"ssl_emnist_balanced_conv-seed3","1444fd177f9c4293a55354ceedbd98e0","val/accuracy","7099","1775506026092","0.6290780305862427"
"ssl_emnist_balanced_conv-seed3","1444fd177f9c4293a55354ceedbd98e0","val/accuracy","7199","1775506085065","0.6303191781044006"
"ssl_emnist_balanced_conv-seed3","1444fd177f9c4293a55354ceedbd98e0","val/accuracy","7299","1775506144273","0.6278368830680847"
"ssl_emnist_balanced_conv-seed3","1444fd177f9c4293a55354ceedbd98e0","val/accuracy","7399","1775506202988","0.6269503831863403"
"ssl_emnist_balanced_conv-seed3","1444fd177f9c4293a55354ceedbd98e0","val/accuracy","7499","1775506263728","0.629875898361206"
"ssl_emnist_balanced_conv-seed3","1444fd177f9c4293a55354ceedbd98e0","val/accuracy","7599","1775506323942","0.6296099424362183"
"ssl_emnist_balanced_conv-seed3","1444fd177f9c4293a55354ceedbd98e0","val/accuracy","7699","1775506383592","0.6279255151748657"
"ssl_emnist_balanced_conv-seed3","1444fd177f9c4293a55354ceedbd98e0","val/accuracy","7799","1775506441653","0.6265957355499268"
"ssl_emnist_balanced_conv-seed3","1444fd177f9c4293a55354ceedbd98e0","val/accuracy","7899","1775506500889","0.6279255151748657"
"ssl_emnist_balanced_conv-seed3","1444fd177f9c4293a55354ceedbd98e0","val/accuracy","7999","1775506559996","0.6273049712181091"
"ssl_emnist_balanced_conv-seed3","1444fd177f9c4293a55354ceedbd98e0","val/accuracy","8099","1775506617661","0.6299645304679871"
"ssl_emnist_balanced_conv-seed3","1444fd177f9c4293a55354ceedbd98e0","val/accuracy","8199","1775506676884","0.6295212507247925"
"ssl_emnist_balanced_conv-seed3","1444fd177f9c4293a55354ceedbd98e0","val/accuracy","8299","1775506736860","0.6288120746612549"
"ssl_emnist_balanced_conv-seed3","1444fd177f9c4293a55354ceedbd98e0","val/accuracy","8399","1775506795281","0.6295212507247925"
"ssl_emnist_balanced_conv-seed3","1444fd177f9c4293a55354ceedbd98e0","val/accuracy","8499","1775506855444","0.632446825504303"
"ssl_emnist_balanced_conv-seed3","1444fd177f9c4293a55354ceedbd98e0","val/accuracy","8599","1775506913757","0.6285461187362671"
"ssl_emnist_balanced_conv-seed3","1444fd177f9c4293a55354ceedbd98e0","val/accuracy","8699","1775506972912","0.6303191781044006"
"ssl_emnist_balanced_conv-seed3","1444fd177f9c4293a55354ceedbd98e0","val/accuracy","8799","1775507031749","0.6273936033248901"
"ssl_emnist_balanced_conv-seed3","1444fd177f9c4293a55354ceedbd98e0","val/accuracy","8899","1775507090965","0.6296985745429993"
"ssl_emnist_balanced_conv-seed3","1444fd177f9c4293a55354ceedbd98e0","val/accuracy","8999","1775507152716","0.6280142068862915"
"ssl_emnist_balanced_conv-seed3","1444fd177f9c4293a55354ceedbd98e0","val/accuracy","9099","1775507211492","0.6286347508430481"
"ssl_emnist_balanced_conv-seed3","1444fd177f9c4293a55354ceedbd98e0","val/accuracy","9199","1775507270968","0.6293439865112305"
"ssl_emnist_balanced_conv-seed3","1444fd177f9c4293a55354ceedbd98e0","val/accuracy","9299","1775507330498","0.6291666626930237"
"ssl_emnist_balanced_conv-seed3","1444fd177f9c4293a55354ceedbd98e0","val/accuracy","9399","1775507389592","0.6289893388748169"
"ssl_emnist_balanced_conv-seed3","1444fd177f9c4293a55354ceedbd98e0","val/accuracy","9499","1775507449972","0.6270390152931213"
"ssl_emnist_balanced_conv-seed3","1444fd177f9c4293a55354ceedbd98e0","val/accuracy","9599","1775507509680","0.6257978677749634"
"ssl_emnist_balanced_conv-seed3","1444fd177f9c4293a55354ceedbd98e0","val/accuracy","9699","1775507568480","0.6304078102111816"
"ssl_emnist_balanced_conv-seed3","1444fd177f9c4293a55354ceedbd98e0","val/accuracy","9799","1775507629628","0.6290780305862427"
"ssl_emnist_balanced_conv-seed3","1444fd177f9c4293a55354ceedbd98e0","val/accuracy","9899","1775507691348","0.6267730593681335"
"ssl_emnist_balanced_conv-seed3","1444fd177f9c4293a55354ceedbd98e0","val/accuracy","9999","1775507752020","0.6289893388748169"
"ssl_emnist_balanced_conv-seed2","61c6757f781d48b4b7d9cf0438e62eed","val/accuracy","99","1775501698752","0.2750000059604645"
"ssl_emnist_balanced_conv-seed2","61c6757f781d48b4b7d9cf0438e62eed","val/accuracy","199","1775501730000","0.30008864402770996"
"ssl_emnist_balanced_conv-seed2","61c6757f781d48b4b7d9cf0438e62eed","val/accuracy","299","1775501764652","0.2984929084777832"
"ssl_emnist_balanced_conv-seed2","61c6757f781d48b4b7d9cf0438e62eed","val/accuracy","399","1775501815304","0.37384751439094543"
"ssl_emnist_balanced_conv-seed2","61c6757f781d48b4b7d9cf0438e62eed","val/accuracy","499","1775501868904","0.42154255509376526"
"ssl_emnist_balanced_conv-seed2","61c6757f781d48b4b7d9cf0438e62eed","val/accuracy","599","1775501923908","0.4552305042743683"
"ssl_emnist_balanced_conv-seed2","61c6757f781d48b4b7d9cf0438e62eed","val/accuracy","699","1775501979160","0.4854609966278076"
"ssl_emnist_balanced_conv-seed2","61c6757f781d48b4b7d9cf0438e62eed","val/accuracy","799","1775502033044","0.5082446932792664"
"ssl_emnist_balanced_conv-seed2","61c6757f781d48b4b7d9cf0438e62eed","val/accuracy","899","1775502088673","0.5282801389694214"
"ssl_emnist_balanced_conv-seed2","61c6757f781d48b4b7d9cf0438e62eed","val/accuracy","999","1775502144417","0.5394503474235535"
"ssl_emnist_balanced_conv-seed2","61c6757f781d48b4b7d9cf0438e62eed","val/accuracy","1099","1775502201592","0.5507978796958923"
"ssl_emnist_balanced_conv-seed2","61c6757f781d48b4b7d9cf0438e62eed","val/accuracy","1199","1775502258912","0.5581560134887695"
"ssl_emnist_balanced_conv-seed2","61c6757f781d48b4b7d9cf0438e62eed","val/accuracy","1299","1775502314832","0.5679078102111816"
"ssl_emnist_balanced_conv-seed2","61c6757f781d48b4b7d9cf0438e62eed","val/accuracy","1399","1775502371332","0.5731382966041565"
"ssl_emnist_balanced_conv-seed2","61c6757f781d48b4b7d9cf0438e62eed","val/accuracy","1499","1775502427325","0.5799645185470581"
"ssl_emnist_balanced_conv-seed2","61c6757f781d48b4b7d9cf0438e62eed","val/accuracy","1599","1775502483192","0.5847517848014832"
"ssl_emnist_balanced_conv-seed2","61c6757f781d48b4b7d9cf0438e62eed","val/accuracy","1699","1775502539176","0.5920212864875793"
"ssl_emnist_balanced_conv-seed2","61c6757f781d48b4b7d9cf0438e62eed","val/accuracy","1799","1775502595559","0.5971631407737732"
"ssl_emnist_balanced_conv-seed2","61c6757f781d48b4b7d9cf0438e62eed","val/accuracy","1899","1775502652912","0.6014184355735779"
"ssl_emnist_balanced_conv-seed2","61c6757f781d48b4b7d9cf0438e62eed","val/accuracy","1999","1775502709756","0.6048758625984192"
"ssl_emnist_balanced_conv-seed2","61c6757f781d48b4b7d9cf0438e62eed","val/accuracy","2099","1775502768992","0.6102836728096008"
"ssl_emnist_balanced_conv-seed2","61c6757f781d48b4b7d9cf0438e62eed","val/accuracy","2199","1775502826572","0.6114361882209778"
"ssl_emnist_balanced_conv-seed2","61c6757f781d48b4b7d9cf0438e62eed","val/accuracy","2299","1775502887436","0.6144503355026245"
"ssl_emnist_balanced_conv-seed2","61c6757f781d48b4b7d9cf0438e62eed","val/accuracy","2399","1775502946532","0.6167553067207336"
"ssl_emnist_balanced_conv-seed2","61c6757f781d48b4b7d9cf0438e62eed","val/accuracy","2499","1775503009608","0.6221631169319153"
"ssl_emnist_balanced_conv-seed2","61c6757f781d48b4b7d9cf0438e62eed","val/accuracy","2599","1775503067776","0.6257978677749634"
"ssl_emnist_balanced_conv-seed2","61c6757f781d48b4b7d9cf0438e62eed","val/accuracy","2699","1775503125073","0.6259751915931702"
"ssl_emnist_balanced_conv-seed2","61c6757f781d48b4b7d9cf0438e62eed","val/accuracy","2799","1775503182912","0.629875898361206"
"ssl_emnist_balanced_conv-seed2","61c6757f781d48b4b7d9cf0438e62eed","val/accuracy","2899","1775503240784","0.6328900456428528"
"ssl_emnist_balanced_conv-seed2","61c6757f781d48b4b7d9cf0438e62eed","val/accuracy","2999","1775503300305","0.6328014135360718"
"ssl_emnist_balanced_conv-seed2","61c6757f781d48b4b7d9cf0438e62eed","val/accuracy","3099","1775503554773","0.6341311931610107"
"ssl_emnist_balanced_conv-seed2","61c6757f781d48b4b7d9cf0438e62eed","val/accuracy","3199","1775503613004","0.6352837085723877"
"ssl_emnist_balanced_conv-seed2","61c6757f781d48b4b7d9cf0438e62eed","val/accuracy","3299","1775503671120","0.6351063847541809"
"ssl_emnist_balanced_conv-seed2","61c6757f781d48b4b7d9cf0438e62eed","val/accuracy","3399","1775503729736","0.6369680762290955"
"ssl_emnist_balanced_conv-seed2","61c6757f781d48b4b7d9cf0438e62eed","val/accuracy","3499","1775503788793","0.6355496644973755"
"ssl_emnist_balanced_conv-seed2","61c6757f781d48b4b7d9cf0438e62eed","val/accuracy","3599","1775503848869","0.6372340321540833"
"ssl_emnist_balanced_conv-seed2","61c6757f781d48b4b7d9cf0438e62eed","val/accuracy","3699","1775503907681","0.6396276354789734"
"ssl_emnist_balanced_conv-seed2","61c6757f781d48b4b7d9cf0438e62eed","val/accuracy","3799","1775503966736","0.6375886797904968"
"ssl_emnist_balanced_conv-seed2","61c6757f781d48b4b7d9cf0438e62eed","val/accuracy","3899","1775504025653","0.6361702084541321"
"ssl_emnist_balanced_conv-seed2","61c6757f781d48b4b7d9cf0438e62eed","val/accuracy","3999","1775504083669","0.6358156204223633"
"ssl_emnist_balanced_conv-seed2","61c6757f781d48b4b7d9cf0438e62eed","val/accuracy","4099","1775504141629","0.6354609727859497"
"ssl_emnist_balanced_conv-seed2","61c6757f781d48b4b7d9cf0438e62eed","val/accuracy","4199","1775504200701","0.6367907524108887"
"ssl_emnist_balanced_conv-seed2","61c6757f781d48b4b7d9cf0438e62eed","val/accuracy","4299","1775504260552","0.6343971490859985"
"ssl_emnist_balanced_conv-seed2","61c6757f781d48b4b7d9cf0438e62eed","val/accuracy","4399","1775504322040","0.6381205916404724"
"ssl_emnist_balanced_conv-seed2","61c6757f781d48b4b7d9cf0438e62eed","val/accuracy","4499","1775504381797","0.6343971490859985"
"ssl_emnist_balanced_conv-seed2","61c6757f781d48b4b7d9cf0438e62eed","val/accuracy","4599","1775504440612","0.6343085169792175"
"ssl_emnist_balanced_conv-seed2","61c6757f781d48b4b7d9cf0438e62eed","val/accuracy","4699","1775504499328","0.6375886797904968"
"ssl_emnist_balanced_conv-seed2","61c6757f781d48b4b7d9cf0438e62eed","val/accuracy","4799","1775504559412","0.6382092237472534"
"ssl_emnist_balanced_conv-seed2","61c6757f781d48b4b7d9cf0438e62eed","val/accuracy","4899","1775504616972","0.6332446932792664"
"ssl_emnist_balanced_conv-seed2","61c6757f781d48b4b7d9cf0438e62eed","val/accuracy","4999","1775504675416","0.6355496644973755"
"ssl_emnist_balanced_conv-seed2","61c6757f781d48b4b7d9cf0438e62eed","val/accuracy","5099","1775504734500","0.6343971490859985"
"ssl_emnist_balanced_conv-seed2","61c6757f781d48b4b7d9cf0438e62eed","val/accuracy","5199","1775504793277","0.6363475322723389"
"ssl_emnist_balanced_conv-seed2","61c6757f781d48b4b7d9cf0438e62eed","val/accuracy","5299","1775504852857","0.6372340321540833"
"ssl_emnist_balanced_conv-seed2","61c6757f781d48b4b7d9cf0438e62eed","val/accuracy","5399","1775504910304","0.6357269287109375"
"ssl_emnist_balanced_conv-seed2","61c6757f781d48b4b7d9cf0438e62eed","val/accuracy","5499","1775504968829","0.6347517967224121"
"ssl_emnist_balanced_conv-seed2","61c6757f781d48b4b7d9cf0438e62eed","val/accuracy","5599","1775505027853","0.6349290609359741"
"ssl_emnist_balanced_conv-seed2","61c6757f781d48b4b7d9cf0438e62eed","val/accuracy","5699","1775505085341","0.638652503490448"
"ssl_emnist_balanced_conv-seed2","61c6757f781d48b4b7d9cf0438e62eed","val/accuracy","5799","1775505145776","0.6356382966041565"
"ssl_emnist_balanced_conv-seed2","61c6757f781d48b4b7d9cf0438e62eed","val/accuracy","5899","1775505204193","0.6371454000473022"
"ssl_emnist_balanced_conv-seed2","61c6757f781d48b4b7d9cf0438e62eed","val/accuracy","5999","1775505305952","0.6360815763473511"
"ssl_emnist_balanced_conv-seed2","61c6757f781d48b4b7d9cf0438e62eed","val/accuracy","6099","1775505365892","0.6367021203041077"
"ssl_emnist_balanced_conv-seed2","61c6757f781d48b4b7d9cf0438e62eed","val/accuracy","6199","1775505425793","0.6357269287109375"
"ssl_emnist_balanced_conv-seed2","61c6757f781d48b4b7d9cf0438e62eed","val/accuracy","6299","1775505484620","0.6342198848724365"
"ssl_emnist_balanced_conv-seed2","61c6757f781d48b4b7d9cf0438e62eed","val/accuracy","6399","1775505543917","0.6355496644973755"
"ssl_emnist_balanced_conv-seed2","61c6757f781d48b4b7d9cf0438e62eed","val/accuracy","6499","1775505604004","0.6340425610542297"
"ssl_emnist_balanced_conv-seed2","61c6757f781d48b4b7d9cf0438e62eed","val/accuracy","6599","1775505663752","0.6359042525291443"
"ssl_emnist_balanced_conv-seed2","61c6757f781d48b4b7d9cf0438e62eed","val/accuracy","6699","1775505720525","0.6357269287109375"
"ssl_emnist_balanced_conv-seed2","61c6757f781d48b4b7d9cf0438e62eed","val/accuracy","6799","1775505779649","0.6395390033721924"
"ssl_emnist_balanced_conv-seed2","61c6757f781d48b4b7d9cf0438e62eed","val/accuracy","6899","1775505838960","0.6365247964859009"
"ssl_emnist_balanced_conv-seed2","61c6757f781d48b4b7d9cf0438e62eed","val/accuracy","6999","1775505897136","0.6349290609359741"
"ssl_emnist_balanced_conv-seed2","61c6757f781d48b4b7d9cf0438e62eed","val/accuracy","7099","1775505957317","0.6369680762290955"
"ssl_emnist_balanced_conv-seed2","61c6757f781d48b4b7d9cf0438e62eed","val/accuracy","7199","1775506016584","0.6358156204223633"
"ssl_emnist_balanced_conv-seed2","61c6757f781d48b4b7d9cf0438e62eed","val/accuracy","7299","1775506074664","0.6367907524108887"
"ssl_emnist_balanced_conv-seed2","61c6757f781d48b4b7d9cf0438e62eed","val/accuracy","7399","1775506133692","0.6370567083358765"
"ssl_emnist_balanced_conv-seed2","61c6757f781d48b4b7d9cf0438e62eed","val/accuracy","7499","1775506192236","0.6356382966041565"
"ssl_emnist_balanced_conv-seed2","61c6757f781d48b4b7d9cf0438e62eed","val/accuracy","7599","1775506251024","0.638652503490448"
"ssl_emnist_balanced_conv-seed2","61c6757f781d48b4b7d9cf0438e62eed","val/accuracy","7699","1775506309312","0.638741135597229"
"ssl_emnist_balanced_conv-seed2","61c6757f781d48b4b7d9cf0438e62eed","val/accuracy","7799","1775506368009","0.6376773118972778"
"ssl_emnist_balanced_conv-seed2","61c6757f781d48b4b7d9cf0438e62eed","val/accuracy","7899","1775506427220","0.6348404288291931"
"ssl_emnist_balanced_conv-seed2","61c6757f781d48b4b7d9cf0438e62eed","val/accuracy","7999","1775506485386","0.6359928846359253"
"ssl_emnist_balanced_conv-seed2","61c6757f781d48b4b7d9cf0438e62eed","val/accuracy","8099","1775506543668","0.6377659440040588"
"ssl_emnist_balanced_conv-seed2","61c6757f781d48b4b7d9cf0438e62eed","val/accuracy","8199","1775506601713","0.637499988079071"
"ssl_emnist_balanced_conv-seed2","61c6757f781d48b4b7d9cf0438e62eed","val/accuracy","8299","1775506659664","0.6343971490859985"
"ssl_emnist_balanced_conv-seed2","61c6757f781d48b4b7d9cf0438e62eed","val/accuracy","8399","1775506717680","0.6359928846359253"
"ssl_emnist_balanced_conv-seed2","61c6757f781d48b4b7d9cf0438e62eed","val/accuracy","8499","1775506776000","0.637499988079071"
"ssl_emnist_balanced_conv-seed2","61c6757f781d48b4b7d9cf0438e62eed","val/accuracy","8599","1775506837184","0.6354609727859497"
"ssl_emnist_balanced_conv-seed2","61c6757f781d48b4b7d9cf0438e62eed","val/accuracy","8699","1775506896716","0.6369680762290955"
"ssl_emnist_balanced_conv-seed2","61c6757f781d48b4b7d9cf0438e62eed","val/accuracy","8799","1775506955785","0.6356382966041565"
"ssl_emnist_balanced_conv-seed2","61c6757f781d48b4b7d9cf0438e62eed","val/accuracy","8899","1775507015285","0.6347517967224121"
"ssl_emnist_balanced_conv-seed2","61c6757f781d48b4b7d9cf0438e62eed","val/accuracy","8999","1775507074144","0.6346631050109863"
"ssl_emnist_balanced_conv-seed2","61c6757f781d48b4b7d9cf0438e62eed","val/accuracy","9099","1775507133161","0.6343971490859985"
"ssl_emnist_balanced_conv-seed2","61c6757f781d48b4b7d9cf0438e62eed","val/accuracy","9199","1775507191940","0.6364361643791199"
"ssl_emnist_balanced_conv-seed2","61c6757f781d48b4b7d9cf0438e62eed","val/accuracy","9299","1775507250268","0.6359042525291443"
"ssl_emnist_balanced_conv-seed2","61c6757f781d48b4b7d9cf0438e62eed","val/accuracy","9399","1775507309536","0.6391844153404236"
"ssl_emnist_balanced_conv-seed2","61c6757f781d48b4b7d9cf0438e62eed","val/accuracy","9499","1775507371100","0.6351063847541809"
"ssl_emnist_balanced_conv-seed2","61c6757f781d48b4b7d9cf0438e62eed","val/accuracy","9599","1775507430976","0.6350177526473999"
"ssl_emnist_balanced_conv-seed2","61c6757f781d48b4b7d9cf0438e62eed","val/accuracy","9699","1775507490172","0.6363475322723389"
"ssl_emnist_balanced_conv-seed2","61c6757f781d48b4b7d9cf0438e62eed","val/accuracy","9799","1775507551148","0.6340425610542297"
"ssl_emnist_balanced_conv-seed2","61c6757f781d48b4b7d9cf0438e62eed","val/accuracy","9899","1775507612173","0.637322723865509"
"ssl_emnist_balanced_conv-seed2","61c6757f781d48b4b7d9cf0438e62eed","val/accuracy","9999","1775507674916","0.6361702084541321"
"ssl_emnist_balanced_conv-seed1","4c00198257bc4bceb5235c0f682a9b28","val/accuracy","99","1775501673808","0.2977837026119232"
"ssl_emnist_balanced_conv-seed1","4c00198257bc4bceb5235c0f682a9b28","val/accuracy","199","1775501707320","0.29760637879371643"
"ssl_emnist_balanced_conv-seed1","4c00198257bc4bceb5235c0f682a9b28","val/accuracy","299","1775501736616","0.30753546953201294"
"ssl_emnist_balanced_conv-seed1","4c00198257bc4bceb5235c0f682a9b28","val/accuracy","399","1775501791525","0.3821808397769928"
"ssl_emnist_balanced_conv-seed1","4c00198257bc4bceb5235c0f682a9b28","val/accuracy","499","1775501842540","0.423138290643692"
"ssl_emnist_balanced_conv-seed1","4c00198257bc4bceb5235c0f682a9b28","val/accuracy","599","1775501899612","0.4679964482784271"
"ssl_emnist_balanced_conv-seed1","4c00198257bc4bceb5235c0f682a9b28","val/accuracy","699","1775501954313","0.5024822950363159"
"ssl_emnist_balanced_conv-seed1","4c00198257bc4bceb5235c0f682a9b28","val/accuracy","799","1775502009352","0.5175532102584839"
"ssl_emnist_balanced_conv-seed1","4c00198257bc4bceb5235c0f682a9b28","val/accuracy","899","1775502065972","0.5343084931373596"
"ssl_emnist_balanced_conv-seed1","4c00198257bc4bceb5235c0f682a9b28","val/accuracy","999","1775502122212","0.5438829660415649"
"ssl_emnist_balanced_conv-seed1","4c00198257bc4bceb5235c0f682a9b28","val/accuracy","1099","1775502177492","0.5537233948707581"
"ssl_emnist_balanced_conv-seed1","4c00198257bc4bceb5235c0f682a9b28","val/accuracy","1199","1775502233287","0.561170220375061"
"ssl_emnist_balanced_conv-seed1","4c00198257bc4bceb5235c0f682a9b28","val/accuracy","1299","1775502288116","0.5662233829498291"
"ssl_emnist_balanced_conv-seed1","4c00198257bc4bceb5235c0f682a9b28","val/accuracy","1399","1775502345468","0.5711879730224609"
"ssl_emnist_balanced_conv-seed1","4c00198257bc4bceb5235c0f682a9b28","val/accuracy","1499","1775502401952","0.5777482390403748"
"ssl_emnist_balanced_conv-seed1","4c00198257bc4bceb5235c0f682a9b28","val/accuracy","1599","1775502457824","0.5844858288764954"
"ssl_emnist_balanced_conv-seed1","4c00198257bc4bceb5235c0f682a9b28","val/accuracy","1699","1775502513232","0.5905141830444336"
"ssl_emnist_balanced_conv-seed1","4c00198257bc4bceb5235c0f682a9b28","val/accuracy","1799","1775502571884","0.5929077863693237"
"ssl_emnist_balanced_conv-seed1","4c00198257bc4bceb5235c0f682a9b28","val/accuracy","1899","1775502628944","0.5979610085487366"
"ssl_emnist_balanced_conv-seed1","4c00198257bc4bceb5235c0f682a9b28","val/accuracy","1999","1775502685188","0.6032801270484924"
"ssl_emnist_balanced_conv-seed1","4c00198257bc4bceb5235c0f682a9b28","val/accuracy","2099","1775502745564","0.6080673933029175"
"ssl_emnist_balanced_conv-seed1","4c00198257bc4bceb5235c0f682a9b28","val/accuracy","2199","1775502801517","0.609840452671051"
"ssl_emnist_balanced_conv-seed1","4c00198257bc4bceb5235c0f682a9b28","val/accuracy","2299","1775502858629","0.6147162914276123"
"ssl_emnist_balanced_conv-seed1","4c00198257bc4bceb5235c0f682a9b28","val/accuracy","2399","1775502917336","0.618705689907074"
"ssl_emnist_balanced_conv-seed1","4c00198257bc4bceb5235c0f682a9b28","val/accuracy","2499","1775502974624","0.6218971610069275"
"ssl_emnist_balanced_conv-seed1","4c00198257bc4bceb5235c0f682a9b28","val/accuracy","2599","1775503031840","0.6244680881500244"
"ssl_emnist_balanced_conv-seed1","4c00198257bc4bceb5235c0f682a9b28","val/accuracy","2699","1775503089888","0.6253545880317688"
"ssl_emnist_balanced_conv-seed1","4c00198257bc4bceb5235c0f682a9b28","val/accuracy","2799","1775503149300","0.6293439865112305"
"ssl_emnist_balanced_conv-seed1","4c00198257bc4bceb5235c0f682a9b28","val/accuracy","2899","1775503206339","0.6296099424362183"
"ssl_emnist_balanced_conv-seed1","4c00198257bc4bceb5235c0f682a9b28","val/accuracy","2999","1775503264688","0.6328014135360718"
"ssl_emnist_balanced_conv-seed1","4c00198257bc4bceb5235c0f682a9b28","val/accuracy","3099","1775503339260","0.633865237236023"
"ssl_emnist_balanced_conv-seed1","4c00198257bc4bceb5235c0f682a9b28","val/accuracy","3199","1775503558153","0.6334219574928284"
"ssl_emnist_balanced_conv-seed1","4c00198257bc4bceb5235c0f682a9b28","val/accuracy","3299","1775503618156","0.6370567083358765"
"ssl_emnist_balanced_conv-seed1","4c00198257bc4bceb5235c0f682a9b28","val/accuracy","3399","1775503676049","0.6377659440040588"
"ssl_emnist_balanced_conv-seed1","4c00198257bc4bceb5235c0f682a9b28","val/accuracy","3499","1775503735816","0.6331560015678406"
"ssl_emnist_balanced_conv-seed1","4c00198257bc4bceb5235c0f682a9b28","val/accuracy","3599","1775503794512","0.6350177526473999"
"ssl_emnist_balanced_conv-seed1","4c00198257bc4bceb5235c0f682a9b28","val/accuracy","3699","1775503857660","0.6355496644973755"
"ssl_emnist_balanced_conv-seed1","4c00198257bc4bceb5235c0f682a9b28","val/accuracy","3799","1775503916189","0.6382092237472534"
"ssl_emnist_balanced_conv-seed1","4c00198257bc4bceb5235c0f682a9b28","val/accuracy","3899","1775503974361","0.6356382966041565"
"ssl_emnist_balanced_conv-seed1","4c00198257bc4bceb5235c0f682a9b28","val/accuracy","3999","1775504032860","0.6369680762290955"
"ssl_emnist_balanced_conv-seed1","4c00198257bc4bceb5235c0f682a9b28","val/accuracy","4099","1775504091705","0.6363475322723389"
"ssl_emnist_balanced_conv-seed1","4c00198257bc4bceb5235c0f682a9b28","val/accuracy","4199","1775504150408","0.6366134881973267"
"ssl_emnist_balanced_conv-seed1","4c00198257bc4bceb5235c0f682a9b28","val/accuracy","4299","1775504212572","0.6363475322723389"
"ssl_emnist_balanced_conv-seed1","4c00198257bc4bceb5235c0f682a9b28","val/accuracy","4399","1775504272824","0.637499988079071"
"ssl_emnist_balanced_conv-seed1","4c00198257bc4bceb5235c0f682a9b28","val/accuracy","4499","1775504334220","0.6390957236289978"
"ssl_emnist_balanced_conv-seed1","4c00198257bc4bceb5235c0f682a9b28","val/accuracy","4599","1775504393164","0.6403368711471558"
"ssl_emnist_balanced_conv-seed1","4c00198257bc4bceb5235c0f682a9b28","val/accuracy","4699","1775504454045","0.6372340321540833"
"ssl_emnist_balanced_conv-seed1","4c00198257bc4bceb5235c0f682a9b28","val/accuracy","4799","1775504513272","0.6382978558540344"
"ssl_emnist_balanced_conv-seed1","4c00198257bc4bceb5235c0f682a9b28","val/accuracy","4899","1775504572244","0.6389184594154358"
"ssl_emnist_balanced_conv-seed1","4c00198257bc4bceb5235c0f682a9b28","val/accuracy","4999","1775504629889","0.6392730474472046"
"ssl_emnist_balanced_conv-seed1","4c00198257bc4bceb5235c0f682a9b28","val/accuracy","5099","1775504688556","0.6410461068153381"
"ssl_emnist_balanced_conv-seed1","4c00198257bc4bceb5235c0f682a9b28","val/accuracy","5199","1775504747504","0.6381205916404724"
"ssl_emnist_balanced_conv-seed1","4c00198257bc4bceb5235c0f682a9b28","val/accuracy","5299","1775504806597","0.6406028270721436"
"ssl_emnist_balanced_conv-seed1","4c00198257bc4bceb5235c0f682a9b28","val/accuracy","5399","1775504866168","0.6371454000473022"
"ssl_emnist_balanced_conv-seed1","4c00198257bc4bceb5235c0f682a9b28","val/accuracy","5499","1775504926544","0.6398049592971802"
"ssl_emnist_balanced_conv-seed1","4c00198257bc4bceb5235c0f682a9b28","val/accuracy","5599","1775504983796","0.6378546357154846"
"ssl_emnist_balanced_conv-seed1","4c00198257bc4bceb5235c0f682a9b28","val/accuracy","5699","1775505042177","0.6396276354789734"
"ssl_emnist_balanced_conv-seed1","4c00198257bc4bceb5235c0f682a9b28","val/accuracy","5799","1775505100661","0.6348404288291931"
"ssl_emnist_balanced_conv-seed1","4c00198257bc4bceb5235c0f682a9b28","val/accuracy","5899","1775505159308","0.6398049592971802"
"ssl_emnist_balanced_conv-seed1","4c00198257bc4bceb5235c0f682a9b28","val/accuracy","5999","1775505218741","0.6405141949653625"
"ssl_emnist_balanced_conv-seed1","4c00198257bc4bceb5235c0f682a9b28","val/accuracy","6099","1775505317709","0.6379432678222656"
"ssl_emnist_balanced_conv-seed1","4c00198257bc4bceb5235c0f682a9b28","val/accuracy","6199","1775505377788","0.6395390033721924"
"ssl_emnist_balanced_conv-seed1","4c00198257bc4bceb5235c0f682a9b28","val/accuracy","6299","1775505437824","0.6419326066970825"
"ssl_emnist_balanced_conv-seed1","4c00198257bc4bceb5235c0f682a9b28","val/accuracy","6399","1775505494960","0.6397163271903992"
"ssl_emnist_balanced_conv-seed1","4c00198257bc4bceb5235c0f682a9b28","val/accuracy","6499","1775505552436","0.6402482390403748"
"ssl_emnist_balanced_conv-seed1","4c00198257bc4bceb5235c0f682a9b28","val/accuracy","6599","1775505610348","0.6380318999290466"
"ssl_emnist_balanced_conv-seed1","4c00198257bc4bceb5235c0f682a9b28","val/accuracy","6699","1775505668900","0.639982283115387"
"ssl_emnist_balanced_conv-seed1","4c00198257bc4bceb5235c0f682a9b28","val/accuracy","6799","1775505727301","0.6383865475654602"
"ssl_emnist_balanced_conv-seed1","4c00198257bc4bceb5235c0f682a9b28","val/accuracy","6899","1775505785360","0.6368794441223145"
"ssl_emnist_balanced_conv-seed1","4c00198257bc4bceb5235c0f682a9b28","val/accuracy","6999","1775505844196","0.639982283115387"
"ssl_emnist_balanced_conv-seed1","4c00198257bc4bceb5235c0f682a9b28","val/accuracy","7099","1775505902376","0.6408687829971313"
"ssl_emnist_balanced_conv-seed1","4c00198257bc4bceb5235c0f682a9b28","val/accuracy","7199","1775505960420","0.638652503490448"
"ssl_emnist_balanced_conv-seed1","4c00198257bc4bceb5235c0f682a9b28","val/accuracy","7299","1775506018668","0.6391844153404236"
"ssl_emnist_balanced_conv-seed1","4c00198257bc4bceb5235c0f682a9b28","val/accuracy","7399","1775506076960","0.6413120627403259"
"ssl_emnist_balanced_conv-seed1","4c00198257bc4bceb5235c0f682a9b28","val/accuracy","7499","1775506135832","0.6381205916404724"
"ssl_emnist_balanced_conv-seed1","4c00198257bc4bceb5235c0f682a9b28","val/accuracy","7599","1775506194352","0.6404255032539368"
"ssl_emnist_balanced_conv-seed1","4c00198257bc4bceb5235c0f682a9b28","val/accuracy","7699","1775506254585","0.6403368711471558"
"ssl_emnist_balanced_conv-seed1","4c00198257bc4bceb5235c0f682a9b28","val/accuracy","7799","1775506314088","0.6414006948471069"
"ssl_emnist_balanced_conv-seed1","4c00198257bc4bceb5235c0f682a9b28","val/accuracy","7899","1775506372252","0.63882976770401"
"ssl_emnist_balanced_conv-seed1","4c00198257bc4bceb5235c0f682a9b28","val/accuracy","7999","1775506432416","0.6413120627403259"
"ssl_emnist_balanced_conv-seed1","4c00198257bc4bceb5235c0f682a9b28","val/accuracy","8099","1775506493280","0.6403368711471558"
"ssl_emnist_balanced_conv-seed1","4c00198257bc4bceb5235c0f682a9b28","val/accuracy","8199","1775506551928","0.6380318999290466"
"ssl_emnist_balanced_conv-seed1","4c00198257bc4bceb5235c0f682a9b28","val/accuracy","8299","1775506609680","0.6414006948471069"
"ssl_emnist_balanced_conv-seed1","4c00198257bc4bceb5235c0f682a9b28","val/accuracy","8399","1775506667645","0.6362588405609131"
"ssl_emnist_balanced_conv-seed1","4c00198257bc4bceb5235c0f682a9b28","val/accuracy","8499","1775506726936","0.6414893865585327"
"ssl_emnist_balanced_conv-seed1","4c00198257bc4bceb5235c0f682a9b28","val/accuracy","8599","1775506785344","0.6379432678222656"
"ssl_emnist_balanced_conv-seed1","4c00198257bc4bceb5235c0f682a9b28","val/accuracy","8699","1775506844616","0.640159547328949"
"ssl_emnist_balanced_conv-seed1","4c00198257bc4bceb5235c0f682a9b28","val/accuracy","8799","1775506903972","0.6402482390403748"
"ssl_emnist_balanced_conv-seed1","4c00198257bc4bceb5235c0f682a9b28","val/accuracy","8899","1775506964740","0.638741135597229"
"ssl_emnist_balanced_conv-seed1","4c00198257bc4bceb5235c0f682a9b28","val/accuracy","8999","1775507023484","0.6378546357154846"
"ssl_emnist_balanced_conv-seed1","4c00198257bc4bceb5235c0f682a9b28","val/accuracy","9099","1775507082324","0.6391844153404236"
"ssl_emnist_balanced_conv-seed1","4c00198257bc4bceb5235c0f682a9b28","val/accuracy","9199","1775507141084","0.6390957236289978"
"ssl_emnist_balanced_conv-seed1","4c00198257bc4bceb5235c0f682a9b28","val/accuracy","9299","1775507199780","0.63882976770401"
"ssl_emnist_balanced_conv-seed1","4c00198257bc4bceb5235c0f682a9b28","val/accuracy","9399","1775507258808","0.6406028270721436"
"ssl_emnist_balanced_conv-seed1","4c00198257bc4bceb5235c0f682a9b28","val/accuracy","9499","1775507320804","0.640159547328949"
"ssl_emnist_balanced_conv-seed1","4c00198257bc4bceb5235c0f682a9b28","val/accuracy","9599","1775507378024","0.6390070915222168"
"ssl_emnist_balanced_conv-seed1","4c00198257bc4bceb5235c0f682a9b28","val/accuracy","9699","1775507437384","0.6389184594154358"
"ssl_emnist_balanced_conv-seed1","4c00198257bc4bceb5235c0f682a9b28","val/accuracy","9799","1775507497257","0.6403368711471558"
"ssl_emnist_balanced_conv-seed1","4c00198257bc4bceb5235c0f682a9b28","val/accuracy","9899","1775507555532","0.6406915187835693"
"ssl_emnist_balanced_conv-seed1","4c00198257bc4bceb5235c0f682a9b28","val/accuracy","9999","1775507614164","0.638741135597229"
"ssl_emnist_balanced_conv_font-seed5","596381eaea0048daae223289c1934a90","val/accuracy","99","1775501672816","0.11515957117080688"
"ssl_emnist_balanced_conv_font-seed5","596381eaea0048daae223289c1934a90","val/accuracy","199","1775501706096","0.1252659559249878"
"ssl_emnist_balanced_conv_font-seed5","596381eaea0048daae223289c1934a90","val/accuracy","299","1775501735440","0.12730497121810913"
"ssl_emnist_balanced_conv_font-seed5","596381eaea0048daae223289c1934a90","val/accuracy","399","1775501787776","0.17579787969589233"
"ssl_emnist_balanced_conv_font-seed5","596381eaea0048daae223289c1934a90","val/accuracy","499","1775501838639","0.19937942922115326"
"ssl_emnist_balanced_conv_font-seed5","596381eaea0048daae223289c1934a90","val/accuracy","599","1775501893196","0.21046099066734314"
"ssl_emnist_balanced_conv_font-seed5","596381eaea0048daae223289c1934a90","val/accuracy","699","1775501949632","0.22739361226558685"
"ssl_emnist_balanced_conv_font-seed5","596381eaea0048daae223289c1934a90","val/accuracy","799","1775502004360","0.23218084871768951"
"ssl_emnist_balanced_conv_font-seed5","596381eaea0048daae223289c1934a90","val/accuracy","899","1775502059232","0.23670212924480438"
"ssl_emnist_balanced_conv_font-seed5","596381eaea0048daae223289c1934a90","val/accuracy","999","1775502115148","0.24423758685588837"
"ssl_emnist_balanced_conv_font-seed5","596381eaea0048daae223289c1934a90","val/accuracy","1099","1775502170618","0.24929077923297882"
"ssl_emnist_balanced_conv_font-seed5","596381eaea0048daae223289c1934a90","val/accuracy","1199","1775502227505","0.2502659559249878"
"ssl_emnist_balanced_conv_font-seed5","596381eaea0048daae223289c1934a90","val/accuracy","1299","1775502284868","0.2538120448589325"
"ssl_emnist_balanced_conv_font-seed5","596381eaea0048daae223289c1934a90","val/accuracy","1399","1775502340277","0.25930851697921753"
"ssl_emnist_balanced_conv_font-seed5","596381eaea0048daae223289c1934a90","val/accuracy","1499","1775502397728","0.2642730474472046"
"ssl_emnist_balanced_conv_font-seed5","596381eaea0048daae223289c1934a90","val/accuracy","1599","1775502456061","0.2636524736881256"
"ssl_emnist_balanced_conv_font-seed5","596381eaea0048daae223289c1934a90","val/accuracy","1699","1775502513248","0.2670212686061859"
"ssl_emnist_balanced_conv_font-seed5","596381eaea0048daae223289c1934a90","val/accuracy","1799","1775502570072","0.2702127695083618"
"ssl_emnist_balanced_conv_font-seed5","596381eaea0048daae223289c1934a90","val/accuracy","1899","1775502627562","0.27251774072647095"
"ssl_emnist_balanced_conv_font-seed5","596381eaea0048daae223289c1934a90","val/accuracy","1999","1775502684024","0.27677303552627563"
"ssl_emnist_balanced_conv_font-seed5","596381eaea0048daae223289c1934a90","val/accuracy","2099","1775502741191","0.27898937463760376"
"ssl_emnist_balanced_conv_font-seed5","596381eaea0048daae223289c1934a90","val/accuracy","2199","1775502800108","0.28262412548065186"
"ssl_emnist_balanced_conv_font-seed5","596381eaea0048daae223289c1934a90","val/accuracy","2299","1775502857276","0.28297871351242065"
"ssl_emnist_balanced_conv_font-seed5","596381eaea0048daae223289c1934a90","val/accuracy","2399","1775502915749","0.284308522939682"
"ssl_emnist_balanced_conv_font-seed5","596381eaea0048daae223289c1934a90","val/accuracy","2499","1775502973341","0.28687942028045654"
"ssl_emnist_balanced_conv_font-seed5","596381eaea0048daae223289c1934a90","val/accuracy","2599","1775503030921","0.2875886559486389"
"ssl_emnist_balanced_conv_font-seed5","596381eaea0048daae223289c1934a90","val/accuracy","2699","1775503088357","0.2910461127758026"
"ssl_emnist_balanced_conv_font-seed5","596381eaea0048daae223289c1934a90","val/accuracy","2799","1775503144328","0.29317376017570496"
"ssl_emnist_balanced_conv_font-seed5","596381eaea0048daae223289c1934a90","val/accuracy","2899","1775503200176","0.28989362716674805"
"ssl_emnist_balanced_conv_font-seed5","596381eaea0048daae223289c1934a90","val/accuracy","2999","1775503260352","0.2910461127758026"
"ssl_emnist_balanced_conv_font-seed5","596381eaea0048daae223289c1934a90","val/accuracy","3099","1775503336640","0.2914893627166748"
"ssl_emnist_balanced_conv_font-seed5","596381eaea0048daae223289c1934a90","val/accuracy","3199","1775503553321","0.29264184832572937"
"ssl_emnist_balanced_conv_font-seed5","596381eaea0048daae223289c1934a90","val/accuracy","3299","1775503614033","0.2945035398006439"
"ssl_emnist_balanced_conv_font-seed5","596381eaea0048daae223289c1934a90","val/accuracy","3399","1775503671908","0.2956560254096985"
"ssl_emnist_balanced_conv_font-seed5","596381eaea0048daae223289c1934a90","val/accuracy","3499","1775503730617","0.2915780246257782"
"ssl_emnist_balanced_conv_font-seed5","596381eaea0048daae223289c1934a90","val/accuracy","3599","1775503788237","0.2949468195438385"
"ssl_emnist_balanced_conv_font-seed5","596381eaea0048daae223289c1934a90","val/accuracy","3699","1775503848768","0.29290780425071716"
"ssl_emnist_balanced_conv_font-seed5","596381eaea0048daae223289c1934a90","val/accuracy","3799","1775503907460","0.29414892196655273"
"ssl_emnist_balanced_conv_font-seed5","596381eaea0048daae223289c1934a90","val/accuracy","3899","1775503965548","0.2950354516506195"
"ssl_emnist_balanced_conv_font-seed5","596381eaea0048daae223289c1934a90","val/accuracy","3999","1775504023125","0.29716312885284424"
"ssl_emnist_balanced_conv_font-seed5","596381eaea0048daae223289c1934a90","val/accuracy","4099","1775504081709","0.29707446694374084"
"ssl_emnist_balanced_conv_font-seed5","596381eaea0048daae223289c1934a90","val/accuracy","4199","1775504139084","0.2958333194255829"
"ssl_emnist_balanced_conv_font-seed5","596381eaea0048daae223289c1934a90","val/accuracy","4299","1775504198300","0.2959219813346863"
"ssl_emnist_balanced_conv_font-seed5","596381eaea0048daae223289c1934a90","val/accuracy","4399","1775504255562","0.2953900694847107"
"ssl_emnist_balanced_conv_font-seed5","596381eaea0048daae223289c1934a90","val/accuracy","4499","1775504314037","0.2976950407028198"
"ssl_emnist_balanced_conv_font-seed5","596381eaea0048daae223289c1934a90","val/accuracy","4599","1775504373288","0.2951241135597229"
"ssl_emnist_balanced_conv_font-seed5","596381eaea0048daae223289c1934a90","val/accuracy","4699","1775504431788","0.2958333194255829"
"ssl_emnist_balanced_conv_font-seed5","596381eaea0048daae223289c1934a90","val/accuracy","4799","1775504490324","0.29698580503463745"
"ssl_emnist_balanced_conv_font-seed5","596381eaea0048daae223289c1934a90","val/accuracy","4899","1775504548784","0.29760637879371643"
"ssl_emnist_balanced_conv_font-seed5","596381eaea0048daae223289c1934a90","val/accuracy","4999","1775504606493","0.2984929084777832"
"ssl_emnist_balanced_conv_font-seed5","596381eaea0048daae223289c1934a90","val/accuracy","5099","1775504663588","0.2977837026119232"
"ssl_emnist_balanced_conv_font-seed5","596381eaea0048daae223289c1934a90","val/accuracy","5199","1775504721969","0.2986702024936676"
"ssl_emnist_balanced_conv_font-seed5","596381eaea0048daae223289c1934a90","val/accuracy","5299","1775504781224","0.2982269525527954"
"ssl_emnist_balanced_conv_font-seed5","596381eaea0048daae223289c1934a90","val/accuracy","5399","1775504839340","0.2986702024936676"
"ssl_emnist_balanced_conv_font-seed5","596381eaea0048daae223289c1934a90","val/accuracy","5499","1775504898044","0.2995567321777344"
"ssl_emnist_balanced_conv_font-seed5","596381eaea0048daae223289c1934a90","val/accuracy","5599","1775504955844","0.2958333194255829"
"ssl_emnist_balanced_conv_font-seed5","596381eaea0048daae223289c1934a90","val/accuracy","5699","1775505014768","0.29982268810272217"
"ssl_emnist_balanced_conv_font-seed5","596381eaea0048daae223289c1934a90","val/accuracy","5799","1775505074933","0.30026596784591675"
"ssl_emnist_balanced_conv_font-seed5","596381eaea0048daae223289c1934a90","val/accuracy","5899","1775505135898","0.2988475263118744"
"ssl_emnist_balanced_conv_font-seed5","596381eaea0048daae223289c1934a90","val/accuracy","5999","1775505193460","0.30008864402770996"
"ssl_emnist_balanced_conv_font-seed5","596381eaea0048daae223289c1934a90","val/accuracy","6099","1775505286800","0.2995567321777344"
"ssl_emnist_balanced_conv_font-seed5","596381eaea0048daae223289c1934a90","val/accuracy","6199","1775505350049","0.3010638356208801"
"ssl_emnist_balanced_conv_font-seed5","596381eaea0048daae223289c1934a90","val/accuracy","6299","1775505410228","0.29760637879371643"
"ssl_emnist_balanced_conv_font-seed5","596381eaea0048daae223289c1934a90","val/accuracy","6399","1775505470020","0.30310285091400146"
"ssl_emnist_balanced_conv_font-seed5","596381eaea0048daae223289c1934a90","val/accuracy","6499","1775505529476","0.3019503653049469"
"ssl_emnist_balanced_conv_font-seed5","596381eaea0048daae223289c1934a90","val/accuracy","6599","1775505588372","0.29937943816185"
"ssl_emnist_balanced_conv_font-seed5","596381eaea0048daae223289c1934a90","val/accuracy","6699","1775505648377","0.2991134822368622"
"ssl_emnist_balanced_conv_font-seed5","596381eaea0048daae223289c1934a90","val/accuracy","6799","1775505709296","0.3027482330799103"
"ssl_emnist_balanced_conv_font-seed5","596381eaea0048daae223289c1934a90","val/accuracy","6899","1775505768180","0.30354610085487366"
"ssl_emnist_balanced_conv_font-seed5","596381eaea0048daae223289c1934a90","val/accuracy","6999","1775505828089","0.29991135001182556"
"ssl_emnist_balanced_conv_font-seed5","596381eaea0048daae223289c1934a90","val/accuracy","7099","1775505887152","0.3025709092617035"
"ssl_emnist_balanced_conv_font-seed5","596381eaea0048daae223289c1934a90","val/accuracy","7199","1775505946100","0.30070921778678894"
"ssl_emnist_balanced_conv_font-seed5","596381eaea0048daae223289c1934a90","val/accuracy","7299","1775506005336","0.29973405599594116"
"ssl_emnist_balanced_conv_font-seed5","596381eaea0048daae223289c1934a90","val/accuracy","7399","1775506064680","0.30390071868896484"
"ssl_emnist_balanced_conv_font-seed5","596381eaea0048daae223289c1934a90","val/accuracy","7499","1775506122636","0.29982268810272217"
"ssl_emnist_balanced_conv_font-seed5","596381eaea0048daae223289c1934a90","val/accuracy","7599","1775506181381","0.29991135001182556"
"ssl_emnist_balanced_conv_font-seed5","596381eaea0048daae223289c1934a90","val/accuracy","7699","1775506239304","0.2992907762527466"
"ssl_emnist_balanced_conv_font-seed5","596381eaea0048daae223289c1934a90","val/accuracy","7799","1775506298896","0.30044326186180115"
"ssl_emnist_balanced_conv_font-seed5","596381eaea0048daae223289c1934a90","val/accuracy","7899","1775506356832","0.3025709092617035"
"ssl_emnist_balanced_conv_font-seed5","596381eaea0048daae223289c1934a90","val/accuracy","7999","1775506416628","0.29973405599594116"
"ssl_emnist_balanced_conv_font-seed5","596381eaea0048daae223289c1934a90","val/accuracy","8099","1775506473960","0.3025709092617035"
"ssl_emnist_balanced_conv_font-seed5","596381eaea0048daae223289c1934a90","val/accuracy","8199","1775506534024","0.3020389974117279"
"ssl_emnist_balanced_conv_font-seed5","596381eaea0048daae223289c1934a90","val/accuracy","8299","1775506594464","0.30115246772766113"
"ssl_emnist_balanced_conv_font-seed5","596381eaea0048daae223289c1934a90","val/accuracy","8399","1775506651861","0.30345743894577026"
"ssl_emnist_balanced_conv_font-seed5","596381eaea0048daae223289c1934a90","val/accuracy","8499","1775506711388","0.30345743894577026"
"ssl_emnist_balanced_conv_font-seed5","596381eaea0048daae223289c1934a90","val/accuracy","8599","1775506769748","0.30115246772766113"
"ssl_emnist_balanced_conv_font-seed5","596381eaea0048daae223289c1934a90","val/accuracy","8699","1775506827572","0.3019503653049469"
"ssl_emnist_balanced_conv_font-seed5","596381eaea0048daae223289c1934a90","val/accuracy","8799","1775506890241","0.3015070855617523"
"ssl_emnist_balanced_conv_font-seed5","596381eaea0048daae223289c1934a90","val/accuracy","8899","1775506949580","0.30345743894577026"
"ssl_emnist_balanced_conv_font-seed5","596381eaea0048daae223289c1934a90","val/accuracy","8999","1775507007020","0.30079787969589233"
"ssl_emnist_balanced_conv_font-seed5","596381eaea0048daae223289c1934a90","val/accuracy","9099","1775507064553","0.30452126264572144"
"ssl_emnist_balanced_conv_font-seed5","596381eaea0048daae223289c1934a90","val/accuracy","9199","1775507122765","0.29973405599594116"
"ssl_emnist_balanced_conv_font-seed5","596381eaea0048daae223289c1934a90","val/accuracy","9299","1775507180776","0.3028368651866913"
"ssl_emnist_balanced_conv_font-seed5","596381eaea0048daae223289c1934a90","val/accuracy","9399","1775507239398","0.3014184534549713"
"ssl_emnist_balanced_conv_font-seed5","596381eaea0048daae223289c1934a90","val/accuracy","9499","1775507296817","0.3020389974117279"
"ssl_emnist_balanced_conv_font-seed5","596381eaea0048daae223289c1934a90","val/accuracy","9599","1775507354313","0.3019503653049469"
"ssl_emnist_balanced_conv_font-seed5","596381eaea0048daae223289c1934a90","val/accuracy","9699","1775507414896","0.3017730414867401"
"ssl_emnist_balanced_conv_font-seed5","596381eaea0048daae223289c1934a90","val/accuracy","9799","1775507472920","0.30443263053894043"
"ssl_emnist_balanced_conv_font-seed5","596381eaea0048daae223289c1934a90","val/accuracy","9899","1775507531784","0.3023049533367157"
"ssl_emnist_balanced_conv_font-seed5","596381eaea0048daae223289c1934a90","val/accuracy","9999","1775507590573","0.3019503653049469"
"ssl_emnist_balanced_conv_font-seed4","dda7acd904234b8b9ffb89c6cc070e75","val/accuracy","99","1775501668560","0.11205673962831497"
"ssl_emnist_balanced_conv_font-seed4","dda7acd904234b8b9ffb89c6cc070e75","val/accuracy","199","1775501701168","0.12570922076702118"
"ssl_emnist_balanced_conv_font-seed4","dda7acd904234b8b9ffb89c6cc070e75","val/accuracy","299","1775501732352","0.12774822115898132"
"ssl_emnist_balanced_conv_font-seed4","dda7acd904234b8b9ffb89c6cc070e75","val/accuracy","399","1775501785268","0.18262411653995514"
"ssl_emnist_balanced_conv_font-seed4","dda7acd904234b8b9ffb89c6cc070e75","val/accuracy","499","1775501836944","0.20319148898124695"
"ssl_emnist_balanced_conv_font-seed4","dda7acd904234b8b9ffb89c6cc070e75","val/accuracy","599","1775501892612","0.21409574151039124"
"ssl_emnist_balanced_conv_font-seed4","dda7acd904234b8b9ffb89c6cc070e75","val/accuracy","699","1775501946844","0.22854609787464142"
"ssl_emnist_balanced_conv_font-seed4","dda7acd904234b8b9ffb89c6cc070e75","val/accuracy","799","1775502001080","0.23510637879371643"
"ssl_emnist_balanced_conv_font-seed4","dda7acd904234b8b9ffb89c6cc070e75","val/accuracy","899","1775502056108","0.24131205677986145"
"ssl_emnist_balanced_conv_font-seed4","dda7acd904234b8b9ffb89c6cc070e75","val/accuracy","999","1775502111840","0.24503545463085175"
"ssl_emnist_balanced_conv_font-seed4","dda7acd904234b8b9ffb89c6cc070e75","val/accuracy","1099","1775502167753","0.2528368830680847"
"ssl_emnist_balanced_conv_font-seed4","dda7acd904234b8b9ffb89c6cc070e75","val/accuracy","1199","1775502224553","0.25150710344314575"
"ssl_emnist_balanced_conv_font-seed4","dda7acd904234b8b9ffb89c6cc070e75","val/accuracy","1299","1775502280604","0.25523048639297485"
"ssl_emnist_balanced_conv_font-seed4","dda7acd904234b8b9ffb89c6cc070e75","val/accuracy","1399","1775502335392","0.25540781021118164"
"ssl_emnist_balanced_conv_font-seed4","dda7acd904234b8b9ffb89c6cc070e75","val/accuracy","1499","1775502391197","0.25824469327926636"
"ssl_emnist_balanced_conv_font-seed4","dda7acd904234b8b9ffb89c6cc070e75","val/accuracy","1599","1775502448624","0.26161348819732666"
"ssl_emnist_balanced_conv_font-seed4","dda7acd904234b8b9ffb89c6cc070e75","val/accuracy","1699","1775502505273","0.26276594400405884"
"ssl_emnist_balanced_conv_font-seed4","dda7acd904234b8b9ffb89c6cc070e75","val/accuracy","1799","1775502560904","0.2672872245311737"
"ssl_emnist_balanced_conv_font-seed4","dda7acd904234b8b9ffb89c6cc070e75","val/accuracy","1899","1775502617820","0.26968085765838623"
"ssl_emnist_balanced_conv_font-seed4","dda7acd904234b8b9ffb89c6cc070e75","val/accuracy","1999","1775502674188","0.27287232875823975"
"ssl_emnist_balanced_conv_font-seed4","dda7acd904234b8b9ffb89c6cc070e75","val/accuracy","2099","1775502729656","0.2750886380672455"
"ssl_emnist_balanced_conv_font-seed4","dda7acd904234b8b9ffb89c6cc070e75","val/accuracy","2199","1775502785832","0.2780141830444336"
"ssl_emnist_balanced_conv_font-seed4","dda7acd904234b8b9ffb89c6cc070e75","val/accuracy","2299","1775502844736","0.2786347568035126"
"ssl_emnist_balanced_conv_font-seed4","dda7acd904234b8b9ffb89c6cc070e75","val/accuracy","2399","1775502902705","0.2813829779624939"
"ssl_emnist_balanced_conv_font-seed4","dda7acd904234b8b9ffb89c6cc070e75","val/accuracy","2499","1775502958356","0.2838652431964874"
"ssl_emnist_balanced_conv_font-seed4","dda7acd904234b8b9ffb89c6cc070e75","val/accuracy","2599","1775503015540","0.28608155250549316"
"ssl_emnist_balanced_conv_font-seed4","dda7acd904234b8b9ffb89c6cc070e75","val/accuracy","2699","1775503072404","0.28909575939178467"
"ssl_emnist_balanced_conv_font-seed4","dda7acd904234b8b9ffb89c6cc070e75","val/accuracy","2799","1775503132168","0.2884751856327057"
"ssl_emnist_balanced_conv_font-seed4","dda7acd904234b8b9ffb89c6cc070e75","val/accuracy","2899","1775503189108","0.2921985685825348"
"ssl_emnist_balanced_conv_font-seed4","dda7acd904234b8b9ffb89c6cc070e75","val/accuracy","2999","1775503246574","0.2909574508666992"
"ssl_emnist_balanced_conv_font-seed4","dda7acd904234b8b9ffb89c6cc070e75","val/accuracy","3099","1775503305500","0.29609930515289307"
"ssl_emnist_balanced_conv_font-seed4","dda7acd904234b8b9ffb89c6cc070e75","val/accuracy","3199","1775503558028","0.29716312885284424"
"ssl_emnist_balanced_conv_font-seed4","dda7acd904234b8b9ffb89c6cc070e75","val/accuracy","3299","1775503617960","0.2953900694847107"
"ssl_emnist_balanced_conv_font-seed4","dda7acd904234b8b9ffb89c6cc070e75","val/accuracy","3399","1775503675024","0.29689717292785645"
"ssl_emnist_balanced_conv_font-seed4","dda7acd904234b8b9ffb89c6cc070e75","val/accuracy","3499","1775503731900","0.29707446694374084"
"ssl_emnist_balanced_conv_font-seed4","dda7acd904234b8b9ffb89c6cc070e75","val/accuracy","3599","1775503790172","0.30115246772766113"
"ssl_emnist_balanced_conv_font-seed4","dda7acd904234b8b9ffb89c6cc070e75","val/accuracy","3699","1775503848960","0.30079787969589233"
"ssl_emnist_balanced_conv_font-seed4","dda7acd904234b8b9ffb89c6cc070e75","val/accuracy","3799","1775503907036","0.30017730593681335"
"ssl_emnist_balanced_conv_font-seed4","dda7acd904234b8b9ffb89c6cc070e75","val/accuracy","3899","1775503965272","0.3015957474708557"
"ssl_emnist_balanced_conv_font-seed4","dda7acd904234b8b9ffb89c6cc070e75","val/accuracy","3999","1775504022852","0.29991135001182556"
"ssl_emnist_balanced_conv_font-seed4","dda7acd904234b8b9ffb89c6cc070e75","val/accuracy","4099","1775504080480","0.30363476276397705"
"ssl_emnist_balanced_conv_font-seed4","dda7acd904234b8b9ffb89c6cc070e75","val/accuracy","4199","1775504139220","0.30336880683898926"
"ssl_emnist_balanced_conv_font-seed4","dda7acd904234b8b9ffb89c6cc070e75","val/accuracy","4299","1775504198860","0.30044326186180115"
"ssl_emnist_balanced_conv_font-seed4","dda7acd904234b8b9ffb89c6cc070e75","val/accuracy","4399","1775504258053","0.3012411296367645"
"ssl_emnist_balanced_conv_font-seed4","dda7acd904234b8b9ffb89c6cc070e75","val/accuracy","4499","1775504317360","0.3018617033958435"
"ssl_emnist_balanced_conv_font-seed4","dda7acd904234b8b9ffb89c6cc070e75","val/accuracy","4599","1775504375513","0.3021276593208313"
"ssl_emnist_balanced_conv_font-seed4","dda7acd904234b8b9ffb89c6cc070e75","val/accuracy","4699","1775504433261","0.3046985864639282"
"ssl_emnist_balanced_conv_font-seed4","dda7acd904234b8b9ffb89c6cc070e75","val/accuracy","4799","1775504491776","0.30443263053894043"
"ssl_emnist_balanced_conv_font-seed4","dda7acd904234b8b9ffb89c6cc070e75","val/accuracy","4899","1775504551644","0.30372339487075806"
"ssl_emnist_balanced_conv_font-seed4","dda7acd904234b8b9ffb89c6cc070e75","val/accuracy","4999","1775504610904","0.3048758804798126"
"ssl_emnist_balanced_conv_font-seed4","dda7acd904234b8b9ffb89c6cc070e75","val/accuracy","5099","1775504667124","0.30691489577293396"
"ssl_emnist_balanced_conv_font-seed4","dda7acd904234b8b9ffb89c6cc070e75","val/accuracy","5199","1775504723924","0.3065602779388428"
"ssl_emnist_balanced_conv_font-seed4","dda7acd904234b8b9ffb89c6cc070e75","val/accuracy","5299","1775504782118","0.30443263053894043"
"ssl_emnist_balanced_conv_font-seed4","dda7acd904234b8b9ffb89c6cc070e75","val/accuracy","5399","1775504840808","0.3062056601047516"
"ssl_emnist_balanced_conv_font-seed4","dda7acd904234b8b9ffb89c6cc070e75","val/accuracy","5499","1775504897396","0.30700355768203735"
"ssl_emnist_balanced_conv_font-seed4","dda7acd904234b8b9ffb89c6cc070e75","val/accuracy","5599","1775504954992","0.30673760175704956"
"ssl_emnist_balanced_conv_font-seed4","dda7acd904234b8b9ffb89c6cc070e75","val/accuracy","5699","1775505015372","0.30718085169792175"
"ssl_emnist_balanced_conv_font-seed4","dda7acd904234b8b9ffb89c6cc070e75","val/accuracy","5799","1775505072933","0.3060283660888672"
"ssl_emnist_balanced_conv_font-seed4","dda7acd904234b8b9ffb89c6cc070e75","val/accuracy","5899","1775505132536","0.3091312050819397"
"ssl_emnist_balanced_conv_font-seed4","dda7acd904234b8b9ffb89c6cc070e75","val/accuracy","5999","1775505190220","0.31054964661598206"
"ssl_emnist_balanced_conv_font-seed4","dda7acd904234b8b9ffb89c6cc070e75","val/accuracy","6099","1775505248368","0.3093971610069275"
"ssl_emnist_balanced_conv_font-seed4","dda7acd904234b8b9ffb89c6cc070e75","val/accuracy","6199","1775505337900","0.3092198669910431"
"ssl_emnist_balanced_conv_font-seed4","dda7acd904234b8b9ffb89c6cc070e75","val/accuracy","6299","1775505396604","0.30797871947288513"
"ssl_emnist_balanced_conv_font-seed4","dda7acd904234b8b9ffb89c6cc070e75","val/accuracy","6399","1775505454456","0.3088652491569519"
"ssl_emnist_balanced_conv_font-seed4","dda7acd904234b8b9ffb89c6cc070e75","val/accuracy","6499","1775505515692","0.3097517788410187"
"ssl_emnist_balanced_conv_font-seed4","dda7acd904234b8b9ffb89c6cc070e75","val/accuracy","6599","1775505573277","0.3116134703159332"
"ssl_emnist_balanced_conv_font-seed4","dda7acd904234b8b9ffb89c6cc070e75","val/accuracy","6699","1775505632316","0.31054964661598206"
"ssl_emnist_balanced_conv_font-seed4","dda7acd904234b8b9ffb89c6cc070e75","val/accuracy","6799","1775505691112","0.3094858229160309"
"ssl_emnist_balanced_conv_font-seed4","dda7acd904234b8b9ffb89c6cc070e75","val/accuracy","6899","1775505748664","0.3092198669910431"
"ssl_emnist_balanced_conv_font-seed4","dda7acd904234b8b9ffb89c6cc070e75","val/accuracy","6999","1775505806881","0.3082446753978729"
"ssl_emnist_balanced_conv_font-seed4","dda7acd904234b8b9ffb89c6cc070e75","val/accuracy","7099","1775505867392","0.3093971610069275"
"ssl_emnist_balanced_conv_font-seed4","dda7acd904234b8b9ffb89c6cc070e75","val/accuracy","7199","1775505926700","0.3089539110660553"
"ssl_emnist_balanced_conv_font-seed4","dda7acd904234b8b9ffb89c6cc070e75","val/accuracy","7299","1775505986945","0.31143617630004883"
"ssl_emnist_balanced_conv_font-seed4","dda7acd904234b8b9ffb89c6cc070e75","val/accuracy","7399","1775506045440","0.31179079413414"
"ssl_emnist_balanced_conv_font-seed4","dda7acd904234b8b9ffb89c6cc070e75","val/accuracy","7499","1775506103700","0.3087765872478485"
"ssl_emnist_balanced_conv_font-seed4","dda7acd904234b8b9ffb89c6cc070e75","val/accuracy","7599","1775506161124","0.3084219992160797"
"ssl_emnist_balanced_conv_font-seed4","dda7acd904234b8b9ffb89c6cc070e75","val/accuracy","7699","1775506219348","0.3087765872478485"
"ssl_emnist_balanced_conv_font-seed4","dda7acd904234b8b9ffb89c6cc070e75","val/accuracy","7799","1775506277651","0.3093971610069275"
"ssl_emnist_balanced_conv_font-seed4","dda7acd904234b8b9ffb89c6cc070e75","val/accuracy","7899","1775506340532","0.3098404109477997"
"ssl_emnist_balanced_conv_font-seed4","dda7acd904234b8b9ffb89c6cc070e75","val/accuracy","7999","1775506399041","0.3098404109477997"
"ssl_emnist_balanced_conv_font-seed4","dda7acd904234b8b9ffb89c6cc070e75","val/accuracy","8099","1775506457712","0.3093971610069275"
"ssl_emnist_balanced_conv_font-seed4","dda7acd904234b8b9ffb89c6cc070e75","val/accuracy","8199","1775506515880","0.31001773476600647"
"ssl_emnist_balanced_conv_font-seed4","dda7acd904234b8b9ffb89c6cc070e75","val/accuracy","8299","1775506574284","0.3122340440750122"
"ssl_emnist_balanced_conv_font-seed4","dda7acd904234b8b9ffb89c6cc070e75","val/accuracy","8399","1775506631868","0.3119680881500244"
"ssl_emnist_balanced_conv_font-seed4","dda7acd904234b8b9ffb89c6cc070e75","val/accuracy","8499","1775506688632","0.3120567500591278"
"ssl_emnist_balanced_conv_font-seed4","dda7acd904234b8b9ffb89c6cc070e75","val/accuracy","8599","1775506745784","0.3119680881500244"
"ssl_emnist_balanced_conv_font-seed4","dda7acd904234b8b9ffb89c6cc070e75","val/accuracy","8699","1775506804704","0.3116134703159332"
"ssl_emnist_balanced_conv_font-seed4","dda7acd904234b8b9ffb89c6cc070e75","val/accuracy","8799","1775506863369","0.31028369069099426"
"ssl_emnist_balanced_conv_font-seed4","dda7acd904234b8b9ffb89c6cc070e75","val/accuracy","8899","1775506921540","0.3126772940158844"
"ssl_emnist_balanced_conv_font-seed4","dda7acd904234b8b9ffb89c6cc070e75","val/accuracy","8999","1775506979924","0.31143617630004883"
"ssl_emnist_balanced_conv_font-seed4","dda7acd904234b8b9ffb89c6cc070e75","val/accuracy","9099","1775507037396","0.31081560254096985"
"ssl_emnist_balanced_conv_font-seed4","dda7acd904234b8b9ffb89c6cc070e75","val/accuracy","9199","1775507096200","0.31356382369995117"
"ssl_emnist_balanced_conv_font-seed4","dda7acd904234b8b9ffb89c6cc070e75","val/accuracy","9299","1775507153732","0.31090426445007324"
"ssl_emnist_balanced_conv_font-seed4","dda7acd904234b8b9ffb89c6cc070e75","val/accuracy","9399","1775507213005","0.313120573759079"
"ssl_emnist_balanced_conv_font-seed4","dda7acd904234b8b9ffb89c6cc070e75","val/accuracy","9499","1775507271728","0.31152480840682983"
"ssl_emnist_balanced_conv_font-seed4","dda7acd904234b8b9ffb89c6cc070e75","val/accuracy","9599","1775507330668","0.3125"
"ssl_emnist_balanced_conv_font-seed4","dda7acd904234b8b9ffb89c6cc070e75","val/accuracy","9699","1775507388500","0.31453901529312134"
"ssl_emnist_balanced_conv_font-seed4","dda7acd904234b8b9ffb89c6cc070e75","val/accuracy","9799","1775507446372","0.3129432499408722"
"ssl_emnist_balanced_conv_font-seed4","dda7acd904234b8b9ffb89c6cc070e75","val/accuracy","9899","1775507502860","0.31179079413414"
"ssl_emnist_balanced_conv_font-seed4","dda7acd904234b8b9ffb89c6cc070e75","val/accuracy","9999","1775507564109","0.3132978677749634"
"ssl_emnist_balanced_conv_font-seed3","6527abf2e8a242c4aa33fefd3bb65bdd","val/accuracy","99","1775495374337","0.11551418155431747"
"ssl_emnist_balanced_conv_font-seed3","6527abf2e8a242c4aa33fefd3bb65bdd","val/accuracy","199","1775495426188","0.12269503623247147"
"ssl_emnist_balanced_conv_font-seed3","6527abf2e8a242c4aa33fefd3bb65bdd","val/accuracy","299","1775495457765","0.12367021292448044"
"ssl_emnist_balanced_conv_font-seed3","6527abf2e8a242c4aa33fefd3bb65bdd","val/accuracy","399","1775495511508","0.17278368771076202"
"ssl_emnist_balanced_conv_font-seed3","6527abf2e8a242c4aa33fefd3bb65bdd","val/accuracy","499","1775495587185","0.1911347508430481"
"ssl_emnist_balanced_conv_font-seed3","6527abf2e8a242c4aa33fefd3bb65bdd","val/accuracy","599","1775495641308","0.20381206274032593"
"ssl_emnist_balanced_conv_font-seed3","6527abf2e8a242c4aa33fefd3bb65bdd","val/accuracy","699","1775495695860","0.21622340381145477"
"ssl_emnist_balanced_conv_font-seed3","6527abf2e8a242c4aa33fefd3bb65bdd","val/accuracy","799","1775495771676","0.228723406791687"
"ssl_emnist_balanced_conv_font-seed3","6527abf2e8a242c4aa33fefd3bb65bdd","val/accuracy","899","1775495829064","0.23882979154586792"
"ssl_emnist_balanced_conv_font-seed3","6527abf2e8a242c4aa33fefd3bb65bdd","val/accuracy","999","1775495885716","0.2500886619091034"
"ssl_emnist_balanced_conv_font-seed3","6527abf2e8a242c4aa33fefd3bb65bdd","val/accuracy","1099","1775495942648","0.25460994243621826"
"ssl_emnist_balanced_conv_font-seed3","6527abf2e8a242c4aa33fefd3bb65bdd","val/accuracy","1199","1775495998697","0.26134753227233887"
"ssl_emnist_balanced_conv_font-seed3","6527abf2e8a242c4aa33fefd3bb65bdd","val/accuracy","1299","1775496056200","0.26241135597229004"
"ssl_emnist_balanced_conv_font-seed3","6527abf2e8a242c4aa33fefd3bb65bdd","val/accuracy","1399","1775496112016","0.2718085050582886"
"ssl_emnist_balanced_conv_font-seed3","6527abf2e8a242c4aa33fefd3bb65bdd","val/accuracy","1499","1775496168833","0.2745567262172699"
"ssl_emnist_balanced_conv_font-seed3","6527abf2e8a242c4aa33fefd3bb65bdd","val/accuracy","1599","1775496245272","0.2814716398715973"
"ssl_emnist_balanced_conv_font-seed3","6527abf2e8a242c4aa33fefd3bb65bdd","val/accuracy","1699","1775496303220","0.28359928727149963"
"ssl_emnist_balanced_conv_font-seed3","6527abf2e8a242c4aa33fefd3bb65bdd","val/accuracy","1799","1775496361560","0.2886524796485901"
"ssl_emnist_balanced_conv_font-seed3","6527abf2e8a242c4aa33fefd3bb65bdd","val/accuracy","1899","1775496419036","0.28953900933265686"
"ssl_emnist_balanced_conv_font-seed3","6527abf2e8a242c4aa33fefd3bb65bdd","val/accuracy","1999","1775496476752","0.2953014075756073"
"ssl_emnist_balanced_conv_font-seed3","6527abf2e8a242c4aa33fefd3bb65bdd","val/accuracy","2099","1775496532800","0.30336880683898926"
"ssl_emnist_balanced_conv_font-seed3","6527abf2e8a242c4aa33fefd3bb65bdd","val/accuracy","2199","1775496592196","0.305585116147995"
"ssl_emnist_balanced_conv_font-seed3","6527abf2e8a242c4aa33fefd3bb65bdd","val/accuracy","2299","1775496670317","0.3084219992160797"
"ssl_emnist_balanced_conv_font-seed3","6527abf2e8a242c4aa33fefd3bb65bdd","val/accuracy","2399","1775496727209","0.3085992932319641"
"ssl_emnist_balanced_conv_font-seed3","6527abf2e8a242c4aa33fefd3bb65bdd","val/accuracy","2499","1775496784221","0.31099289655685425"
"ssl_emnist_balanced_conv_font-seed3","6527abf2e8a242c4aa33fefd3bb65bdd","val/accuracy","2599","1775496841204","0.31179079413414"
"ssl_emnist_balanced_conv_font-seed3","6527abf2e8a242c4aa33fefd3bb65bdd","val/accuracy","2699","1775496904280","0.3155141770839691"
"ssl_emnist_balanced_conv_font-seed3","6527abf2e8a242c4aa33fefd3bb65bdd","val/accuracy","2799","1775496961693","0.3162234127521515"
"ssl_emnist_balanced_conv_font-seed3","6527abf2e8a242c4aa33fefd3bb65bdd","val/accuracy","2899","1775497036701","0.3196808397769928"
"ssl_emnist_balanced_conv_font-seed3","6527abf2e8a242c4aa33fefd3bb65bdd","val/accuracy","2999","1775497096848","0.3227836787700653"
"ssl_emnist_balanced_conv_font-seed3","6527abf2e8a242c4aa33fefd3bb65bdd","val/accuracy","3099","1775497155596","0.3230496346950531"
"ssl_emnist_balanced_conv_font-seed3","6527abf2e8a242c4aa33fefd3bb65bdd","val/accuracy","3199","1775497213664","0.3265070915222168"
"ssl_emnist_balanced_conv_font-seed3","6527abf2e8a242c4aa33fefd3bb65bdd","val/accuracy","3299","1775497287513","0.32748228311538696"
"ssl_emnist_balanced_conv_font-seed3","6527abf2e8a242c4aa33fefd3bb65bdd","val/accuracy","3399","1775497344880","0.32757091522216797"
"ssl_emnist_balanced_conv_font-seed3","6527abf2e8a242c4aa33fefd3bb65bdd","val/accuracy","3499","1775497403336","0.3293439745903015"
"ssl_emnist_balanced_conv_font-seed3","6527abf2e8a242c4aa33fefd3bb65bdd","val/accuracy","3599","1775497463501","0.3293439745903015"
"ssl_emnist_balanced_conv_font-seed3","6527abf2e8a242c4aa33fefd3bb65bdd","val/accuracy","3699","1775497521788","0.3263297975063324"
"ssl_emnist_balanced_conv_font-seed3","6527abf2e8a242c4aa33fefd3bb65bdd","val/accuracy","3799","1775497581384","0.3288120627403259"
"ssl_emnist_balanced_conv_font-seed3","6527abf2e8a242c4aa33fefd3bb65bdd","val/accuracy","3899","1775497640288","0.33076241612434387"
"ssl_emnist_balanced_conv_font-seed3","6527abf2e8a242c4aa33fefd3bb65bdd","val/accuracy","3999","1775497697865","0.3329787254333496"
"ssl_emnist_balanced_conv_font-seed3","6527abf2e8a242c4aa33fefd3bb65bdd","val/accuracy","4099","1775497755128","0.33102837204933167"
"ssl_emnist_balanced_conv_font-seed3","6527abf2e8a242c4aa33fefd3bb65bdd","val/accuracy","4199","1775497812896","0.33448582887649536"
"ssl_emnist_balanced_conv_font-seed3","6527abf2e8a242c4aa33fefd3bb65bdd","val/accuracy","4299","1775497871932","0.3335106372833252"
"ssl_emnist_balanced_conv_font-seed3","6527abf2e8a242c4aa33fefd3bb65bdd","val/accuracy","4399","1775497930480","0.33156028389930725"
"ssl_emnist_balanced_conv_font-seed3","6527abf2e8a242c4aa33fefd3bb65bdd","val/accuracy","4499","1775497990201","0.3327127695083618"
"ssl_emnist_balanced_conv_font-seed3","6527abf2e8a242c4aa33fefd3bb65bdd","val/accuracy","4599","1775498048653","0.33439716696739197"
"ssl_emnist_balanced_conv_font-seed3","6527abf2e8a242c4aa33fefd3bb65bdd","val/accuracy","4699","1775498106276","0.33466312289237976"
"ssl_emnist_balanced_conv_font-seed3","6527abf2e8a242c4aa33fefd3bb65bdd","val/accuracy","4799","1775498166868","0.33484041690826416"
"ssl_emnist_balanced_conv_font-seed3","6527abf2e8a242c4aa33fefd3bb65bdd","val/accuracy","4899","1775498224325","0.33510637283325195"
"ssl_emnist_balanced_conv_font-seed3","6527abf2e8a242c4aa33fefd3bb65bdd","val/accuracy","4999","1775498282721","0.33484041690826416"
"ssl_emnist_balanced_conv_font-seed3","6527abf2e8a242c4aa33fefd3bb65bdd","val/accuracy","5099","1775498340400","0.33200353384017944"
"ssl_emnist_balanced_conv_font-seed3","6527abf2e8a242c4aa33fefd3bb65bdd","val/accuracy","5199","1775498400364","0.3363475203514099"
"ssl_emnist_balanced_conv_font-seed3","6527abf2e8a242c4aa33fefd3bb65bdd","val/accuracy","5299","1775498459776","0.33812057971954346"
"ssl_emnist_balanced_conv_font-seed3","6527abf2e8a242c4aa33fefd3bb65bdd","val/accuracy","5399","1775498518192","0.3367907702922821"
"ssl_emnist_balanced_conv_font-seed3","6527abf2e8a242c4aa33fefd3bb65bdd","val/accuracy","5499","1775498575996","0.3369680941104889"
"ssl_emnist_balanced_conv_font-seed3","6527abf2e8a242c4aa33fefd3bb65bdd","val/accuracy","5599","1775498632844","0.3374113440513611"
"ssl_emnist_balanced_conv_font-seed3","6527abf2e8a242c4aa33fefd3bb65bdd","val/accuracy","5699","1775498693633","0.3376772999763489"
"ssl_emnist_balanced_conv_font-seed3","6527abf2e8a242c4aa33fefd3bb65bdd","val/accuracy","5799","1775498751396","0.33776596188545227"
"ssl_emnist_balanced_conv_font-seed3","6527abf2e8a242c4aa33fefd3bb65bdd","val/accuracy","5899","1775498811829","0.3365248143672943"
"ssl_emnist_balanced_conv_font-seed3","6527abf2e8a242c4aa33fefd3bb65bdd","val/accuracy","5999","1775498870740","0.33572694659233093"
"ssl_emnist_balanced_conv_font-seed3","6527abf2e8a242c4aa33fefd3bb65bdd","val/accuracy","6099","1775498929364","0.3361702263355255"
"ssl_emnist_balanced_conv_font-seed3","6527abf2e8a242c4aa33fefd3bb65bdd","val/accuracy","6199","1775498986900","0.3398936092853546"
"ssl_emnist_balanced_conv_font-seed3","6527abf2e8a242c4aa33fefd3bb65bdd","val/accuracy","6299","1775499045964","0.33829787373542786"
"ssl_emnist_balanced_conv_font-seed3","6527abf2e8a242c4aa33fefd3bb65bdd","val/accuracy","6399","1775499124713","0.340602844953537"
"ssl_emnist_balanced_conv_font-seed3","6527abf2e8a242c4aa33fefd3bb65bdd","val/accuracy","6499","1775499183801","0.33776596188545227"
"ssl_emnist_balanced_conv_font-seed3","6527abf2e8a242c4aa33fefd3bb65bdd","val/accuracy","6599","1775499242072","0.33936169743537903"
"ssl_emnist_balanced_conv_font-seed3","6527abf2e8a242c4aa33fefd3bb65bdd","val/accuracy","6699","1775499319357","0.33874112367630005"
"ssl_emnist_balanced_conv_font-seed3","6527abf2e8a242c4aa33fefd3bb65bdd","val/accuracy","6799","1775499376665","0.34246453642845154"
"ssl_emnist_balanced_conv_font-seed3","6527abf2e8a242c4aa33fefd3bb65bdd","val/accuracy","6899","1775499433620","0.33776596188545227"
"ssl_emnist_balanced_conv_font-seed3","6527abf2e8a242c4aa33fefd3bb65bdd","val/accuracy","6999","1775499491947","0.339982271194458"
"ssl_emnist_balanced_conv_font-seed3","6527abf2e8a242c4aa33fefd3bb65bdd","val/accuracy","7099","1775499551685","0.341312050819397"
"ssl_emnist_balanced_conv_font-seed3","6527abf2e8a242c4aa33fefd3bb65bdd","val/accuracy","7199","1775499609960","0.3428191542625427"
"ssl_emnist_balanced_conv_font-seed3","6527abf2e8a242c4aa33fefd3bb65bdd","val/accuracy","7299","1775499670290","0.3403368890285492"
"ssl_emnist_balanced_conv_font-seed3","6527abf2e8a242c4aa33fefd3bb65bdd","val/accuracy","7399","1775499729201","0.3428191542625427"
"ssl_emnist_balanced_conv_font-seed3","6527abf2e8a242c4aa33fefd3bb65bdd","val/accuracy","7499","1775499789068","0.33909574151039124"
"ssl_emnist_balanced_conv_font-seed3","6527abf2e8a242c4aa33fefd3bb65bdd","val/accuracy","7599","1775499847692","0.34210991859436035"
"ssl_emnist_balanced_conv_font-seed3","6527abf2e8a242c4aa33fefd3bb65bdd","val/accuracy","7699","1775499906328","0.34264183044433594"
"ssl_emnist_balanced_conv_font-seed3","6527abf2e8a242c4aa33fefd3bb65bdd","val/accuracy","7799","1775499964697","0.34255319833755493"
"ssl_emnist_balanced_conv_font-seed3","6527abf2e8a242c4aa33fefd3bb65bdd","val/accuracy","7899","1775500022516","0.3435283601284027"
"ssl_emnist_balanced_conv_font-seed3","6527abf2e8a242c4aa33fefd3bb65bdd","val/accuracy","7999","1775500081500","0.34166666865348816"
"ssl_emnist_balanced_conv_font-seed3","6527abf2e8a242c4aa33fefd3bb65bdd","val/accuracy","8099","1775500140853","0.3403368890285492"
"ssl_emnist_balanced_conv_font-seed3","6527abf2e8a242c4aa33fefd3bb65bdd","val/accuracy","8199","1775500199452","0.3402482271194458"
"ssl_emnist_balanced_conv_font-seed3","6527abf2e8a242c4aa33fefd3bb65bdd","val/accuracy","8299","1775500415065","0.34210991859436035"
"ssl_emnist_balanced_conv_font-seed3","6527abf2e8a242c4aa33fefd3bb65bdd","val/accuracy","8399","1775500472533","0.3429078161716461"
"ssl_emnist_balanced_conv_font-seed3","6527abf2e8a242c4aa33fefd3bb65bdd","val/accuracy","8499","1775500531316","0.34148937463760376"
"ssl_emnist_balanced_conv_font-seed3","6527abf2e8a242c4aa33fefd3bb65bdd","val/accuracy","8599","1775500590232","0.34485816955566406"
"ssl_emnist_balanced_conv_font-seed3","6527abf2e8a242c4aa33fefd3bb65bdd","val/accuracy","8699","1775500648372","0.3410460948944092"
"ssl_emnist_balanced_conv_font-seed3","6527abf2e8a242c4aa33fefd3bb65bdd","val/accuracy","8799","1775500707389","0.3411347568035126"
"ssl_emnist_balanced_conv_font-seed3","6527abf2e8a242c4aa33fefd3bb65bdd","val/accuracy","8899","1775500765520","0.34547871351242065"
"ssl_emnist_balanced_conv_font-seed3","6527abf2e8a242c4aa33fefd3bb65bdd","val/accuracy","8999","1775500824161","0.341312050819397"
"ssl_emnist_balanced_conv_font-seed3","6527abf2e8a242c4aa33fefd3bb65bdd","val/accuracy","9099","1775500882384","0.346187949180603"
"ssl_emnist_balanced_conv_font-seed3","6527abf2e8a242c4aa33fefd3bb65bdd","val/accuracy","9199","1775501100869","0.3433510661125183"
"ssl_emnist_balanced_conv_font-seed3","6527abf2e8a242c4aa33fefd3bb65bdd","val/accuracy","9299","1775501214876","0.3431737720966339"
"ssl_emnist_balanced_conv_font-seed3","6527abf2e8a242c4aa33fefd3bb65bdd","val/accuracy","9399","1775501274776","0.34246453642845154"
"ssl_emnist_balanced_conv_font-seed3","6527abf2e8a242c4aa33fefd3bb65bdd","val/accuracy","9499","1775501332688","0.34494680166244507"
"ssl_emnist_balanced_conv_font-seed3","6527abf2e8a242c4aa33fefd3bb65bdd","val/accuracy","9599","1775501392957","0.34601062536239624"
"ssl_emnist_balanced_conv_font-seed3","6527abf2e8a242c4aa33fefd3bb65bdd","val/accuracy","9699","1775501450664","0.3429964482784271"
"ssl_emnist_balanced_conv_font-seed3","6527abf2e8a242c4aa33fefd3bb65bdd","val/accuracy","9799","1775501507664","0.34219858050346375"
"ssl_emnist_balanced_conv_font-seed3","6527abf2e8a242c4aa33fefd3bb65bdd","val/accuracy","9899","1775501566493","0.3429964482784271"
"ssl_emnist_balanced_conv_font-seed3","6527abf2e8a242c4aa33fefd3bb65bdd","val/accuracy","9999","1775501627472","0.3432624042034149"
"ssl_emnist_balanced_conv_centroid-seed1","b9b375d193c44a9499ce62ba8caf8456","val/accuracy","99","1775495361528","0.3585106432437897"
"ssl_emnist_balanced_conv_centroid-seed1","b9b375d193c44a9499ce62ba8caf8456","val/accuracy","199","1775495395068","0.36578014492988586"
"ssl_emnist_balanced_conv_centroid-seed1","b9b375d193c44a9499ce62ba8caf8456","val/accuracy","299","1775495447756","0.36622339487075806"
"ssl_emnist_balanced_conv_centroid-seed1","b9b375d193c44a9499ce62ba8caf8456","val/accuracy","399","1775495503300","0.4163120687007904"
"ssl_emnist_balanced_conv_centroid-seed1","b9b375d193c44a9499ce62ba8caf8456","val/accuracy","499","1775495580376","0.45726948976516724"
"ssl_emnist_balanced_conv_centroid-seed1","b9b375d193c44a9499ce62ba8caf8456","val/accuracy","599","1775495639809","0.4888297915458679"
"ssl_emnist_balanced_conv_centroid-seed1","b9b375d193c44a9499ce62ba8caf8456","val/accuracy","699","1775495696317","0.5170212984085083"
"ssl_emnist_balanced_conv_centroid-seed1","b9b375d193c44a9499ce62ba8caf8456","val/accuracy","799","1775495776332","0.5368794202804565"
"ssl_emnist_balanced_conv_centroid-seed1","b9b375d193c44a9499ce62ba8caf8456","val/accuracy","899","1775495834676","0.5458333492279053"
"ssl_emnist_balanced_conv_centroid-seed1","b9b375d193c44a9499ce62ba8caf8456","val/accuracy","999","1775495893508","0.5557624101638794"
"ssl_emnist_balanced_conv_centroid-seed1","b9b375d193c44a9499ce62ba8caf8456","val/accuracy","1099","1775495948920","0.5707446932792664"
"ssl_emnist_balanced_conv_centroid-seed1","b9b375d193c44a9499ce62ba8caf8456","val/accuracy","1199","1775496007460","0.5723404288291931"
"ssl_emnist_balanced_conv_centroid-seed1","b9b375d193c44a9499ce62ba8caf8456","val/accuracy","1299","1775496064248","0.5819149017333984"
"ssl_emnist_balanced_conv_centroid-seed1","b9b375d193c44a9499ce62ba8caf8456","val/accuracy","1399","1775496122792","0.5875886678695679"
"ssl_emnist_balanced_conv_centroid-seed1","b9b375d193c44a9499ce62ba8caf8456","val/accuracy","1499","1775496181352","0.5893617272377014"
"ssl_emnist_balanced_conv_centroid-seed1","b9b375d193c44a9499ce62ba8caf8456","val/accuracy","1599","1775496257384","0.5948581695556641"
"ssl_emnist_balanced_conv_centroid-seed1","b9b375d193c44a9499ce62ba8caf8456","val/accuracy","1699","1775496312944","0.6015070676803589"
"ssl_emnist_balanced_conv_centroid-seed1","b9b375d193c44a9499ce62ba8caf8456","val/accuracy","1799","1775496369864","0.6068262457847595"
"ssl_emnist_balanced_conv_centroid-seed1","b9b375d193c44a9499ce62ba8caf8456","val/accuracy","1899","1775496425017","0.611258864402771"
"ssl_emnist_balanced_conv_centroid-seed1","b9b375d193c44a9499ce62ba8caf8456","val/accuracy","1999","1775496481392","0.6191489100456238"
"ssl_emnist_balanced_conv_centroid-seed1","b9b375d193c44a9499ce62ba8caf8456","val/accuracy","2099","1775496538232","0.6228723526000977"
"ssl_emnist_balanced_conv_centroid-seed1","b9b375d193c44a9499ce62ba8caf8456","val/accuracy","2199","1775496595044","0.6304078102111816"
"ssl_emnist_balanced_conv_centroid-seed1","b9b375d193c44a9499ce62ba8caf8456","val/accuracy","2299","1775496670596","0.6340425610542297"
"ssl_emnist_balanced_conv_centroid-seed1","b9b375d193c44a9499ce62ba8caf8456","val/accuracy","2399","1775496728548","0.6406028270721436"
"ssl_emnist_balanced_conv_centroid-seed1","b9b375d193c44a9499ce62ba8caf8456","val/accuracy","2499","1775496784848","0.6441489458084106"
"ssl_emnist_balanced_conv_centroid-seed1","b9b375d193c44a9499ce62ba8caf8456","val/accuracy","2599","1775496842016","0.6468085050582886"
"ssl_emnist_balanced_conv_centroid-seed1","b9b375d193c44a9499ce62ba8caf8456","val/accuracy","2699","1775496904153","0.6501772999763489"
"ssl_emnist_balanced_conv_centroid-seed1","b9b375d193c44a9499ce62ba8caf8456","val/accuracy","2799","1775496961436","0.6532801389694214"
"ssl_emnist_balanced_conv_centroid-seed1","b9b375d193c44a9499ce62ba8caf8456","val/accuracy","2899","1775497036024","0.6565603017807007"
"ssl_emnist_balanced_conv_centroid-seed1","b9b375d193c44a9499ce62ba8caf8456","val/accuracy","2999","1775497093616","0.6602836847305298"
"ssl_emnist_balanced_conv_centroid-seed1","b9b375d193c44a9499ce62ba8caf8456","val/accuracy","3099","1775497151528","0.659929096698761"
"ssl_emnist_balanced_conv_centroid-seed1","b9b375d193c44a9499ce62ba8caf8456","val/accuracy","3199","1775497209805","0.6622340679168701"
"ssl_emnist_balanced_conv_centroid-seed1","b9b375d193c44a9499ce62ba8caf8456","val/accuracy","3299","1775497291348","0.661436140537262"
"ssl_emnist_balanced_conv_centroid-seed1","b9b375d193c44a9499ce62ba8caf8456","val/accuracy","3399","1775497352096","0.6657801270484924"
"ssl_emnist_balanced_conv_centroid-seed1","b9b375d193c44a9499ce62ba8caf8456","val/accuracy","3499","1775497410668","0.6648049354553223"
"ssl_emnist_balanced_conv_centroid-seed1","b9b375d193c44a9499ce62ba8caf8456","val/accuracy","3599","1775497468261","0.6653369069099426"
"ssl_emnist_balanced_conv_centroid-seed1","b9b375d193c44a9499ce62ba8caf8456","val/accuracy","3699","1775497527045","0.6650709509849548"
"ssl_emnist_balanced_conv_centroid-seed1","b9b375d193c44a9499ce62ba8caf8456","val/accuracy","3799","1775497585029","0.6673758625984192"
"ssl_emnist_balanced_conv_centroid-seed1","b9b375d193c44a9499ce62ba8caf8456","val/accuracy","3899","1775497642836","0.6645389795303345"
"ssl_emnist_balanced_conv_centroid-seed1","b9b375d193c44a9499ce62ba8caf8456","val/accuracy","3999","1775497701820","0.6664007306098938"
"ssl_emnist_balanced_conv_centroid-seed1","b9b375d193c44a9499ce62ba8caf8456","val/accuracy","4099","1775497760992","0.6647163033485413"
"ssl_emnist_balanced_conv_centroid-seed1","b9b375d193c44a9499ce62ba8caf8456","val/accuracy","4199","1775497819936","0.6656914949417114"
"ssl_emnist_balanced_conv_centroid-seed1","b9b375d193c44a9499ce62ba8caf8456","val/accuracy","4299","1775497880233","0.6670212745666504"
"ssl_emnist_balanced_conv_centroid-seed1","b9b375d193c44a9499ce62ba8caf8456","val/accuracy","4399","1775497938125","0.6681737303733826"
"ssl_emnist_balanced_conv_centroid-seed1","b9b375d193c44a9499ce62ba8caf8456","val/accuracy","4499","1775497994676","0.6672872304916382"
"ssl_emnist_balanced_conv_centroid-seed1","b9b375d193c44a9499ce62ba8caf8456","val/accuracy","4599","1775498053989","0.6659574508666992"
"ssl_emnist_balanced_conv_centroid-seed1","b9b375d193c44a9499ce62ba8caf8456","val/accuracy","4699","1775498112176","0.6682624220848083"
"ssl_emnist_balanced_conv_centroid-seed1","b9b375d193c44a9499ce62ba8caf8456","val/accuracy","4799","1775498170625","0.6680850982666016"
"ssl_emnist_balanced_conv_centroid-seed1","b9b375d193c44a9499ce62ba8caf8456","val/accuracy","4899","1775498228117","0.6679964661598206"
"ssl_emnist_balanced_conv_centroid-seed1","b9b375d193c44a9499ce62ba8caf8456","val/accuracy","4999","1775498287341","0.6666666865348816"
"ssl_emnist_balanced_conv_centroid-seed1","b9b375d193c44a9499ce62ba8caf8456","val/accuracy","5099","1775498344512","0.6691489219665527"
"ssl_emnist_balanced_conv_centroid-seed1","b9b375d193c44a9499ce62ba8caf8456","val/accuracy","5199","1775498404605","0.6688829660415649"
"ssl_emnist_balanced_conv_centroid-seed1","b9b375d193c44a9499ce62ba8caf8456","val/accuracy","5299","1775498462512","0.6705673933029175"
"ssl_emnist_balanced_conv_centroid-seed1","b9b375d193c44a9499ce62ba8caf8456","val/accuracy","5399","1775498522532","0.6680850982666016"
"ssl_emnist_balanced_conv_centroid-seed1","b9b375d193c44a9499ce62ba8caf8456","val/accuracy","5499","1775498581616","0.6664893627166748"
"ssl_emnist_balanced_conv_centroid-seed1","b9b375d193c44a9499ce62ba8caf8456","val/accuracy","5599","1775498638826","0.6659574508666992"
"ssl_emnist_balanced_conv_centroid-seed1","b9b375d193c44a9499ce62ba8caf8456","val/accuracy","5699","1775498696500","0.6691489219665527"
"ssl_emnist_balanced_conv_centroid-seed1","b9b375d193c44a9499ce62ba8caf8456","val/accuracy","5799","1775498754025","0.6664893627166748"
"ssl_emnist_balanced_conv_centroid-seed1","b9b375d193c44a9499ce62ba8caf8456","val/accuracy","5899","1775498813244","0.6702127456665039"
"ssl_emnist_balanced_conv_centroid-seed1","b9b375d193c44a9499ce62ba8caf8456","val/accuracy","5999","1775498872264","0.667553186416626"
"ssl_emnist_balanced_conv_centroid-seed1","b9b375d193c44a9499ce62ba8caf8456","val/accuracy","6099","1775498930140","0.6695922017097473"
"ssl_emnist_balanced_conv_centroid-seed1","b9b375d193c44a9499ce62ba8caf8456","val/accuracy","6199","1775498986628","0.6686170101165771"
"ssl_emnist_balanced_conv_centroid-seed1","b9b375d193c44a9499ce62ba8caf8456","val/accuracy","6299","1775499045056","0.6688829660415649"
"ssl_emnist_balanced_conv_centroid-seed1","b9b375d193c44a9499ce62ba8caf8456","val/accuracy","6399","1775499123176","0.6712765693664551"
"ssl_emnist_balanced_conv_centroid-seed1","b9b375d193c44a9499ce62ba8caf8456","val/accuracy","6499","1775499182348","0.6679077744483948"
"ssl_emnist_balanced_conv_centroid-seed1","b9b375d193c44a9499ce62ba8caf8456","val/accuracy","6599","1775499240480","0.6684397459030151"
"ssl_emnist_balanced_conv_centroid-seed1","b9b375d193c44a9499ce62ba8caf8456","val/accuracy","6699","1775499316436","0.6696808338165283"
"ssl_emnist_balanced_conv_centroid-seed1","b9b375d193c44a9499ce62ba8caf8456","val/accuracy","6799","1775499373889","0.6679077744483948"
"ssl_emnist_balanced_conv_centroid-seed1","b9b375d193c44a9499ce62ba8caf8456","val/accuracy","6899","1775499431320","0.6696808338165283"
"ssl_emnist_balanced_conv_centroid-seed1","b9b375d193c44a9499ce62ba8caf8456","val/accuracy","6999","1775499489837","0.6690602898597717"
"ssl_emnist_balanced_conv_centroid-seed1","b9b375d193c44a9499ce62ba8caf8456","val/accuracy","7099","1775499550120","0.6696808338165283"
"ssl_emnist_balanced_conv_centroid-seed1","b9b375d193c44a9499ce62ba8caf8456","val/accuracy","7199","1775499608564","0.6716312170028687"
"ssl_emnist_balanced_conv_centroid-seed1","b9b375d193c44a9499ce62ba8caf8456","val/accuracy","7299","1775499667949","0.6691489219665527"
"ssl_emnist_balanced_conv_centroid-seed1","b9b375d193c44a9499ce62ba8caf8456","val/accuracy","7399","1775499725773","0.6717198491096497"
"ssl_emnist_balanced_conv_centroid-seed1","b9b375d193c44a9499ce62ba8caf8456","val/accuracy","7499","1775499783572","0.6686170101165771"
"ssl_emnist_balanced_conv_centroid-seed1","b9b375d193c44a9499ce62ba8caf8456","val/accuracy","7599","1775499843997","0.6694148778915405"
"ssl_emnist_balanced_conv_centroid-seed1","b9b375d193c44a9499ce62ba8caf8456","val/accuracy","7699","1775499904256","0.6696808338165283"
"ssl_emnist_balanced_conv_centroid-seed1","b9b375d193c44a9499ce62ba8caf8456","val/accuracy","7799","1775499965505","0.6698581576347351"
"ssl_emnist_balanced_conv_centroid-seed1","b9b375d193c44a9499ce62ba8caf8456","val/accuracy","7899","1775500024589","0.6682624220848083"
"ssl_emnist_balanced_conv_centroid-seed1","b9b375d193c44a9499ce62ba8caf8456","val/accuracy","7999","1775500082884","0.6685283780097961"
"ssl_emnist_balanced_conv_centroid-seed1","b9b375d193c44a9499ce62ba8caf8456","val/accuracy","8099","1775500140968","0.6694148778915405"
"ssl_emnist_balanced_conv_centroid-seed1","b9b375d193c44a9499ce62ba8caf8456","val/accuracy","8199","1775500199649","0.6688829660415649"
"ssl_emnist_balanced_conv_centroid-seed1","b9b375d193c44a9499ce62ba8caf8456","val/accuracy","8299","1775500421405","0.6700354814529419"
"ssl_emnist_balanced_conv_centroid-seed1","b9b375d193c44a9499ce62ba8caf8456","val/accuracy","8399","1775500480824","0.6687057018280029"
"ssl_emnist_balanced_conv_centroid-seed1","b9b375d193c44a9499ce62ba8caf8456","val/accuracy","8499","1775500538792","0.6700354814529419"
"ssl_emnist_balanced_conv_centroid-seed1","b9b375d193c44a9499ce62ba8caf8456","val/accuracy","8599","1775500596236","0.6715425252914429"
"ssl_emnist_balanced_conv_centroid-seed1","b9b375d193c44a9499ce62ba8caf8456","val/accuracy","8699","1775500654268","0.6681737303733826"
"ssl_emnist_balanced_conv_centroid-seed1","b9b375d193c44a9499ce62ba8caf8456","val/accuracy","8799","1775500714660","0.6721631288528442"
"ssl_emnist_balanced_conv_centroid-seed1","b9b375d193c44a9499ce62ba8caf8456","val/accuracy","8899","1775500772144","0.6671099066734314"
"ssl_emnist_balanced_conv_centroid-seed1","b9b375d193c44a9499ce62ba8caf8456","val/accuracy","8999","1775500829972","0.6679964661598206"
"ssl_emnist_balanced_conv_centroid-seed1","b9b375d193c44a9499ce62ba8caf8456","val/accuracy","9099","1775500889324","0.6703014373779297"
"ssl_emnist_balanced_conv_centroid-seed1","b9b375d193c44a9499ce62ba8caf8456","val/accuracy","9199","1775501053844","0.6690602898597717"
"ssl_emnist_balanced_conv_centroid-seed1","b9b375d193c44a9499ce62ba8caf8456","val/accuracy","9299","1775501198808","0.6671099066734314"
"ssl_emnist_balanced_conv_centroid-seed1","b9b375d193c44a9499ce62ba8caf8456","val/accuracy","9399","1775501256524","0.6687943339347839"
"ssl_emnist_balanced_conv_centroid-seed1","b9b375d193c44a9499ce62ba8caf8456","val/accuracy","9499","1775501315896","0.6710106134414673"
"ssl_emnist_balanced_conv_centroid-seed1","b9b375d193c44a9499ce62ba8caf8456","val/accuracy","9599","1775501374429","0.667641818523407"
"ssl_emnist_balanced_conv_centroid-seed1","b9b375d193c44a9499ce62ba8caf8456","val/accuracy","9699","1775501431741","0.6705673933029175"
"ssl_emnist_balanced_conv_centroid-seed1","b9b375d193c44a9499ce62ba8caf8456","val/accuracy","9799","1775501491256","0.6699467897415161"
"ssl_emnist_balanced_conv_centroid-seed1","b9b375d193c44a9499ce62ba8caf8456","val/accuracy","9899","1775501548720","0.6697695255279541"
"ssl_emnist_balanced_conv_centroid-seed1","b9b375d193c44a9499ce62ba8caf8456","val/accuracy","9999","1775501606796","0.6703900694847107"
"ssl_emnist_balanced_conv_centroid-seed2","33d6c0f37a194d1f9cbe310232ddb49f","val/accuracy","99","1775495363092","0.3845744729042053"
"ssl_emnist_balanced_conv_centroid-seed2","33d6c0f37a194d1f9cbe310232ddb49f","val/accuracy","199","1775495398037","0.37996453046798706"
"ssl_emnist_balanced_conv_centroid-seed2","33d6c0f37a194d1f9cbe310232ddb49f","val/accuracy","299","1775495447800","0.3711879551410675"
"ssl_emnist_balanced_conv_centroid-seed2","33d6c0f37a194d1f9cbe310232ddb49f","val/accuracy","399","1775495501764","0.4310283660888672"
"ssl_emnist_balanced_conv_centroid-seed2","33d6c0f37a194d1f9cbe310232ddb49f","val/accuracy","499","1775495562129","0.4761524796485901"
"ssl_emnist_balanced_conv_centroid-seed2","33d6c0f37a194d1f9cbe310232ddb49f","val/accuracy","599","1775495627065","0.5163120627403259"
"ssl_emnist_balanced_conv_centroid-seed2","33d6c0f37a194d1f9cbe310232ddb49f","val/accuracy","699","1775495684045","0.5394503474235535"
"ssl_emnist_balanced_conv_centroid-seed2","33d6c0f37a194d1f9cbe310232ddb49f","val/accuracy","799","1775495763368","0.5583333373069763"
"ssl_emnist_balanced_conv_centroid-seed2","33d6c0f37a194d1f9cbe310232ddb49f","val/accuracy","899","1775495819868","0.5734042525291443"
"ssl_emnist_balanced_conv_centroid-seed2","33d6c0f37a194d1f9cbe310232ddb49f","val/accuracy","999","1775495877652","0.5830673575401306"
"ssl_emnist_balanced_conv_centroid-seed2","33d6c0f37a194d1f9cbe310232ddb49f","val/accuracy","1099","1775495934169","0.5923758745193481"
"ssl_emnist_balanced_conv_centroid-seed2","33d6c0f37a194d1f9cbe310232ddb49f","val/accuracy","1199","1775495990849","0.598847508430481"
"ssl_emnist_balanced_conv_centroid-seed2","33d6c0f37a194d1f9cbe310232ddb49f","val/accuracy","1299","1775496046868","0.6064716577529907"
"ssl_emnist_balanced_conv_centroid-seed2","33d6c0f37a194d1f9cbe310232ddb49f","val/accuracy","1399","1775496105129","0.6191489100456238"
"ssl_emnist_balanced_conv_centroid-seed2","33d6c0f37a194d1f9cbe310232ddb49f","val/accuracy","1499","1775496162241","0.6221631169319153"
"ssl_emnist_balanced_conv_centroid-seed2","33d6c0f37a194d1f9cbe310232ddb49f","val/accuracy","1599","1775496219824","0.6281028389930725"
"ssl_emnist_balanced_conv_centroid-seed2","33d6c0f37a194d1f9cbe310232ddb49f","val/accuracy","1699","1775496280872","0.6305851340293884"
"ssl_emnist_balanced_conv_centroid-seed2","33d6c0f37a194d1f9cbe310232ddb49f","val/accuracy","1799","1775496337752","0.6348404288291931"
"ssl_emnist_balanced_conv_centroid-seed2","33d6c0f37a194d1f9cbe310232ddb49f","val/accuracy","1899","1775496396229","0.6406028270721436"
"ssl_emnist_balanced_conv_centroid-seed2","33d6c0f37a194d1f9cbe310232ddb49f","val/accuracy","1999","1775496453788","0.644946813583374"
"ssl_emnist_balanced_conv_centroid-seed2","33d6c0f37a194d1f9cbe310232ddb49f","val/accuracy","2099","1775496510368","0.6490248441696167"
"ssl_emnist_balanced_conv_centroid-seed2","33d6c0f37a194d1f9cbe310232ddb49f","val/accuracy","2199","1775496568420","0.6551418304443359"
"ssl_emnist_balanced_conv_centroid-seed2","33d6c0f37a194d1f9cbe310232ddb49f","val/accuracy","2299","1775496650068","0.653723418712616"
"ssl_emnist_balanced_conv_centroid-seed2","33d6c0f37a194d1f9cbe310232ddb49f","val/accuracy","2399","1775496707668","0.6583333611488342"
"ssl_emnist_balanced_conv_centroid-seed2","33d6c0f37a194d1f9cbe310232ddb49f","val/accuracy","2499","1775496764656","0.6616134643554688"
"ssl_emnist_balanced_conv_centroid-seed2","33d6c0f37a194d1f9cbe310232ddb49f","val/accuracy","2599","1775496826188","0.6631205677986145"
"ssl_emnist_balanced_conv_centroid-seed2","33d6c0f37a194d1f9cbe310232ddb49f","val/accuracy","2699","1775496888580","0.6626772880554199"
"ssl_emnist_balanced_conv_centroid-seed2","33d6c0f37a194d1f9cbe310232ddb49f","val/accuracy","2799","1775496947432","0.6660460829734802"
"ssl_emnist_balanced_conv_centroid-seed2","33d6c0f37a194d1f9cbe310232ddb49f","val/accuracy","2899","1775497028752","0.6689716577529907"
"ssl_emnist_balanced_conv_centroid-seed2","33d6c0f37a194d1f9cbe310232ddb49f","val/accuracy","2999","1775497087624","0.6691489219665527"
"ssl_emnist_balanced_conv_centroid-seed2","33d6c0f37a194d1f9cbe310232ddb49f","val/accuracy","3099","1775497146760","0.6711879372596741"
"ssl_emnist_balanced_conv_centroid-seed2","33d6c0f37a194d1f9cbe310232ddb49f","val/accuracy","3199","1775497206357","0.6731383204460144"
"ssl_emnist_balanced_conv_centroid-seed2","33d6c0f37a194d1f9cbe310232ddb49f","val/accuracy","3299","1775497283600","0.6719858050346375"
"ssl_emnist_balanced_conv_centroid-seed2","33d6c0f37a194d1f9cbe310232ddb49f","val/accuracy","3399","1775497341460","0.672340452671051"
"ssl_emnist_balanced_conv_centroid-seed2","33d6c0f37a194d1f9cbe310232ddb49f","val/accuracy","3499","1775497402540","0.6735815405845642"
"ssl_emnist_balanced_conv_centroid-seed2","33d6c0f37a194d1f9cbe310232ddb49f","val/accuracy","3599","1775497462200","0.6730496287345886"
"ssl_emnist_balanced_conv_centroid-seed2","33d6c0f37a194d1f9cbe310232ddb49f","val/accuracy","3699","1775497522528","0.6734042763710022"
"ssl_emnist_balanced_conv_centroid-seed2","33d6c0f37a194d1f9cbe310232ddb49f","val/accuracy","3799","1775497582524","0.6747340559959412"
"ssl_emnist_balanced_conv_centroid-seed2","33d6c0f37a194d1f9cbe310232ddb49f","val/accuracy","3899","1775497641128","0.6713652610778809"
"ssl_emnist_balanced_conv_centroid-seed2","33d6c0f37a194d1f9cbe310232ddb49f","val/accuracy","3999","1775497699869","0.6728723645210266"
"ssl_emnist_balanced_conv_centroid-seed2","33d6c0f37a194d1f9cbe310232ddb49f","val/accuracy","4099","1775497760592","0.672429084777832"
"ssl_emnist_balanced_conv_centroid-seed2","33d6c0f37a194d1f9cbe310232ddb49f","val/accuracy","4199","1775497819804","0.6761524677276611"
"ssl_emnist_balanced_conv_centroid-seed2","33d6c0f37a194d1f9cbe310232ddb49f","val/accuracy","4299","1775497879192","0.6753545999526978"
"ssl_emnist_balanced_conv_centroid-seed2","33d6c0f37a194d1f9cbe310232ddb49f","val/accuracy","4399","1775497938012","0.6745567321777344"
"ssl_emnist_balanced_conv_centroid-seed2","33d6c0f37a194d1f9cbe310232ddb49f","val/accuracy","4499","1775497998732","0.6745567321777344"
"ssl_emnist_balanced_conv_centroid-seed2","33d6c0f37a194d1f9cbe310232ddb49f","val/accuracy","4599","1775498057816","0.6754432916641235"
"ssl_emnist_balanced_conv_centroid-seed2","33d6c0f37a194d1f9cbe310232ddb49f","val/accuracy","4699","1775498115568","0.6767730712890625"
"ssl_emnist_balanced_conv_centroid-seed2","33d6c0f37a194d1f9cbe310232ddb49f","val/accuracy","4799","1775498173721","0.673758864402771"
"ssl_emnist_balanced_conv_centroid-seed2","33d6c0f37a194d1f9cbe310232ddb49f","val/accuracy","4899","1775498232061","0.6748226881027222"
"ssl_emnist_balanced_conv_centroid-seed2","33d6c0f37a194d1f9cbe310232ddb49f","val/accuracy","4999","1775498290260","0.6761524677276611"
"ssl_emnist_balanced_conv_centroid-seed2","33d6c0f37a194d1f9cbe310232ddb49f","val/accuracy","5099","1775498348700","0.6757092475891113"
"ssl_emnist_balanced_conv_centroid-seed2","33d6c0f37a194d1f9cbe310232ddb49f","val/accuracy","5199","1775498408592","0.6770390272140503"
"ssl_emnist_balanced_conv_centroid-seed2","33d6c0f37a194d1f9cbe310232ddb49f","val/accuracy","5299","1775498466684","0.6782801151275635"
"ssl_emnist_balanced_conv_centroid-seed2","33d6c0f37a194d1f9cbe310232ddb49f","val/accuracy","5399","1775498525564","0.6771276593208313"
"ssl_emnist_balanced_conv_centroid-seed2","33d6c0f37a194d1f9cbe310232ddb49f","val/accuracy","5499","1775498584980","0.6767730712890625"
"ssl_emnist_balanced_conv_centroid-seed2","33d6c0f37a194d1f9cbe310232ddb49f","val/accuracy","5599","1775498644341","0.6761524677276611"
"ssl_emnist_balanced_conv_centroid-seed2","33d6c0f37a194d1f9cbe310232ddb49f","val/accuracy","5699","1775498702548","0.6762411594390869"
"ssl_emnist_balanced_conv_centroid-seed2","33d6c0f37a194d1f9cbe310232ddb49f","val/accuracy","5799","1775498762545","0.6752659678459167"
"ssl_emnist_balanced_conv_centroid-seed2","33d6c0f37a194d1f9cbe310232ddb49f","val/accuracy","5899","1775498823952","0.6726950407028198"
"ssl_emnist_balanced_conv_centroid-seed2","33d6c0f37a194d1f9cbe310232ddb49f","val/accuracy","5999","1775498881884","0.6747340559959412"
"ssl_emnist_balanced_conv_centroid-seed2","33d6c0f37a194d1f9cbe310232ddb49f","val/accuracy","6099","1775498943157","0.6753545999526978"
"ssl_emnist_balanced_conv_centroid-seed2","33d6c0f37a194d1f9cbe310232ddb49f","val/accuracy","6199","1775499003268","0.6758865118026733"
"ssl_emnist_balanced_conv_centroid-seed2","33d6c0f37a194d1f9cbe310232ddb49f","val/accuracy","6299","1775499092224","0.6768617033958435"
"ssl_emnist_balanced_conv_centroid-seed2","33d6c0f37a194d1f9cbe310232ddb49f","val/accuracy","6399","1775499153376","0.6782801151275635"
"ssl_emnist_balanced_conv_centroid-seed2","33d6c0f37a194d1f9cbe310232ddb49f","val/accuracy","6499","1775499215096","0.6769503355026245"
"ssl_emnist_balanced_conv_centroid-seed2","33d6c0f37a194d1f9cbe310232ddb49f","val/accuracy","6599","1775499274132","0.6790780425071716"
"ssl_emnist_balanced_conv_centroid-seed2","33d6c0f37a194d1f9cbe310232ddb49f","val/accuracy","6699","1775499343097","0.6747340559959412"
"ssl_emnist_balanced_conv_centroid-seed2","33d6c0f37a194d1f9cbe310232ddb49f","val/accuracy","6799","1775499404317","0.6785460710525513"
"ssl_emnist_balanced_conv_centroid-seed2","33d6c0f37a194d1f9cbe310232ddb49f","val/accuracy","6899","1775499463228","0.6780141592025757"
"ssl_emnist_balanced_conv_centroid-seed2","33d6c0f37a194d1f9cbe310232ddb49f","val/accuracy","6999","1775499521845","0.6774822473526001"
"ssl_emnist_balanced_conv_centroid-seed2","33d6c0f37a194d1f9cbe310232ddb49f","val/accuracy","7099","1775499580833","0.6756205558776855"
"ssl_emnist_balanced_conv_centroid-seed2","33d6c0f37a194d1f9cbe310232ddb49f","val/accuracy","7199","1775499641392","0.6767730712890625"
"ssl_emnist_balanced_conv_centroid-seed2","33d6c0f37a194d1f9cbe310232ddb49f","val/accuracy","7299","1775499700136","0.6796099543571472"
"ssl_emnist_balanced_conv_centroid-seed2","33d6c0f37a194d1f9cbe310232ddb49f","val/accuracy","7399","1775499760936","0.6794326305389404"
"ssl_emnist_balanced_conv_centroid-seed2","33d6c0f37a194d1f9cbe310232ddb49f","val/accuracy","7499","1775499821013","0.6756205558776855"
"ssl_emnist_balanced_conv_centroid-seed2","33d6c0f37a194d1f9cbe310232ddb49f","val/accuracy","7599","1775499880260","0.6780141592025757"
"ssl_emnist_balanced_conv_centroid-seed2","33d6c0f37a194d1f9cbe310232ddb49f","val/accuracy","7699","1775499940800","0.6773936152458191"
"ssl_emnist_balanced_conv_centroid-seed2","33d6c0f37a194d1f9cbe310232ddb49f","val/accuracy","7799","1775499999512","0.6794326305389404"
"ssl_emnist_balanced_conv_centroid-seed2","33d6c0f37a194d1f9cbe310232ddb49f","val/accuracy","7899","1775500059332","0.6775709390640259"
"ssl_emnist_balanced_conv_centroid-seed2","33d6c0f37a194d1f9cbe310232ddb49f","val/accuracy","7999","1775500117969","0.6773049831390381"
"ssl_emnist_balanced_conv_centroid-seed2","33d6c0f37a194d1f9cbe310232ddb49f","val/accuracy","8099","1775500176620","0.6770390272140503"
"ssl_emnist_balanced_conv_centroid-seed2","33d6c0f37a194d1f9cbe310232ddb49f","val/accuracy","8199","1775500399805","0.6788120269775391"
"ssl_emnist_balanced_conv_centroid-seed2","33d6c0f37a194d1f9cbe310232ddb49f","val/accuracy","8299","1775500459652","0.6773049831390381"
"ssl_emnist_balanced_conv_centroid-seed2","33d6c0f37a194d1f9cbe310232ddb49f","val/accuracy","8399","1775500520272","0.6769503355026245"
"ssl_emnist_balanced_conv_centroid-seed2","33d6c0f37a194d1f9cbe310232ddb49f","val/accuracy","8499","1775500580336","0.6758865118026733"
"ssl_emnist_balanced_conv_centroid-seed2","33d6c0f37a194d1f9cbe310232ddb49f","val/accuracy","8599","1775500638369","0.6772162914276123"
"ssl_emnist_balanced_conv_centroid-seed2","33d6c0f37a194d1f9cbe310232ddb49f","val/accuracy","8699","1775500697564","0.6804078221321106"
"ssl_emnist_balanced_conv_centroid-seed2","33d6c0f37a194d1f9cbe310232ddb49f","val/accuracy","8799","1775500755769","0.6782801151275635"
"ssl_emnist_balanced_conv_centroid-seed2","33d6c0f37a194d1f9cbe310232ddb49f","val/accuracy","8899","1775500815829","0.6787233948707581"
"ssl_emnist_balanced_conv_centroid-seed2","33d6c0f37a194d1f9cbe310232ddb49f","val/accuracy","8999","1775500875152","0.6787233948707581"
"ssl_emnist_balanced_conv_centroid-seed2","33d6c0f37a194d1f9cbe310232ddb49f","val/accuracy","9099","1775501059072","0.6791666746139526"
"ssl_emnist_balanced_conv_centroid-seed2","33d6c0f37a194d1f9cbe310232ddb49f","val/accuracy","9199","1775501207108","0.6763297915458679"
"ssl_emnist_balanced_conv_centroid-seed2","33d6c0f37a194d1f9cbe310232ddb49f","val/accuracy","9299","1775501266264","0.6779255270957947"
"ssl_emnist_balanced_conv_centroid-seed2","33d6c0f37a194d1f9cbe310232ddb49f","val/accuracy","9399","1775501324564","0.6776595711708069"
"ssl_emnist_balanced_conv_centroid-seed2","33d6c0f37a194d1f9cbe310232ddb49f","val/accuracy","9499","1775501385620","0.678634762763977"
"ssl_emnist_balanced_conv_centroid-seed2","33d6c0f37a194d1f9cbe310232ddb49f","val/accuracy","9599","1775501446120","0.6773936152458191"
"ssl_emnist_balanced_conv_centroid-seed2","33d6c0f37a194d1f9cbe310232ddb49f","val/accuracy","9699","1775501504952","0.6773936152458191"
"ssl_emnist_balanced_conv_centroid-seed2","33d6c0f37a194d1f9cbe310232ddb49f","val/accuracy","9799","1775501566664","0.6765957474708557"
"ssl_emnist_balanced_conv_centroid-seed2","33d6c0f37a194d1f9cbe310232ddb49f","val/accuracy","9899","1775501630984","0.6796985864639282"
"ssl_emnist_balanced_conv_centroid-seed2","33d6c0f37a194d1f9cbe310232ddb49f","val/accuracy","9999","1775501694108","0.6758865118026733"
"ssl_emnist_balanced_conv_font-seed2","abc10e6d337b415285b256f76495b1a1","val/accuracy","99","1775495373824","0.11684396862983704"
"ssl_emnist_balanced_conv_font-seed2","abc10e6d337b415285b256f76495b1a1","val/accuracy","199","1775495425201","0.12030141800642014"
"ssl_emnist_balanced_conv_font-seed2","abc10e6d337b415285b256f76495b1a1","val/accuracy","299","1775495455384","0.12960992753505707"
"ssl_emnist_balanced_conv_font-seed2","abc10e6d337b415285b256f76495b1a1","val/accuracy","399","1775495508520","0.16054964065551758"
"ssl_emnist_balanced_conv_font-seed2","abc10e6d337b415285b256f76495b1a1","val/accuracy","499","1775495580745","0.18448582291603088"
"ssl_emnist_balanced_conv_font-seed2","abc10e6d337b415285b256f76495b1a1","val/accuracy","599","1775495635248","0.20186170935630798"
"ssl_emnist_balanced_conv_font-seed2","abc10e6d337b415285b256f76495b1a1","val/accuracy","699","1775495690544","0.21480496227741241"
"ssl_emnist_balanced_conv_font-seed2","abc10e6d337b415285b256f76495b1a1","val/accuracy","799","1775495769284","0.22464539110660553"
"ssl_emnist_balanced_conv_font-seed2","abc10e6d337b415285b256f76495b1a1","val/accuracy","899","1775495826012","0.2323581576347351"
"ssl_emnist_balanced_conv_font-seed2","abc10e6d337b415285b256f76495b1a1","val/accuracy","999","1775495882468","0.2361702173948288"
"ssl_emnist_balanced_conv_font-seed2","abc10e6d337b415285b256f76495b1a1","val/accuracy","1099","1775495938601","0.24140070378780365"
"ssl_emnist_balanced_conv_font-seed2","abc10e6d337b415285b256f76495b1a1","val/accuracy","1199","1775495993972","0.2433510571718216"
"ssl_emnist_balanced_conv_font-seed2","abc10e6d337b415285b256f76495b1a1","val/accuracy","1299","1775496051716","0.24867020547389984"
"ssl_emnist_balanced_conv_font-seed2","abc10e6d337b415285b256f76495b1a1","val/accuracy","1399","1775496107565","0.2531915009021759"
"ssl_emnist_balanced_conv_font-seed2","abc10e6d337b415285b256f76495b1a1","val/accuracy","1499","1775496167004","0.25531914830207825"
"ssl_emnist_balanced_conv_font-seed2","abc10e6d337b415285b256f76495b1a1","val/accuracy","1599","1775496221917","0.2606382966041565"
"ssl_emnist_balanced_conv_font-seed2","abc10e6d337b415285b256f76495b1a1","val/accuracy","1699","1775496285388","0.26515957713127136"
"ssl_emnist_balanced_conv_font-seed2","abc10e6d337b415285b256f76495b1a1","val/accuracy","1799","1775496342456","0.26249998807907104"
"ssl_emnist_balanced_conv_font-seed2","abc10e6d337b415285b256f76495b1a1","val/accuracy","1899","1775496398317","0.2710992991924286"
"ssl_emnist_balanced_conv_font-seed2","abc10e6d337b415285b256f76495b1a1","val/accuracy","1999","1775496456356","0.2770390212535858"
"ssl_emnist_balanced_conv_font-seed2","abc10e6d337b415285b256f76495b1a1","val/accuracy","2099","1775496512204","0.27960991859436035"
"ssl_emnist_balanced_conv_font-seed2","abc10e6d337b415285b256f76495b1a1","val/accuracy","2199","1775496569093","0.2847517728805542"
"ssl_emnist_balanced_conv_font-seed2","abc10e6d337b415285b256f76495b1a1","val/accuracy","2299","1775496650468","0.28687942028045654"
"ssl_emnist_balanced_conv_font-seed2","abc10e6d337b415285b256f76495b1a1","val/accuracy","2399","1775496705876","0.2883865237236023"
"ssl_emnist_balanced_conv_font-seed2","abc10e6d337b415285b256f76495b1a1","val/accuracy","2499","1775496762276","0.2923758924007416"
"ssl_emnist_balanced_conv_font-seed2","abc10e6d337b415285b256f76495b1a1","val/accuracy","2599","1775496818512","0.2920212745666504"
"ssl_emnist_balanced_conv_font-seed2","abc10e6d337b415285b256f76495b1a1","val/accuracy","2699","1775496880760","0.29636526107788086"
"ssl_emnist_balanced_conv_font-seed2","abc10e6d337b415285b256f76495b1a1","val/accuracy","2799","1775496937137","0.29742908477783203"
"ssl_emnist_balanced_conv_font-seed2","abc10e6d337b415285b256f76495b1a1","val/accuracy","2899","1775497011436","0.30088651180267334"
"ssl_emnist_balanced_conv_font-seed2","abc10e6d337b415285b256f76495b1a1","val/accuracy","2999","1775497068824","0.30115246772766113"
"ssl_emnist_balanced_conv_font-seed2","abc10e6d337b415285b256f76495b1a1","val/accuracy","3099","1775497128036","0.3048758804798126"
"ssl_emnist_balanced_conv_font-seed2","abc10e6d337b415285b256f76495b1a1","val/accuracy","3199","1775497186708","0.3027482330799103"
"ssl_emnist_balanced_conv_font-seed2","abc10e6d337b415285b256f76495b1a1","val/accuracy","3299","1775497270025","0.3054077923297882"
"ssl_emnist_balanced_conv_font-seed2","abc10e6d337b415285b256f76495b1a1","val/accuracy","3399","1775497327984","0.30390071868896484"
"ssl_emnist_balanced_conv_font-seed2","abc10e6d337b415285b256f76495b1a1","val/accuracy","3499","1775497385976","0.30797871947288513"
"ssl_emnist_balanced_conv_font-seed2","abc10e6d337b415285b256f76495b1a1","val/accuracy","3599","1775497443432","0.30762410163879395"
"ssl_emnist_balanced_conv_font-seed2","abc10e6d337b415285b256f76495b1a1","val/accuracy","3699","1775497503269","0.3092198669910431"
"ssl_emnist_balanced_conv_font-seed2","abc10e6d337b415285b256f76495b1a1","val/accuracy","3799","1775497561681","0.3086879551410675"
"ssl_emnist_balanced_conv_font-seed2","abc10e6d337b415285b256f76495b1a1","val/accuracy","3899","1775497623620","0.3099290728569031"
"ssl_emnist_balanced_conv_font-seed2","abc10e6d337b415285b256f76495b1a1","val/accuracy","3999","1775497681120","0.3125"
"ssl_emnist_balanced_conv_font-seed2","abc10e6d337b415285b256f76495b1a1","val/accuracy","4099","1775497739104","0.3116134703159332"
"ssl_emnist_balanced_conv_font-seed2","abc10e6d337b415285b256f76495b1a1","val/accuracy","4199","1775497800560","0.31320920586586"
"ssl_emnist_balanced_conv_font-seed2","abc10e6d337b415285b256f76495b1a1","val/accuracy","4299","1775497858688","0.3124113380908966"
"ssl_emnist_balanced_conv_font-seed2","abc10e6d337b415285b256f76495b1a1","val/accuracy","4399","1775497918516","0.3097517788410187"
"ssl_emnist_balanced_conv_font-seed2","abc10e6d337b415285b256f76495b1a1","val/accuracy","4499","1775497976976","0.3125886619091034"
"ssl_emnist_balanced_conv_font-seed2","abc10e6d337b415285b256f76495b1a1","val/accuracy","4599","1775498035092","0.31028369069099426"
"ssl_emnist_balanced_conv_font-seed2","abc10e6d337b415285b256f76495b1a1","val/accuracy","4699","1775498092377","0.3119680881500244"
"ssl_emnist_balanced_conv_font-seed2","abc10e6d337b415285b256f76495b1a1","val/accuracy","4799","1775498150520","0.3164893686771393"
"ssl_emnist_balanced_conv_font-seed2","abc10e6d337b415285b256f76495b1a1","val/accuracy","4899","1775498208452","0.3156028389930725"
"ssl_emnist_balanced_conv_font-seed2","abc10e6d337b415285b256f76495b1a1","val/accuracy","4999","1775498266616","0.3166666626930237"
"ssl_emnist_balanced_conv_font-seed2","abc10e6d337b415285b256f76495b1a1","val/accuracy","5099","1775498324362","0.3160460889339447"
"ssl_emnist_balanced_conv_font-seed2","abc10e6d337b415285b256f76495b1a1","val/accuracy","5199","1775498382928","0.31710994243621826"
"ssl_emnist_balanced_conv_font-seed2","abc10e6d337b415285b256f76495b1a1","val/accuracy","5299","1775498440840","0.3164007067680359"
"ssl_emnist_balanced_conv_font-seed2","abc10e6d337b415285b256f76495b1a1","val/accuracy","5399","1775498499593","0.3166666626930237"
"ssl_emnist_balanced_conv_font-seed2","abc10e6d337b415285b256f76495b1a1","val/accuracy","5499","1775498556404","0.3164893686771393"
"ssl_emnist_balanced_conv_font-seed2","abc10e6d337b415285b256f76495b1a1","val/accuracy","5599","1775498616249","0.319414883852005"
"ssl_emnist_balanced_conv_font-seed2","abc10e6d337b415285b256f76495b1a1","val/accuracy","5699","1775498676004","0.3167553246021271"
"ssl_emnist_balanced_conv_font-seed2","abc10e6d337b415285b256f76495b1a1","val/accuracy","5799","1775498735696","0.3155141770839691"
"ssl_emnist_balanced_conv_font-seed2","abc10e6d337b415285b256f76495b1a1","val/accuracy","5899","1775498795256","0.3164007067680359"
"ssl_emnist_balanced_conv_font-seed2","abc10e6d337b415285b256f76495b1a1","val/accuracy","5999","1775498853192","0.31702128052711487"
"ssl_emnist_balanced_conv_font-seed2","abc10e6d337b415285b256f76495b1a1","val/accuracy","6099","1775498913588","0.31684398651123047"
"ssl_emnist_balanced_conv_font-seed2","abc10e6d337b415285b256f76495b1a1","val/accuracy","6199","1775498971067","0.3161347508430481"
"ssl_emnist_balanced_conv_font-seed2","abc10e6d337b415285b256f76495b1a1","val/accuracy","6299","1775499030224","0.3191489279270172"
"ssl_emnist_balanced_conv_font-seed2","abc10e6d337b415285b256f76495b1a1","val/accuracy","6399","1775499124238","0.32189714908599854"
"ssl_emnist_balanced_conv_font-seed2","abc10e6d337b415285b256f76495b1a1","val/accuracy","6499","1775499184500","0.32127660512924194"
"ssl_emnist_balanced_conv_font-seed2","abc10e6d337b415285b256f76495b1a1","val/accuracy","6599","1775499243085","0.3165780007839203"
"ssl_emnist_balanced_conv_font-seed2","abc10e6d337b415285b256f76495b1a1","val/accuracy","6699","1775499311933","0.318705677986145"
"ssl_emnist_balanced_conv_font-seed2","abc10e6d337b415285b256f76495b1a1","val/accuracy","6799","1775499369624","0.3184397220611572"
"ssl_emnist_balanced_conv_font-seed2","abc10e6d337b415285b256f76495b1a1","val/accuracy","6899","1775499426508","0.3188829720020294"
"ssl_emnist_balanced_conv_font-seed2","abc10e6d337b415285b256f76495b1a1","val/accuracy","6999","1775499486273","0.32180851697921753"
"ssl_emnist_balanced_conv_font-seed2","abc10e6d337b415285b256f76495b1a1","val/accuracy","7099","1775499545884","0.32074469327926636"
"ssl_emnist_balanced_conv_font-seed2","abc10e6d337b415285b256f76495b1a1","val/accuracy","7199","1775499603216","0.3195035457611084"
"ssl_emnist_balanced_conv_font-seed2","abc10e6d337b415285b256f76495b1a1","val/accuracy","7299","1775499660392","0.31737589836120605"
"ssl_emnist_balanced_conv_font-seed2","abc10e6d337b415285b256f76495b1a1","val/accuracy","7399","1775499718616","0.32065603137016296"
"ssl_emnist_balanced_conv_font-seed2","abc10e6d337b415285b256f76495b1a1","val/accuracy","7499","1775499779252","0.31852835416793823"
"ssl_emnist_balanced_conv_font-seed2","abc10e6d337b415285b256f76495b1a1","val/accuracy","7599","1775499835844","0.3191489279270172"
"ssl_emnist_balanced_conv_font-seed2","abc10e6d337b415285b256f76495b1a1","val/accuracy","7699","1775499893132","0.3184397220611572"
"ssl_emnist_balanced_conv_font-seed2","abc10e6d337b415285b256f76495b1a1","val/accuracy","7799","1775499949793","0.32145389914512634"
"ssl_emnist_balanced_conv_font-seed2","abc10e6d337b415285b256f76495b1a1","val/accuracy","7899","1775500008504","0.3225177228450775"
"ssl_emnist_balanced_conv_font-seed2","abc10e6d337b415285b256f76495b1a1","val/accuracy","7999","1775500065129","0.31817376613616943"
"ssl_emnist_balanced_conv_font-seed2","abc10e6d337b415285b256f76495b1a1","val/accuracy","8099","1775500122321","0.32039007544517517"
"ssl_emnist_balanced_conv_font-seed2","abc10e6d337b415285b256f76495b1a1","val/accuracy","8199","1775500179433","0.32154256105422974"
"ssl_emnist_balanced_conv_font-seed2","abc10e6d337b415285b256f76495b1a1","val/accuracy","8299","1775500389084","0.3234929144382477"
"ssl_emnist_balanced_conv_font-seed2","abc10e6d337b415285b256f76495b1a1","val/accuracy","8399","1775500448350","0.32171985507011414"
"ssl_emnist_balanced_conv_font-seed2","abc10e6d337b415285b256f76495b1a1","val/accuracy","8499","1775500505846","0.32136523723602295"
"ssl_emnist_balanced_conv_font-seed2","abc10e6d337b415285b256f76495b1a1","val/accuracy","8599","1775500564645","0.32118794322013855"
"ssl_emnist_balanced_conv_font-seed2","abc10e6d337b415285b256f76495b1a1","val/accuracy","8699","1775500622900","0.3203014135360718"
"ssl_emnist_balanced_conv_font-seed2","abc10e6d337b415285b256f76495b1a1","val/accuracy","8799","1775500681972","0.32154256105422974"
"ssl_emnist_balanced_conv_font-seed2","abc10e6d337b415285b256f76495b1a1","val/accuracy","8899","1775500740728","0.3226950466632843"
"ssl_emnist_balanced_conv_font-seed2","abc10e6d337b415285b256f76495b1a1","val/accuracy","8999","1775500799324","0.3226063847541809"
"ssl_emnist_balanced_conv_font-seed2","abc10e6d337b415285b256f76495b1a1","val/accuracy","9099","1775500858444","0.3236702084541321"
"ssl_emnist_balanced_conv_font-seed2","abc10e6d337b415285b256f76495b1a1","val/accuracy","9199","1775500931720","0.3224290907382965"
"ssl_emnist_balanced_conv_font-seed2","abc10e6d337b415285b256f76495b1a1","val/accuracy","9299","1775501186060","0.32189714908599854"
"ssl_emnist_balanced_conv_font-seed2","abc10e6d337b415285b256f76495b1a1","val/accuracy","9399","1775501243112","0.32189714908599854"
"ssl_emnist_balanced_conv_font-seed2","abc10e6d337b415285b256f76495b1a1","val/accuracy","9499","1775501301240","0.3233155906200409"
"ssl_emnist_balanced_conv_font-seed2","abc10e6d337b415285b256f76495b1a1","val/accuracy","9599","1775501358148","0.3229610025882721"
"ssl_emnist_balanced_conv_font-seed2","abc10e6d337b415285b256f76495b1a1","val/accuracy","9699","1775501415744","0.3230496346950531"
"ssl_emnist_balanced_conv_font-seed2","abc10e6d337b415285b256f76495b1a1","val/accuracy","9799","1775501474441","0.3237588703632355"
"ssl_emnist_balanced_conv_font-seed2","abc10e6d337b415285b256f76495b1a1","val/accuracy","9899","1775501530936","0.3232269585132599"
"ssl_emnist_balanced_conv_font-seed2","abc10e6d337b415285b256f76495b1a1","val/accuracy","9999","1775501589896","0.32464540004730225"
"ssl_emnist_balanced_conv_font-seed1","64a1768509cb4bd0b128f68be10e4ee4","val/accuracy","99","1775495374052","0.11409574747085571"
"ssl_emnist_balanced_conv_font-seed1","64a1768509cb4bd0b128f68be10e4ee4","val/accuracy","199","1775495426484","0.12455673515796661"
"ssl_emnist_balanced_conv_font-seed1","64a1768509cb4bd0b128f68be10e4ee4","val/accuracy","299","1775495458077","0.1283687949180603"
"ssl_emnist_balanced_conv_font-seed1","64a1768509cb4bd0b128f68be10e4ee4","val/accuracy","399","1775495513019","0.17792552709579468"
"ssl_emnist_balanced_conv_font-seed1","64a1768509cb4bd0b128f68be10e4ee4","val/accuracy","499","1775495587873","0.20390070974826813"
"ssl_emnist_balanced_conv_font-seed1","64a1768509cb4bd0b128f68be10e4ee4","val/accuracy","599","1775495643597","0.2226063758134842"
"ssl_emnist_balanced_conv_font-seed1","64a1768509cb4bd0b128f68be10e4ee4","val/accuracy","699","1775495699956","0.23218084871768951"
"ssl_emnist_balanced_conv_font-seed1","64a1768509cb4bd0b128f68be10e4ee4","val/accuracy","799","1775495775728","0.23820921778678894"
"ssl_emnist_balanced_conv_font-seed1","64a1768509cb4bd0b128f68be10e4ee4","val/accuracy","899","1775495833172","0.24751773476600647"
"ssl_emnist_balanced_conv_font-seed1","64a1768509cb4bd0b128f68be10e4ee4","val/accuracy","999","1775495893116","0.2501772940158844"
"ssl_emnist_balanced_conv_font-seed1","64a1768509cb4bd0b128f68be10e4ee4","val/accuracy","1099","1775495949592","0.26170212030410767"
"ssl_emnist_balanced_conv_font-seed1","64a1768509cb4bd0b128f68be10e4ee4","val/accuracy","1199","1775496005933","0.26578015089035034"
"ssl_emnist_balanced_conv_font-seed1","64a1768509cb4bd0b128f68be10e4ee4","val/accuracy","1299","1775496065349","0.2741134762763977"
"ssl_emnist_balanced_conv_font-seed1","64a1768509cb4bd0b128f68be10e4ee4","val/accuracy","1399","1775496123308","0.2746453881263733"
"ssl_emnist_balanced_conv_font-seed1","64a1768509cb4bd0b128f68be10e4ee4","val/accuracy","1499","1775496180844","0.2810283601284027"
"ssl_emnist_balanced_conv_font-seed1","64a1768509cb4bd0b128f68be10e4ee4","val/accuracy","1599","1775496257344","0.28572696447372437"
"ssl_emnist_balanced_conv_font-seed1","64a1768509cb4bd0b128f68be10e4ee4","val/accuracy","1699","1775496315312","0.28714537620544434"
"ssl_emnist_balanced_conv_font-seed1","64a1768509cb4bd0b128f68be10e4ee4","val/accuracy","1799","1775496371021","0.28652483224868774"
"ssl_emnist_balanced_conv_font-seed1","64a1768509cb4bd0b128f68be10e4ee4","val/accuracy","1899","1775496428256","0.2915780246257782"
"ssl_emnist_balanced_conv_font-seed1","64a1768509cb4bd0b128f68be10e4ee4","val/accuracy","1999","1775496485964","0.29397162795066833"
"ssl_emnist_balanced_conv_font-seed1","64a1768509cb4bd0b128f68be10e4ee4","val/accuracy","2099","1775496542192","0.298138290643692"
"ssl_emnist_balanced_conv_font-seed1","64a1768509cb4bd0b128f68be10e4ee4","val/accuracy","2199","1775496599516","0.3014184534549713"
"ssl_emnist_balanced_conv_font-seed1","64a1768509cb4bd0b128f68be10e4ee4","val/accuracy","2299","1775496677713","0.3022163212299347"
"ssl_emnist_balanced_conv_font-seed1","64a1768509cb4bd0b128f68be10e4ee4","val/accuracy","2399","1775496734876","0.3027482330799103"
"ssl_emnist_balanced_conv_font-seed1","64a1768509cb4bd0b128f68be10e4ee4","val/accuracy","2499","1775496792444","0.30735814571380615"
"ssl_emnist_balanced_conv_font-seed1","64a1768509cb4bd0b128f68be10e4ee4","val/accuracy","2599","1775496850296","0.31117022037506104"
"ssl_emnist_balanced_conv_font-seed1","64a1768509cb4bd0b128f68be10e4ee4","val/accuracy","2699","1775496908504","0.31320920586586"
"ssl_emnist_balanced_conv_font-seed1","64a1768509cb4bd0b128f68be10e4ee4","val/accuracy","2799","1775496966824","0.31382977962493896"
"ssl_emnist_balanced_conv_font-seed1","64a1768509cb4bd0b128f68be10e4ee4","val/accuracy","2899","1775497035037","0.3163120448589325"
"ssl_emnist_balanced_conv_font-seed1","64a1768509cb4bd0b128f68be10e4ee4","val/accuracy","2999","1775497094028","0.31684398651123047"
"ssl_emnist_balanced_conv_font-seed1","64a1768509cb4bd0b128f68be10e4ee4","val/accuracy","3099","1775497151861","0.31719857454299927"
"ssl_emnist_balanced_conv_font-seed1","64a1768509cb4bd0b128f68be10e4ee4","val/accuracy","3199","1775497210364","0.3187943398952484"
"ssl_emnist_balanced_conv_font-seed1","64a1768509cb4bd0b128f68be10e4ee4","val/accuracy","3299","1775497286472","0.31710994243621826"
"ssl_emnist_balanced_conv_font-seed1","64a1768509cb4bd0b128f68be10e4ee4","val/accuracy","3399","1775497344884","0.31852835416793823"
"ssl_emnist_balanced_conv_font-seed1","64a1768509cb4bd0b128f68be10e4ee4","val/accuracy","3499","1775497404168","0.31826239824295044"
"ssl_emnist_balanced_conv_font-seed1","64a1768509cb4bd0b128f68be10e4ee4","val/accuracy","3599","1775497462637","0.31781914830207825"
"ssl_emnist_balanced_conv_font-seed1","64a1768509cb4bd0b128f68be10e4ee4","val/accuracy","3699","1775497521089","0.32127660512924194"
"ssl_emnist_balanced_conv_font-seed1","64a1768509cb4bd0b128f68be10e4ee4","val/accuracy","3799","1775497581044","0.3192375898361206"
"ssl_emnist_balanced_conv_font-seed1","64a1768509cb4bd0b128f68be10e4ee4","val/accuracy","3899","1775497642544","0.3195035457611084"
"ssl_emnist_balanced_conv_font-seed1","64a1768509cb4bd0b128f68be10e4ee4","val/accuracy","3999","1775497700781","0.32437944412231445"
"ssl_emnist_balanced_conv_font-seed1","64a1768509cb4bd0b128f68be10e4ee4","val/accuracy","4099","1775497760624","0.32189714908599854"
"ssl_emnist_balanced_conv_font-seed1","64a1768509cb4bd0b128f68be10e4ee4","val/accuracy","4199","1775497819272","0.3231382966041565"
"ssl_emnist_balanced_conv_font-seed1","64a1768509cb4bd0b128f68be10e4ee4","val/accuracy","4299","1775497878484","0.3222517669200897"
"ssl_emnist_balanced_conv_font-seed1","64a1768509cb4bd0b128f68be10e4ee4","val/accuracy","4399","1775497938980","0.32446807622909546"
"ssl_emnist_balanced_conv_font-seed1","64a1768509cb4bd0b128f68be10e4ee4","val/accuracy","4499","1775497998828","0.32402482628822327"
"ssl_emnist_balanced_conv_font-seed1","64a1768509cb4bd0b128f68be10e4ee4","val/accuracy","4599","1775498058157","0.32446807622909546"
"ssl_emnist_balanced_conv_font-seed1","64a1768509cb4bd0b128f68be10e4ee4","val/accuracy","4699","1775498118200","0.3263297975063324"
"ssl_emnist_balanced_conv_font-seed1","64a1768509cb4bd0b128f68be10e4ee4","val/accuracy","4799","1775498177017","0.32473403215408325"
"ssl_emnist_balanced_conv_font-seed1","64a1768509cb4bd0b128f68be10e4ee4","val/accuracy","4899","1775498236913","0.32384753227233887"
"ssl_emnist_balanced_conv_font-seed1","64a1768509cb4bd0b128f68be10e4ee4","val/accuracy","4999","1775498295076","0.32464540004730225"
"ssl_emnist_balanced_conv_font-seed1","64a1768509cb4bd0b128f68be10e4ee4","val/accuracy","5099","1775498353261","0.3273049592971802"
"ssl_emnist_balanced_conv_font-seed1","64a1768509cb4bd0b128f68be10e4ee4","val/accuracy","5199","1775498412168","0.32801419496536255"
"ssl_emnist_balanced_conv_font-seed1","64a1768509cb4bd0b128f68be10e4ee4","val/accuracy","5299","1775498470689","0.3272162973880768"
"ssl_emnist_balanced_conv_font-seed1","64a1768509cb4bd0b128f68be10e4ee4","val/accuracy","5399","1775498529317","0.32792553305625916"
"ssl_emnist_balanced_conv_font-seed1","64a1768509cb4bd0b128f68be10e4ee4","val/accuracy","5499","1775498589133","0.32491135597229004"
"ssl_emnist_balanced_conv_font-seed1","64a1768509cb4bd0b128f68be10e4ee4","val/accuracy","5599","1775498649005","0.32562056183815"
"ssl_emnist_balanced_conv_font-seed1","64a1768509cb4bd0b128f68be10e4ee4","val/accuracy","5699","1775498710329","0.32748228311538696"
"ssl_emnist_balanced_conv_font-seed1","64a1768509cb4bd0b128f68be10e4ee4","val/accuracy","5799","1775498770768","0.32810282707214355"
"ssl_emnist_balanced_conv_font-seed1","64a1768509cb4bd0b128f68be10e4ee4","val/accuracy","5899","1775498832241","0.3271276652812958"
"ssl_emnist_balanced_conv_font-seed1","64a1768509cb4bd0b128f68be10e4ee4","val/accuracy","5999","1775498894917","0.3272162973880768"
"ssl_emnist_balanced_conv_font-seed1","64a1768509cb4bd0b128f68be10e4ee4","val/accuracy","6099","1775498955980","0.32526594400405884"
"ssl_emnist_balanced_conv_font-seed1","64a1768509cb4bd0b128f68be10e4ee4","val/accuracy","6199","1775499014809","0.3267730474472046"
"ssl_emnist_balanced_conv_font-seed1","64a1768509cb4bd0b128f68be10e4ee4","val/accuracy","6299","1775499105068","0.3301418423652649"
"ssl_emnist_balanced_conv_font-seed1","64a1768509cb4bd0b128f68be10e4ee4","val/accuracy","6399","1775499167716","0.3273049592971802"
"ssl_emnist_balanced_conv_font-seed1","64a1768509cb4bd0b128f68be10e4ee4","val/accuracy","6499","1775499228920","0.326950341463089"
"ssl_emnist_balanced_conv_font-seed1","64a1768509cb4bd0b128f68be10e4ee4","val/accuracy","6599","1775499311697","0.32810282707214355"
"ssl_emnist_balanced_conv_font-seed1","64a1768509cb4bd0b128f68be10e4ee4","val/accuracy","6699","1775499371108","0.32765957713127136"
"ssl_emnist_balanced_conv_font-seed1","64a1768509cb4bd0b128f68be10e4ee4","val/accuracy","6799","1775499430049","0.3271276652812958"
"ssl_emnist_balanced_conv_font-seed1","64a1768509cb4bd0b128f68be10e4ee4","val/accuracy","6899","1775499489704","0.3271276652812958"
"ssl_emnist_balanced_conv_font-seed1","64a1768509cb4bd0b128f68be10e4ee4","val/accuracy","6999","1775499548284","0.3305850923061371"
"ssl_emnist_balanced_conv_font-seed1","64a1768509cb4bd0b128f68be10e4ee4","val/accuracy","7099","1775499607448","0.32872340083122253"
"ssl_emnist_balanced_conv_font-seed1","64a1768509cb4bd0b128f68be10e4ee4","val/accuracy","7199","1775499664968","0.3289893567562103"
"ssl_emnist_balanced_conv_font-seed1","64a1768509cb4bd0b128f68be10e4ee4","val/accuracy","7299","1775499724009","0.3293439745903015"
"ssl_emnist_balanced_conv_font-seed1","64a1768509cb4bd0b128f68be10e4ee4","val/accuracy","7399","1775499785076","0.3289893567562103"
"ssl_emnist_balanced_conv_font-seed1","64a1768509cb4bd0b128f68be10e4ee4","val/accuracy","7499","1775499844185","0.32757091522216797"
"ssl_emnist_balanced_conv_font-seed1","64a1768509cb4bd0b128f68be10e4ee4","val/accuracy","7599","1775499901528","0.3289893567562103"
"ssl_emnist_balanced_conv_font-seed1","64a1768509cb4bd0b128f68be10e4ee4","val/accuracy","7699","1775499959904","0.3298758864402771"
"ssl_emnist_balanced_conv_font-seed1","64a1768509cb4bd0b128f68be10e4ee4","val/accuracy","7799","1775500018940","0.32890069484710693"
"ssl_emnist_balanced_conv_font-seed1","64a1768509cb4bd0b128f68be10e4ee4","val/accuracy","7899","1775500077948","0.3302305042743683"
"ssl_emnist_balanced_conv_font-seed1","64a1768509cb4bd0b128f68be10e4ee4","val/accuracy","7999","1775500137424","0.3304077982902527"
"ssl_emnist_balanced_conv_font-seed1","64a1768509cb4bd0b128f68be10e4ee4","val/accuracy","8099","1775500195561","0.3297872245311737"
"ssl_emnist_balanced_conv_font-seed1","64a1768509cb4bd0b128f68be10e4ee4","val/accuracy","8199","1775500419588","0.33421987295150757"
"ssl_emnist_balanced_conv_font-seed1","64a1768509cb4bd0b128f68be10e4ee4","val/accuracy","8299","1775500477836","0.33182623982429504"
"ssl_emnist_balanced_conv_font-seed1","64a1768509cb4bd0b128f68be10e4ee4","val/accuracy","8399","1775500536489","0.3303191363811493"
"ssl_emnist_balanced_conv_font-seed1","64a1768509cb4bd0b128f68be10e4ee4","val/accuracy","8499","1775500596580","0.3306737542152405"
"ssl_emnist_balanced_conv_font-seed1","64a1768509cb4bd0b128f68be10e4ee4","val/accuracy","8599","1775500655772","0.33235815167427063"
"ssl_emnist_balanced_conv_font-seed1","64a1768509cb4bd0b128f68be10e4ee4","val/accuracy","8699","1775500713628","0.3332446813583374"
"ssl_emnist_balanced_conv_font-seed1","64a1768509cb4bd0b128f68be10e4ee4","val/accuracy","8799","1775500774389","0.333067387342453"
"ssl_emnist_balanced_conv_font-seed1","64a1768509cb4bd0b128f68be10e4ee4","val/accuracy","8899","1775500833948","0.3341312110424042"
"ssl_emnist_balanced_conv_font-seed1","64a1768509cb4bd0b128f68be10e4ee4","val/accuracy","8999","1775500892492","0.33129432797431946"
"ssl_emnist_balanced_conv_font-seed1","64a1768509cb4bd0b128f68be10e4ee4","val/accuracy","9099","1775501175304","0.33138298988342285"
"ssl_emnist_balanced_conv_font-seed1","64a1768509cb4bd0b128f68be10e4ee4","val/accuracy","9199","1775501234737","0.3335992991924286"
"ssl_emnist_balanced_conv_font-seed1","64a1768509cb4bd0b128f68be10e4ee4","val/accuracy","9299","1775501293388","0.3336879312992096"
"ssl_emnist_balanced_conv_font-seed1","64a1768509cb4bd0b128f68be10e4ee4","val/accuracy","9399","1775501352928","0.33235815167427063"
"ssl_emnist_balanced_conv_font-seed1","64a1768509cb4bd0b128f68be10e4ee4","val/accuracy","9499","1775501412777","0.3327127695083618"
"ssl_emnist_balanced_conv_font-seed1","64a1768509cb4bd0b128f68be10e4ee4","val/accuracy","9599","1775501471149","0.33421987295150757"
"ssl_emnist_balanced_conv_font-seed1","64a1768509cb4bd0b128f68be10e4ee4","val/accuracy","9699","1775501530688","0.333156019449234"
"ssl_emnist_balanced_conv_font-seed1","64a1768509cb4bd0b128f68be10e4ee4","val/accuracy","9799","1775501591081","0.33519503474235535"
"ssl_emnist_balanced_conv_font-seed1","64a1768509cb4bd0b128f68be10e4ee4","val/accuracy","9899","1775501656161","0.33421987295150757"
"ssl_emnist_balanced_conv_font-seed1","64a1768509cb4bd0b128f68be10e4ee4","val/accuracy","9999","1775501719876","0.333156019449234"
"ssl_emnist_balanced_conv_centroid-seed5","daab33db1667440cb2b813c47d5532ef","val/accuracy","99","1775495363737","0.34946808218955994"
"ssl_emnist_balanced_conv_centroid-seed5","daab33db1667440cb2b813c47d5532ef","val/accuracy","199","1775495399552","0.3671985864639282"
"ssl_emnist_balanced_conv_centroid-seed5","daab33db1667440cb2b813c47d5532ef","val/accuracy","299","1775495454109","0.36648935079574585"
"ssl_emnist_balanced_conv_centroid-seed5","daab33db1667440cb2b813c47d5532ef","val/accuracy","399","1775495511024","0.41081559658050537"
"ssl_emnist_balanced_conv_centroid-seed5","daab33db1667440cb2b813c47d5532ef","val/accuracy","499","1775495593192","0.4478723406791687"
"ssl_emnist_balanced_conv_centroid-seed5","daab33db1667440cb2b813c47d5532ef","val/accuracy","599","1775495651376","0.4928191602230072"
"ssl_emnist_balanced_conv_centroid-seed5","daab33db1667440cb2b813c47d5532ef","val/accuracy","699","1775495709041","0.5267730355262756"
"ssl_emnist_balanced_conv_centroid-seed5","daab33db1667440cb2b813c47d5532ef","val/accuracy","799","1775495790040","0.5453014373779297"
"ssl_emnist_balanced_conv_centroid-seed5","daab33db1667440cb2b813c47d5532ef","val/accuracy","899","1775495851008","0.5609928965568542"
"ssl_emnist_balanced_conv_centroid-seed5","daab33db1667440cb2b813c47d5532ef","val/accuracy","999","1775495912269","0.5738475322723389"
"ssl_emnist_balanced_conv_centroid-seed5","daab33db1667440cb2b813c47d5532ef","val/accuracy","1099","1775495974664","0.5827127695083618"
"ssl_emnist_balanced_conv_centroid-seed5","daab33db1667440cb2b813c47d5532ef","val/accuracy","1199","1775496037280","0.5860815644264221"
"ssl_emnist_balanced_conv_centroid-seed5","daab33db1667440cb2b813c47d5532ef","val/accuracy","1299","1775496100188","0.5970744490623474"
"ssl_emnist_balanced_conv_centroid-seed5","daab33db1667440cb2b813c47d5532ef","val/accuracy","1399","1775496163585","0.6033688187599182"
"ssl_emnist_balanced_conv_centroid-seed5","daab33db1667440cb2b813c47d5532ef","val/accuracy","1499","1775496249388","0.6117907762527466"
"ssl_emnist_balanced_conv_centroid-seed5","daab33db1667440cb2b813c47d5532ef","val/accuracy","1599","1775496313008","0.6171985864639282"
"ssl_emnist_balanced_conv_centroid-seed5","daab33db1667440cb2b813c47d5532ef","val/accuracy","1699","1775496372008","0.6240248084068298"
"ssl_emnist_balanced_conv_centroid-seed5","daab33db1667440cb2b813c47d5532ef","val/accuracy","1799","1775496432696","0.6292552947998047"
"ssl_emnist_balanced_conv_centroid-seed5","daab33db1667440cb2b813c47d5532ef","val/accuracy","1899","1775496489285","0.6334219574928284"
"ssl_emnist_balanced_conv_centroid-seed5","daab33db1667440cb2b813c47d5532ef","val/accuracy","1999","1775496546745","0.6390957236289978"
"ssl_emnist_balanced_conv_centroid-seed5","daab33db1667440cb2b813c47d5532ef","val/accuracy","2099","1775496604740","0.6452127695083618"
"ssl_emnist_balanced_conv_centroid-seed5","daab33db1667440cb2b813c47d5532ef","val/accuracy","2199","1775496686000","0.6500886678695679"
"ssl_emnist_balanced_conv_centroid-seed5","daab33db1667440cb2b813c47d5532ef","val/accuracy","2299","1775496744120","0.6527482271194458"
"ssl_emnist_balanced_conv_centroid-seed5","daab33db1667440cb2b813c47d5532ef","val/accuracy","2399","1775496802416","0.6534574627876282"
"ssl_emnist_balanced_conv_centroid-seed5","daab33db1667440cb2b813c47d5532ef","val/accuracy","2499","1775496860348","0.6593084931373596"
"ssl_emnist_balanced_conv_centroid-seed5","daab33db1667440cb2b813c47d5532ef","val/accuracy","2599","1775496923333","0.6617907881736755"
"ssl_emnist_balanced_conv_centroid-seed5","daab33db1667440cb2b813c47d5532ef","val/accuracy","2699","1775496999852","0.6659574508666992"
"ssl_emnist_balanced_conv_centroid-seed5","daab33db1667440cb2b813c47d5532ef","val/accuracy","2799","1775497058092","0.6667553186416626"
"ssl_emnist_balanced_conv_centroid-seed5","daab33db1667440cb2b813c47d5532ef","val/accuracy","2899","1775497119021","0.6696808338165283"
"ssl_emnist_balanced_conv_centroid-seed5","daab33db1667440cb2b813c47d5532ef","val/accuracy","2999","1775497178329","0.6720744967460632"
"ssl_emnist_balanced_conv_centroid-seed5","daab33db1667440cb2b813c47d5532ef","val/accuracy","3099","1775497259068","0.6715425252914429"
"ssl_emnist_balanced_conv_centroid-seed5","daab33db1667440cb2b813c47d5532ef","val/accuracy","3199","1775497318473","0.6719858050346375"
"ssl_emnist_balanced_conv_centroid-seed5","daab33db1667440cb2b813c47d5532ef","val/accuracy","3299","1775497381512","0.6716312170028687"
"ssl_emnist_balanced_conv_centroid-seed5","daab33db1667440cb2b813c47d5532ef","val/accuracy","3399","1775497442888","0.6700354814529419"
"ssl_emnist_balanced_conv_centroid-seed5","daab33db1667440cb2b813c47d5532ef","val/accuracy","3499","1775497502757","0.6702127456665039"
"ssl_emnist_balanced_conv_centroid-seed5","daab33db1667440cb2b813c47d5532ef","val/accuracy","3599","1775497561616","0.6703900694847107"
"ssl_emnist_balanced_conv_centroid-seed5","daab33db1667440cb2b813c47d5532ef","val/accuracy","3699","1775497624932","0.6729609966278076"
"ssl_emnist_balanced_conv_centroid-seed5","daab33db1667440cb2b813c47d5532ef","val/accuracy","3799","1775497685972","0.6739361882209778"
"ssl_emnist_balanced_conv_centroid-seed5","daab33db1667440cb2b813c47d5532ef","val/accuracy","3899","1775497745708","0.6718971729278564"
"ssl_emnist_balanced_conv_centroid-seed5","daab33db1667440cb2b813c47d5532ef","val/accuracy","3999","1775497808965","0.672517716884613"
"ssl_emnist_balanced_conv_centroid-seed5","daab33db1667440cb2b813c47d5532ef","val/accuracy","4099","1775497868561","0.6740248203277588"
"ssl_emnist_balanced_conv_centroid-seed5","daab33db1667440cb2b813c47d5532ef","val/accuracy","4199","1775497928076","0.6756205558776855"
"ssl_emnist_balanced_conv_centroid-seed5","daab33db1667440cb2b813c47d5532ef","val/accuracy","4299","1775497991300","0.6747340559959412"
"ssl_emnist_balanced_conv_centroid-seed5","daab33db1667440cb2b813c47d5532ef","val/accuracy","4399","1775498049880","0.6719858050346375"
"ssl_emnist_balanced_conv_centroid-seed5","daab33db1667440cb2b813c47d5532ef","val/accuracy","4499","1775498109140","0.6733155846595764"
"ssl_emnist_balanced_conv_centroid-seed5","daab33db1667440cb2b813c47d5532ef","val/accuracy","4599","1775498167676","0.6771276593208313"
"ssl_emnist_balanced_conv_centroid-seed5","daab33db1667440cb2b813c47d5532ef","val/accuracy","4699","1775498227716","0.6754432916641235"
"ssl_emnist_balanced_conv_centroid-seed5","daab33db1667440cb2b813c47d5532ef","val/accuracy","4799","1775498287356","0.67508864402771"
"ssl_emnist_balanced_conv_centroid-seed5","daab33db1667440cb2b813c47d5532ef","val/accuracy","4899","1775498348465","0.6769503355026245"
"ssl_emnist_balanced_conv_centroid-seed5","daab33db1667440cb2b813c47d5532ef","val/accuracy","4999","1775498409072","0.6774822473526001"
"ssl_emnist_balanced_conv_centroid-seed5","daab33db1667440cb2b813c47d5532ef","val/accuracy","5099","1775498468748","0.673758864402771"
"ssl_emnist_balanced_conv_centroid-seed5","daab33db1667440cb2b813c47d5532ef","val/accuracy","5199","1775498528420","0.6761524677276611"
"ssl_emnist_balanced_conv_centroid-seed5","daab33db1667440cb2b813c47d5532ef","val/accuracy","5299","1775498587061","0.6774822473526001"
"ssl_emnist_balanced_conv_centroid-seed5","daab33db1667440cb2b813c47d5532ef","val/accuracy","5399","1775498647721","0.6788120269775391"
"ssl_emnist_balanced_conv_centroid-seed5","daab33db1667440cb2b813c47d5532ef","val/accuracy","5499","1775498707585","0.679964542388916"
"ssl_emnist_balanced_conv_centroid-seed5","daab33db1667440cb2b813c47d5532ef","val/accuracy","5599","1775498767137","0.6755319237709045"
"ssl_emnist_balanced_conv_centroid-seed5","daab33db1667440cb2b813c47d5532ef","val/accuracy","5699","1775498827144","0.6781914830207825"
"ssl_emnist_balanced_conv_centroid-seed5","daab33db1667440cb2b813c47d5532ef","val/accuracy","5799","1775498886549","0.6768617033958435"
"ssl_emnist_balanced_conv_centroid-seed5","daab33db1667440cb2b813c47d5532ef","val/accuracy","5899","1775498949016","0.6781914830207825"
"ssl_emnist_balanced_conv_centroid-seed5","daab33db1667440cb2b813c47d5532ef","val/accuracy","5999","1775499010088","0.6754432916641235"
"ssl_emnist_balanced_conv_centroid-seed5","daab33db1667440cb2b813c47d5532ef","val/accuracy","6099","1775499104624","0.6801418662071228"
"ssl_emnist_balanced_conv_centroid-seed5","daab33db1667440cb2b813c47d5532ef","val/accuracy","6199","1775499164001","0.6789007186889648"
"ssl_emnist_balanced_conv_centroid-seed5","daab33db1667440cb2b813c47d5532ef","val/accuracy","6299","1775499224020","0.6779255270957947"
"ssl_emnist_balanced_conv_centroid-seed5","daab33db1667440cb2b813c47d5532ef","val/accuracy","6399","1775499304688","0.6777482032775879"
"ssl_emnist_balanced_conv_centroid-seed5","daab33db1667440cb2b813c47d5532ef","val/accuracy","6499","1775499363568","0.6803191304206848"
"ssl_emnist_balanced_conv_centroid-seed5","daab33db1667440cb2b813c47d5532ef","val/accuracy","6599","1775499424440","0.6780141592025757"
"ssl_emnist_balanced_conv_centroid-seed5","daab33db1667440cb2b813c47d5532ef","val/accuracy","6699","1775499484441","0.6757092475891113"
"ssl_emnist_balanced_conv_centroid-seed5","daab33db1667440cb2b813c47d5532ef","val/accuracy","6799","1775499544968","0.6781028509140015"
"ssl_emnist_balanced_conv_centroid-seed5","daab33db1667440cb2b813c47d5532ef","val/accuracy","6899","1775499605144","0.6782801151275635"
"ssl_emnist_balanced_conv_centroid-seed5","daab33db1667440cb2b813c47d5532ef","val/accuracy","6999","1775499665328","0.6803191304206848"
"ssl_emnist_balanced_conv_centroid-seed5","daab33db1667440cb2b813c47d5532ef","val/accuracy","7099","1775499724485","0.6802304983139038"
"ssl_emnist_balanced_conv_centroid-seed5","daab33db1667440cb2b813c47d5532ef","val/accuracy","7199","1775499785393","0.6771276593208313"
"ssl_emnist_balanced_conv_centroid-seed5","daab33db1667440cb2b813c47d5532ef","val/accuracy","7299","1775499845956","0.6806737780570984"
"ssl_emnist_balanced_conv_centroid-seed5","daab33db1667440cb2b813c47d5532ef","val/accuracy","7399","1775499905640","0.6779255270957947"
"ssl_emnist_balanced_conv_centroid-seed5","daab33db1667440cb2b813c47d5532ef","val/accuracy","7499","1775499964816","0.679964542388916"
"ssl_emnist_balanced_conv_centroid-seed5","daab33db1667440cb2b813c47d5532ef","val/accuracy","7599","1775500025809","0.6816489100456238"
"ssl_emnist_balanced_conv_centroid-seed5","daab33db1667440cb2b813c47d5532ef","val/accuracy","7699","1775500084916","0.6791666746139526"
"ssl_emnist_balanced_conv_centroid-seed5","daab33db1667440cb2b813c47d5532ef","val/accuracy","7799","1775500144232","0.6846631169319153"
"ssl_emnist_balanced_conv_centroid-seed5","daab33db1667440cb2b813c47d5532ef","val/accuracy","7899","1775500204576","0.681294322013855"
"ssl_emnist_balanced_conv_centroid-seed5","daab33db1667440cb2b813c47d5532ef","val/accuracy","7999","1775500431924","0.6793439984321594"
"ssl_emnist_balanced_conv_centroid-seed5","daab33db1667440cb2b813c47d5532ef","val/accuracy","8099","1775500492816","0.6790780425071716"
"ssl_emnist_balanced_conv_centroid-seed5","daab33db1667440cb2b813c47d5532ef","val/accuracy","8199","1775500550812","0.6796985864639282"
"ssl_emnist_balanced_conv_centroid-seed5","daab33db1667440cb2b813c47d5532ef","val/accuracy","8299","1775500612680","0.6805850863456726"
"ssl_emnist_balanced_conv_centroid-seed5","daab33db1667440cb2b813c47d5532ef","val/accuracy","8399","1775500676028","0.6815602779388428"
"ssl_emnist_balanced_conv_centroid-seed5","daab33db1667440cb2b813c47d5532ef","val/accuracy","8499","1775500735876","0.679964542388916"
"ssl_emnist_balanced_conv_centroid-seed5","daab33db1667440cb2b813c47d5532ef","val/accuracy","8599","1775500797080","0.6778368949890137"
"ssl_emnist_balanced_conv_centroid-seed5","daab33db1667440cb2b813c47d5532ef","val/accuracy","8699","1775500857793","0.6823581457138062"
"ssl_emnist_balanced_conv_centroid-seed5","daab33db1667440cb2b813c47d5532ef","val/accuracy","8799","1775500918164","0.6788120269775391"
"ssl_emnist_balanced_conv_centroid-seed5","daab33db1667440cb2b813c47d5532ef","val/accuracy","8899","1775501191276","0.6820921897888184"
"ssl_emnist_balanced_conv_centroid-seed5","daab33db1667440cb2b813c47d5532ef","val/accuracy","8999","1775501250568","0.6792553067207336"
"ssl_emnist_balanced_conv_centroid-seed5","daab33db1667440cb2b813c47d5532ef","val/accuracy","9099","1775501310124","0.6808510422706604"
"ssl_emnist_balanced_conv_centroid-seed5","daab33db1667440cb2b813c47d5532ef","val/accuracy","9199","1775501370185","0.6794326305389404"
"ssl_emnist_balanced_conv_centroid-seed5","daab33db1667440cb2b813c47d5532ef","val/accuracy","9299","1775501430620","0.679875910282135"
"ssl_emnist_balanced_conv_centroid-seed5","daab33db1667440cb2b813c47d5532ef","val/accuracy","9399","1775501491016","0.6804964542388916"
"ssl_emnist_balanced_conv_centroid-seed5","daab33db1667440cb2b813c47d5532ef","val/accuracy","9499","1775501551220","0.6796985864639282"
"ssl_emnist_balanced_conv_centroid-seed5","daab33db1667440cb2b813c47d5532ef","val/accuracy","9599","1775501610881","0.6796985864639282"
"ssl_emnist_balanced_conv_centroid-seed5","daab33db1667440cb2b813c47d5532ef","val/accuracy","9699","1775501676884","0.6807624101638794"
"ssl_emnist_balanced_conv_centroid-seed5","daab33db1667440cb2b813c47d5532ef","val/accuracy","9799","1775501737036","0.6787233948707581"
"ssl_emnist_balanced_conv_centroid-seed5","daab33db1667440cb2b813c47d5532ef","val/accuracy","9899","1775501800740","0.6828900575637817"
"ssl_emnist_balanced_conv_centroid-seed5","daab33db1667440cb2b813c47d5532ef","val/accuracy","9999","1775501863164","0.6791666746139526"
"ssl_emnist_balanced_conv_centroid-seed3","3f4c3df26d294e0ba39a504e1e96a395","val/accuracy","99","1775495362388","0.360638290643692"
"ssl_emnist_balanced_conv_centroid-seed3","3f4c3df26d294e0ba39a504e1e96a395","val/accuracy","199","1775495395861","0.3717198669910431"
"ssl_emnist_balanced_conv_centroid-seed3","3f4c3df26d294e0ba39a504e1e96a395","val/accuracy","299","1775495448256","0.3779255449771881"
"ssl_emnist_balanced_conv_centroid-seed3","3f4c3df26d294e0ba39a504e1e96a395","val/accuracy","399","1775495500257","0.4226950407028198"
"ssl_emnist_balanced_conv_centroid-seed3","3f4c3df26d294e0ba39a504e1e96a395","val/accuracy","499","1775495576645","0.46072694659233093"
"ssl_emnist_balanced_conv_centroid-seed3","3f4c3df26d294e0ba39a504e1e96a395","val/accuracy","599","1775495631212","0.5054078102111816"
"ssl_emnist_balanced_conv_centroid-seed3","3f4c3df26d294e0ba39a504e1e96a395","val/accuracy","699","1775495688188","0.5324468016624451"
"ssl_emnist_balanced_conv_centroid-seed3","3f4c3df26d294e0ba39a504e1e96a395","val/accuracy","799","1775495761296","0.5506205558776855"
"ssl_emnist_balanced_conv_centroid-seed3","3f4c3df26d294e0ba39a504e1e96a395","val/accuracy","899","1775495818416","0.5707446932792664"
"ssl_emnist_balanced_conv_centroid-seed3","3f4c3df26d294e0ba39a504e1e96a395","val/accuracy","999","1775495875260","0.588652491569519"
"ssl_emnist_balanced_conv_centroid-seed3","3f4c3df26d294e0ba39a504e1e96a395","val/accuracy","1099","1775495932344","0.598936140537262"
"ssl_emnist_balanced_conv_centroid-seed3","3f4c3df26d294e0ba39a504e1e96a395","val/accuracy","1199","1775495988800","0.6044326424598694"
"ssl_emnist_balanced_conv_centroid-seed3","3f4c3df26d294e0ba39a504e1e96a395","val/accuracy","1299","1775496047996","0.61258864402771"
"ssl_emnist_balanced_conv_centroid-seed3","3f4c3df26d294e0ba39a504e1e96a395","val/accuracy","1399","1775496104297","0.6172872185707092"
"ssl_emnist_balanced_conv_centroid-seed3","3f4c3df26d294e0ba39a504e1e96a395","val/accuracy","1499","1775496162700","0.6210992932319641"
"ssl_emnist_balanced_conv_centroid-seed3","3f4c3df26d294e0ba39a504e1e96a395","val/accuracy","1599","1775496219176","0.6258864998817444"
"ssl_emnist_balanced_conv_centroid-seed3","3f4c3df26d294e0ba39a504e1e96a395","val/accuracy","1699","1775496282604","0.6300531625747681"
"ssl_emnist_balanced_conv_centroid-seed3","3f4c3df26d294e0ba39a504e1e96a395","val/accuracy","1799","1775496338368","0.6353723406791687"
"ssl_emnist_balanced_conv_centroid-seed3","3f4c3df26d294e0ba39a504e1e96a395","val/accuracy","1899","1775496395648","0.6439716219902039"
"ssl_emnist_balanced_conv_centroid-seed3","3f4c3df26d294e0ba39a504e1e96a395","val/accuracy","1999","1775496452076","0.6446808576583862"
"ssl_emnist_balanced_conv_centroid-seed3","3f4c3df26d294e0ba39a504e1e96a395","val/accuracy","2099","1775496508480","0.6519503593444824"
"ssl_emnist_balanced_conv_centroid-seed3","3f4c3df26d294e0ba39a504e1e96a395","val/accuracy","2199","1775496565876","0.6555851101875305"
"ssl_emnist_balanced_conv_centroid-seed3","3f4c3df26d294e0ba39a504e1e96a395","val/accuracy","2299","1775496621936","0.6556737422943115"
"ssl_emnist_balanced_conv_centroid-seed3","3f4c3df26d294e0ba39a504e1e96a395","val/accuracy","2399","1775496689233","0.6631205677986145"
"ssl_emnist_balanced_conv_centroid-seed3","3f4c3df26d294e0ba39a504e1e96a395","val/accuracy","2499","1775496747767","0.6668439507484436"
"ssl_emnist_balanced_conv_centroid-seed3","3f4c3df26d294e0ba39a504e1e96a395","val/accuracy","2599","1775496807953","0.6707446575164795"
"ssl_emnist_balanced_conv_centroid-seed3","3f4c3df26d294e0ba39a504e1e96a395","val/accuracy","2699","1775496870148","0.6683510541915894"
"ssl_emnist_balanced_conv_centroid-seed3","3f4c3df26d294e0ba39a504e1e96a395","val/accuracy","2799","1775496927420","0.6718084812164307"
"ssl_emnist_balanced_conv_centroid-seed3","3f4c3df26d294e0ba39a504e1e96a395","val/accuracy","2899","1775497003780","0.6727836728096008"
"ssl_emnist_balanced_conv_centroid-seed3","3f4c3df26d294e0ba39a504e1e96a395","val/accuracy","2999","1775497063992","0.675177276134491"
"ssl_emnist_balanced_conv_centroid-seed3","3f4c3df26d294e0ba39a504e1e96a395","val/accuracy","3099","1775497124388","0.67508864402771"
"ssl_emnist_balanced_conv_centroid-seed3","3f4c3df26d294e0ba39a504e1e96a395","val/accuracy","3199","1775497183528","0.6740248203277588"
"ssl_emnist_balanced_conv_centroid-seed3","3f4c3df26d294e0ba39a504e1e96a395","val/accuracy","3299","1775497269652","0.6778368949890137"
"ssl_emnist_balanced_conv_centroid-seed3","3f4c3df26d294e0ba39a504e1e96a395","val/accuracy","3399","1775497329041","0.6749113202095032"
"ssl_emnist_balanced_conv_centroid-seed3","3f4c3df26d294e0ba39a504e1e96a395","val/accuracy","3499","1775497388476","0.6776595711708069"
"ssl_emnist_balanced_conv_centroid-seed3","3f4c3df26d294e0ba39a504e1e96a395","val/accuracy","3599","1775497447145","0.6770390272140503"
"ssl_emnist_balanced_conv_centroid-seed3","3f4c3df26d294e0ba39a504e1e96a395","val/accuracy","3699","1775497504592","0.6753545999526978"
"ssl_emnist_balanced_conv_centroid-seed3","3f4c3df26d294e0ba39a504e1e96a395","val/accuracy","3799","1775497562540","0.6753545999526978"
"ssl_emnist_balanced_conv_centroid-seed3","3f4c3df26d294e0ba39a504e1e96a395","val/accuracy","3899","1775497623169","0.6745567321777344"
"ssl_emnist_balanced_conv_centroid-seed3","3f4c3df26d294e0ba39a504e1e96a395","val/accuracy","3999","1775497683217","0.6760638356208801"
"ssl_emnist_balanced_conv_centroid-seed3","3f4c3df26d294e0ba39a504e1e96a395","val/accuracy","4099","1775497741852","0.6734042763710022"
"ssl_emnist_balanced_conv_centroid-seed3","3f4c3df26d294e0ba39a504e1e96a395","val/accuracy","4199","1775497800601","0.6756205558776855"
"ssl_emnist_balanced_conv_centroid-seed3","3f4c3df26d294e0ba39a504e1e96a395","val/accuracy","4299","1775497862269","0.6743794083595276"
"ssl_emnist_balanced_conv_centroid-seed3","3f4c3df26d294e0ba39a504e1e96a395","val/accuracy","4399","1775497922828","0.6758865118026733"
"ssl_emnist_balanced_conv_centroid-seed3","3f4c3df26d294e0ba39a504e1e96a395","val/accuracy","4499","1775497982828","0.67508864402771"
"ssl_emnist_balanced_conv_centroid-seed3","3f4c3df26d294e0ba39a504e1e96a395","val/accuracy","4599","1775498042161","0.675000011920929"
"ssl_emnist_balanced_conv_centroid-seed3","3f4c3df26d294e0ba39a504e1e96a395","val/accuracy","4699","1775498100469","0.6759752035140991"
"ssl_emnist_balanced_conv_centroid-seed3","3f4c3df26d294e0ba39a504e1e96a395","val/accuracy","4799","1775498158612","0.6756205558776855"
"ssl_emnist_balanced_conv_centroid-seed3","3f4c3df26d294e0ba39a504e1e96a395","val/accuracy","4899","1775498217549","0.679875910282135"
"ssl_emnist_balanced_conv_centroid-seed3","3f4c3df26d294e0ba39a504e1e96a395","val/accuracy","4999","1775498274856","0.6770390272140503"
"ssl_emnist_balanced_conv_centroid-seed3","3f4c3df26d294e0ba39a504e1e96a395","val/accuracy","5099","1775498333964","0.6815602779388428"
"ssl_emnist_balanced_conv_centroid-seed3","3f4c3df26d294e0ba39a504e1e96a395","val/accuracy","5199","1775498393324","0.678634762763977"
"ssl_emnist_balanced_conv_centroid-seed3","3f4c3df26d294e0ba39a504e1e96a395","val/accuracy","5299","1775498453769","0.6766843795776367"
"ssl_emnist_balanced_conv_centroid-seed3","3f4c3df26d294e0ba39a504e1e96a395","val/accuracy","5399","1775498514373","0.6787233948707581"
"ssl_emnist_balanced_conv_centroid-seed3","3f4c3df26d294e0ba39a504e1e96a395","val/accuracy","5499","1775498573720","0.6772162914276123"
"ssl_emnist_balanced_conv_centroid-seed3","3f4c3df26d294e0ba39a504e1e96a395","val/accuracy","5599","1775498632760","0.6755319237709045"
"ssl_emnist_balanced_conv_centroid-seed3","3f4c3df26d294e0ba39a504e1e96a395","val/accuracy","5699","1775498693316","0.6777482032775879"
"ssl_emnist_balanced_conv_centroid-seed3","3f4c3df26d294e0ba39a504e1e96a395","val/accuracy","5799","1775498751021","0.6752659678459167"
"ssl_emnist_balanced_conv_centroid-seed3","3f4c3df26d294e0ba39a504e1e96a395","val/accuracy","5899","1775498812235","0.6789893507957458"
"ssl_emnist_balanced_conv_centroid-seed3","3f4c3df26d294e0ba39a504e1e96a395","val/accuracy","5999","1775498871149","0.6746453642845154"
"ssl_emnist_balanced_conv_centroid-seed3","3f4c3df26d294e0ba39a504e1e96a395","val/accuracy","6099","1775498930972","0.6778368949890137"
"ssl_emnist_balanced_conv_centroid-seed3","3f4c3df26d294e0ba39a504e1e96a395","val/accuracy","6199","1775498990373","0.6779255270957947"
"ssl_emnist_balanced_conv_centroid-seed3","3f4c3df26d294e0ba39a504e1e96a395","val/accuracy","6299","1775499049988","0.6773049831390381"
"ssl_emnist_balanced_conv_centroid-seed3","3f4c3df26d294e0ba39a504e1e96a395","val/accuracy","6399","1775499128804","0.6769503355026245"
"ssl_emnist_balanced_conv_centroid-seed3","3f4c3df26d294e0ba39a504e1e96a395","val/accuracy","6499","1775499187280","0.6771276593208313"
"ssl_emnist_balanced_conv_centroid-seed3","3f4c3df26d294e0ba39a504e1e96a395","val/accuracy","6599","1775499246331","0.6772162914276123"
"ssl_emnist_balanced_conv_centroid-seed3","3f4c3df26d294e0ba39a504e1e96a395","val/accuracy","6699","1775499323800","0.6760638356208801"
"ssl_emnist_balanced_conv_centroid-seed3","3f4c3df26d294e0ba39a504e1e96a395","val/accuracy","6799","1775499385173","0.6782801151275635"
"ssl_emnist_balanced_conv_centroid-seed3","3f4c3df26d294e0ba39a504e1e96a395","val/accuracy","6899","1775499445481","0.6753545999526978"
"ssl_emnist_balanced_conv_centroid-seed3","3f4c3df26d294e0ba39a504e1e96a395","val/accuracy","6999","1775499505765","0.6772162914276123"
"ssl_emnist_balanced_conv_centroid-seed3","3f4c3df26d294e0ba39a504e1e96a395","val/accuracy","7099","1775499564353","0.6778368949890137"
"ssl_emnist_balanced_conv_centroid-seed3","3f4c3df26d294e0ba39a504e1e96a395","val/accuracy","7199","1775499624716","0.6773936152458191"
"ssl_emnist_balanced_conv_centroid-seed3","3f4c3df26d294e0ba39a504e1e96a395","val/accuracy","7299","1775499685040","0.6772162914276123"
"ssl_emnist_balanced_conv_centroid-seed3","3f4c3df26d294e0ba39a504e1e96a395","val/accuracy","7399","1775499744404","0.6773049831390381"
"ssl_emnist_balanced_conv_centroid-seed3","3f4c3df26d294e0ba39a504e1e96a395","val/accuracy","7499","1775499803636","0.6765071153640747"
"ssl_emnist_balanced_conv_centroid-seed3","3f4c3df26d294e0ba39a504e1e96a395","val/accuracy","7599","1775499864588","0.6764184236526489"
"ssl_emnist_balanced_conv_centroid-seed3","3f4c3df26d294e0ba39a504e1e96a395","val/accuracy","7699","1775499925185","0.678634762763977"
"ssl_emnist_balanced_conv_centroid-seed3","3f4c3df26d294e0ba39a504e1e96a395","val/accuracy","7799","1775499984520","0.6772162914276123"
"ssl_emnist_balanced_conv_centroid-seed3","3f4c3df26d294e0ba39a504e1e96a395","val/accuracy","7899","1775500044340","0.6749113202095032"
"ssl_emnist_balanced_conv_centroid-seed3","3f4c3df26d294e0ba39a504e1e96a395","val/accuracy","7999","1775500104028","0.6734929084777832"
"ssl_emnist_balanced_conv_centroid-seed3","3f4c3df26d294e0ba39a504e1e96a395","val/accuracy","8099","1775500163560","0.678634762763977"
"ssl_emnist_balanced_conv_centroid-seed3","3f4c3df26d294e0ba39a504e1e96a395","val/accuracy","8199","1775500255028","0.6793439984321594"
"ssl_emnist_balanced_conv_centroid-seed3","3f4c3df26d294e0ba39a504e1e96a395","val/accuracy","8299","1775500436153","0.6776595711708069"
"ssl_emnist_balanced_conv_centroid-seed3","3f4c3df26d294e0ba39a504e1e96a395","val/accuracy","8399","1775500493893","0.6745567321777344"
"ssl_emnist_balanced_conv_centroid-seed3","3f4c3df26d294e0ba39a504e1e96a395","val/accuracy","8499","1775500553985","0.6770390272140503"
"ssl_emnist_balanced_conv_centroid-seed3","3f4c3df26d294e0ba39a504e1e96a395","val/accuracy","8599","1775500614492","0.6749113202095032"
"ssl_emnist_balanced_conv_centroid-seed3","3f4c3df26d294e0ba39a504e1e96a395","val/accuracy","8699","1775500672904","0.6761524677276611"
"ssl_emnist_balanced_conv_centroid-seed3","3f4c3df26d294e0ba39a504e1e96a395","val/accuracy","8799","1775500733376","0.6779255270957947"
"ssl_emnist_balanced_conv_centroid-seed3","3f4c3df26d294e0ba39a504e1e96a395","val/accuracy","8899","1775500792608","0.6757978796958923"
"ssl_emnist_balanced_conv_centroid-seed3","3f4c3df26d294e0ba39a504e1e96a395","val/accuracy","8999","1775500852437","0.6760638356208801"
"ssl_emnist_balanced_conv_centroid-seed3","3f4c3df26d294e0ba39a504e1e96a395","val/accuracy","9099","1775500910437","0.6760638356208801"
"ssl_emnist_balanced_conv_centroid-seed3","3f4c3df26d294e0ba39a504e1e96a395","val/accuracy","9199","1775501190220","0.6762411594390869"
"ssl_emnist_balanced_conv_centroid-seed3","3f4c3df26d294e0ba39a504e1e96a395","val/accuracy","9299","1775501250980","0.6768617033958435"
"ssl_emnist_balanced_conv_centroid-seed3","3f4c3df26d294e0ba39a504e1e96a395","val/accuracy","9399","1775501308540","0.6760638356208801"
"ssl_emnist_balanced_conv_centroid-seed3","3f4c3df26d294e0ba39a504e1e96a395","val/accuracy","9499","1775501368640","0.6747340559959412"
"ssl_emnist_balanced_conv_centroid-seed3","3f4c3df26d294e0ba39a504e1e96a395","val/accuracy","9599","1775501427200","0.6746453642845154"
"ssl_emnist_balanced_conv_centroid-seed3","3f4c3df26d294e0ba39a504e1e96a395","val/accuracy","9699","1775501487089","0.6765957474708557"
"ssl_emnist_balanced_conv_centroid-seed3","3f4c3df26d294e0ba39a504e1e96a395","val/accuracy","9799","1775501545801","0.6752659678459167"
"ssl_emnist_balanced_conv_centroid-seed3","3f4c3df26d294e0ba39a504e1e96a395","val/accuracy","9899","1775501605157","0.6726950407028198"
"ssl_emnist_balanced_conv_centroid-seed3","3f4c3df26d294e0ba39a504e1e96a395","val/accuracy","9999","1775501668440","0.6765957474708557"
"ssl_emnist_balanced_conv_centroid-seed4","a79424ca397e46009630ff48a3670c99","val/accuracy","99","1775495363044","0.36569148302078247"
"ssl_emnist_balanced_conv_centroid-seed4","a79424ca397e46009630ff48a3670c99","val/accuracy","199","1775495397228","0.3637411296367645"
"ssl_emnist_balanced_conv_centroid-seed4","a79424ca397e46009630ff48a3670c99","val/accuracy","299","1775495450201","0.3820922076702118"
"ssl_emnist_balanced_conv_centroid-seed4","a79424ca397e46009630ff48a3670c99","val/accuracy","399","1775495503284","0.4382978677749634"
"ssl_emnist_balanced_conv_centroid-seed4","a79424ca397e46009630ff48a3670c99","val/accuracy","499","1775495580928","0.4836879372596741"
"ssl_emnist_balanced_conv_centroid-seed4","a79424ca397e46009630ff48a3670c99","val/accuracy","599","1775495638981","0.5206560492515564"
"ssl_emnist_balanced_conv_centroid-seed4","a79424ca397e46009630ff48a3670c99","val/accuracy","699","1775495698468","0.5476950407028198"
"ssl_emnist_balanced_conv_centroid-seed4","a79424ca397e46009630ff48a3670c99","val/accuracy","799","1775495777372","0.5655142068862915"
"ssl_emnist_balanced_conv_centroid-seed4","a79424ca397e46009630ff48a3670c99","val/accuracy","899","1775495836065","0.577482283115387"
"ssl_emnist_balanced_conv_centroid-seed4","a79424ca397e46009630ff48a3670c99","val/accuracy","999","1775495893957","0.5915780067443848"
"ssl_emnist_balanced_conv_centroid-seed4","a79424ca397e46009630ff48a3670c99","val/accuracy","1099","1775495952541","0.5991134643554688"
"ssl_emnist_balanced_conv_centroid-seed4","a79424ca397e46009630ff48a3670c99","val/accuracy","1199","1775496011341","0.6059397459030151"
"ssl_emnist_balanced_conv_centroid-seed4","a79424ca397e46009630ff48a3670c99","val/accuracy","1299","1775496069972","0.6120567321777344"
"ssl_emnist_balanced_conv_centroid-seed4","a79424ca397e46009630ff48a3670c99","val/accuracy","1399","1775496128212","0.6177304983139038"
"ssl_emnist_balanced_conv_centroid-seed4","a79424ca397e46009630ff48a3670c99","val/accuracy","1499","1775496188956","0.6261524558067322"
"ssl_emnist_balanced_conv_centroid-seed4","a79424ca397e46009630ff48a3670c99","val/accuracy","1599","1775496264657","0.6287233829498291"
"ssl_emnist_balanced_conv_centroid-seed4","a79424ca397e46009630ff48a3670c99","val/accuracy","1699","1775496322492","0.6364361643791199"
"ssl_emnist_balanced_conv_centroid-seed4","a79424ca397e46009630ff48a3670c99","val/accuracy","1799","1775496382217","0.6426418423652649"
"ssl_emnist_balanced_conv_centroid-seed4","a79424ca397e46009630ff48a3670c99","val/accuracy","1899","1775496439272","0.6472517848014832"
"ssl_emnist_balanced_conv_centroid-seed4","a79424ca397e46009630ff48a3670c99","val/accuracy","1999","1775496495069","0.6505318880081177"
"ssl_emnist_balanced_conv_centroid-seed4","a79424ca397e46009630ff48a3670c99","val/accuracy","2099","1775496551084","0.6564716100692749"
"ssl_emnist_balanced_conv_centroid-seed4","a79424ca397e46009630ff48a3670c99","val/accuracy","2199","1775496606884","0.6603723168373108"
"ssl_emnist_balanced_conv_centroid-seed4","a79424ca397e46009630ff48a3670c99","val/accuracy","2299","1775496681700","0.6627659797668457"
"ssl_emnist_balanced_conv_centroid-seed4","a79424ca397e46009630ff48a3670c99","val/accuracy","2399","1775496739488","0.6637411117553711"
"ssl_emnist_balanced_conv_centroid-seed4","a79424ca397e46009630ff48a3670c99","val/accuracy","2499","1775496795708","0.6665779948234558"
"ssl_emnist_balanced_conv_centroid-seed4","a79424ca397e46009630ff48a3670c99","val/accuracy","2599","1775496854052","0.6694148778915405"
"ssl_emnist_balanced_conv_centroid-seed4","a79424ca397e46009630ff48a3670c99","val/accuracy","2699","1775496910940","0.6696808338165283"
"ssl_emnist_balanced_conv_centroid-seed4","a79424ca397e46009630ff48a3670c99","val/accuracy","2799","1775496968196","0.6734042763710022"
"ssl_emnist_balanced_conv_centroid-seed4","a79424ca397e46009630ff48a3670c99","val/accuracy","2899","1775497038728","0.6765957474708557"
"ssl_emnist_balanced_conv_centroid-seed4","a79424ca397e46009630ff48a3670c99","val/accuracy","2999","1775497096057","0.675177276134491"
"ssl_emnist_balanced_conv_centroid-seed4","a79424ca397e46009630ff48a3670c99","val/accuracy","3099","1775497155710","0.6742907762527466"
"ssl_emnist_balanced_conv_centroid-seed4","a79424ca397e46009630ff48a3670c99","val/accuracy","3199","1775497217443","0.6780141592025757"
"ssl_emnist_balanced_conv_centroid-seed4","a79424ca397e46009630ff48a3670c99","val/accuracy","3299","1775497290404","0.681382954120636"
"ssl_emnist_balanced_conv_centroid-seed4","a79424ca397e46009630ff48a3670c99","val/accuracy","3399","1775497348528","0.6784574389457703"
"ssl_emnist_balanced_conv_centroid-seed4","a79424ca397e46009630ff48a3670c99","val/accuracy","3499","1775497406596","0.6773936152458191"
"ssl_emnist_balanced_conv_centroid-seed4","a79424ca397e46009630ff48a3670c99","val/accuracy","3599","1775497464312","0.6803191304206848"
"ssl_emnist_balanced_conv_centroid-seed4","a79424ca397e46009630ff48a3670c99","val/accuracy","3699","1775497522465","0.6774822473526001"
"ssl_emnist_balanced_conv_centroid-seed4","a79424ca397e46009630ff48a3670c99","val/accuracy","3799","1775497581176","0.6772162914276123"
"ssl_emnist_balanced_conv_centroid-seed4","a79424ca397e46009630ff48a3670c99","val/accuracy","3899","1775497645201","0.6794326305389404"
"ssl_emnist_balanced_conv_centroid-seed4","a79424ca397e46009630ff48a3670c99","val/accuracy","3999","1775497702917","0.6804964542388916"
"ssl_emnist_balanced_conv_centroid-seed4","a79424ca397e46009630ff48a3670c99","val/accuracy","4099","1775497759820","0.6825354695320129"
"ssl_emnist_balanced_conv_centroid-seed4","a79424ca397e46009630ff48a3670c99","val/accuracy","4199","1775497819776","0.6780141592025757"
"ssl_emnist_balanced_conv_centroid-seed4","a79424ca397e46009630ff48a3670c99","val/accuracy","4299","1775497877480","0.681294322013855"
"ssl_emnist_balanced_conv_centroid-seed4","a79424ca397e46009630ff48a3670c99","val/accuracy","4399","1775497934988","0.6807624101638794"
"ssl_emnist_balanced_conv_centroid-seed4","a79424ca397e46009630ff48a3670c99","val/accuracy","4499","1775497994132","0.682624101638794"
"ssl_emnist_balanced_conv_centroid-seed4","a79424ca397e46009630ff48a3670c99","val/accuracy","4599","1775498052924","0.6789893507957458"
"ssl_emnist_balanced_conv_centroid-seed4","a79424ca397e46009630ff48a3670c99","val/accuracy","4699","1775498112940","0.6793439984321594"
"ssl_emnist_balanced_conv_centroid-seed4","a79424ca397e46009630ff48a3670c99","val/accuracy","4799","1775498169821","0.6794326305389404"
"ssl_emnist_balanced_conv_centroid-seed4","a79424ca397e46009630ff48a3670c99","val/accuracy","4899","1775498227496","0.6811169981956482"
"ssl_emnist_balanced_conv_centroid-seed4","a79424ca397e46009630ff48a3670c99","val/accuracy","4999","1775498285896","0.6803191304206848"
"ssl_emnist_balanced_conv_centroid-seed4","a79424ca397e46009630ff48a3670c99","val/accuracy","5099","1775498343869","0.678634762763977"
"ssl_emnist_balanced_conv_centroid-seed4","a79424ca397e46009630ff48a3670c99","val/accuracy","5199","1775498405048","0.6785460710525513"
"ssl_emnist_balanced_conv_centroid-seed4","a79424ca397e46009630ff48a3670c99","val/accuracy","5299","1775498461952","0.6789893507957458"
"ssl_emnist_balanced_conv_centroid-seed4","a79424ca397e46009630ff48a3670c99","val/accuracy","5399","1775498520718","0.6784574389457703"
"ssl_emnist_balanced_conv_centroid-seed4","a79424ca397e46009630ff48a3670c99","val/accuracy","5499","1775498577956","0.6805850863456726"
"ssl_emnist_balanced_conv_centroid-seed4","a79424ca397e46009630ff48a3670c99","val/accuracy","5599","1775498637553","0.6794326305389404"
"ssl_emnist_balanced_conv_centroid-seed4","a79424ca397e46009630ff48a3670c99","val/accuracy","5699","1775498695121","0.6805850863456726"
"ssl_emnist_balanced_conv_centroid-seed4","a79424ca397e46009630ff48a3670c99","val/accuracy","5799","1775498752641","0.681294322013855"
"ssl_emnist_balanced_conv_centroid-seed4","a79424ca397e46009630ff48a3670c99","val/accuracy","5899","1775498812065","0.6797872185707092"
"ssl_emnist_balanced_conv_centroid-seed4","a79424ca397e46009630ff48a3670c99","val/accuracy","5999","1775498871435","0.6834219694137573"
"ssl_emnist_balanced_conv_centroid-seed4","a79424ca397e46009630ff48a3670c99","val/accuracy","6099","1775498928368","0.6820921897888184"
"ssl_emnist_balanced_conv_centroid-seed4","a79424ca397e46009630ff48a3670c99","val/accuracy","6199","1775498987124","0.6815602779388428"
"ssl_emnist_balanced_conv_centroid-seed4","a79424ca397e46009630ff48a3670c99","val/accuracy","6299","1775499045412","0.6790780425071716"
"ssl_emnist_balanced_conv_centroid-seed4","a79424ca397e46009630ff48a3670c99","val/accuracy","6399","1775499127325","0.6809397339820862"
"ssl_emnist_balanced_conv_centroid-seed4","a79424ca397e46009630ff48a3670c99","val/accuracy","6499","1775499184473","0.6811169981956482"
"ssl_emnist_balanced_conv_centroid-seed4","a79424ca397e46009630ff48a3670c99","val/accuracy","6599","1775499243440","0.681382954120636"
"ssl_emnist_balanced_conv_centroid-seed4","a79424ca397e46009630ff48a3670c99","val/accuracy","6699","1775499320141","0.6855496168136597"
"ssl_emnist_balanced_conv_centroid-seed4","a79424ca397e46009630ff48a3670c99","val/accuracy","6799","1775499376153","0.6817376017570496"
"ssl_emnist_balanced_conv_centroid-seed4","a79424ca397e46009630ff48a3670c99","val/accuracy","6899","1775499433612","0.6853723526000977"
"ssl_emnist_balanced_conv_centroid-seed4","a79424ca397e46009630ff48a3670c99","val/accuracy","6999","1775499491384","0.6814716458320618"
"ssl_emnist_balanced_conv_centroid-seed4","a79424ca397e46009630ff48a3670c99","val/accuracy","7099","1775499548128","0.6824468374252319"
"ssl_emnist_balanced_conv_centroid-seed4","a79424ca397e46009630ff48a3670c99","val/accuracy","7199","1775499606600","0.6818262338638306"
"ssl_emnist_balanced_conv_centroid-seed4","a79424ca397e46009630ff48a3670c99","val/accuracy","7299","1775499664152","0.6823581457138062"
"ssl_emnist_balanced_conv_centroid-seed4","a79424ca397e46009630ff48a3670c99","val/accuracy","7399","1775499724964","0.6836879253387451"
"ssl_emnist_balanced_conv_centroid-seed4","a79424ca397e46009630ff48a3670c99","val/accuracy","7499","1775499781436","0.678634762763977"
"ssl_emnist_balanced_conv_centroid-seed4","a79424ca397e46009630ff48a3670c99","val/accuracy","7599","1775499839380","0.6818262338638306"
"ssl_emnist_balanced_conv_centroid-seed4","a79424ca397e46009630ff48a3670c99","val/accuracy","7699","1775499895636","0.681294322013855"
"ssl_emnist_balanced_conv_centroid-seed4","a79424ca397e46009630ff48a3670c99","val/accuracy","7799","1775499952884","0.6840425729751587"
"ssl_emnist_balanced_conv_centroid-seed4","a79424ca397e46009630ff48a3670c99","val/accuracy","7899","1775500010236","0.6842198371887207"
"ssl_emnist_balanced_conv_centroid-seed4","a79424ca397e46009630ff48a3670c99","val/accuracy","7999","1775500068181","0.681205689907074"
"ssl_emnist_balanced_conv_centroid-seed4","a79424ca397e46009630ff48a3670c99","val/accuracy","8099","1775500125548","0.6815602779388428"
"ssl_emnist_balanced_conv_centroid-seed4","a79424ca397e46009630ff48a3670c99","val/accuracy","8199","1775500188089","0.6835992932319641"
"ssl_emnist_balanced_conv_centroid-seed4","a79424ca397e46009630ff48a3670c99","val/accuracy","8299","1775500366955","0.681294322013855"
"ssl_emnist_balanced_conv_centroid-seed4","a79424ca397e46009630ff48a3670c99","val/accuracy","8399","1775500440588","0.6845744848251343"
"ssl_emnist_balanced_conv_centroid-seed4","a79424ca397e46009630ff48a3670c99","val/accuracy","8499","1775500497477","0.6811169981956482"
"ssl_emnist_balanced_conv_centroid-seed4","a79424ca397e46009630ff48a3670c99","val/accuracy","8599","1775500557820","0.6836879253387451"
"ssl_emnist_balanced_conv_centroid-seed4","a79424ca397e46009630ff48a3670c99","val/accuracy","8699","1775500617672","0.6843085289001465"
"ssl_emnist_balanced_conv_centroid-seed4","a79424ca397e46009630ff48a3670c99","val/accuracy","8799","1775500676888","0.6851950287818909"
"ssl_emnist_balanced_conv_centroid-seed4","a79424ca397e46009630ff48a3670c99","val/accuracy","8899","1775500735480","0.6829787492752075"
"ssl_emnist_balanced_conv_centroid-seed4","a79424ca397e46009630ff48a3670c99","val/accuracy","8999","1775500792521","0.6838652491569519"
"ssl_emnist_balanced_conv_centroid-seed4","a79424ca397e46009630ff48a3670c99","val/accuracy","9099","1775500850988","0.68608158826828"
"ssl_emnist_balanced_conv_centroid-seed4","a79424ca397e46009630ff48a3670c99","val/accuracy","9199","1775500909296","0.6820035576820374"
"ssl_emnist_balanced_conv_centroid-seed4","a79424ca397e46009630ff48a3670c99","val/accuracy","9299","1775501178868","0.6829787492752075"
"ssl_emnist_balanced_conv_centroid-seed4","a79424ca397e46009630ff48a3670c99","val/accuracy","9399","1775501235792","0.6851063966751099"
"ssl_emnist_balanced_conv_centroid-seed4","a79424ca397e46009630ff48a3670c99","val/accuracy","9499","1775501293869","0.6831560134887695"
"ssl_emnist_balanced_conv_centroid-seed4","a79424ca397e46009630ff48a3670c99","val/accuracy","9599","1775501350660","0.6829787492752075"
"ssl_emnist_balanced_conv_centroid-seed4","a79424ca397e46009630ff48a3670c99","val/accuracy","9699","1775501408752","0.6842198371887207"
"ssl_emnist_balanced_conv_centroid-seed4","a79424ca397e46009630ff48a3670c99","val/accuracy","9799","1775501466168","0.6839538812637329"
"ssl_emnist_balanced_conv_centroid-seed4","a79424ca397e46009630ff48a3670c99","val/accuracy","9899","1775501523408","0.6822695136070251"
"ssl_emnist_balanced_conv_centroid-seed4","a79424ca397e46009630ff48a3670c99","val/accuracy","9999","1775501580844","0.6804964542388916"
