"Start Time","Duration","Run ID","Name","Source Type","Source Name","User","Status","anneal_assignment_threshold","anneal_threshold_epochs","assignment_mode","assignment_threshold","assignments_per_epoch","auto_select_prototypes","autoencoder_class","autoencoder_kwargs","batch_size","cache_dir","cosine_lr_min","cosine_lr_warmup_epochs","dataset_name","dropout","enable_pruning","feature_dim","hidden_dims","hpo/model.init_args.assignment_mode","hpo/model.init_args.assignment_threshold","hpo/model.init_args.assignments_per_epoch","hpo/model.init_args.dropout","hpo/model.init_args.hidden_dims","hpo/model.init_args.learning_rate","hpo/model.init_args.n_components","hpo/model.init_args.prototype_anchor_weight","hpo/model.init_args.prototypes_per_class","hpo/model.init_args.prune_per_epoch","hpo/model.init_args.prune_threshold","hpo/model.init_args.pruning_mode","hpo/model.init_args.umap_loss_weight","hpo/model.init_args.warmup_epochs","l2_reg","learning_rate","min_samples_for_training","n_components","num_classes","num_workers","prototype_anchor_weight","prototype_img_mode","prototype_selection","prototype_source","prototypes_per_class","prune_per_epoch","prune_threshold","pruning_mode","rer_threshold","seed","top_n_per_class","train_val_split","umap_loss_weight","umap_min_dist","use_cosine_lr","use_prototype_anchoring","use_umap_loss","warmup_epochs","epoch","train/anchor_loss","train/assigned_in_batch","train/assignment_rer_mean","train/assignment_rer_std","train/avg_rer_class_0","train/avg_rer_class_1","train/avg_rer_class_2","train/avg_rer_class_3","train/avg_rer_class_4","train/avg_rer_class_5","train/avg_rer_class_6","train/avg_rer_class_7","train/avg_rer_class_8","train/avg_rer_class_9","train/classes_with_samples","train/effective_assignment_threshold","train/l2_loss","train/loss_class_0","train/loss_class_1","train/loss_class_2","train/loss_class_3","train/loss_class_4","train/loss_class_5","train/loss_class_6","train/loss_class_7","train/loss_class_8","train/loss_class_9","train/loss_epoch","train/loss_step","train/new_assignments_this_epoch","train/prototype_count","train/pruned_this_epoch","train/recon_loss","train/total_assigned","train/total_unassigned","train/umap_loss","val/accuracy","val/accuracy_step","val/assignment_agreement","val/f1_macro","val/f1_micro","val/frac_above_1","val/rer_max","val/rer_mean","val/rer_min","val/rer_std","hpo_study","hpo_trial","hpo_status"
"2026-03-30 11:04:16","10.8min","ca39fbaec75640d4901aaeb708140b14","ssl_emnist_digits_dino_trial_0411","LOCAL","src/cli.py","thallybu","FINISHED","False","None","threshold","0.5420654073274848","250","True","ShallowAutoencoder","None","1024","/data/thallybu/cache","1e-06","0","emnist_digits_dinov2_vits14","0.006557952204498874","True","384","[128, 64]","1","0.5420654073274848","","0.006557952204498874","4","0.0005706620167741789","10","0.2499980266771112","4","","1.5891429521423956","1","0.1648953737040139","1","1e-06","0.0005706620167741789","5","10","10","4","0.2499980266771112","L","random","None","4","50","1.5891429521423956","threshold","1.0","42","10","[0.9, 0.1]","0.1648953737040139","0.1","False","True","True","1","13","0.004084823653101921","560.0275268554688","0.3834429383277893","0.1516125649213791","0.3433290421962738","0.24561043083667755","0.5198727250099182","0.39926302433013916","0.4339427053928375","0.4823831021785736","0.4911743700504303","0.4200533330440521","0.35200801491737366","0.43002572655677795","10","0.5420653820037842","0.0029695683624595404","0.003931259270757437","0.004498820751905441","0.0042798141948878765","0.0030306708067655563","0.005495320074260235","0.0038949130102992058","0.003891346976161003","0.004073814023286104","0.00395228760316968","0.003214859403669834","0.053169988095760345","0.05066918209195137","2023","40","0","0.040263112634420395","120185","0","0.008916093036532402","0.793958306312561","0.793958306312561","0","0.7877276539802551","0.793958306312561","0.20604166388511658","6.866369724273682","0.7183020710945129","0.05804574862122536","0.5566582083702087","ssl_emnist_digits_dino","411","OK"
"2026-03-30 09:36:59","1.5h","9e7af14642ec4f14b72bdd74cfecf018","ssl_emnist_digits_dino_trial_0410","LOCAL","src/cli.py","thallybu","FINISHED","False","None","threshold","0.5587070855965449","250","True","ShallowAutoencoder","None","1024","/data/thallybu/cache","1e-06","0","emnist_digits_dinov2_vits14","0.007561149991492506","True","384","[128, 64]","1","0.5587070855965449","","0.007561149991492506","4","0.0005616515095745258","10","0.24647852015666044","4","","1.5766709743859697","1","0.15646968341740602","1","1e-06","0.0005616515095745258","5","10","10","4","0.24647852015666044","L","random","None","4","50","1.5766709743859697","threshold","1.0","42","10","[0.9, 0.1]","0.15646968341740602","0.1","False","True","True","1","99","0.0022972216829657555","763.4740600585938","0.3910982608795166","0.17680855095386505","0.2935241162776947","0.20327046513557434","0.49246811866760254","0.4282786250114441","0.3812314569950104","0.5285887122154236","0.4283643066883087","0.393332839012146","0.3936682939529419","0.5033466815948486","10","0.558707058429718","0.005476549733430147","0.002549446187913418","0.002899469807744026","0.0029406952671706676","0.0021695538889616728","0.0036293119192123413","0.002736256690695882","0.0025902967900037766","0.0027715826872736216","0.0030020582489669323","0.0025225214194506407","0.04229395091533661","0.042123980820178986","63","40","0","0.027811197564005852","161153","0","0.00843998696655035","0.9012500047683716","0.9012500047683716","0","0.8989832401275635","0.9012500047683716","0.09874999523162842","9.012910842895508","0.5555777549743652","0.039421360939741135","0.40032365918159485","ssl_emnist_digits_dino","410","OK"
"2026-03-30 09:17:38","37.4s","6b404fc8cb3543d3a52227696f2a75ac","ssl_emnist_digits_dino_trial_0409","LOCAL","src/cli.py","thallybu","FINISHED","False","None","threshold","0.687017339832669","250","True","ShallowAutoencoder","None","1024","/data/thallybu/cache","1e-06","0","emnist_digits_dinov2_vits14","0.01720055880064496","True","384","[128, 64]","1","0.687017339832669","","0.01720055880064496","4","0.00031481744404470607","9","0.2458374020529205","4","","1.499760972962533","1","0.19895242315088146","2","1e-06","0.00031481744404470607","5","9","10","4","0.2458374020529205","L","random","None","4","50","1.499760972962533","threshold","1.0","42","10","[0.9, 0.1]","0.19895242315088146","0.1","False","True","True","2","1","0.008876563981175423","0.18962962925434113","0","0","0","0","0","0","0","0","0","0","0","0","0.18488888442516327","0.6870173215866089","0.0039979396387934685","0.008635136298835278","0.010744979605078697","0.013356135226786137","0.004825102165341377","0.006289530545473099","0.007075300440192223","0.007543307263404131","0.007404931355267763","0.012889983132481575","0.012222330085933208","0.009451537393033504","0.00377873913384974","0","40","0","0.0016674352809786797","40","0","0.0016039698384702206","0.6383333206176758","0.6383333206176758","0","0.6484223008155823","0.6383333206176758","0.36166664958000183","5.516592502593994","0.9266492128372192","0.11668402701616287","0.36007899045944214","ssl_emnist_digits_dino","409","FAILED"
"2026-03-30 09:08:44","8.9min","989a4fc209c4470b94e9667c1938fd01","ssl_emnist_digits_dino_trial_0408","LOCAL","src/cli.py","thallybu","FINISHED","False","None","threshold","0.6255917469037254","250","True","ShallowAutoencoder","None","1024","/data/thallybu/cache","1e-06","0","emnist_digits_dinov2_vits14","0.01137275139684296","True","384","[128, 64]","1","0.6255917469037254","","0.01137275139684296","4","0.000494346200676782","12","0.23235494795827474","4","0","","0","0.18178137329994154","2","1e-06","0.000494346200676782","5","12","10","4","0.23235494795827474","L","random","None","4","25","1.2","fixed_k","1.0","42","10","[0.9, 0.1]","0.18178137329994154","0.1","False","True","True","2","11","0.003965886775404215","629.14013671875","0.44407033920288086","0.16968201100826263","0.38488757610321045","0.2843530476093292","0.5634210109710693","0.5086842179298401","0.4647071659564972","0.5060123205184937","0.5251104831695557","0.5168561339378357","0.3724187910556793","0.5071618556976318","10","0.6255917549133301","0.0026325443759560585","0.004487502854317427","0.005421293433755636","0.005035527050495148","0.003907975275069475","0.0053355819545686245","0.0038913071621209383","0.004474535118788481","0.005566629581153393","0.004321002867072821","0.003909425809979439","0.05975513532757759","0.057385530322790146","4004","40","250","0.04635078087449074","136499","1660","0.00985032506287098","0.7727500200271606","0.7727500200271606","0","0.7728017568588257","0.7727500200271606","0.22724999487400055","8.071284294128418","0.7701379060745239","0.05368679016828537","0.6015081405639648","ssl_emnist_digits_dino","408","OK"
"2026-03-30 09:08:03","37.9s","8ef79e8064324c128d3c2b241246f52b","ssl_emnist_digits_dino_trial_0407","LOCAL","src/cli.py","thallybu","FINISHED","False","None","threshold","0.637614434162042","250","True","ShallowAutoencoder","None","1024","/data/thallybu/cache","1e-06","0","emnist_digits_dinov2_vits14","0.007400888352827635","True","384","[128, 64]","1","0.637614434162042","","0.007400888352827635","4","0.0004942073069771728","27","0.2429684349889874","4","","1.3159112899330305","1","0.15737682558889585","2","1e-06","0.0004942073069771728","5","27","10","4","0.2429684349889874","L","random","None","4","50","1.3159112899330305","threshold","1.0","42","10","[0.9, 0.1]","0.15737682558889585","0.1","False","True","True","2","1","0.007093037944287062","0.18962962925434113","0","0","0","0","0","0","0","0","0","0","0","0","0.18962962925434113","0.6376144289970398","0.0036647359374910593","0.004809482954442501","0.01302896998822689","0.005871016997843981","0.00794922187924385","0.010597151704132557","0.006772373337298632","0.004712838213890791","0.005912733264267445","0.007325494661927223","0.006961621344089508","0.006790259387344122","0.0034671216271817684","0","40","0","0.0014021386159583926","40","0","0","0.6354166865348816","0.6354166865348816","0","0.6433010697364807","0.6354166865348816","0.3645833432674408","3.412532329559326","0.9155146479606628","0.18666458129882812","0.3606458604335785","ssl_emnist_digits_dino","407","FAILED"
"2026-03-30 08:56:00","12.0min","a2c1e812adc04208912e7f172f149ac9","ssl_emnist_digits_dino_trial_0406","LOCAL","src/cli.py","thallybu","FINISHED","False","None","threshold","0.6160650426715801","250","True","ShallowAutoencoder","None","1024","/data/thallybu/cache","1e-06","0","emnist_digits_dinov2_vits14","0.016964115905859854","True","384","[128, 64]","1","0.6160650426715801","","0.016964115905859854","4","0.0004339019169774332","28","0.24556166769306892","4","","1.588368874258918","1","0.17146409919362915","2","1e-06","0.0004339019169774332","5","28","10","4","0.24556166769306892","L","random","None","4","50","1.588368874258918","threshold","1.0","42","10","[0.9, 0.1]","0.17146409919362915","0.1","False","True","True","2","14","0.004511029925197363","642.8509521484375","0.4329547882080078","0.17241106927394867","0.349429726600647","0.28927120566368103","0.5497798323631287","0.48679691553115845","0.4167844355106354","0.5397284626960754","0.555547297000885","0.46034228801727295","0.42692479491233826","0.4516773819923401","10","0.6160650253295898","0.0031287847086787224","0.00396736990660429","0.00520667526870966","0.004457853268831968","0.0034766981843858957","0.0055178250186145306","0.003766555106267333","0.004506031516939402","0.004800338763743639","0.004873278085142374","0.003295298432931304","0.05737321078777313","0.05634109675884247","2885","40","0","0.043867915868759155","138524","0","0.00926875788718462","0.7958333492279053","0.7958333492279053","0","0.7951322793960571","0.7958333492279053","0.20416666567325592","8.12512493133545","0.711787760257721","0.046951934695243835","0.5160924792289734","ssl_emnist_digits_dino","406","OK"
"2026-03-30 08:55:23","35.8s","4038659c7c2445d9aa78f0ac873fafad","ssl_emnist_digits_dino_trial_0405","LOCAL","src/cli.py","thallybu","FINISHED","False","None","threshold","0.607157881043422","250","True","ShallowAutoencoder","None","1024","/data/thallybu/cache","1e-06","0","emnist_digits_dinov2_vits14","0.0143376599375036","True","384","[128, 64]","1","0.607157881043422","","0.0143376599375036","4","0.00037101730638555084","10","0.2401385017286954","4","","1.5065487347537585","1","0.1894308668612997","2","1e-06","0.00037101730638555084","5","10","10","4","0.2401385017286954","L","random","None","4","50","1.5065487347537585","threshold","1.0","42","10","[0.9, 0.1]","0.1894308668612997","0.1","False","True","True","2","1","0.00785814318805933","0.18962962925434113","0","0","0","0","0","0","0","0","0","0","0","0","0.18962962925434113","0.6071578860282898","0.0038505978882312775","0.008716537617146969","0.013403020799160004","0.004525354132056236","0.006593355443328619","0.013193072751164436","0.009944479912519455","0.005428329110145569","0.009200884960591793","0.008824672549962997","0.0049491822719573975","0.007345298305153847","0.0036949673667550087","0","40","0","0.0016076589236035943","40","0","0","0.7145416736602783","0.7145416736602783","0","0.7142547369003296","0.7145416736602783","0.2854583263397217","4.011533260345459","0.8566408753395081","0.09102563560009003","0.39067408442497253","ssl_emnist_digits_dino","405","FAILED"
"2026-03-30 08:52:12","8.9min","aea987d3ee4e4daca5e96eea8ec7e7c3","ssl_emnist_digits_dino_trial_0404","LOCAL","src/cli.py","thallybu","FINISHED","False","None","threshold","0.6030162985595415","250","True","ShallowAutoencoder","None","1024","/data/thallybu/cache","1e-06","0","emnist_digits_dinov2_vits14","0.013711909044221012","True","384","[128, 64]","1","0.6030162985595415","","0.013711909044221012","4","0.0005508294966229351","10","0.23860285995061328","4","","1.4874151299540768","1","0.19985967120816744","2","1e-06","0.0005508294966229351","5","10","10","4","0.23860285995061328","L","random","None","4","50","1.4874151299540768","threshold","1.0","42","10","[0.9, 0.1]","0.19985967120816744","0.1","False","True","True","2","11","0.004412557929754257","589.9129028320312","0.4322126805782318","0.16677743196487427","0.3422817587852478","0.2759958803653717","0.5344765782356262","0.4776301681995392","0.4110582172870636","0.5081990361213684","0.5233708024024963","0.5338656902313232","0.4097129702568054","0.4667340815067291","10","0.6030163168907166","0.0027340943925082684","0.004256978165358305","0.00523281330242753","0.004406907130032778","0.0035012452863156796","0.005708939395844936","0.004318682476878166","0.004169865977019072","0.00468092504888773","0.004628481809049845","0.0032686993945389986","0.0588143914937973","0.05741351470351219","2893","40","0","0.04417352378368378","127363","0","0.01085390243679285","0.7754999995231628","0.7754999995231628","0","0.7770593762397766","0.7754999995231628","0.22450000047683716","8.022746086120605","0.7537213563919067","0.05314307659864426","0.534265398979187","ssl_emnist_digits_dino","404","OK"
"2026-03-30 08:51:34","37.7s","25ebcbbd55be45e68867a16641fd7d32","ssl_emnist_digits_dino_trial_0403","LOCAL","src/cli.py","thallybu","FINISHED","False","None","threshold","0.7063689015512038","250","True","ShallowAutoencoder","None","1024","/data/thallybu/cache","1e-06","0","emnist_digits_dinov2_vits14","0.0047557422533165885","True","384","[128, 64]","1","0.7063689015512038","","0.0047557422533165885","4","0.00048422733786853973","11","0.2348193179873538","4","","1.475580031168124","1","0.16869095890835153","2","1e-06","0.00048422733786853973","5","11","10","4","0.2348193179873538","L","random","None","4","50","1.475580031168124","threshold","1.0","42","10","[0.9, 0.1]","0.16869095890835153","0.1","False","True","True","2","1","0.007401781622320414","0.1890370398759842","0","0","0","0","0","0","0","0","0","0","0","0","0.1890370398759842","0.7063689231872559","0.003317041788250208","0.007838810794055462","0.007782522588968277","0.0031269066967070103","0.010876696556806564","0.00945405475795269","0.006975501775741577","0.00527787022292614","0.007853444665670395","0.005304607562720776","0.005776466801762581","0.006385099608451128","0.003000702941790223","0","40","0","0.0013299777638167143","40","0","0","0.643625020980835","0.643625020980835","0","0.6602120995521545","0.643625020980835","0.3563750088214874","4.139082908630371","0.948400616645813","0.1849372237920761","0.39737793803215027","ssl_emnist_digits_dino","403","FAILED"
"2026-03-30 08:47:05","8.2min","cabc872d3f634af386dbf89b7008dbce","ssl_emnist_digits_dino_trial_0402","LOCAL","src/cli.py","thallybu","FINISHED","False","None","threshold","0.5673652922856041","250","True","ShallowAutoencoder","None","1024","/data/thallybu/cache","1e-06","0","emnist_digits_dinov2_vits14","0.0040153637416976366","True","384","[128, 64]","1","0.5673652922856041","","0.0040153637416976366","4","0.0005325598871292843","11","0.23582840252919873","4","","1.4831800082627402","1","0.18003440760305586","2","1e-06","0.0005325598871292843","5","11","10","4","0.23582840252919873","L","random","None","4","50","1.4831800082627402","threshold","1.0","42","10","[0.9, 0.1]","0.18003440760305586","0.1","False","True","True","2","10","0.0054548378102481365","502.6983642578125","0.4175896942615509","0.1479712575674057","0.38933685421943665","0.28657543659210205","0.46035459637641907","0.4585452377796173","0.46239960193634033","0.5702497959136963","0.45672839879989624","0.4443149268627167","0.4002295732498169","0.5007961988449097","10","0.567365288734436","0.002597352024167776","0.004337511491030455","0.005392108578234911","0.0038307884242385626","0.003768324386328459","0.005426292307674885","0.0038929383736103773","0.004047594964504242","0.005219437647610903","0.004593469202518463","0.00485959043726325","0.05902034416794777","0.057257190346717834","3578","40","0","0.04536806046962738","109644","0","0.009768540039658546","0.7285000085830688","0.7285000085830688","0","0.72148197889328","0.7285000085830688","0.27149999141693115","8.44815731048584","0.8311785459518433","0.048032842576503754","0.6313033699989319","ssl_emnist_digits_dino","402","OK"
"2026-03-30 08:46:27","36.5s","d1fec1820575454e9c56f0a79941a67f","ssl_emnist_digits_dino_trial_0401","LOCAL","src/cli.py","thallybu","FINISHED","False","None","threshold","0.6291952208774927","250","True","ShallowAutoencoder","None","1024","/data/thallybu/cache","1e-06","0","emnist_digits_dinov2_vits14","0.010999741734754962","True","384","[128, 64]","1","0.6291952208774927","","0.010999741734754962","4","0.0005683198864275811","28","0.24991287256312983","4","","1.4981832607380268","1","0.17797760385261785","2","1e-06","0.0005683198864275811","5","28","10","4","0.24991287256312983","L","random","None","4","50","1.4981832607380268","threshold","1.0","42","10","[0.9, 0.1]","0.17797760385261785","0.1","False","True","True","2","1","0.006648647133260965","0.18962962925434113","0","0","0","0","0","0","0","0","0","0","0","0","0.18962962925434113","0.6291952133178711","0.003501988248899579","0.010009028017520905","0.008032103069126606","0.007756678853183985","0.007137080188840628","0.00890021026134491","0.004121703095734119","0.005448213778436184","0.006110449321568012","0.006994115654379129","0.004588799085468054","0.00647387932986021","0.003312821965664625","0","40","0","0.0013103100936859846","40","0","0","0.687749981880188","0.687749981880188","0","0.6860727071762085","0.687749981880188","0.3122499883174896","3.629894733428955","0.8892567157745361","0.16492174565792084","0.42476123571395874","ssl_emnist_digits_dino","401","FAILED"
"2026-03-30 08:43:13","8.3min","5e4d53dda13d47f0be371abcb6258c98","ssl_emnist_digits_dino_trial_0400","LOCAL","src/cli.py","thallybu","FINISHED","False","None","threshold","0.5708277235935277","250","True","ShallowAutoencoder","None","1024","/data/thallybu/cache","1e-06","0","emnist_digits_dinov2_vits14","0.010230273832556086","True","384","[128, 64]","1","0.5708277235935277","","0.010230273832556086","4","0.0005565096037263221","29","0.24997582445705305","4","","1.4866561972143286","1","0.1790086475301317","2","1e-06","0.0005565096037263221","5","29","10","4","0.24997582445705305","L","random","None","4","50","1.4866561972143286","threshold","1.0","42","10","[0.9, 0.1]","0.1790086475301317","0.1","False","True","True","2","10","0.004863141104578972","533.1351318359375","0.41431725025177","0.1536664366722107","0.4022112190723419","0.2883431017398834","0.5329556465148926","0.44684550166130066","0.42474672198295593","0.48875847458839417","0.47820645570755005","0.4083554148674011","0.3783811926841736","0.5035483241081238","10","0.5708277225494385","0.0023459771182388067","0.004873502533882856","0.00547928549349308","0.006369107402861118","0.003613412147387862","0.005962605122476816","0.003862480167299509","0.004420946352183819","0.004583016969263554","0.004886153619736433","0.004169823601841927","0.06151421740651131","0.059796132147312164","3307","40","0","0.04822033271193504","115794","0","0.009732216596603394","0.7437499761581421","0.7437499761581421","0","0.7364904284477234","0.7437499761581421","0.2562499940395355","10.99946403503418","0.8098113536834717","0.054044317454099655","0.6721794009208679","ssl_emnist_digits_dino","400","OK"
"2026-03-30 08:42:39","32.8s","adf0d93151964826a1f8def3c4a092fe","ssl_emnist_digits_dino_trial_0399","LOCAL","src/cli.py","thallybu","FINISHED","False","None","threshold","0.6006603712674304","250","True","ShallowAutoencoder","None","1024","/data/thallybu/cache","1e-06","0","emnist_digits_dinov2_vits14","0.01651881637285279","True","384","[128, 64]","1","0.6006603712674304","","0.01651881637285279","4","0.0003360395562128669","29","0.241933963594649","4","","1.5519983045729484","1","0.16951913591406764","2","1e-06","0.0003360395562128669","5","29","10","4","0.241933963594649","L","random","None","4","50","1.5519983045729484","threshold","1.0","42","10","[0.9, 0.1]","0.16951913591406764","0.1","False","True","True","2","1","0.007905015721917152","0.18962962925434113","0","0","0","0","0","0","0","0","0","0","0","0","0.18488888442516327","0.6006603837013245","0.004257913213223219","0.007851192727684975","0.00794378761202097","0.007540038321167231","0.008302377536892891","0.007831590250134468","0.00449109124019742","0.005437049549072981","0.009404253214597702","0.01139275822788477","0.005681264214217663","0.012192465364933014","0.003932670224457979","0","40","0","0.0014030772726982832","40","0","0.004618984181433916","0.6959999799728394","0.6959999799728394","0","0.6887825131416321","0.6959999799728394","0.30399999022483826","5.6594648361206055","0.8950868844985962","0.1250338852405548","0.48509469628334045","ssl_emnist_digits_dino","399","FAILED"
"2026-03-30 08:39:44","26.2s","731c528e27b84d549aca4da92cdd275f","ssl_emnist_digits_dino_trial_0398","LOCAL","src/cli.py","thallybu","FINISHED","False","None","threshold","0.5913728717978217","250","True","ShallowAutoencoder","None","1024","/data/thallybu/cache","1e-06","0","emnist_digits_dinov2_vits14","0.00590174122504812","True","384","[8]","1","0.5913728717978217","","0.00590174122504812","0","0.00046073903490747377","9","0.23820198345670412","4","0","","0","0.16140064167930337","2","1e-06","0.00046073903490747377","5","9","10","4","0.23820198345670412","L","random","None","4","25","1.2","fixed_k","1.0","42","10","[0.9, 0.1]","0.16140064167930337","0.1","False","True","True","2","1","0.013757174834609032","0.18962962925434113","0","0","0","0","0","0","0","0","0","0","0","0","0.18962962925434113","0.5913728475570679","0.0003481630701571703","0.013331935741007328","0.013930132612586021","0.010201901197433472","0.015488585457205772","0.0093002337962389","0.018513336777687073","0.015216641128063202","0.013786520808935165","0.012092598713934422","0.01661710813641548","0.006251117214560509","0.0021717678755521774","0","40","0","0.0026259717997163534","40","0","0","0.6070416569709778","0.6070416569709778","0","0.578210711479187","0.6070416569709778","0.3929583430290222","3.915607213973999","0.970635712146759","0.24100175499916077","0.3898809552192688","ssl_emnist_digits_dino","398","FAILED"
"2026-03-30 08:38:00","8.4min","43677b13df9e4184bb1bdb8538baddba","ssl_emnist_digits_dino_trial_0397","LOCAL","src/cli.py","thallybu","FINISHED","False","None","threshold","0.5899723350591494","250","True","ShallowAutoencoder","None","1024","/data/thallybu/cache","1e-06","0","emnist_digits_dinov2_vits14","0.009481320669631352","True","384","[128, 64]","1","0.5899723350591494","","0.009481320669631352","4","0.0004596142485374303","5","0.24308578459643831","4","0","","0","0.16121084903146435","2","1e-06","0.0004596142485374303","5","5","10","4","0.24308578459643831","L","random","None","4","25","1.2","fixed_k","1.0","42","10","[0.9, 0.1]","0.16121084903146435","0.1","False","True","True","2","10","0.0057015069760382175","536.0503540039062","0.42100033164024353","0.1555614322423935","0.3470463454723358","0.2897653579711914","0.5277385115623474","0.4796280860900879","0.44799965620040894","0.531469464302063","0.4771047532558441","0.44174453616142273","0.41591542959213257","0.4936046898365021","10","0.5899723172187805","0.002433334942907095","0.00442727655172348","0.0054749962873756886","0.0042215255089104176","0.0040748524479568005","0.006088384427130222","0.004025069996714592","0.00441170996055007","0.005463982932269573","0.0049485573545098305","0.003792031202465296","0.0596216581761837","0.05960007384419441","3047","40","250","0.04692837595939636","115900","1357","0.008873987011611462","0.7479583621025085","0.7479583621025085","0","0.7478116154670715","0.7479583621025085","0.25204166769981384","6.292381286621094","0.7649723291397095","0.05315162241458893","0.5103679299354553","ssl_emnist_digits_dino","397","OK"
"2026-03-30 08:37:23","35.2s","77e77a222d674b7b89a0b02e2c225de2","ssl_emnist_digits_dino_trial_0396","LOCAL","src/cli.py","thallybu","FINISHED","False","None","threshold","0.614320908955469","250","True","ShallowAutoencoder","None","1024","/data/thallybu/cache","1e-06","0","emnist_digits_dinov2_vits14","0.013603781810497872","True","384","[128, 64]","1","0.614320908955469","","0.013603781810497872","4","0.0001821665763157402","28","0.24970948739331666","4","","1.4644133847237297","1","0.1996181101415011","2","1e-06","0.0001821665763157402","5","28","10","4","0.24970948739331666","L","random","None","4","50","1.4644133847237297","threshold","1.0","42","10","[0.9, 0.1]","0.1996181101415011","0.1","False","True","True","2","1","0.009516273625195026","0.18962962925434113","0","0","0","0","0","0","0","0","0","0","0","0","0.18962962925434113","0.6143209338188171","0.005032570566982031","0.010647390969097614","0.010655725374817848","0.012314088642597198","0.00796341709792614","0.012147193774580956","0.008695376105606556","0.009438775479793549","0.006556358654052019","0.005195037927478552","0.0068007418885827065","0.009123396128416061","0.005039689131081104","0","40","0","0.0017145192250609398","40","0","0","0.7273333072662354","0.7273333072662354","0","0.7273218631744385","0.7273333072662354","0.27266666293144226","3.567866563796997","0.8475887179374695","0.16783364117145538","0.38451874256134033","ssl_emnist_digits_dino","396","FAILED"
"2026-03-30 08:35:34","7.1min","b35fa4831d73434bb8b70078b6cab97f","ssl_emnist_digits_dino_trial_0395","LOCAL","src/cli.py","thallybu","FINISHED","False","None","threshold","0.5907814599106765","250","True","ShallowAutoencoder","None","1024","/data/thallybu/cache","1e-06","0","emnist_digits_dinov2_vits14","0.013434873707939932","True","384","[8]","1","0.5907814599106765","","0.013434873707939932","0","0.0003952800432354314","28","0.24577114075266385","4","","1.4642044066029059","1","0.18851023571163464","2","1e-06","0.0003952800432354314","5","28","10","4","0.24577114075266385","L","random","None","4","50","1.4642044066029059","threshold","1.0","42","10","[0.9, 0.1]","0.18851023571163464","0.1","False","True","True","2","10","0.008270598016679287","482.3585205078125","0.441421777009964","0.13111315667629242","0.44488397240638733","0.3942081928253174","0.5113797187805176","0.44585537910461426","0.4550899267196655","0.520289957523346","0.4678838551044464","0.4450937807559967","0.4340844750404358","0.42665815353393555","10","0.5907814502716064","0.0003958684392273426","0.006266048643738031","0.008121567778289318","0.007465369999408722","0.005018290132284164","0.0078022233210504055","0.0048266826197505","0.00522070424631238","0.005922174546867609","0.0062520913779735565","0.004201001953333616","0.07521817088127136","0.07594665139913559","317","40","0","0.061096154153347015","102092","0","0.011693491600453854","0.6765833497047424","0.6765833497047424","0","0.6765280365943909","0.6765833497047424","0.32341665029525757","6.698199272155762","0.9186243414878845","0.13086053729057312","0.6615604758262634","ssl_emnist_digits_dino","395","OK"
"2026-03-30 08:35:08","25.0s","ae0bbe90f2fa42aca70a923281efddf3","ssl_emnist_digits_dino_trial_0394","LOCAL","src/cli.py","thallybu","FINISHED","False","None","threshold","0.6256761192483047","250","True","ShallowAutoencoder","None","1024","/data/thallybu/cache","1e-06","0","emnist_digits_dinov2_vits14","0.00833519852725333","True","384","[16]","1","0.6256761192483047","","0.00833519852725333","1","0.0005332210932084056","7","0.24558496786080752","1","","1.491787285028387","1","0.18985871697951312","3","1e-06","0.0005332210932084056","5","7","10","4","0.24558496786080752","L","random","None","1","50","1.491787285028387","threshold","1.0","42","10","[0.9, 0.1]","0.18985871697951312","0.1","False","True","True","3","1","0.004816464614123106","0.04740740731358528","0","0","0","0","0","0","0","0","0","0","0","0","0.04740740731358528","0.6256760954856873","0.0005387365235947073","0.000042815801862161607","0.00019454301218502223","0.000055471144150942564","0.001757331076078117","0.01011732779443264","0.015711022540926933","0.016091901808977127","0.00021058341371826828","0.0003455546102486551","0.000015293335309252143","0.0019327490590512753","0.00038197971298359334","0","10","0","0.0002111613139277324","10","0","0","0.44604167342185974","0.44604167342185974","0","0.44706079363822937","0.44604167342185974","0.5539583563804626","6.128154277801514","1.167489767074585","0.08064407855272293","0.6441855430603027","ssl_emnist_digits_dino","394","FAILED"
"2026-03-30 08:32:24","7.3min","239507ae7faf4a058a47d2fd57b2be06","ssl_emnist_digits_dino_trial_0393","LOCAL","src/cli.py","thallybu","FINISHED","False","None","threshold","0.6210502289021974","250","True","ShallowAutoencoder","None","1024","/data/thallybu/cache","1e-06","0","emnist_digits_dinov2_vits14","0.008919872175285774","True","384","[16]","1","0.6210502289021974","","0.008919872175285774","1","0.0004162242629780968","30","0.24608851411394342","4","","1.4622432584318548","1","0.19015283854666465","2","1e-06","0.0004162242629780968","5","30","10","4","0.24608851411394342","L","random","None","4","50","1.4622432584318548","threshold","1.0","42","10","[0.9, 0.1]","0.19015283854666465","0.1","False","True","True","2","10","0.0066747842356562614","500.9360046386719","0.45798736810684204","0.13814020156860352","0.4271453022956848","0.3609701693058014","0.5475992560386658","0.4951518476009369","0.5065045356750488","0.4936414361000061","0.5177544951438904","0.46896374225616455","0.46135956048965454","0.4341347813606262","10","0.621050238609314","0.0006923009641468525","0.006216536276042461","0.007640779949724674","0.005211427342146635","0.004286665003746748","0.00753512280061841","0.004384208004921675","0.00532385753467679","0.0067397840321063995","0.006474680732935667","0.004074121359735727","0.07162540405988693","0.06931453943252563","884","40","0","0.05788719281554222","106580","0","0.011403330601751804","0.731291651725769","0.731291651725769","0","0.7328574657440186","0.731291651725769","0.26870831847190857","6.624294757843018","0.8168107867240906","0.12357599288225174","0.5080019235610962","ssl_emnist_digits_dino","393","OK"
"2026-03-30 08:31:53","31.0s","9d06aa4c7ae442deaa967b9021e6d366","ssl_emnist_digits_dino_trial_0392","LOCAL","src/cli.py","thallybu","FINISHED","False","None","threshold","0.59859766729418","250","True","ShallowAutoencoder","None","1024","/data/thallybu/cache","1e-06","0","emnist_digits_dinov2_vits14","0.000722401447552503","True","384","[128]","1","0.59859766729418","","0.000722401447552503","3","0.0002900298800839173","28","0.23569281641628304","4","","1.506270481296619","1","0.1867877528688381","1","1e-06","0.0002900298800839173","5","28","10","4","0.23569281641628304","L","random","None","4","50","1.506270481296619","threshold","1.0","42","10","[0.9, 0.1]","0.1867877528688381","0.1","False","True","True","1","1","0.0077998400665819645","0.18962962925434113","0","0","0","0","0","0","0","0","0","0","0","0","0.18962962925434113","0.5985976457595825","0.0034764758311212063","0.006965948268771172","0.007072781212627888","0.009061173535883427","0.007131434977054596","0.006281774491071701","0.007403400260955095","0.0062126656994223595","0.008299712091684341","0.005775753408670425","0.00864983256906271","0.006696379277855158","0.003462622407823801","0","40","0","0.0013815367128700018","40","0","0","0.6770416498184204","0.6770416498184204","0","0.6769717335700989","0.6770416498184204","0.3229583203792572","4.6915202140808105","0.9248818159103394","0.2192467451095581","0.394803524017334","ssl_emnist_digits_dino","392","FAILED"
"2026-03-30 08:28:34","8.8min","f87808eebe8448f3ab6aa97daa08a8f5","ssl_emnist_digits_dino_trial_0391","LOCAL","src/cli.py","thallybu","FINISHED","False","None","threshold","0.6009574957261067","250","True","ShallowAutoencoder","None","1024","/data/thallybu/cache","1e-06","0","emnist_digits_dinov2_vits14","0.00016675776562650926","True","384","[128, 64]","1","0.6009574957261067","","0.00016675776562650926","4","0.00041894127750356173","28","0.2446793663611282","4","","1.5748859456108342","1","0.18851298743467382","1","1e-06","0.00041894127750356173","5","28","10","4","0.2446793663611282","L","random","None","4","50","1.5748859456108342","threshold","1.0","42","10","[0.9, 0.1]","0.18851298743467382","0.1","False","True","True","1","10","0.00547400675714016","570.4616088867188","0.43452751636505127","0.16135600209236145","0.4048312306404114","0.2854081690311432","0.5305910110473633","0.5261220932006836","0.45344358682632446","0.5043901801109314","0.5027415752410889","0.47182485461235046","0.42802706360816956","0.43143266439437866","10","0.6009575128555298","0.0023559057153761387","0.005083559546619654","0.005757855251431465","0.004803954623639584","0.004472303669899702","0.0063375323079526424","0.004237608052790165","0.005060011520981789","0.00569035904482007","0.005261665675789118","0.0037609166465699673","0.06419587880373001","0.06354720145463943","1943","40","0","0.05046578869223595","122309","0","0.010034828446805477","0.762708306312561","0.762708306312561","0","0.7605078220367432","0.762708306312561","0.23729166388511658","5.9667134284973145","0.7504926919937134","0.04728949815034866","0.4800504148006439","ssl_emnist_digits_dino","391","OK"
"2026-03-30 08:27:57","37.0s","1e7c93cef74b4d36ba0371e19f56cd6c","ssl_emnist_digits_dino_trial_0390","LOCAL","src/cli.py","thallybu","FINISHED","False","None","fixed_k","0.9","250","True","ShallowAutoencoder","None","1024","/data/thallybu/cache","1e-06","0","emnist_digits_dinov2_vits14","0.016296282249709602","True","384","[128, 64]","0","","3","0.016296282249709602","4","0.0003591554783336752","8","0.24975305003192663","4","","1.4563939780931399","1","0.17522814380642854","1","1e-06","0.0003591554783336752","5","8","10","4","0.24975305003192663","L","random","None","4","50","1.4563939780931399","threshold","1.0","42","10","[0.9, 0.1]","0.17522814380642854","0.1","False","True","True","1","1","0.008066515438258648","0.18962962925434113","0","0","0","0","0","0","0","0","0","0","0","0","0.18962962925434113","","0.003772423369809985","0.0066467029973864555","0.006345175206661224","0.010292953811585903","0.009284790605306625","0.00734254764392972","0.009052526205778122","0.01024492084980011","0.004386311862617731","0.00945553369820118","0.007640375755727291","0.007317218463867903","0.0035815630108118057","0","40","0","0.001530156354419887","40","0","0","0.6774583458900452","0.6774583458900452","0","0.6676328778266907","0.6774583458900452","0.32254165410995483","5.10684871673584","0.87093585729599","0.12585324048995972","0.3879445493221283","ssl_emnist_digits_dino","390","FAILED"
"2026-03-30 08:26:41","8.4min","5dda940a54494b8daee151a0f29244dd","ssl_emnist_digits_dino_trial_0389","LOCAL","src/cli.py","thallybu","FINISHED","False","None","fixed_k","0.9","250","True","ShallowAutoencoder","None","1024","/data/thallybu/cache","1e-06","0","emnist_digits_dinov2_vits14","0.016500332360127497","True","384","[128, 64]","0","","3","0.016500332360127497","4","0.0005155924813774038","30","0.23532822313849183","4","","1.4589126461544668","1","0.1746460282855464","1","1e-06","0.0005155924813774038","5","30","10","4","0.23532822313849183","L","random","None","4","50","1.4589126461544668","threshold","1.0","42","10","[0.9, 0.1]","0.1746460282855464","0.1","False","True","True","1","10","0.007130177225917578","94.9804458618164","0.26488274335861206","0.08919502049684525","0.226787269115448","0.14854806661605835","0.38081979751586914","0.23574146628379822","0.26575905084609985","0.35240769386291504","0.291734904050827","0.2691410481929779","0.2235216349363327","0.25436630845069885","10","","0.001873906352557242","0.003938153851777315","0.003403674578294158","0.00347164086997509","0.0027090602088719606","0.004839450586587191","0.0043462831526994705","0.0032904220279306173","0.003984205890446901","0.003814453026279807","0.0026202290318906307","0.04955724626779556","0.05031386390328407","2500","40","0","0.03641758859157562","22540","0","0.009587826207280159","0.6775833368301392","0.6775833368301392","0","0.6862842440605164","0.6775833368301392","0.32241666316986084","6.466564178466797","0.8882389068603516","0.06657175719738007","0.6000468730926514","ssl_emnist_digits_dino","389","OK"
"2026-03-30 08:25:57","42.5s","bde881afa2c74b47a6e754d3fe083c0d","ssl_emnist_digits_dino_trial_0388","LOCAL","src/cli.py","thallybu","FINISHED","False","None","threshold","0.5669998244644724","250","True","ShallowAutoencoder","None","1024","/data/thallybu/cache","1e-06","0","emnist_digits_dinov2_vits14","0.0022015694398111376","True","384","[128, 64]","1","0.5669998244644724","","0.0022015694398111376","4","0.0005263111402235186","10","0.24389396108309608","4","","1.4806676239659058","1","0.16390066992648214","1","1e-06","0.0005263111402235186","5","10","10","4","0.24389396108309608","L","random","None","4","50","1.4806676239659058","threshold","1.0","42","10","[0.9, 0.1]","0.16390066992648214","0.1","False","True","True","1","1","0.007084214594215155","0.18962962925434113","0","0","0","0","0","0","0","0","0","0","0","0","0.18962962925434113","0.5669998526573181","0.0033382915426045656","0.007468393538147211","0.01269354484975338","0.004132792819291353","0.006517098285257816","0.012468341737985611","0.007970440201461315","0.005125356372445822","0.008356216363608837","0.007553796749562025","0.003347044810652733","0.006500315852463245","0.0032266280613839626","0","40","0","0.0014342265203595161","40","0","0","0.6801249980926514","0.6801249980926514","0","0.6760861277580261","0.6801249980926514","0.31987500190734863","4.902544021606445","0.9037452936172485","0.09744508564472198","0.431605726480484","ssl_emnist_digits_dino","388","FAILED"
"2026-03-30 08:24:54","1.2h","2a429206267a48e0a698e5acca65037a","ssl_emnist_digits_dino_trial_0387","LOCAL","src/cli.py","thallybu","FINISHED","False","None","threshold","0.5653260067625007","250","True","ShallowAutoencoder","None","1024","/data/thallybu/cache","1e-06","0","emnist_digits_dinov2_vits14","0.01116376305447907","True","384","[128, 64]","1","0.5653260067625007","","0.01116376305447907","4","0.0005401904483035903","10","0.24987416446647895","4","","1.4592086540498448","1","0.16189758349346625","1","1e-06","0.0005401904483035903","5","10","10","4","0.24987416446647895","L","random","None","4","50","1.4592086540498448","threshold","1.0","42","10","[0.9, 0.1]","0.16189758349346625","0.1","False","True","True","1","80","0.0024836515076458454","762.2776489257812","0.40155264735221863","0.17656689882278442","0.31871819496154785","0.20548395812511444","0.49662667512893677","0.45958030223846436","0.38869595527648926","0.5001874566078186","0.4611573815345764","0.4288373291492462","0.4107556641101837","0.4736059606075287","10","0.5653260350227356","0.005017271731048822","0.0028769744094461203","0.0032756796572357416","0.0029327033553272486","0.0023139978293329477","0.003726228140294552","0.0028407771605998278","0.0029030125588178635","0.0030584943015128374","0.003068772843107581","0.0025091315619647503","0.04385685548186302","0.04377618804574013","65","40","0","0.029505768790841103","160902","0","0.00871322862803936","0.8901249766349792","0.8901249766349792","0","0.8891782164573669","0.8901249766349792","0.10987500101327896","9.385686874389648","0.5730434656143188","0.04235642030835152","0.4133378863334656","ssl_emnist_digits_dino","387","OK"
"2026-03-30 08:24:14","39.5s","e364c4ff5cbb4aa4970edaa183caee5b","ssl_emnist_digits_dino_trial_0386","LOCAL","src/cli.py","thallybu","FINISHED","False","None","threshold","0.5478236071849346","250","True","ShallowAutoencoder","None","1024","/data/thallybu/cache","1e-06","0","emnist_digits_dinov2_vits14","0.015222388782158223","True","384","[128, 64]","1","0.5478236071849346","","0.015222388782158223","4","0.0004744221586881877","29","0.23751426646523346","4","","1.4978007882182482","1","0.18051511404289663","1","1e-06","0.0004744221586881877","5","29","10","4","0.23751426646523346","L","random","None","4","50","1.4978007882182482","threshold","1.0","42","10","[0.9, 0.1]","0.18051511404289663","0.1","False","True","True","1","1","0.007507601287215948","0.18962962925434113","0","0","0","0","0","0","0","0","0","0","0","0","0.18488888442516327","0.5478236079216003","0.0037225885316729546","0.007063902914524078","0.008127093315124512","0.007030349224805832","0.008819689974188805","0.007092634215950966","0.004403254482895136","0.005070331506431103","0.008476344868540764","0.011237114667892456","0.0076268333941698074","0.014282692223787308","0.007746674120426178","0","40","0","0.0013878984609618783","40","0","0.0073890467174351215","0.6657083630561829","0.6657083630561829","0","0.6654988527297974","0.6657083630561829","0.3342916667461395","4.360261917114258","0.9307984709739685","0.127022847533226","0.46145620942115784","ssl_emnist_digits_dino","386","FAILED"
"2026-03-30 08:20:56","10.9min","9c39db4be4c4465ca032dff2b14491c1","ssl_emnist_digits_dino_trial_0385","LOCAL","src/cli.py","thallybu","FINISHED","False","None","threshold","0.5503115016584981","250","True","ShallowAutoencoder","None","1024","/data/thallybu/cache","1e-06","0","emnist_digits_dinov2_vits14","0.005236437982089918","True","384","[128, 64]","1","0.5503115016584981","","0.005236437982089918","4","0.00048001335428632727","10","0.2424127688820117","4","","1.524654556427261","1","0.17593549135622955","1","1e-06","0.00048001335428632727","5","10","10","4","0.2424127688820117","L","random","None","4","50","1.524654556427261","threshold","1.0","42","10","[0.9, 0.1]","0.17593549135622955","0.1","False","True","True","1","12","0.004208867438137531","543.5484619140625","0.38760071992874146","0.15018408000469208","0.3293677866458893","0.2689051032066345","0.5235099196434021","0.4078197181224823","0.4199301600456238","0.47556039690971375","0.5427317023277283","0.4168475270271301","0.3580131232738495","0.4468918442726135","10","0.5503115057945251","0.002927052788436413","0.00393996387720108","0.004956744145601988","0.004317187704145908","0.003082059323787689","0.005605026613920927","0.0039004383143037558","0.0040407245978713036","0.004238974768668413","0.004065468907356262","0.0033664575312286615","0.05497941002249718","0.052277371287345886","3316","40","0","0.041513025760650635","118003","0","0.009519030340015888","0.7850416898727417","0.7850416898727417","0","0.7769023776054382","0.7850416898727417","0.2149583250284195","7.34651517868042","0.7373385429382324","0.0520888976752758","0.5766744613647461","ssl_emnist_digits_dino","385","OK"
"2026-03-30 08:20:20","35.6s","659ca5926a4d4e488710eee088ada0d8","ssl_emnist_digits_dino_trial_0384","LOCAL","src/cli.py","thallybu","FINISHED","False","None","threshold","0.5595204289324179","250","True","ShallowAutoencoder","None","1024","/data/thallybu/cache","1e-06","0","emnist_digits_dinov2_vits14","0.012074070798529632","True","384","[128, 64]","1","0.5595204289324179","","0.012074070798529632","4","0.0005210806748348596","11","0.23992682599858192","4","","1.4721190161088473","1","0.1619810835230955","1","1e-06","0.0005210806748348596","5","11","10","4","0.23992682599858192","L","random","None","4","50","1.4721190161088473","threshold","1.0","42","10","[0.9, 0.1]","0.1619810835230955","0.1","False","True","True","1","1","0.007690216414630413","0.1890370398759842","0","0","0","0","0","0","0","0","0","0","0","0","0.1890370398759842","0.559520423412323","0.0032312090042978525","0.007816132158041","0.007950879633426666","0.0036732065491378307","0.010690620169043541","0.00949231255799532","0.007268812507390976","0.0056472537107765675","0.007804560475051403","0.005524179898202419","0.007445612922310829","0.0064637805335223675","0.003443692345172167","0","40","0","0.001387480995617807","40","0","0","0.6476666927337646","0.6476666927337646","0","0.6596812009811401","0.6476666927337646","0.35233333706855774","4.410682678222656","0.9395177960395813","0.1784597933292389","0.39304158091545105","ssl_emnist_digits_dino","384","FAILED"
"2026-03-30 08:19:01","8.9min","e6bc890eb21a49aaa9a6357c6a91ab34","ssl_emnist_digits_dino_trial_0383","LOCAL","src/cli.py","thallybu","FINISHED","False","None","threshold","0.559046316186488","250","True","ShallowAutoencoder","None","1024","/data/thallybu/cache","1e-06","0","emnist_digits_dinov2_vits14","0.01150378334283848","True","384","[128, 64]","1","0.559046316186488","","0.01150378334283848","4","0.0005127999740012501","11","0.23977911006549313","4","","1.4782847217736086","1","0.1630679387895237","1","1e-06","0.0005127999740012501","5","11","10","4","0.23977911006549313","L","random","None","4","50","1.4782847217736086","threshold","1.0","42","10","[0.9, 0.1]","0.1630679387895237","0.1","False","True","True","1","10","0.005305719096213579","505.3751220703125","0.4108545184135437","0.15259049832820892","0.35620665550231934","0.27357804775238037","0.44956040382385254","0.44315510988235474","0.4180120825767517","0.5350503325462341","0.46371254324913025","0.4383260905742645","0.4075077772140503","0.5299139022827148","10","0.5590463280677795","0.002784903859719634","0.003926864359527826","0.005105652380734682","0.00381031958386302","0.0034854444675147533","0.005394943058490753","0.0037605524994432926","0.004061608575284481","0.005038294475525618","0.00462273508310318","0.005304181016981602","0.057456474751234055","0.058928947895765305","4629","40","0","0.044510602951049805","111262","0","0.008888770826160908","0.7167916893959045","0.7167916893959045","0","0.7234569191932678","0.7167916893959045","0.28320834040641785","12.576260566711426","0.8735353350639343","0.05004604533314705","0.7536658048629761","ssl_emnist_digits_dino","383","OK"
"2026-03-30 08:16:46","9.2min","45dffb22e96e4c7e98ee3c1fbac00c83","ssl_emnist_digits_dino_trial_0382","LOCAL","src/cli.py","thallybu","FINISHED","False","None","threshold","0.5835243473432151","250","True","ShallowAutoencoder","None","1024","/data/thallybu/cache","1e-06","0","emnist_digits_dinov2_vits14","0.01222977140705059","True","384","[128, 64]","1","0.5835243473432151","","0.01222977140705059","4","0.00046191245910815886","29","0.2397842513516605","4","","1.4753027842339848","1","0.18653823432267053","0","1e-06","0.00046191245910815886","5","29","10","4","0.2397842513516605","L","random","None","4","50","1.4753027842339848","threshold","1.0","42","10","[0.9, 0.1]","0.18653823432267053","0.1","False","True","True","0","10","0.004695091396570206","567.7424926757812","0.4215419292449951","0.15951837599277496","0.38221031427383423","0.2854214012622833","0.5713155269622803","0.4479018747806549","0.4099615216255188","0.5289140343666077","0.5292773842811584","0.4820314645767212","0.37221580743789673","0.4606437385082245","10","0.5835243463516235","0.0030595825519412756","0.0045561701990664005","0.0052297418005764484","0.006618020124733448","0.0035177774261683226","0.005657386500388384","0.003698645392432809","0.004755435511469841","0.004876874387264252","0.004465474281460047","0.00374944182112813","0.06125620752573013","0.059297651052474976","3557","40","0","0.047124966979026794","123350","0","0.009945876896381378","0.7567083239555359","0.7567083239555359","0","0.7441766858100891","0.7567083239555359","0.24329166114330292","11.185351371765137","0.8143753409385681","0.04874056205153465","0.7229177951812744","ssl_emnist_digits_dino","382","OK"
"2026-03-30 08:16:11","33.2s","fd164f93e8b94cfebd28d62a9466ee63","ssl_emnist_digits_dino_trial_0381","LOCAL","src/cli.py","thallybu","FINISHED","False","None","threshold","0.5929700651296501","250","True","ShallowAutoencoder","None","1024","/data/thallybu/cache","1e-06","0","emnist_digits_dinov2_vits14","0.015682258254657137","True","384","[128, 64]","1","0.5929700651296501","","0.015682258254657137","4","0.00040277658962642503","10","0.2498281596362518","4","","1.5153158639525268","1","0.17552797396906733","2","1e-06","0.00040277658962642503","5","10","10","4","0.2498281596362518","L","random","None","4","50","1.5153158639525268","threshold","1.0","42","10","[0.9, 0.1]","0.17552797396906733","0.1","False","True","True","2","1","0.007570824585855007","0.18962962925434113","0","0","0","0","0","0","0","0","0","0","0","0","0.18962962925434113","0.592970073223114","0.0037594421301037073","0.008540666662156582","0.01319680456072092","0.004532456863671541","0.00666391383856535","0.01295030303299427","0.008545092307031155","0.005346547346562147","0.008859382942318916","0.008626296184957027","0.004948390647768974","0.007209789007902145","0.0035659940913319588","0","40","0","0.001558942487463355","40","0","0","0.7086250185966492","0.7086250185966492","0","0.7121899724006653","0.7086250185966492","0.2913750112056732","4.398653984069824","0.8665453791618347","0.08991481363773346","0.4045635461807251","ssl_emnist_digits_dino","381","FAILED"
"2026-03-30 08:13:49","10.4min","81ae06d75a26480fbebcbfe8462c055d","ssl_emnist_digits_dino_trial_0380","LOCAL","src/cli.py","thallybu","FINISHED","False","None","threshold","0.5807079877390181","250","True","ShallowAutoencoder","None","1024","/data/thallybu/cache","1e-06","0","emnist_digits_dinov2_vits14","0.006255226822804938","True","384","[128, 64]","1","0.5807079877390181","","0.006255226822804938","4","0.0003936417372243484","10","0.24213106318942654","4","","1.514949578628968","1","0.17279791912214892","1","1e-06","0.0003936417372243484","5","10","10","4","0.24213106318942654","L","random","None","4","50","1.514949578628968","threshold","1.0","42","10","[0.9, 0.1]","0.17279791912214892","0.1","False","True","True","1","12","0.004431774839758873","560.3706665039062","0.4130263924598694","0.16065947711467743","0.33398696780204773","0.27949416637420654","0.5508576035499573","0.4481448233127594","0.4285687506198883","0.5233404040336609","0.5679013133049011","0.46620437502861023","0.38407063484191895","0.4449733793735504","10","0.5807079672813416","0.0029864117968827486","0.004176300019025803","0.005236593075096607","0.004523612558841705","0.003248254768550396","0.005819486454129219","0.004170746076852083","0.004398928955197334","0.0046012322418391705","0.004290108103305101","0.0034312973730266094","0.05742048844695091","0.054578617215156555","4661","40","0","0.04389655590057373","122897","0","0.009464425966143608","0.7837083339691162","0.7837083339691162","0","0.777851939201355","0.7837083339691162","0.2162916660308838","7.1933112144470215","0.7366280555725098","0.05080571398139","0.5406994819641113","ssl_emnist_digits_dino","380","OK"
"2026-03-30 08:13:13","35.8s","fd4e4fe2b5b54ff5a09453dd4e8a4114","ssl_emnist_digits_dino_trial_0379","LOCAL","src/cli.py","thallybu","FINISHED","False","None","threshold","0.596579676420316","250","True","ShallowAutoencoder","None","1024","/data/thallybu/cache","1e-06","0","emnist_digits_dinov2_vits14","0.013624317030715156","True","384","[128, 64]","1","0.596579676420316","","0.013624317030715156","4","0.0005044600637391307","9","0.2495038792426413","4","","1.4929466181264677","1","0.18445886062925243","1","1e-06","0.0005044600637391307","5","9","10","4","0.2495038792426413","L","random","None","4","50","1.4929466181264677","threshold","1.0","42","10","[0.9, 0.1]","0.18445886062925243","0.1","False","True","True","1","1","0.007754774298518896","0.18962962925434113","0","0","0","0","0","0","0","0","0","0","0","0","0.18488888442516327","0.5965796709060669","0.0033606071956455708","0.008110035210847855","0.008814772590994835","0.012724729254841805","0.0045075854286551476","0.0023457598872482777","0.007533385418355465","0.007000167854130268","0.007854039780795574","0.011594955809414387","0.01004162896424532","0.008610445074737072","0.0031657638028264046","0","40","0","0.0014794268645346165","40","0","0.0018355647334828973","0.6782083511352539","0.6782083511352539","0","0.6821261644363403","0.6782083511352539","0.3217916488647461","5.398421764373779","0.9194392561912537","0.11526433378458023","0.37361592054367065","ssl_emnist_digits_dino","379","FAILED"
"2026-03-30 08:07:50","8.4min","bd56d4916b504feb889b85f06a80e6dd","ssl_emnist_digits_dino_trial_0378","LOCAL","src/cli.py","thallybu","FINISHED","False","None","threshold","0.5779944013558086","250","True","ShallowAutoencoder","None","1024","/data/thallybu/cache","1e-06","0","emnist_digits_dinov2_vits14","0.007164669462641363","True","384","[128, 64]","1","0.5779944013558086","","0.007164669462641363","4","0.0005001202317276415","9","0.24199126580070193","4","","1.4914309418740896","1","0.16717957071044892","1","1e-06","0.0005001202317276415","5","9","10","4","0.24199126580070193","L","random","None","4","50","1.4914309418740896","threshold","1.0","42","10","[0.9, 0.1]","0.16717957071044892","0.1","False","True","True","1","10","0.005392696708440781","555.3851928710938","0.4065030515193939","0.15437187254428864","0.3396236002445221","0.2904021143913269","0.575961172580719","0.4346487820148468","0.4409254193305969","0.4792945981025696","0.5378810167312622","0.4300132691860199","0.3588534891605377","0.48405155539512634","10","0.5779944062232971","0.0029021967202425003","0.004134306218475103","0.00543324975296855","0.004624831490218639","0.003470018971711397","0.006208070553839207","0.0038163179997354746","0.004258881323039532","0.004648519679903984","0.004322566092014313","0.004387195687741041","0.058620091527700424","0.05695044994354248","3461","40","0","0.04530396685004234","120646","0","0.009108946658670902","0.7547083497047424","0.7547083497047424","0","0.750697672367096","0.7547083497047424","0.24529166519641876","6.736255645751953","0.7677423357963562","0.05323092266917229","0.5557935833930969","ssl_emnist_digits_dino","378","OK"
"2026-03-30 08:06:52","56.6s","84e60092b1c34328aa164e234ca63453","ssl_emnist_digits_dino_trial_0377","LOCAL","src/cli.py","thallybu","FINISHED","False","None","threshold","0.5486589585130223","250","True","ShallowAutoencoder","None","1024","/data/thallybu/cache","1e-06","0","emnist_digits_dinov2_vits14","0.014941631055507302","True","384","[128, 64]","1","0.5486589585130223","","0.014941631055507302","4","0.00043446275714082144","10","0.24616665431562879","4","1","","0","0.18183905191330324","0","1e-06","0.00043446275714082144","5","10","10","4","0.24616665431562879","L","random","None","4","50","1.2","fixed_k","1.0","42","10","[0.9, 0.1]","0.18183905191330324","0.1","False","True","True","0","1","0.007472073193639517","0.18962962925434113","0.42976537346839905","0.08715926110744476","0.4464769661426544","0.37568745017051697","0.4497130215167999","0.45384305715560913","0.4830227494239807","0.4537891447544098","0.471217542886734","0.47395262122154236","0.47703835368156433","0.457867294549942","0.18962962925434113","0.5486589670181274","0.003659442299976945","0.008716626092791557","0.013032943941652775","0.004508057609200478","0.006541494280099869","0.012743132188916206","0.008387614041566849","0.005277747288346291","0.00852129701524973","0.008535374887287617","0.005562786012887955","0.007050501648336649","0.05970093235373497","42691","40","0","0.0015516838757321239","42731","0","0","0.7007499933242798","0.7007499933242798","0","0.7056363224983215","0.7007499933242798","0.2992500066757202","4.696001052856445","0.8826088905334473","0.09095103293657303","0.41862282156944275","ssl_emnist_digits_dino","377","FAILED"
"2026-03-30 08:04:49","8.4min","3dc6fb17930c428193c00b8ee9d73b2e","ssl_emnist_digits_dino_trial_0376","LOCAL","src/cli.py","thallybu","FINISHED","False","None","threshold","0.578017604010968","250","True","ShallowAutoencoder","None","1024","/data/thallybu/cache","1e-06","0","emnist_digits_dinov2_vits14","0.008263445236649486","True","384","[128, 64]","1","0.578017604010968","","0.008263445236649486","4","0.0004388856717495249","9","0.2465232630283513","4","1","","0","0.16815480958788942","1","1e-06","0.0004388856717495249","5","9","10","4","0.2465232630283513","L","random","None","4","50","1.2","fixed_k","1.0","42","10","[0.9, 0.1]","0.16815480958788942","0.1","False","True","True","1","10","0.0058423858135938644","538.0382080078125","0.39882662892341614","0.1397136002779007","0.36137428879737854","0.2797386050224304","0.5057395696640015","0.4261690080165863","0.415467232465744","0.4599946141242981","0.47156399488449097","0.4411161541938782","0.36919641494750977","0.47063419222831726","10","0.5780175924301147","0.0028618217911571264","0.0045864093117415905","0.0054028150625526905","0.003982288297265768","0.0035044304095208645","0.005996114574372768","0.003666618140414357","0.004082816652953625","0.005082474090158939","0.004728018771857023","0.00448975944891572","0.059009093791246414","0.05626682564616203","4167","40","500","0.04552175849676132","117193","3221","0.009185226634144783","0.7207083106040955","0.7207083106040955","0","0.7173517346382141","0.7207083106040955","0.27929165959358215","9.31485652923584","0.8312163949012756","0.05005989596247673","0.6575523018836975","ssl_emnist_digits_dino","376","OK"
"2026-03-30 08:03:23","16.9min","027eb6bccd754273a281eeecdcaec468","ssl_emnist_digits_dino_trial_0375","LOCAL","src/cli.py","thallybu","FINISHED","False","None","threshold","0.5777665673442982","250","True","ShallowAutoencoder","None","1024","/data/thallybu/cache","1e-06","0","emnist_digits_dinov2_vits14","0.00987037358248947","True","384","[128, 64]","1","0.5777665673442982","","0.00987037358248947","4","0.00044100774705043517","9","0.24623903833689825","4","1","","0","0.18848205039735963","2","1e-06","0.00044100774705043517","5","9","10","4","0.24623903833689825","L","random","None","4","50","1.2","fixed_k","1.0","42","10","[0.9, 0.1]","0.18848205039735963","0.1","False","True","True","2","20","0.004161837510764599","618.4983520507812","0.39263099431991577","0.157399982213974","0.3353347182273865","0.22779512405395508","0.5614423751831055","0.4394744634628296","0.385922908782959","0.5282561182975769","0.4536665678024292","0.4488004744052887","0.34167051315307617","0.4641221761703491","10","0.5777665376663208","0.003478273516520858","0.0036126833874732256","0.004235648550093174","0.004369582515209913","0.0031975891906768084","0.004821886774152517","0.003934998530894518","0.0033941881265491247","0.00423177657648921","0.0038238284178078175","0.0030997751746326685","0.053315188735723495","0.05316434055566788","1350","40","500","0.0387219600379467","131351","6004","0.010090142488479614","0.8187500238418579","0.8187500238418579","0","0.8165017366409302","0.8187500238418579","0.18124999105930328","7.978516101837158","0.6736927628517151","0.045845143496990204","0.4917088747024536","ssl_emnist_digits_dino","375","OK"
"2026-03-30 08:02:48","34.0s","3df0018d2f1d497a837a7217bc4e743b","ssl_emnist_digits_dino_trial_0374","LOCAL","src/cli.py","thallybu","FINISHED","False","None","threshold","0.5642984697536414","250","True","ShallowAutoencoder","None","1024","/data/thallybu/cache","1e-06","0","emnist_digits_dinov2_vits14","0.012268572893626895","True","384","[128, 64]","1","0.5642984697536414","","0.012268572893626895","4","0.00037712048807714987","10","0.23783877470149012","4","0","","0","0.18846394035759628","1","1e-06","0.00037712048807714987","5","10","10","4","0.23783877470149012","L","random","None","4","25","1.2","fixed_k","1.0","42","10","[0.9, 0.1]","0.18846394035759628","0.1","False","True","True","1","1","0.007812755182385445","0.18962962925434113","0","0","0","0","0","0","0","0","0","0","0","0","0.18962962925434113","0.5642984509468079","0.003831826150417328","0.008653066121041775","0.013322700746357441","0.0044958340004086494","0.006668979302048683","0.013058259151875973","0.009561589919030666","0.005397440399974585","0.009476819075644016","0.008718973025679588","0.004784782882779837","0.007285513449460268","0.003594172652810812","0","40","0","0.001595514127984643","40","0","0","0.7252916693687439","0.7252916693687439","0","0.7256689667701721","0.7252916693687439","0.2747083306312561","3.8966593742370605","0.8508807420730591","0.09317764639854431","0.37957626581192017","ssl_emnist_digits_dino","374","FAILED"
"2026-03-30 07:58:30","8.4min","9e9b8900c1514a6a8239231e51b41900","ssl_emnist_digits_dino_trial_0373","LOCAL","src/cli.py","thallybu","FINISHED","False","None","threshold","0.5721557384774802","250","True","ShallowAutoencoder","None","1024","/data/thallybu/cache","1e-06","0","emnist_digits_dinov2_vits14","0.009057677159763782","True","384","[128, 64]","1","0.5721557384774802","","0.009057677159763782","4","0.00023527509401856603","11","0.24678931748623043","4","2","","0","0.16834923747701405","1","1e-06","0.00023527509401856603","5","11","10","4","0.24678931748623043","L","random","None","4","100","1.2","fixed_k","1.0","42","10","[0.9, 0.1]","0.16834923747701405","0.1","False","True","True","1","10","0.006726400926709175","437.61480712890625","0.4155248701572418","0.13177873194217682","0.38194432854652405","0.3083614706993103","0.5179777145385742","0.41993990540504456","0.45504018664360046","0.5237153768539429","0.4651266634464264","0.4172477722167969","0.3870615065097809","0.4586063027381897","10","0.5721557140350342","0.002818527864292264","0.004824221134185791","0.006130595225840807","0.004461660049855709","0.0036192666739225388","0.006048599723726511","0.0043115159496665","0.004389861598610878","0.005507463123649359","0.004813872743397951","0.005031612701714039","0.06282401829957962","0.06312453746795654","4729","40","1000","0.04913869872689247","96064","5605","0.009206798858940601","0.734666645526886","0.734666645526886","0","0.7405583262443542","0.734666645526886","0.2653333246707916","7.254190444946289","0.8070942163467407","0.07720574736595154","0.5405948758125305","ssl_emnist_digits_dino","373","OK"
"2026-03-30 07:55:14","7.5min","3c4a447f39cc42c68c62909b0ba12cf6","ssl_emnist_digits_dino_trial_0372","LOCAL","src/cli.py","thallybu","FINISHED","False","None","threshold","0.6125836471997009","250","True","ShallowAutoencoder","None","1024","/data/thallybu/cache","1e-06","0","emnist_digits_dinov2_vits14","0.00937588185768358","True","384","[16]","1","0.6125836471997009","","0.00937588185768358","1","0.0004898881156670921","11","0.2455318324799153","4","2","","0","0.16916196102227624","1","1e-06","0.0004898881156670921","5","11","10","4","0.2455318324799153","L","random","None","4","100","1.2","fixed_k","1.0","42","10","[0.9, 0.1]","0.16916196102227624","0.1","False","True","True","1","10","0.007644433528184891","477.8468017578125","0.4303792119026184","0.12611711025238037","0.38216790556907654","0.3553145229816437","0.5313857793807983","0.45744115114212036","0.4691850244998932","0.49019116163253784","0.4797442555427551","0.46059417724609375","0.40819892287254333","0.41802069544792175","10","0.6125836372375488","0.0007850221008993685","0.005567186512053013","0.0075835310854017735","0.006398879922926426","0.004181491676717997","0.00715680792927742","0.004325037822127342","0.004967404063791037","0.006291884928941727","0.005829965230077505","0.0040822518058121204","0.06949833035469055","0.06757669895887375","2897","40","1000","0.05638446286320686","102721","6552","0.010451911948621273","0.7042083144187927","0.7042083144187927","0","0.707112193107605","0.7042083144187927","0.2957916557788849","5.252861499786377","0.8311413526535034","0.1099848747253418","0.528876543045044","ssl_emnist_digits_dino","372","OK"
"2026-03-30 07:54:38","35.0s","571069de0a764e688687c2932dce80a3","ssl_emnist_digits_dino_trial_0371","LOCAL","src/cli.py","thallybu","FINISHED","False","None","threshold","0.5679183883980997","250","True","ShallowAutoencoder","None","1024","/data/thallybu/cache","1e-06","0","emnist_digits_dinov2_vits14","0.01528477231077102","True","384","[128, 64]","1","0.5679183883980997","","0.01528477231077102","4","0.00025560224477131304","29","0.24162137575955844","4","0","","0","0.17927205058102993","1","1e-06","0.00025560224477131304","5","29","10","4","0.24162137575955844","L","random","None","4","25","1.2","fixed_k","1.0","42","10","[0.9, 0.1]","0.17927205058102993","0.1","False","True","True","1","1","0.008456332609057426","0.18962962925434113","0","0","0","0","0","0","0","0","0","0","0","0","0.18488888442516327","0.5679183602333069","0.004634056705981493","0.008354558609426022","0.007715927436947823","0.00867467001080513","0.00833299569785595","0.008513555862009525","0.0042305076494812965","0.005837082862854004","0.010575833730399609","0.011346506886184216","0.00686291279271245","0.010196872055530548","0.008514270186424255","0","40","0","0.0014843426179140806","40","0","0.0020352413412183523","0.7025416493415833","0.7025416493415833","0","0.6999892592430115","0.7025416493415833","0.29745832085609436","5.781595706939697","0.9052720665931702","0.13063916563987732","0.495674192905426","ssl_emnist_digits_dino","371","FAILED"
"2026-03-30 07:42:37","12.0min","b52a6fc3adc245178c7ff6a274403adc","ssl_emnist_digits_dino_trial_0370","LOCAL","src/cli.py","thallybu","FINISHED","False","None","threshold","0.5877590468418105","250","True","ShallowAutoencoder","None","1024","/data/thallybu/cache","1e-06","0","emnist_digits_dinov2_vits14","0.011775234454036342","True","384","[128, 64]","1","0.5877590468418105","","0.011775234454036342","4","0.00047724453581807794","12","0.2412420638460634","4","0","","0","0.175233808735537","0","1e-06","0.00047724453581807794","5","12","10","4","0.2412420638460634","L","random","None","4","25","1.2","fixed_k","1.0","42","10","[0.9, 0.1]","0.175233808735537","0.1","False","True","True","0","13","0.0035310648381710052","601.6524658203125","0.41887393593788147","0.15637405216693878","0.35319340229034424","0.2830573320388794","0.5297785997390747","0.47422388195991516","0.44793131947517395","0.52074134349823","0.4953245520591736","0.4212798774242401","0.4147096872329712","0.4325703978538513","10","0.5877590179443359","0.0032182687427848577","0.0038254789542406797","0.004792662337422371","0.004516999237239361","0.00359251513145864","0.005062751937657595","0.003805707674473524","0.004054270219057798","0.0044584982097148895","0.004621315747499466","0.003390971105545759","0.05557750537991524","0.054752495139837265","2269","40","250","0.04212116077542305","128967","2292","0.009386238642036915","0.7860833406448364","0.7860833406448364","0","0.7848851680755615","0.7860833406448364","0.21391665935516357","8.558451652526855","0.7505359053611755","0.04888167604804039","0.6109267473220825","ssl_emnist_digits_dino","370","OK"
"2026-03-30 07:25:41","7.3min","a5569ac152fb44ca888df00f260c6798","ssl_emnist_digits_dino_trial_0369","LOCAL","src/cli.py","thallybu","FINISHED","False","None","threshold","0.5911590406145291","250","True","ShallowAutoencoder","None","1024","/data/thallybu/cache","1e-06","0","emnist_digits_dinov2_vits14","0.006315007032004904","True","384","[8]","1","0.5911590406145291","","0.006315007032004904","0","0.0003138186795218954","9","0.24223027863542346","4","","1.4704596350912342","1","0.1894216840463357","1","1e-06","0.0003138186795218954","5","9","10","4","0.24223027863542346","L","random","None","4","50","1.4704596350912342","threshold","1.0","42","10","[0.9, 0.1]","0.1894216840463357","0.1","False","True","True","1","10","0.007400739472359419","486.1552734375","0.4521624743938446","0.1441798061132431","0.3989141881465912","0.3746946156024933","0.5018982291221619","0.5032244324684143","0.44443297386169434","0.49281319975852966","0.4899305999279022","0.4424310326576233","0.4525199830532074","0.49418020248413086","10","0.5911590456962585","0.0003979649627581239","0.0061535886488854885","0.007819266058504581","0.0074448175728321075","0.004770252387970686","0.00705356802791357","0.004361759405583143","0.004729155451059341","0.00629573967307806","0.006033462937921286","0.004721077624708414","0.07341490685939789","0.07362502068281174","558","40","0","0.05938267335295677","103135","0","0.011841573752462864","0.7059166431427002","0.7059166431427002","0","0.7040680050849915","0.7059166431427002","0.2940833270549774","6.181931972503662","0.859381914138794","0.11407081037759781","0.574372410774231","ssl_emnist_digits_dino","369","OK"
"2026-03-30 07:25:11","30.0s","7bb31dcd7a604e95a8c3f181b6d52232","ssl_emnist_digits_dino_trial_0368","LOCAL","src/cli.py","thallybu","FINISHED","False","None","threshold","0.5600162526864856","250","True","ShallowAutoencoder","None","1024","/data/thallybu/cache","1e-06","0","emnist_digits_dinov2_vits14","0.01366163421165309","True","384","[128]","1","0.5600162526864856","","0.01366163421165309","3","0.00035243846323314895","8","0.24434910023435194","4","","1.51029778571301","1","0.188581799727668","1","1e-06","0.00035243846323314895","5","8","10","4","0.24434910023435194","L","random","None","4","50","1.51029778571301","threshold","1.0","42","10","[0.9, 0.1]","0.188581799727668","0.1","False","True","True","1","1","0.007563328370451927","0.18962962925434113","0","0","0","0","0","0","0","0","0","0","0","0","0.18962962925434113","0.5600162744522095","0.002705625956878066","0.01031979825347662","0.00911066122353077","0.007246870547533035","0.004194775130599737","0.0090448884293437","0.004359073471277952","0.0068449536338448524","0.007930326275527477","0.005923384800553322","0.008345292881131172","0.005944085773080587","0.023038102313876152","0","40","0","0.0013903648359701037","40","0","0","0.7133333086967468","0.7133333086967468","0","0.7140688300132751","0.7133333086967468","0.2866666615009308","3.1695125102996826","0.8929889798164368","0.14814868569374084","0.315491259098053","ssl_emnist_digits_dino","368","FAILED"
"2026-03-30 07:11:06","7.6min","b2f930775b564ef69cc96743d12dd104","ssl_emnist_digits_dino_trial_0367","LOCAL","src/cli.py","thallybu","FINISHED","False","None","fixed_k","0.9","100","True","ShallowAutoencoder","None","1024","/data/thallybu/cache","1e-06","0","emnist_digits_dinov2_vits14","0.014085646368262398","True","384","[128, 64]","0","","2","0.014085646368262398","4","0.0002987781804325091","10","0.24299953879420869","4","","1.4844700104264907","1","0.17684424177247007","1","1e-06","0.0002987781804325091","5","10","10","4","0.24299953879420869","L","random","None","4","50","1.4844700104264907","threshold","1.0","42","10","[0.9, 0.1]","0.17684424177247007","0.1","False","True","True","1","10","0.007080366834998131","38.103111267089844","0.23022125661373138","0.08517663180828094","0.1581791341304779","0.121585413813591","0.3174719512462616","0.20723646879196167","0.31599777936935425","0.25114595890045166","0.2507445216178894","0.2627308964729309","0.24608401954174042","0.17103658616542816","9.796148300170898","","0.001859276439063251","0.0028031752444803715","0.0025743329897522926","0.003475236939266324","0.0023278503213077784","0.005130007863044739","0.0029888544231653214","0.0029203793965280056","0.002706819213926792","0.0032120360992848873","0.0019940419588238","0.04186733812093735","0.037344466894865036","1000","40","0","0.029504157602787018","9040","0","0.008783367462456226","0.6664166450500488","0.6664166450500488","0","0.6795995831489563","0.6664166450500488","0.3335833251476288","7.186087608337402","0.8880649209022522","0.05727130547165871","0.5289931893348694","ssl_emnist_digits_dino","367","OK"
"2026-03-30 06:45:33","1.6h","686259b3b6954ea0bd271150677f64f2","ssl_emnist_digits_dino_trial_0366","LOCAL","src/cli.py","thallybu","FINISHED","False","None","threshold","0.564673388872502","250","True","ShallowAutoencoder","None","1024","/data/thallybu/cache","1e-06","0","emnist_digits_dinov2_vits14","0.014466881075221543","True","384","[128, 64]","1","0.564673388872502","","0.014466881075221543","4","0.0004947100739516033","10","0.24270848754386065","4","","1.4886465953012957","1","0.18049218745939155","1","1e-06","0.0004947100739516033","5","10","10","4","0.24270848754386065","L","random","None","4","50","1.4886465953012957","threshold","1.0","42","10","[0.9, 0.1]","0.18049218745939155","0.1","False","True","True","1","99","0.0023529594764113426","761.6817626953125","0.4031258523464203","0.17510157823562622","0.32580438256263733","0.2275402843952179","0.5363273620605469","0.4049939513206482","0.3876810371875763","0.5310462117195129","0.46178749203681946","0.41163119673728943","0.40285730361938477","0.48815882205963135","10","0.5646733641624451","0.005257258657366037","0.0028654267080128193","0.0032100770622491837","0.0031204556580632925","0.0021060784347355366","0.0037258132360875607","0.00284473760984838","0.0028495462611317635","0.0028962816577404737","0.003073189640417695","0.00248350971378386","0.04468192532658577","0.04415018483996391","25","40","0","0.02917512319982052","160737","0","0.009678463451564312","0.8833333253860474","0.8833333253860474","0","0.8797260522842407","0.8833333253860474","0.11666666716337204","9.344809532165527","0.5922965407371521","0.04737015813589096","0.4671156704425812","ssl_emnist_digits_dino","366","OK"
"2026-03-30 06:44:58","34.3s","9aa0eb2c322f4c989810fe778c1f9dfe","ssl_emnist_digits_dino_trial_0365","LOCAL","src/cli.py","thallybu","FINISHED","False","None","threshold","0.5732995971553785","250","True","ShallowAutoencoder","None","1024","/data/thallybu/cache","1e-06","0","emnist_digits_dinov2_vits14","0.00945770506940611","True","384","[128, 64]","1","0.5732995971553785","","0.00945770506940611","4","0.00041809647502414075","10","0.24950245132485008","4","","1.5005118169846097","1","0.19964504233674285","1","1e-06","0.00041809647502414075","5","10","10","4","0.24950245132485008","L","random","None","4","50","1.5005118169846097","threshold","1.0","42","10","[0.9, 0.1]","0.19964504233674285","0.1","False","True","True","1","1","0.007580182049423456","0.18962962925434113","0","0","0","0","0","0","0","0","0","0","0","0","0.18962962925434113","0.5732995867729187","0.0036904532462358475","0.00884891115128994","0.013139196671545506","0.004601001739501953","0.006591183599084616","0.012653032317757607","0.008882656693458557","0.005186798516660929","0.00876885186880827","0.008291168138384819","0.0037575988098978996","0.007112422958016396","0.0034316841047257185","0","40","0","0.0015306976856663823","40","0","0","0.7162083387374878","0.7162083387374878","0","0.716842532157898","0.7162083387374878","0.2837916612625122","3.829181671142578","0.8572521209716797","0.08980636298656464","0.3833325505256653","ssl_emnist_digits_dino","365","FAILED"
"2026-03-30 06:44:33","40.6min","c2c821c914ca465793ce7473f6290b51","ssl_emnist_digits_dino_trial_0364","LOCAL","src/cli.py","thallybu","FINISHED","False","None","threshold","0.5828883184805507","250","True","ShallowAutoencoder","None","1024","/data/thallybu/cache","1e-06","0","emnist_digits_dinov2_vits14","0.010635420904688511","True","384","[128, 64]","1","0.5828883184805507","","0.010635420904688511","4","0.00042790169906236643","10","0.24653265221269785","4","","1.479170010825128","1","0.17824229380912382","1","1e-06","0.00042790169906236643","5","10","10","4","0.24653265221269785","L","random","None","4","50","1.479170010825128","threshold","1.0","42","10","[0.9, 0.1]","0.17824229380912382","0.1","False","True","True","1","40","0.003098818939179182","729.6210327148438","0.4094918966293335","0.1805286556482315","0.3035818040370941","0.2367997169494629","0.5121687054634094","0.4261200726032257","0.42897626757621765","0.540706217288971","0.5522342920303345","0.4008762240409851","0.43798109889030457","0.45905184745788574","10","0.5828883051872253","0.004238949157297611","0.0029428056441247463","0.003472854383289814","0.003356245579198003","0.002437124727293849","0.004493501503020525","0.0032373182475566864","0.003522680839523673","0.0032507944852113724","0.003508856287226081","0.0026736294385045767","0.047419339418411255","0.046751607209444046","303","40","0","0.03289581090211868","154250","0","0.009520637802779675","0.8493750095367432","0.8493750095367432","0","0.8464656472206116","0.8493750095367432","0.15062500536441803","8.010132789611816","0.6367432475090027","0.04802912846207619","0.5044487714767456","ssl_emnist_digits_dino","364","OK"
"2026-03-30 06:36:30","8.5min","70dc618bf6bf4bde99ce65a03ba9f0bd","ssl_emnist_digits_dino_trial_0363","LOCAL","src/cli.py","thallybu","FINISHED","False","None","threshold","0.5778858464329993","250","True","ShallowAutoencoder","None","1024","/data/thallybu/cache","1e-06","0","emnist_digits_dinov2_vits14","0.012290618734968454","True","384","[128, 64]","1","0.5778858464329993","","0.012290618734968454","4","0.00033426011290647433","11","0.24569127523610598","4","","1.4825522058897571","1","0.1771476103105183","1","1e-06","0.00033426011290647433","5","11","10","4","0.24569127523610598","L","random","None","4","50","1.4825522058897571","threshold","1.0","42","10","[0.9, 0.1]","0.1771476103105183","0.1","False","True","True","1","10","0.005930611863732338","494.4749755859375","0.4314831793308258","0.1570267230272293","0.39315831661224365","0.28072401881217957","0.5032435059547424","0.45640829205513","0.4804655909538269","0.5614262819290161","0.4636048674583435","0.4528987407684326","0.40913546085357666","0.518227219581604","10","0.5778858661651611","0.002891551237553358","0.0044227298349142075","0.0052625699900090694","0.004265229217708111","0.0036693087313324213","0.00596947968006134","0.004055557306855917","0.004249685909599066","0.005538640543818474","0.004692869260907173","0.005228026304394007","0.061364252120256424","0.061703722923994064","4144","40","0","0.047354090958833694","108477","0","0.009661512449383736","0.7378333210945129","0.7378333210945129","0","0.7447534799575806","0.7378333210945129","0.2621666491031647","6.10927677154541","0.7980592250823975","0.05235195532441139","0.5328841805458069","ssl_emnist_digits_dino","363","OK"
"2026-03-30 06:31:44","1.6h","610367f4819a42bbab028d547ed7b868","ssl_emnist_digits_dino_trial_0362","LOCAL","src/cli.py","thallybu","FINISHED","False","None","threshold","0.5740684369580457","250","True","ShallowAutoencoder","None","1024","/data/thallybu/cache","1e-06","0","emnist_digits_dinov2_vits14","0.012290780644266055","True","384","[128, 64]","1","0.5740684369580457","","0.012290780644266055","4","0.0004970503603320862","10","0.24964607334789957","4","","1.4806500699955494","1","0.17745652260255254","2","1e-06","0.0004970503603320862","5","10","10","4","0.24964607334789957","L","random","None","4","50","1.4806500699955494","threshold","1.0","42","10","[0.9, 0.1]","0.17745652260255254","0.1","False","True","True","2","99","0.002487288322299719","783.750244140625","0.4136210083961487","0.17987613379955292","0.32451120018959045","0.22094225883483887","0.5177342891693115","0.46924760937690735","0.3968300521373749","0.5199910998344421","0.47582218050956726","0.4501587450504303","0.39841678738594055","0.4878176152706146","10","0.5740684270858765","0.0051167672500014305","0.002859172411262989","0.0032691163942217827","0.003083563409745693","0.002359833801165223","0.0036971515510231256","0.002852960955351591","0.0029431981965899467","0.003074123291298747","0.0030614754650741816","0.00249965931288898","0.0449494868516922","0.04517821967601776","90","40","0","0.029700245708227158","165459","0","0.009511525742709637","0.8996250033378601","0.8996250033378601","0","0.8990808725357056","0.8996250033378601","0.10037499666213989","9.872145652770996","0.5652740597724915","0.04912301525473595","0.3878799378871918","ssl_emnist_digits_dino","362","OK"
"2026-03-30 06:26:23","1.5h","f9b58187386a47a395574decccad9baf","ssl_emnist_digits_dino_trial_0361","LOCAL","src/cli.py","thallybu","FINISHED","False","None","threshold","0.5761614128845675","250","True","ShallowAutoencoder","None","1024","/data/thallybu/cache","1e-06","0","emnist_digits_dinov2_vits14","0.012400832109220373","True","384","[128, 64]","1","0.5761614128845675","","0.012400832109220373","4","0.0005069319683918094","10","0.24356680302545078","4","","1.4812410660582622","1","0.18019445643616838","2","1e-06","0.0005069319683918094","5","10","10","4","0.24356680302545078","L","random","None","4","50","1.4812410660582622","threshold","1.0","42","10","[0.9, 0.1]","0.18019445643616838","0.1","False","True","True","2","99","0.0024753015022724867","781.6527709960938","0.41027024388313293","0.18186379969120026","0.3247433602809906","0.22641700506210327","0.5971004366874695","0.40662023425102234","0.38660430908203125","0.5416892170906067","0.4958134889602661","0.44453269243240356","0.3838026523590088","0.4815129339694977","10","0.5761613845825195","0.005079279188066721","0.0028749366756528616","0.003293274436146021","0.003476063720881939","0.002155353780835867","0.0037374156527221203","0.0029151220805943012","0.0029832771979272366","0.003033106215298176","0.0031181536614894867","0.002473273314535618","0.04540778324007988","0.04577663913369179","86","40","0","0.030059974640607834","165012","0","0.009665634483098984","0.8806250095367432","0.8806250095367432","0","0.8741809129714966","0.8806250095367432","0.11937499791383743","10.161048889160156","0.5979080200195312","0.052605967968702316","0.4949999749660492","ssl_emnist_digits_dino","361","OK"
"2026-03-30 06:07:06","1.6h","5f7384f2fe964c808528b69321fd9c04","ssl_emnist_digits_dino_trial_0360","LOCAL","src/cli.py","thallybu","FINISHED","False","None","threshold","0.6261061273133057","250","True","ShallowAutoencoder","None","1024","/data/thallybu/cache","1e-06","0","emnist_digits_dinov2_vits14","0.011984749543939823","True","384","[128, 64]","1","0.6261061273133057","","0.011984749543939823","4","0.0005070118828989803","10","0.2431149414298108","4","0","","0","0.18536030834968578","2","1e-06","0.0005070118828989803","5","10","10","4","0.2431149414298108","L","random","None","4","25","1.2","fixed_k","1.0","42","10","[0.9, 0.1]","0.18536030834968578","0.1","False","True","True","2","99","0.0024234952870756388","774.8776245117188","0.39812374114990234","0.1579076498746872","0.30802619457244873","0.22165344655513763","0.5053195357322693","0.44803038239479065","0.38032522797584534","0.4938519299030304","0.47018519043922424","0.4148479998111725","0.3823450803756714","0.47171083092689514","10","0.6261061429977417","0.005269945599138737","0.0026898332871496677","0.0031768172048032284","0.0031172106973826885","0.0023417240008711815","0.0036823763512074947","0.00288145849481225","0.002923022722825408","0.003008009400218725","0.0030298326164484024","0.002577069913968444","0.04522255063056946","0.04540442302823067","246","40","250","0.029427368193864822","163493","17320","0.009936078451573849","0.8978333473205566","0.8978333473205566","0","0.8958334922790527","0.8978333473205566","0.10216666758060455","9.001228332519531","0.5681887865066528","0.044111218303442","0.4107093811035156","ssl_emnist_digits_dino","360","OK"
"2026-03-30 06:06:30","35.2s","9c82fba470d84122895b92e89f7804a0","ssl_emnist_digits_dino_trial_0359","LOCAL","src/cli.py","thallybu","FINISHED","False","None","threshold","0.6160158493391099","250","True","ShallowAutoencoder","None","1024","/data/thallybu/cache","1e-06","0","emnist_digits_dinov2_vits14","0.002839038584338568","True","384","[128, 64]","1","0.6160158493391099","","0.002839038584338568","4","0.00044312508086608753","28","0.24979665833306444","4","0","","0","0.1879980298703471","2","1e-06","0.00044312508086608753","5","28","10","4","0.24979665833306444","L","random","None","4","25","1.2","fixed_k","1.0","42","10","[0.9, 0.1]","0.1879980298703471","0.1","False","True","True","2","1","0.006846122443675995","0.18962962925434113","0","0","0","0","0","0","0","0","0","0","0","0","0.18962962925434113","0.6160158514976501","0.0038531434256583452","0.01016788650304079","0.008269604295492172","0.008978722617030144","0.006811030674725771","0.00887914840131998","0.003974097315222025","0.005318817216902971","0.005897856783121824","0.003838511183857918","0.004976709373295307","0.006835931912064552","0.0034049036912620068","0","40","0","0.0012726495042443275","40","0","0","0.7057083249092102","0.7057083249092102","0","0.708154559135437","0.7057083249092102","0.2942916750907898","4.067248344421387","0.868931233882904","0.1661461889743805","0.39884820580482483","ssl_emnist_digits_dino","359","FAILED"
"2026-03-30 05:56:25","10.1min","a962e04c339f4b1981f14dc1ac894d70","ssl_emnist_digits_dino_trial_0358","LOCAL","src/cli.py","thallybu","FINISHED","False","None","threshold","0.5965668256806366","250","True","ShallowAutoencoder","None","1024","/data/thallybu/cache","1e-06","0","emnist_digits_dinov2_vits14","0.007605536051129881","True","384","[128, 64]","1","0.5965668256806366","","0.007605536051129881","4","0.0004650152240331298","7","0.24594264443364872","4","0","","0","0.19980395566930442","2","1e-06","0.0004650152240331298","5","7","10","4","0.24594264443364872","L","random","None","4","25","1.2","fixed_k","1.0","42","10","[0.9, 0.1]","0.19980395566930442","0.1","False","True","True","2","12","0.004711827728897333","591.4491577148438","0.4318665564060211","0.15176509320735931","0.3888905346393585","0.29355672001838684","0.5476666688919067","0.4502794146537781","0.4723674952983856","0.5076544284820557","0.49885281920433044","0.4408720135688782","0.38844841718673706","0.47718191146850586","10","0.5965667963027954","0.00268075754866004","0.004607901908457279","0.005374447908252478","0.0050885314121842384","0.003150654025375843","0.00621864153072238","0.0038704376202076674","0.003923098556697369","0.004906495101749897","0.00476527214050293","0.0038532728794962168","0.060312576591968536","0.05809034779667854","2452","40","250","0.045758746564388275","126995","1866","0.01071420218795538","0.7829999923706055","0.7829999923706055","0","0.7845889925956726","0.7829999923706055","0.21699999272823334","7.327866554260254","0.7433516383171082","0.05152101814746857","0.521661639213562","ssl_emnist_digits_dino","358","OK"
"2026-03-30 05:43:55","47.8min","394b3d797cb942e283612ccb3bbd2597","ssl_emnist_digits_dino_trial_0357","LOCAL","src/cli.py","thallybu","FINISHED","False","None","threshold","0.6114568646844037","250","True","ShallowAutoencoder","None","1024","/data/thallybu/cache","1e-06","0","emnist_digits_dinov2_vits14","0.01250026930702899","True","384","[128, 64]","1","0.6114568646844037","","0.01250026930702899","4","0.0005534579964687297","10","0.24976750832438036","4","","1.4847215339634017","1","0.18390700809890406","1","1e-06","0.0005534579964687297","5","10","10","4","0.24976750832438036","L","random","None","4","50","1.4847215339634017","threshold","1.0","42","10","[0.9, 0.1]","0.18390700809890406","0.1","False","True","True","1","52","0.002703312551602721","807.7653198242188","0.44126635789871216","0.18903274834156036","0.3437430262565613","0.239121675491333","0.5558531284332275","0.47183355689048767","0.4342293441295624","0.5448006987571716","0.4865931272506714","0.519402027130127","0.42560192942619324","0.483537495136261","10","0.6114568710327148","0.004806359298527241","0.0029903044924139977","0.0035254659596830606","0.0033408785238862038","0.002356693148612976","0.004013600759208202","0.0030662771314382553","0.003047408303245902","0.003282739082351327","0.003252215450629592","0.002565936418250203","0.04674756899476051","0.04636019095778465","132","40","0","0.03144151717424393","170568","0","0.009824507869780064","0.8689166903495789","0.8689166903495789","0","0.8651830554008484","0.8689166903495789","0.13108332455158234","8.052934646606445","0.6322476863861084","0.0485617071390152","0.517716646194458","ssl_emnist_digits_dino","357","OK"
"2026-03-30 05:37:31","1.6h","94ad57a9fc15415d83e1045204e6a220","ssl_emnist_digits_dino_trial_0356","LOCAL","src/cli.py","thallybu","FINISHED","False","None","threshold","0.612154179848544","250","True","ShallowAutoencoder","None","1024","/data/thallybu/cache","1e-06","0","emnist_digits_dinov2_vits14","0.013746531293089156","True","384","[128, 64]","1","0.612154179848544","","0.013746531293089156","4","0.00045450003731854364","28","0.2431480432848649","4","","1.4832660450103272","1","0.1758155419832699","2","1e-06","0.00045450003731854364","5","28","10","4","0.2431480432848649","L","random","None","4","50","1.4832660450103272","threshold","1.0","42","10","[0.9, 0.1]","0.1758155419832699","0.1","False","True","True","2","99","0.0023241715971380472","827.6160278320312","0.4376659095287323","0.19479845464229584","0.3156476318836212","0.22702087461948395","0.546533465385437","0.47128620743751526","0.43543192744255066","0.5857349634170532","0.5557751059532166","0.4383155107498169","0.4248974919319153","0.49113959074020386","10","0.6121541857719421","0.005264866165816784","0.0028564895037561655","0.0032413264270871878","0.003233895404264331","0.002316530793905258","0.0037870523519814014","0.0028332609217613935","0.0035173615906387568","0.003065647790208459","0.0031724050641059875","0.0026176287792623043","0.04592336341738701","0.04613165184855461","24","40","0","0.030641598626971245","174646","0","0.009451785124838352","0.8954166769981384","0.8954166769981384","0","0.8945587873458862","0.8954166769981384","0.10458333045244217","9.024147987365723","0.5784498453140259","0.04415855184197426","0.4059373736381531","ssl_emnist_digits_dino","356","OK"
"2026-03-30 05:36:55","35.2s","177b949f81194c0f81acfbfd4ca626e7","ssl_emnist_digits_dino_trial_0355","LOCAL","src/cli.py","thallybu","FINISHED","False","None","threshold","0.6058532496079573","250","True","ShallowAutoencoder","None","1024","/data/thallybu/cache","1e-06","0","emnist_digits_dinov2_vits14","0.007863445736813118","True","384","[128, 64]","1","0.6058532496079573","","0.007863445736813118","4","0.0005276474245724381","30","0.2339369616513369","4","","1.4904546251981983","1","0.19940976533803267","2","1e-06","0.0005276474245724381","5","30","10","4","0.2339369616513369","L","random","None","4","50","1.4904546251981983","threshold","1.0","42","10","[0.9, 0.1]","0.19940976533803267","0.1","False","True","True","2","1","0.007651469670236111","0.18962962925434113","0","0","0","0","0","0","0","0","0","0","0","0","0.18962962925434113","0.605853259563446","0.003646272234618664","0.009973249398171902","0.012062441557645798","0.005263561382889748","0.0048484113067388535","0.007285228464752436","0.007575106807053089","0.007519695907831192","0.0018437202088534832","0.00891098938882351","0.006987896282225847","0.006806694902479649","0.0076570357196033","0","40","0","0.0013704592129215598","40","0","0","0.6158750057220459","0.6158750057220459","0","0.6104731559753418","0.6158750057220459","0.3841249942779541","3.805258274078369","0.9415493011474609","0.1592804193496704","0.42459505796432495","ssl_emnist_digits_dino","355","FAILED"
"2026-03-30 05:27:27","9.4min","e555ca8da7af4d8c882dd45c1a520c81","ssl_emnist_digits_dino_trial_0354","LOCAL","src/cli.py","thallybu","FINISHED","False","None","threshold","0.6176809583050087","250","True","ShallowAutoencoder","None","1024","/data/thallybu/cache","1e-06","0","emnist_digits_dinov2_vits14","0.0032633741494761757","True","384","[128, 64]","1","0.6176809583050087","","0.0032633741494761757","4","0.00031519892584618616","12","0.24950324475181718","4","","1.5509385314431803","1","0.17082110403644457","2","1e-06","0.00031519892584618616","5","12","10","4","0.24950324475181718","L","random","None","4","50","1.5509385314431803","threshold","1.0","42","10","[0.9, 0.1]","0.17082110403644457","0.1","False","True","True","2","12","0.004174825735390186","597.3004150390625","0.4501878023147583","0.16466335952281952","0.4115946292877197","0.2916297912597656","0.5660414695739746","0.4872139096260071","0.43202346563339233","0.533699631690979","0.5181983709335327","0.5319873094558716","0.423434317111969","0.4880777597427368","10","0.6176809668540955","0.002542927162721753","0.004854265600442886","0.005543553736060858","0.004782646428793669","0.004071275237947702","0.005431590136140585","0.0041343760676681995","0.004609272815287113","0.005781823769211769","0.0051063052378594875","0.0038296408019959927","0.060923729091882706","0.06031126528978348","3055","40","0","0.048144761472940445","129084","0","0.009194431826472282","0.7757499814033508","0.7757499814033508","0","0.774595320224762","0.7757499814033508","0.22425000369548798","7.923410415649414","0.7573469877243042","0.053173426538705826","0.5257958769798279","ssl_emnist_digits_dino","354","OK"
"2026-03-30 05:26:50","36.1s","b088521317da4b5ab0ca512f3f378e93","ssl_emnist_digits_dino_trial_0353","LOCAL","src/cli.py","thallybu","FINISHED","False","None","threshold","0.5837264143015899","250","True","ShallowAutoencoder","None","1024","/data/thallybu/cache","1e-06","0","emnist_digits_dinov2_vits14","0.014925961410292905","True","384","[128, 64]","1","0.5837264143015899","","0.014925961410292905","4","0.0005126469703125333","28","0.2459620512671398","4","0","","0","0.18879477905933478","2","1e-06","0.0005126469703125333","5","28","10","4","0.2459620512671398","L","random","None","4","25","1.2","fixed_k","1.0","42","10","[0.9, 0.1]","0.18879477905933478","0.1","False","True","True","2","1","0.007036288268864155","0.18962962925434113","0","0","0","0","0","0","0","0","0","0","0","0","0.18962962925434113","0.5837264060974121","0.00364698120392859","0.01031818799674511","0.008184890262782574","0.00829138234257698","0.0067184092476964","0.010183431208133698","0.004475495778024197","0.0053752693347632885","0.00618429621681571","0.0033689585980027914","0.0046898601576685905","0.00666314410045743","0.003399156965315342","0","40","0","0.0012855026870965958","40","0","0","0.6861666440963745","0.6861666440963745","0","0.6723520755767822","0.6861666440963745","0.3138333261013031","3.834882974624634","0.8957473635673523","0.17320221662521362","0.43607908487319946","ssl_emnist_digits_dino","353","FAILED"
"2026-03-30 05:20:43","1.4h","3e0ae3ad1aac492ba66e39cd8c654dd4","ssl_emnist_digits_dino_trial_0352","LOCAL","src/cli.py","thallybu","FINISHED","False","None","threshold","0.6149404926264674","250","True","ShallowAutoencoder","None","1024","/data/thallybu/cache","1e-06","0","emnist_digits_dinov2_vits14","0.01431269310262614","True","384","[128, 64]","1","0.6149404926264674","","0.01431269310262614","4","0.0005132770369485522","28","0.24611314084329472","4","","1.4881482386125664","1","0.19090477685990603","1","1e-06","0.0005132770369485522","5","28","10","4","0.24611314084329472","L","random","None","4","50","1.4881482386125664","threshold","1.0","42","10","[0.9, 0.1]","0.19090477685990603","0.1","False","True","True","1","91","0.0024141098838299513","834.8687133789062","0.4399822950363159","0.19314837455749512","0.33652809262275696","0.2597230076789856","0.5426802635192871","0.4972483813762665","0.4213830530643463","0.6008230447769165","0.5203459858894348","0.41885942220687866","0.4343736171722412","0.4919889271259308","10","0.6149404644966125","0.00533363176509738","0.00294534326530993","0.00361477117985487","0.003175114281475544","0.0024541954044252634","0.003721215995028615","0.0027344722766429186","0.0032227139454334974","0.0030149503145366907","0.0032340886536985636","0.0025867593940347433","0.04684513434767723","0.04693538323044777","34","40","0","0.03070363774895668","176189","0","0.010213721543550491","0.887458324432373","0.887458324432373","0","0.886820375919342","0.887458324432373","0.11254166811704636","11.444003105163574","0.5872410535812378","0.05090527981519699","0.42846745252609253","ssl_emnist_digits_dino","352","OK"
"2026-03-30 05:20:32","1.1h","6eea682e8de848018c39e8fca3c03528","ssl_emnist_digits_dino_trial_0351","LOCAL","src/cli.py","thallybu","FINISHED","False","None","threshold","0.5806860978117135","250","True","ShallowAutoencoder","None","1024","/data/thallybu/cache","1e-06","0","emnist_digits_dinov2_vits14","0.014389446732552217","True","384","[128, 64]","1","0.5806860978117135","","0.014389446732552217","4","0.00031139020851627953","28","0.23765290628639166","4","","1.5753903329988093","1","0.19153782704781255","2","1e-06","0.00031139020851627953","5","28","10","4","0.23765290628639166","L","random","None","4","50","1.5753903329988093","threshold","1.0","42","10","[0.9, 0.1]","0.19153782704781255","0.1","False","True","True","2","74","0.0025330691132694483","775.7881469726562","0.4168882966041565","0.1784570813179016","0.3205827474594116","0.23076333105564117","0.5179083347320557","0.4814676344394684","0.40892690420150757","0.5210003852844238","0.495379239320755","0.423739492893219","0.4141730070114136","0.4692196846008301","10","0.580686092376709","0.004950325936079025","0.002822068054229021","0.0033720412757247686","0.003095502033829689","0.002304950263351202","0.0037923504132777452","0.002633536234498024","0.003148673102259636","0.003216727636754513","0.003204481676220894","0.002557208063080907","0.04587629809975624","0.04626995697617531","87","40","0","0.030147535726428032","163776","0","0.010176444426178932","0.8966666460037231","0.8966666460037231","0","0.896548330783844","0.8966666460037231","0.10333333164453506","8.799213409423828","0.576786994934082","0.04542095959186554","0.4040237069129944","ssl_emnist_digits_dino","351","OK"
"2026-03-30 05:19:56","34.5s","d1e4ac59d8464e26a5b22e4ed612e1be","ssl_emnist_digits_dino_trial_0350","LOCAL","src/cli.py","thallybu","FINISHED","False","None","threshold","0.5978150124441183","250","True","ShallowAutoencoder","None","1024","/data/thallybu/cache","1e-06","0","emnist_digits_dinov2_vits14","0.010504075661179179","True","384","[128, 64]","1","0.5978150124441183","","0.010504075661179179","4","0.0005919735959133042","10","0.23835279660016218","4","","1.5382363765262792","1","0.18329535878922615","2","1e-06","0.0005919735959133042","5","10","10","4","0.23835279660016218","L","random","None","4","50","1.5382363765262792","threshold","1.0","42","10","[0.9, 0.1]","0.18329535878922615","0.1","False","True","True","2","1","0.007077971938997507","0.18962962925434113","0","0","0","0","0","0","0","0","0","0","0","0","0.18962962925434113","0.5978150367736816","0.0031949831172823906","0.008616429753601551","0.012374566867947578","0.0045424457639455795","0.0066894302144646645","0.011948579922318459","0.008206529542803764","0.0049269539304077625","0.008089728653430939","0.008038397878408432","0.00475306436419487","0.006364679895341396","0.002959177130833268","0","40","0","0.0014826406259089708","40","0","0","0.6864166855812073","0.6864166855812073","0","0.6921100616455078","0.6864166855812073","0.3135833442211151","4.895942211151123","0.8921384811401367","0.09675155580043793","0.43971121311187744","ssl_emnist_digits_dino","350","FAILED"
"2026-03-30 05:18:40","1.3h","4f494060c4b54e72accf502b62976af7","ssl_emnist_digits_dino_trial_0349","LOCAL","src/cli.py","thallybu","FINISHED","False","None","threshold","0.5791193243362474","250","True","ShallowAutoencoder","None","1024","/data/thallybu/cache","1e-06","0","emnist_digits_dinov2_vits14","0.010342978729127176","True","384","[128, 64]","1","0.5791193243362474","","0.010342978729127176","4","0.00033712167018942236","28","0.23720272805856124","4","","1.4843248330640435","1","0.18751539028154604","2","1e-06","0.00033712167018942236","5","28","10","4","0.23720272805856124","L","random","None","4","50","1.4843248330640435","threshold","1.0","42","10","[0.9, 0.1]","0.18751539028154604","0.1","False","True","True","2","86","0.0023386047687381506","781.1170654296875","0.41006046533584595","0.17692513763904572","0.32038214802742004","0.2274113893508911","0.5137272477149963","0.44701915979385376","0.3979652523994446","0.5363215804100037","0.49881067872047424","0.3937523663043976","0.4184039533138275","0.46920904517173767","10","0.5791193246841431","0.005258199758827686","0.002772451378405094","0.003172817872837186","0.0030218646861612797","0.0022124142851680517","0.003660869784653187","0.002617120509967208","0.003098882967606187","0.002956851152703166","0.0031294464133679867","0.0024743208196014166","0.0449150875210762","0.044446852058172226","86","40","0","0.029117027297616005","164899","0","0.00998512003570795","0.9010833501815796","0.9010833501815796","0","0.9000330567359924","0.9010833501815796","0.0989166647195816","8.781746864318848","0.5666684508323669","0.04314577952027321","0.3999702036380768","ssl_emnist_digits_dino","349","OK"
"2026-03-30 05:18:25","8.4min","30fa17ec5e6a42ffb6a5b5c920d9b491","ssl_emnist_digits_dino_trial_0348","LOCAL","src/cli.py","thallybu","FINISHED","False","None","threshold","0.7020300955555792","250","True","ShallowAutoencoder","None","1024","/data/thallybu/cache","1e-06","0","emnist_digits_dinov2_vits14","0.011295665685049801","True","384","[128, 64]","1","0.7020300955555792","","0.011295665685049801","4","0.0003580977163377505","29","0.23774528519561267","4","","1.465976335674942","1","0.18687164581892926","2","1e-06","0.0003580977163377505","5","29","10","4","0.23774528519561267","L","random","None","4","50","1.465976335674942","threshold","1.0","42","10","[0.9, 0.1]","0.18687164581892926","0.1","False","True","True","2","10","0.004902026150375605","710.7949829101562","0.5087733268737793","0.18923458456993103","0.45265015959739685","0.31274712085723877","0.6242970824241638","0.5373051762580872","0.5214923024177551","0.5922303199768066","0.6113294959068298","0.5231633186340332","0.4251721501350403","0.6100063920021057","10","0.7020301222801208","0.0028754030354321003","0.0051467809826135635","0.00558177987113595","0.007059379480779171","0.0039798663929104805","0.00660883029922843","0.004310826770961285","0.005541109014302492","0.005325342994183302","0.004932959098368883","0.0047553954645991325","0.06735356897115707","0.06482605636119843","2446","40","0","0.0532422810792923","152420","0","0.010070479474961758","0.7394166588783264","0.7394166588783264","0","0.7323043942451477","0.7394166588783264","0.2605833411216736","9.556568145751953","0.8342480659484863","0.049335043877363205","0.665206789970398","ssl_emnist_digits_dino","348","OK"
"2026-03-30 05:17:59","25.5s","49f792d93ea14b1ab054525fcd3f654b","ssl_emnist_digits_dino_trial_0347","LOCAL","src/cli.py","thallybu","FINISHED","False","None","threshold","0.6351229940758778","250","True","ShallowAutoencoder","None","1024","/data/thallybu/cache","1e-06","0","emnist_digits_dinov2_vits14","0.00901704887440794","True","384","[128, 64]","1","0.6351229940758778","","0.00901704887440794","4","0.0005763622201745588","29","0.24102291261253403","4","","1.570201218740689","1","0.166235143983672","2","1e-06","0.0005763622201745588","5","29","10","4","0.24102291261253403","L","random","None","4","50","1.570201218740689","threshold","1.0","42","10","[0.9, 0.1]","0.166235143983672","0.1","False","True","True","2","1","0.007148214150220156","0.18962962925434113","0","0","0","0","0","0","0","0","0","0","0","0","0.18488888442516327","0.6351230144500732","0.003413313766941428","0.006465269718319178","0.007824912667274475","0.005697060842067003","0.008654889650642872","0.006927905138581991","0.004460450261831284","0.005541137885302305","0.007921936921775341","0.01048536691814661","0.005357930436730385","0.028182854875922203","0.0034872861579060555","0","40","0","0.0012878240086138248","40","0","0.021758832037448883","0.6735833287239075","0.6735833287239075","0","0.6738817095756531","0.6735833287239075","0.32641667127609253","3.9611616134643555","0.9217330813407898","0.12232919782400131","0.4614448845386505","ssl_emnist_digits_dino","347","FAILED"
"2026-03-30 05:11:13","6.7min","57ff21777a0942d6b5e976b4408a87a1","ssl_emnist_digits_dino_trial_0346","LOCAL","src/cli.py","thallybu","FINISHED","False","None","fixed_k","0.9","50","True","ShallowAutoencoder","None","1024","/data/thallybu/cache","1e-06","0","emnist_digits_dinov2_vits14","0.005445616397489632","True","384","[128, 64]","0","","1","0.005445616397489632","4","0.0004134658531333203","8","0.2497229936385188","4","","1.5840960309615455","1","0.09155917330178583","2","1e-06","0.0004134658531333203","5","8","10","4","0.2497229936385188","L","random","None","4","50","1.5840960309615455","threshold","1.0","42","10","[0.9, 0.1]","0.09155917330178583","0.1","False","True","True","2","10","0.007374550215899944","16.779556274414062","0.19671183824539185","0.07887213677167892","0.11004985123872757","0.11786350607872009","0.2602624297142029","0.18856070935726166","0.23355121910572052","0.2874353528022766","0.22211739420890808","0.202400803565979","0.15746182203292847","0.1874154657125473","8.076740264892578","","0.0015354956267401576","0.002392182359471917","0.0024394781794399023","0.0026376808527857065","0.002169395098462701","0.003425847040489316","0.004224038682878017","0.0028180258814245462","0.0028304855804890394","0.002857513027265668","0.0019205666612833738","0.029079074040055275","0.021985096856951714","500","40","0","0.022440914064645767","4040","0","0.003261074423789978","0.6800000071525574","0.6800000071525574","0","0.6846295595169067","0.6800000071525574","0.3199999928474426","5.583865165710449","0.8818660378456116","0.05662867799401283","0.5467256307601929","ssl_emnist_digits_dino","346","OK"
"2026-03-30 05:10:38","33.9s","9d81701671314b49a9ccae6c0a23d72d","ssl_emnist_digits_dino_trial_0345","LOCAL","src/cli.py","thallybu","FINISHED","False","None","threshold","0.6275050032773983","250","True","ShallowAutoencoder","None","1024","/data/thallybu/cache","1e-06","0","emnist_digits_dinov2_vits14","0.003942739226253557","True","384","[128, 64]","1","0.6275050032773983","","0.003942739226253557","4","0.000468311769587416","28","0.24299320161336974","4","","1.5210555719655694","1","0.17901243892311353","2","1e-06","0.000468311769587416","5","28","10","4","0.24299320161336974","L","random","None","4","50","1.5210555719655694","threshold","1.0","42","10","[0.9, 0.1]","0.17901243892311353","0.1","False","True","True","2","1","0.006845951080322266","0.18962962925434113","0","0","0","0","0","0","0","0","0","0","0","0","0.18962962925434113","0.6275050044059753","0.003756796708330512","0.010172120295464993","0.008299355395138264","0.008498415350914001","0.00685516744852066","0.009334230795502663","0.004270484670996666","0.005232422612607479","0.005848049186170101","0.0034956196323037148","0.0047175148501992226","0.0066855852492153645","0.0034541497007012367","0","40","0","0.0012652730802074075","40","0","0","0.6937500238418579","0.6937500238418579","0","0.6961126923561096","0.6937500238418579","0.3062500059604645","3.8153345584869385","0.8832718133926392","0.16432741284370422","0.3942528963088989","ssl_emnist_digits_dino","345","FAILED"
"2026-03-30 05:08:16","8.3min","5dff751ba1d943d3bd8823aa37fd80af","ssl_emnist_digits_dino_trial_0344","LOCAL","src/cli.py","thallybu","FINISHED","False","None","threshold","0.6768598813893879","250","True","ShallowAutoencoder","None","1024","/data/thallybu/cache","1e-06","0","emnist_digits_dinov2_vits14","0.000761132535554336","True","384","[128, 64]","1","0.6768598813893879","","0.000761132535554336","4","0.00046198773348257087","4","0.24325812398873092","4","","1.583303531940761","1","0.17688327708481247","2","1e-06","0.00046198773348257087","5","4","10","4","0.24325812398873092","L","random","None","4","50","1.583303531940761","threshold","1.0","42","10","[0.9, 0.1]","0.17688327708481247","0.1","False","True","True","2","10","0.006026810966432095","668.56591796875","0.48923835158348083","0.18758618831634521","0.3924536108970642","0.3133382797241211","0.6388301253318787","0.534271776676178","0.5217267870903015","0.5835623145103455","0.6328025460243225","0.4940028488636017","0.443115770816803","0.58627849817276","10","0.6768598556518555","0.002231042832136154","0.004993065260350704","0.005698190536350012","0.007154060527682304","0.004024461843073368","0.007003640756011009","0.00465899333357811","0.005190975032746792","0.005679904017597437","0.005298160482198","0.004469108302146196","0.0677482932806015","0.06641839444637299","1783","40","0","0.05417054891586304","142846","0","0.009880614466965199","0.734041690826416","0.734041690826416","0","0.7306690812110901","0.734041690826416","0.26595833897590637","5.859733581542969","0.8053671717643738","0.04784796014428139","0.5668590068817139","ssl_emnist_digits_dino","344","OK"
"2026-03-30 05:07:42","32.9s","fdf548261950420ca2ee0089f732a37e","ssl_emnist_digits_dino_trial_0343","LOCAL","src/cli.py","thallybu","FINISHED","False","None","threshold","0.6668727970631667","250","True","ShallowAutoencoder","None","1024","/data/thallybu/cache","1e-06","0","emnist_digits_dinov2_vits14","0.005169192282205831","True","384","[8]","1","0.6668727970631667","","0.005169192282205831","0","0.00039619812857346736","6","0.24676395989478672","4","","1.5959084138487412","1","0.16493860525246143","2","1e-06","0.00039619812857346736","5","6","10","4","0.24676395989478672","L","random","None","4","50","1.5959084138487412","threshold","1.0","42","10","[0.9, 0.1]","0.16493860525246143","0.1","False","True","True","2","1","0.01431441679596901","0.18962962925434113","0","0","0","0","0","0","0","0","0","0","0","0","0.18962962925434113","0.6668727993965149","0.00033832338522188365","0.012793839909136295","0.01838671788573265","0.01037529855966568","0.015143560245633125","0.016189128160476685","0.017415884882211685","0.014572926796972752","0.012800735421478748","0.013071025721728802","0.0140570979565382","0.0066165616735816","0.0020620098803192377","0","40","0","0.00274595501832664","40","0","0","0.5638750195503235","0.5638750195503235","0","0.5680414438247681","0.5638750195503235","0.4361249804496765","3.2304675579071045","0.9706946611404419","0.2495230883359909","0.29665929079055786","ssl_emnist_digits_dino","343","FAILED"
"2026-03-30 05:06:25","13.5min","2995ecdb1352411a89ed95be5112267a","ssl_emnist_digits_dino_trial_0342","LOCAL","src/cli.py","thallybu","FINISHED","False","None","threshold","0.6686324294734171","250","True","ShallowAutoencoder","None","1024","/data/thallybu/cache","1e-06","0","emnist_digits_dinov2_vits14","0.006445483168086904","True","384","[128, 64]","1","0.6686324294734171","","0.006445483168086904","4","0.0003946655828293446","6","0.2489514079142506","4","","1.5973015345092174","1","0.16471194361460367","2","1e-06","0.0003946655828293446","5","6","10","4","0.2489514079142506","L","random","None","4","50","1.5973015345092174","threshold","1.0","42","10","[0.9, 0.1]","0.16471194361460367","0.1","False","True","True","2","16","0.0046483962796628475","749.5072631835938","0.4828384816646576","0.20032241940498352","0.39302554726600647","0.26569074392318726","0.6857393980026245","0.5115242600440979","0.5137001872062683","0.5957271456718445","0.5529075264930725","0.5196648836135864","0.4127153158187866","0.5326369404792786","10","0.668632447719574","0.003291046479716897","0.004088882822543383","0.0045812977477908134","0.005485063884407282","0.003421957604587078","0.005526896100491285","0.0039061622228473425","0.003934632986783981","0.005177716724574566","0.00435690488666296","0.0034864896442741156","0.05737527087330818","0.05753163993358612","1736","40","0","0.043966006487607956","159879","0","0.008960997685790062","0.799916684627533","0.799916684627533","0","0.7980281710624695","0.799916684627533","0.20008333027362823","7.287034511566162","0.7106005549430847","0.05185113474726677","0.5005746483802795","ssl_emnist_digits_dino","342","OK"
"2026-03-30 05:02:29","8.1min","6618689843cd4546b305398bc1929f45","ssl_emnist_digits_dino_trial_0341","LOCAL","src/cli.py","thallybu","FINISHED","False","None","threshold","0.6683251514732459","250","True","ShallowAutoencoder","None","1024","/data/thallybu/cache","1e-06","0","emnist_digits_dinov2_vits14","0.009629112956126503","True","384","[128, 64]","1","0.6683251514732459","","0.009629112956126503","4","0.0004717456160953743","4","0.24732958723130438","4","","1.598871812978101","1","0.19940502786311243","2","1e-06","0.0004717456160953743","5","4","10","4","0.24732958723130438","L","random","None","4","50","1.598871812978101","threshold","1.0","42","10","[0.9, 0.1]","0.19940502786311243","0.1","False","True","True","2","10","0.005033575464040041","672.959716796875","0.49161481857299805","0.1958947479724884","0.39358192682266235","0.3005954623222351","0.564704179763794","0.5405439138412476","0.5368047952651978","0.621667742729187","0.5923275351524353","0.4800032377243042","0.44007351994514465","0.5725719928741455","10","0.6683251261711121","0.0028091699350625277","0.0045600212179124355","0.0056134476326406","0.005920523777604103","0.0037820907309651375","0.006531441118568182","0.004295391030609608","0.004596654791384935","0.004919230937957764","0.005155954509973526","0.004284524358808994","0.064740389585495","0.06442996859550476","2890","40","0","0.04965930059552193","144881","0","0.01102698128670454","0.7378333210945129","0.7378333210945129","0","0.7425752282142639","0.7378333210945129","0.2621666491031647","7.320594310760498","0.7846062779426575","0.04839121550321579","0.5158979296684265","ssl_emnist_digits_dino","341","OK"
"2026-03-30 05:01:53","35.4s","b26b645b3655433d9b5e706bc94270ae","ssl_emnist_digits_dino_trial_0340","LOCAL","src/cli.py","thallybu","FINISHED","False","None","threshold","0.42244586912627596","250","True","ShallowAutoencoder","None","1024","/data/thallybu/cache","1e-06","0","emnist_digits_dinov2_vits14","0.003078480496059389","True","384","[128, 64]","1","0.42244586912627596","","0.003078480496059389","4","0.0005627674133118397","28","0.23920218409765379","4","","1.5998784807940443","1","0.17325421302861665","2","1e-06","0.0005627674133118397","5","28","10","4","0.23920218409765379","L","random","None","4","50","1.5998784807940443","threshold","1.0","42","10","[0.9, 0.1]","0.17325421302861665","0.1","False","True","True","2","1","0.0065286117605865","0.18962962925434113","0","0","0","0","0","0","0","0","0","0","0","0","0.18962962925434113","0.4224458634853363","0.0034666513092815876","0.01026352308690548","0.007926002144813538","0.00819393526762724","0.007044016849249601","0.008024006150662899","0.004033091478049755","0.004626851063221693","0.005990648176521063","0.003329896368086338","0.004818910267204046","0.006246697157621384","0.0029454289469867945","0","40","0","0.0012183870421722531","40","0","0","0.6964583396911621","0.6964583396911621","0","0.7009109258651733","0.6964583396911621","0.3035416603088379","3.9389333724975586","0.8756648898124695","0.16650618612766266","0.4017309546470642","ssl_emnist_digits_dino","340","FAILED"
"2026-03-30 04:59:15","8.4min","200cc507aac04ba7ac088b0f931fa236","ssl_emnist_digits_dino_trial_0339","LOCAL","src/cli.py","thallybu","FINISHED","False","None","threshold","0.6817918900956287","250","True","ShallowAutoencoder","None","1024","/data/thallybu/cache","1e-06","0","emnist_digits_dinov2_vits14","0.009028200716709102","True","384","[128, 64]","1","0.6817918900956287","","0.009028200716709102","4","0.0005311549508420978","11","0.24996136000357302","4","2","","0","0.19879656017222846","2","1e-06","0.0005311549508420978","5","11","10","4","0.24996136000357302","L","random","None","4","100","1.2","fixed_k","1.0","42","10","[0.9, 0.1]","0.19879656017222846","0.1","False","True","True","2","10","0.005502611398696899","692.7176513671875","0.4782544672489166","0.171274334192276","0.4184720814228058","0.30086973309516907","0.5629903674125671","0.4838816821575165","0.5046862959861755","0.622032880783081","0.57014000415802","0.5171179175376892","0.4630240499973297","0.5219370126724243","10","0.6817919015884399","0.0028156950138509274","0.004149399697780609","0.005554639268666506","0.004132966510951519","0.0037672407925128937","0.006070720497518778","0.00508490577340126","0.004755096044391394","0.0055896565318107605","0.00494752312079072","0.0050901691429317","0.06410316377878189","0.06288772821426392","2916","40","1000","0.04914231598377228","148076","5524","0.010769697837531567","0.7014999985694885","0.7014999985694885","0","0.6996146440505981","0.7014999985694885","0.2985000014305115","6.454887390136719","0.8896941542625427","0.05111484229564667","0.6896479725837708","ssl_emnist_digits_dino","339","OK"
"2026-03-30 04:58:38","36.8s","ea10d56b8b304c4eb1365183d0251679","ssl_emnist_digits_dino_trial_0338","LOCAL","src/cli.py","thallybu","FINISHED","False","None","threshold","0.6890007964032051","250","True","ShallowAutoencoder","None","1024","/data/thallybu/cache","1e-06","0","emnist_digits_dinov2_vits14","0.006590674077163322","True","384","[128, 64]","1","0.6890007964032051","","0.006590674077163322","4","0.0004997330412990574","8","0.24071533716911844","4","0","","0","0.175879928523072","2","1e-06","0.0004997330412990574","5","8","10","4","0.24071533716911844","L","random","None","4","25","1.2","fixed_k","1.0","42","10","[0.9, 0.1]","0.175879928523072","0.1","False","True","True","2","1","0.007216796278953552","0.18962962925434113","0","0","0","0","0","0","0","0","0","0","0","0","0.18962962925434113","0.6890007853507996","0.003286597551777959","0.006268065422773361","0.003579569049179554","0.010091260075569153","0.008039317093789577","0.006537649780511856","0.00906367041170597","0.009168648160994053","0.004228562116622925","0.008595515042543411","0.007014882750809193","0.006400258745998144","0.002874344354495406","0","40","0","0.0013764670584350824","40","0","0","0.6383749842643738","0.6383749842643738","0","0.6342861652374268","0.6383749842643738","0.36162498593330383","6.086828231811523","0.909855306148529","0.12738722562789917","0.4092300236225128","ssl_emnist_digits_dino","338","FAILED"
"2026-03-30 04:53:49","8.1min","7e2ac0757b404a1785439ee409ce19d5","ssl_emnist_digits_dino_trial_0337","LOCAL","src/cli.py","thallybu","FINISHED","False","None","threshold","0.684658576642212","250","True","ShallowAutoencoder","None","1024","/data/thallybu/cache","1e-06","0","emnist_digits_dinov2_vits14","0.007890230702713892","True","384","[128, 64]","1","0.684658576642212","","0.007890230702713892","4","0.0004128536255187435","13","0.24546486717667543","4","0","","0","0.18935033106187504","2","1e-06","0.0004128536255187435","5","13","10","4","0.24546486717667543","L","random","None","4","25","1.2","fixed_k","1.0","42","10","[0.9, 0.1]","0.18935033106187504","0.1","False","True","True","2","10","0.006295067723840475","686.1448974609375","0.49176526069641113","0.17660358548164368","0.450244665145874","0.33952996134757996","0.6011229753494263","0.5678146481513977","0.47159984707832336","0.542126476764679","0.5845354199409485","0.5233197808265686","0.4521811306476593","0.501384437084198","10","0.6846585869789124","0.00277365418151021","0.005236561875790358","0.006406968925148249","0.0060118576511740685","0.004350836388766766","0.006437991745769978","0.004181175958365202","0.00442161038517952","0.005669833160936832","0.005136143881827593","0.0042684427462518215","0.06672180444002151","0.06484640389680862","3419","40","250","0.05212142691016197","147942","1455","0.010281509719789028","0.7352499961853027","0.7352499961853027","0","0.7365325689315796","0.7352499961853027","0.26475000381469727","6.711843490600586","0.8176613450050354","0.053579963743686676","0.6062497496604919","ssl_emnist_digits_dino","337","OK"
"2026-03-30 04:51:41","1.1h","ac761eb5161942298761409314b799b8","ssl_emnist_digits_dino_trial_0336","LOCAL","src/cli.py","thallybu","FINISHED","False","None","threshold","0.6799546417217951","250","True","ShallowAutoencoder","None","1024","/data/thallybu/cache","1e-06","0","emnist_digits_dinov2_vits14","0.007289129774536985","True","384","[128, 64]","1","0.6799546417217951","","0.007289129774536985","4","0.0004162607203984139","10","0.24374333597785297","4","0","","0","0.19954858683719437","2","1e-06","0.0004162607203984139","5","10","10","4","0.24374333597785297","L","random","None","4","25","1.2","fixed_k","1.0","42","10","[0.9, 0.1]","0.19954858683719437","0.1","False","True","True","2","71","0.002353010233491659","850.0073852539062","0.44748052954673767","0.1930709183216095","0.3130452632904053","0.2189682126045227","0.5424667596817017","0.45322227478027344","0.4672039747238159","0.6201270818710327","0.47585803270339966","0.5047991275787354","0.40991589426994324","0.528108537197113","10","0.6799546480178833","0.005435372237116098","0.0025896604638546705","0.0029915363993495703","0.0031311744824051857","0.0021721210796386003","0.0040020630694925785","0.003186863614246249","0.002945082960650325","0.003013161476701498","0.0029751185793429613","0.0024948157370090485","0.046110257506370544","0.04663075879216194","175","40","250","0.029501602053642273","179274","11603","0.010599766857922077","0.8827916383743286","0.8827916383743286","0","0.8810465335845947","0.8827916383743286","0.117208331823349","8.572603225708008","0.6005595922470093","0.04544253647327423","0.43750953674316406","ssl_emnist_digits_dino","336","OK"
"2026-03-30 04:50:19","8.3min","2be7dd1d728c4d20947054e6ae1475d4","ssl_emnist_digits_dino_trial_0335","LOCAL","src/cli.py","thallybu","FINISHED","False","None","threshold","0.7005262706384381","250","True","ShallowAutoencoder","None","1024","/data/thallybu/cache","1e-06","0","emnist_digits_dinov2_vits14","0.00010324467886859562","True","384","[128, 64]","1","0.7005262706384381","","0.00010324467886859562","4","0.0004312052131638634","13","0.24488635227597852","4","0","","0","0.18822888513906846","2","1e-06","0.0004312052131638634","5","13","10","4","0.24488635227597852","L","random","None","4","25","1.2","fixed_k","1.0","42","10","[0.9, 0.1]","0.18822888513906846","0.1","False","True","True","2","10","0.006788103375583887","706.1543579101562","0.5187527537345886","0.19087938964366913","0.4456314146518707","0.3169920742511749","0.6303818225860596","0.6053571105003357","0.5026848316192627","0.6196922659873962","0.6351003646850586","0.5936687588691711","0.45729491114616394","0.579475998878479","10","0.7005262970924377","0.002347867237403989","0.004866992123425007","0.006151587702333927","0.00607908982783556","0.0048772296868264675","0.0058076707646250725","0.004846100229769945","0.007805888075381517","0.005928547587245703","0.005816985387355089","0.004580467473715544","0.07103462517261505","0.0683811604976654","3022","40","250","0.056760553270578384","151767","1341","0.010263889096677303","0.6932083368301392","0.6932083368301392","0","0.6815450191497803","0.6932083368301392","0.30679166316986084","8.032452583312988","0.9544275403022766","0.05426448956131935","0.8271775841712952","ssl_emnist_digits_dino","335","OK"
"2026-03-30 04:49:38","39.3s","e16c6d5d608d43068cf0e2b2b083a5a7","ssl_emnist_digits_dino_trial_0334","LOCAL","src/cli.py","thallybu","FINISHED","False","None","threshold","0.6717298001080083","250","True","ShallowAutoencoder","None","1024","/data/thallybu/cache","1e-06","0","emnist_digits_dinov2_vits14","0.013349766332190857","True","384","[128, 64]","1","0.6717298001080083","","0.013349766332190857","4","0.0005018255776678607","7","0.24979581425825342","4","0","","0","0.19848094555440393","2","1e-06","0.0005018255776678607","5","7","10","4","0.24979581425825342","L","random","None","4","25","1.2","fixed_k","1.0","42","10","[0.9, 0.1]","0.19848094555440393","0.1","False","True","True","2","1","0.007056497037410736","0.18933333456516266","0","0","0","0","0","0","0","0","0","0","0","0","0.1845925897359848","0.6717298030853271","0.003167945658788085","0.00616175401955843","0.006508179474622011","0.005658778827637434","0.00434463657438755","0.008626699447631836","0.008393491618335247","0.006803012918680906","0.008846011944115162","0.006463607773184776","0.006259034853428602","0.006457074545323849","0.002882188418880105","0","40","0","0.0012688339920714498","40","0","0.00025761002325452864","0.7110416889190674","0.7110416889190674","0","0.7187039256095886","0.7110416889190674","0.288958340883255","4.226406574249268","0.8705239295959473","0.0977984368801117","0.37272992730140686","ssl_emnist_digits_dino","334","FAILED"
"2026-03-30 04:38:20","11.3min","129844c3576545ea93a7ed20a2c0701a","ssl_emnist_digits_dino_trial_0333","LOCAL","src/cli.py","thallybu","FINISHED","False","None","threshold","0.8543919167264917","250","True","ShallowAutoencoder","None","1024","/data/thallybu/cache","1e-06","0","emnist_digits_dinov2_vits14","0.0019112678857349033","True","384","[128, 64]","1","0.8543919167264917","","0.0019112678857349033","4","0.0004779489964240655","9","0.2483651233650559","4","2","","0","0.18155493995966052","2","1e-06","0.0004779489964240655","5","9","10","4","0.2483651233650559","L","random","None","4","100","1.2","fixed_k","1.0","42","10","[0.9, 0.1]","0.18155493995966052","0.1","False","True","True","2","13","0.0041466401889920235","943.8426513671875","0.600925862789154","0.2222619503736496","0.43081289529800415","0.3181634545326233","0.7451692223548889","0.6284697651863098","0.5676092505455017","0.7187440991401672","0.6881384253501892","0.6182950735092163","0.5598992109298706","0.7077761888504028","10","0.8543919324874878","0.0034660534001886845","0.004002694506198168","0.005237857345491648","0.005408991128206253","0.0037837184499949217","0.006255368702113628","0.004840263165533543","0.004828418139368296","0.005267537664622068","0.004967350512742996","0.0048710983246564865","0.06379226595163345","0.062157340347766876","1543","40","1000","0.04946330562233925","199690","5805","0.009833045303821564","0.7838749885559082","0.7838749885559082","0","0.7855632305145264","0.7838749885559082","0.2161249965429306","7.301817417144775","0.7507869601249695","0.054571956396102905","0.45409712195396423","ssl_emnist_digits_dino","333","OK"
"2026-03-30 04:22:07","1.4h","8a75d5e0062d494ca8fa6ca974375536","ssl_emnist_digits_dino_trial_0332","LOCAL","src/cli.py","thallybu","FINISHED","False","None","threshold","0.6752872194595835","250","True","ShallowAutoencoder","None","1024","/data/thallybu/cache","1e-06","0","emnist_digits_dinov2_vits14","0.008153846563847121","True","384","[128, 64]","1","0.6752872194595835","","0.008153846563847121","4","0.0005080621425413387","9","0.24999778153708957","4","","1.4721198670421511","1","0.1810457537998283","2","1e-06","0.0005080621425413387","5","9","10","4","0.24999778153708957","L","random","None","4","50","1.4721198670421511","threshold","1.0","42","10","[0.9, 0.1]","0.1810457537998283","0.1","False","True","True","2","90","0.002274799393489957","896.7514038085938","0.48468539118766785","0.21498766541481018","0.3700020909309387","0.21941158175468445","0.6621820330619812","0.5273818969726562","0.4502508342266083","0.6000171303749084","0.5114994645118713","0.5150360465049744","0.46967947483062744","0.5683113932609558","10","0.6752872467041016","0.005566731560975313","0.002789486898109317","0.0030442369170486927","0.0034399169962853193","0.0024121510796248913","0.0037634556647390127","0.002887851558625698","0.003026053309440613","0.0033605038188397884","0.0032747704535722733","0.002816227963194251","0.046694476157426834","0.045805156230926514","34","40","0","0.030814647674560547","189245","0","0.009744394570589066","0.8929166793823242","0.8929166793823242","0","0.8930191993713379","0.8929166793823242","0.10708333551883698","8.068469047546387","0.5908389091491699","0.043393075466156006","0.37427014112472534","ssl_emnist_digits_dino","332","OK"
"2026-03-30 03:55:32","58.3min","9f29c94bf22c411ab697140c0023ecfb","ssl_emnist_digits_dino_trial_0331","LOCAL","src/cli.py","thallybu","FINISHED","False","None","threshold","0.702964808465253","250","True","ShallowAutoencoder","None","1024","/data/thallybu/cache","1e-06","0","emnist_digits_dinov2_vits14","0.0012209349919784559","True","384","[128, 64]","1","0.702964808465253","","0.0012209349919784559","4","0.0004955799923905276","6","0.24698764987412597","4","","1.5142108445884108","1","0.17529428851942155","2","1e-06","0.0004955799923905276","5","6","10","4","0.24698764987412597","L","random","None","4","50","1.5142108445884108","threshold","1.0","42","10","[0.9, 0.1]","0.17529428851942155","0.1","False","True","True","2","65","0.0024785997811704874","918.1795654296875","0.5155603289604187","0.22632598876953125","0.41678789258003235","0.2247796505689621","0.6938465237617493","0.5291959047317505","0.47133874893188477","0.6634131669998169","0.5845597386360168","0.5480169057846069","0.4316830635070801","0.6285446286201477","10","0.7029647827148438","0.005241230130195618","0.0027919854037463665","0.0030972969252616167","0.003954759333282709","0.0023083328269422054","0.003786498913541436","0.002819910878315568","0.0032475257758051157","0.0036459278780966997","0.00316402199678123","0.0025986693799495697","0.04665125906467438","0.047406475991010666","51","40","0","0.03141492232680321","193784","0","0.009382899850606918","0.8691250085830688","0.8691250085830688","0","0.8690168857574463","0.8691250085830688","0.13087499141693115","8.795578956604004","0.6295056939125061","0.046945761889219284","0.4210013151168823","ssl_emnist_digits_dino","331","OK"
"2026-03-30 03:50:31","1.5h","2cb6666f46a7430ab915b127af711663","ssl_emnist_digits_dino_trial_0330","LOCAL","src/cli.py","thallybu","FINISHED","False","None","threshold","0.5979790771313631","250","True","ShallowAutoencoder","None","1024","/data/thallybu/cache","1e-06","0","emnist_digits_dinov2_vits14","0.00942448038997412","True","384","[128, 64]","1","0.5979790771313631","","0.00942448038997412","4","0.0005076477497637472","28","0.24938921292226973","4","","1.4947697837369598","1","0.17670505804748615","2","1e-06","0.0005076477497637472","5","28","10","4","0.24938921292226973","L","random","None","4","50","1.4947697837369598","threshold","1.0","42","10","[0.9, 0.1]","0.17670505804748615","0.1","False","True","True","2","99","0.0022246844600886106","816.6553955078125","0.42326033115386963","0.18840637803077698","0.32754528522491455","0.21324165165424347","0.5298043489456177","0.4496896266937256","0.4043702781200409","0.5874937176704407","0.5018459558486938","0.41403138637542725","0.42562630772590637","0.4962097108364105","10","0.5979790687561035","0.005524197593331337","0.0027929642237722874","0.0030040573328733444","0.0030633164569735527","0.0022106082178652287","0.003642700146883726","0.0026701311580836773","0.0030857669189572334","0.0030258153565227985","0.003123208414763212","0.0025634875055402517","0.044745881110429764","0.04485385864973068","27","40","0","0.02918205037713051","172336","0","0.009484820999205112","0.9018333554267883","0.9018333554267883","0","0.9010215997695923","0.9018333554267883","0.09816666692495346","8.033710479736328","0.5625119805335999","0.04369041696190834","0.3855878412723541","ssl_emnist_digits_dino","330","OK"
"2026-03-30 03:50:02","28.4s","5e1b3c08ca0e44f8bc2a06ba9b87cc3d","ssl_emnist_digits_dino_trial_0329","LOCAL","src/cli.py","thallybu","FINISHED","False","None","threshold","0.6091441441419776","250","True","ShallowAutoencoder","None","1024","/data/thallybu/cache","1e-06","0","emnist_digits_dinov2_vits14","0.012948243347129554","True","384","[128, 64]","1","0.6091441441419776","","0.012948243347129554","4","0.0005350481370363443","27","0.21807507933087628","4","","1.5803860531744902","1","0.1982333750242672","2","1e-06","0.0005350481370363443","5","27","10","4","0.21807507933087628","L","random","None","4","50","1.5803860531744902","threshold","1.0","42","10","[0.9, 0.1]","0.1982333750242672","0.1","False","True","True","2","1","0.007039719261229038","0.18962962925434113","0","0","0","0","0","0","0","0","0","0","0","0","0.18962962925434113","0.6091441512107849","0.0035171122290194035","0.005006744526326656","0.013213751837611198","0.005900881718844175","0.007717087399214506","0.010098423808813095","0.0068824198096990585","0.005061826668679714","0.006328769959509373","0.007170936092734337","0.007036940660327673","0.006463480181992054","0.0035850885324180126","0","40","0","0.001411181641742587","40","0","0","0.640708327293396","0.640708327293396","0","0.6468886137008667","0.640708327293396","0.359291672706604","3.6564347743988037","0.9096595644950867","0.1811024695634842","0.34104353189468384","ssl_emnist_digits_dino","329","FAILED"
"2026-03-30 03:49:00","1.5h","646f0d7e84734ce8806f7ca6e2d8cbf3","ssl_emnist_digits_dino_trial_0328","LOCAL","src/cli.py","thallybu","FINISHED","False","None","threshold","0.6113294515935319","250","True","ShallowAutoencoder","None","1024","/data/thallybu/cache","1e-06","0","emnist_digits_dinov2_vits14","0.013819600238068396","True","384","[128, 64]","1","0.6113294515935319","","0.013819600238068396","4","0.0004921097178754427","27","0.22236591954390117","4","","1.454615907468862","1","0.19875861819679405","2","1e-06","0.0004921097178754427","5","27","10","4","0.22236591954390117","L","random","None","4","50","1.454615907468862","threshold","1.0","42","10","[0.9, 0.1]","0.19875861819679405","0.1","False","True","True","2","99","0.002490387298166752","826.3899536132812","0.4396267831325531","0.19365154206752777","0.31943023204803467","0.21898485720157623","0.552307665348053","0.4628565311431885","0.4007415175437927","0.5851398706436157","0.5401433706283569","0.4591350257396698","0.44013383984565735","0.48312777280807495","10","0.6113294363021851","0.005117770284414291","0.0029073311015963554","0.003211026778444648","0.003262596670538187","0.0023257103748619556","0.003742559812963009","0.0030839270912110806","0.0033798483200371265","0.003244754858314991","0.003217429155483842","0.00258606462739408","0.04725753515958786","0.047569893300533295","66","40","0","0.030961254611611366","174431","0","0.010624747723340988","0.8824166655540466","0.8824166655540466","0","0.8822683095932007","0.8824166655540466","0.11758333444595337","10.210959434509277","0.6039799451828003","0.04667593911290169","0.4767622947692871","ssl_emnist_digits_dino","328","OK"
"2026-03-30 03:42:36","7.4min","817451d902dc445384785fc82fab7780","ssl_emnist_digits_dino_trial_0327","LOCAL","src/cli.py","thallybu","FINISHED","False","None","fixed_k","0.9","100","True","ShallowAutoencoder","None","1024","/data/thallybu/cache","1e-06","0","emnist_digits_dinov2_vits14","0.00415374309405217","True","384","[128, 64]","0","","2","0.00415374309405217","4","0.0005936353571977997","27","0.22307821806076852","4","","1.4268723256796187","1","0.1896224456375508","2","1e-06","0.0005936353571977997","5","27","10","4","0.22307821806076852","L","random","None","4","50","1.4268723256796187","threshold","1.0","42","10","[0.9, 0.1]","0.1896224456375508","0.1","False","True","True","2","10","0.00785124208778143","33.364742279052734","0.23545975983142853","0.08551819622516632","0.15805023908615112","0.1517607420682907","0.28724342584609985","0.25766804814338684","0.26790106296539307","0.23846186697483063","0.29975607991218567","0.23136313259601593","0.21315304934978485","0.24924013018608093","9.687110900878906","","0.0012913841055706143","0.0027585260104388","0.00388237158767879","0.002917035948485136","0.0028169380966573954","0.005005872342735529","0.0027126604691147804","0.0032094274647533894","0.002651579212397337","0.003342124866321683","0.0029684286564588547","0.04450882598757744","0.04384665563702583","1000","40","0","0.03125818818807602","8040","0","0.010207811370491982","0.7139583230018616","0.7139583230018616","0","0.7198010087013245","0.7139583230018616","0.2860416769981384","6.472406387329102","0.8407818675041199","0.06715384870767593","0.49262890219688416","ssl_emnist_digits_dino","327","OK"
"2026-03-30 03:42:01","34.1s","60299857ebfe4b61a8aa737c3c808d9c","ssl_emnist_digits_dino_trial_0326","LOCAL","src/cli.py","thallybu","FINISHED","False","None","threshold","0.6815507403196813","250","True","ShallowAutoencoder","None","1024","/data/thallybu/cache","1e-06","0","emnist_digits_dinov2_vits14","0.07289531332625995","True","384","[128, 64]","1","0.6815507403196813","","0.07289531332625995","4","0.0007218738394047119","28","0.24364627070333666","4","","1.5629216975483429","1","0.168656199323011","2","1e-06","0.0007218738394047119","5","28","10","4","0.24364627070333666","L","random","None","4","50","1.5629216975483429","threshold","1.0","42","10","[0.9, 0.1]","0.168656199323011","0.1","False","True","True","2","1","0.007012953050434589","0.18962962925434113","0","0","0","0","0","0","0","0","0","0","0","0","0.18962962925434113","0.6815507411956787","0.003218873869627714","0.010299486108124256","0.00805891864001751","0.007476674392819405","0.0068070124834775925","0.01040557399392128","0.005129687488079071","0.0056142862886190414","0.00680653378367424","0.004004100803285837","0.004772612359374762","0.006243107374757528","0.003065768163651228","0","40","0","0.001315553323365748","40","0","0","0.6646249890327454","0.6646249890327454","0","0.6605700254440308","0.6646249890327454","0.33537501096725464","5.136102676391602","0.905099093914032","0.16842976212501526","0.40784135460853577","ssl_emnist_digits_dino","326","FAILED"
"2026-03-30 03:40:47","1.4h","39bc674611334b3dbd6e66df4eca40db","ssl_emnist_digits_dino_trial_0325","LOCAL","src/cli.py","thallybu","FINISHED","False","None","threshold","0.68383325870646","250","True","ShallowAutoencoder","None","1024","/data/thallybu/cache","1e-06","0","emnist_digits_dinov2_vits14","0.004370183012447287","True","384","[128, 64]","1","0.68383325870646","","0.004370183012447287","4","0.00042117448443216763","27","0.2497632274218528","4","","1.5579618662013592","1","0.17776270786630952","2","1e-06","0.00042117448443216763","5","27","10","4","0.2497632274218528","L","random","None","4","50","1.5579618662013592","threshold","1.0","42","10","[0.9, 0.1]","0.17776270786630952","0.1","False","True","True","2","94","0.0021806072909384966","906.2139282226562","0.49354156851768494","0.2159387320280075","0.36750996112823486","0.23557956516742706","0.6565953493118286","0.5138177275657654","0.43495091795921326","0.662778913974762","0.5452351570129395","0.48491695523262024","0.5384941101074219","0.5326682329177856","10","0.6838332414627075","0.005583975929766893","0.0025994249153882265","0.003115482861176133","0.0036752133164554834","0.002251845085993409","0.0037128152325749397","0.0028471744153648615","0.0031232978217303753","0.0030590586829930544","0.003622663440182805","0.002597213489934802","0.04625611752271652","0.04695798456668854","32","40","0","0.03060418739914894","191239","0","0.009523303247988224","0.8760833144187927","0.8760833144187927","0","0.8749412894248962","0.8760833144187927","0.12391666322946548","10.043265342712402","0.6202692985534668","0.0434863343834877","0.4449313282966614","ssl_emnist_digits_dino","325","OK"
"2026-03-30 03:40:08","37.9s","5814240de0fb4cdd9e2a73bb57b79d00","ssl_emnist_digits_dino_trial_0324","LOCAL","src/cli.py","thallybu","FINISHED","False","None","threshold","0.6211854508331899","250","True","ShallowAutoencoder","None","1024","/data/thallybu/cache","1e-06","0","emnist_digits_dinov2_vits14","0.011544409467349028","True","384","[128, 64]","1","0.6211854508331899","","0.011544409467349028","4","0.0005365076294345381","28","0.22716958227882963","4","","1.4267933039120344","1","0.16896084932172153","2","1e-06","0.0005365076294345381","5","28","10","4","0.22716958227882963","L","random","None","4","50","1.4267933039120344","threshold","1.0","42","10","[0.9, 0.1]","0.16896084932172153","0.1","False","True","True","2","1","0.006852292455732822","0.18962962925434113","0","0","0","0","0","0","0","0","0","0","0","0","0.18962962925434113","0.6211854219436646","0.0035468374844640493","0.010158022865653038","0.008072471246123314","0.00809982419013977","0.006689915899187326","0.00946863554418087","0.0044486867263913155","0.005444043781608343","0.005954582244157791","0.0037816655822098255","0.004692097194492817","0.006370382849127054","0.0031469021923840046","0","40","0","0.0012669145362451673","40","0","0","0.6946666836738586","0.6946666836738586","0","0.6982975602149963","0.6946666836738586","0.30533331632614136","3.7910714149475098","0.8809425234794617","0.17829546332359314","0.39364415407180786","ssl_emnist_digits_dino","324","FAILED"
"2026-03-30 03:37:49","1.2h","9ae957478e224d408b1d30ef884b5fc2","ssl_emnist_digits_dino_trial_0323","LOCAL","src/cli.py","thallybu","FINISHED","False","None","threshold","0.6850915540113722","250","True","ShallowAutoencoder","None","1024","/data/thallybu/cache","1e-06","0","emnist_digits_dinov2_vits14","0.009208819790210265","True","384","[128, 64]","1","0.6850915540113722","","0.009208819790210265","4","0.0006972655089522434","28","0.2266418601078903","4","","1.5927279983391065","1","0.16905271352504125","2","1e-06","0.0006972655089522434","5","28","10","4","0.2266418601078903","L","random","None","4","50","1.5927279983391065","threshold","1.0","42","10","[0.9, 0.1]","0.16905271352504125","0.1","False","True","True","2","80","0.002505531767383218","898.2655029296875","0.4886661469936371","0.21146199107170105","0.4656834900379181","0.22070877254009247","0.6203447580337524","0.523878276348114","0.44538068771362305","0.6092633605003357","0.5783075094223022","0.5353450179100037","0.42279183864593506","0.5164873003959656","10","0.6850915551185608","0.005222606938332319","0.0037455749697983265","0.003261911915615201","0.0035506105050444603","0.0026072466280311346","0.0037427395582199097","0.0030106469057500362","0.0038147512823343277","0.003412561258301139","0.0032402260694652796","0.0027192486450076103","0.04805612191557884","0.04777466133236885","36","40","0","0.03310549631714821","189566","0","0.009160141460597515","0.8788750171661377","0.8788750171661377","0","0.8786081671714783","0.8788750171661377","0.1211249977350235","8.24651050567627","0.6132500171661377","0.03923961892724037","0.4234551191329956","ssl_emnist_digits_dino","323","OK"
"2026-03-30 03:37:15","33.4s","01863883b849408f93be778f2f8f0e1f","ssl_emnist_digits_dino_trial_0322","LOCAL","src/cli.py","thallybu","FINISHED","False","None","threshold","0.6124083694264362","250","True","ShallowAutoencoder","None","1024","/data/thallybu/cache","1e-06","0","emnist_digits_dinov2_vits14","0.017021393637018753","True","384","[128, 64]","1","0.6124083694264362","","0.017021393637018753","4","0.0005578614396402094","28","0.23959606096464073","4","","1.5661923738158403","1","0.1814916043179929","1","1e-06","0.0005578614396402094","5","28","10","4","0.23959606096464073","L","random","None","4","50","1.5661923738158403","threshold","1.0","42","10","[0.9, 0.1]","0.1814916043179929","0.1","False","True","True","1","1","0.00691728200763464","0.18962962925434113","0","0","0","0","0","0","0","0","0","0","0","0","0.18962962925434113","0.6124083399772644","0.0035165834706276655","0.010186766274273396","0.008086513727903366","0.00823790580034256","0.006521924398839474","0.00968045461922884","0.004291648045182228","0.005338788498193026","0.006330256350338459","0.00340798101387918","0.0045785680413246155","0.006438023876398802","0.0032398588955402374","0","40","0","0.0012640866916626692","40","0","0","0.7022916674613953","0.7022916674613953","0","0.7074892520904541","0.7022916674613953","0.29770833253860474","4.052790641784668","0.8685284852981567","0.1813237965106964","0.37055057287216187","ssl_emnist_digits_dino","322","FAILED"
"2026-03-30 03:34:58","7.0min","48c242efa20c4177a9c1a569bb8cf4d7","ssl_emnist_digits_dino_trial_0321","LOCAL","src/cli.py","thallybu","FINISHED","False","None","threshold","0.5987872564092332","250","True","ShallowAutoencoder","None","1024","/data/thallybu/cache","1e-06","0","emnist_digits_dinov2_vits14","0.011185131139824117","True","384","[16]","1","0.5987872564092332","","0.011185131139824117","1","0.0004490030727179135","29","0.23382734515748965","4","0","","0","0.18091559169248525","2","1e-06","0.0004490030727179135","5","29","10","4","0.23382734515748965","L","random","None","4","25","1.2","fixed_k","1.0","42","10","[0.9, 0.1]","0.18091559169248525","0.1","False","True","True","2","10","0.007318338379263878","455.5122985839844","0.44737327098846436","0.12968847155570984","0.44048258662223816","0.37685146927833557","0.5323342084884644","0.49194756150245667","0.46600183844566345","0.49454641342163086","0.4892439544200897","0.4421681761741638","0.408060222864151","0.44284552335739136","10","0.598787248134613","0.0006128044915385544","0.006391353439539671","0.007753896526992321","0.004759794566780329","0.005476678721606731","0.0071115028113126755","0.0047871205024421215","0.005139870569109917","0.006395477335900068","0.006060050800442696","0.0042627607472240925","0.07134246826171875","0.07125982642173767","716","40","250","0.05813850089907646","96579","1748","0.010879911482334137","0.6774583458900452","0.6774583458900452","0","0.6801522374153137","0.6774583458900452","0.32254165410995483","7.183834552764893","0.8698896169662476","0.12273901700973511","0.5224358439445496","ssl_emnist_digits_dino","321","OK"
"2026-03-30 03:34:21","36.3s","bc325391ce854100bba8fe0eb041739b","ssl_emnist_digits_dino_trial_0320","LOCAL","src/cli.py","thallybu","FINISHED","False","None","threshold","0.5877589318375521","250","True","ShallowAutoencoder","None","1024","/data/thallybu/cache","1e-06","0","emnist_digits_dinov2_vits14","0.006345737285301769","True","384","[128, 64]","1","0.5877589318375521","","0.006345737285301769","4","0.0007047603934308696","29","0.21588239393673003","4","0","","0","0.18207136707908425","2","1e-06","0.0007047603934308696","5","29","10","4","0.21588239393673003","L","random","None","4","25","1.2","fixed_k","1.0","42","10","[0.9, 0.1]","0.18207136707908425","0.1","False","True","True","2","1","0.0068740639835596085","0.18962962925434113","0","0","0","0","0","0","0","0","0","0","0","0","0.18488888442516327","0.5877589583396912","0.003051002509891987","0.006641821004450321","0.00852882955223322","0.0058967540971934795","0.008833151310682297","0.004688882734626532","0.0048421029932796955","0.006760401651263237","0.007713887374848127","0.010065767914056778","0.005987640004605055","0.026505116373300552","0.0025489924009889364","0","40","0","0.0012986795045435429","40","0","0.020671440288424492","0.6227916479110718","0.6227916479110718","0","0.6005511283874512","0.6227916479110718","0.37720832228660583","5.187150001525879","0.9834316372871399","0.12778730690479279","0.5347868800163269","ssl_emnist_digits_dino","320","FAILED"
"2026-03-30 03:30:03","7.2min","00407a7937d3470b94515eb631c560c1","ssl_emnist_digits_dino_trial_0319","LOCAL","src/cli.py","thallybu","FINISHED","False","None","threshold","0.5911756975682468","250","True","ShallowAutoencoder","None","1024","/data/thallybu/cache","1e-06","0","emnist_digits_dinov2_vits14","0.01305447055144579","True","384","[16]","1","0.5911756975682468","","0.01305447055144579","1","0.0004608948636729134","29","0.23423584155418023","4","0","","0","0.19806156823420407","2","1e-06","0.0004608948636729134","5","29","10","4","0.23423584155418023","L","random","None","4","25","1.2","fixed_k","1.0","42","10","[0.9, 0.1]","0.19806156823420407","0.1","False","True","True","2","10","0.007177228108048439","449.244140625","0.446442574262619","0.12829214334487915","0.44209611415863037","0.37341755628585815","0.5290096998214722","0.4855014681816101","0.47499218583106995","0.49546048045158386","0.4855816960334778","0.4525579810142517","0.4101089537143707","0.4346010088920593","10","0.5911756753921509","0.0005823700339533389","0.006324201822280884","0.007651044055819511","0.004697076044976711","0.004315775353461504","0.006982377264648676","0.004609833471477032","0.005087706260383129","0.006450248416513205","0.006082352716475725","0.004217266570776701","0.07032971829175949","0.07035175710916519","810","40","250","0.05641789361834526","95350","1746","0.011648259125649929","0.7273749709129333","0.7273749709129333","0","0.7309703230857849","0.7273749709129333","0.27262499928474426","5.089719295501709","0.8119683265686035","0.13066627085208893","0.4646111726760864","ssl_emnist_digits_dino","319","OK"
"2026-03-30 03:29:23","39.8s","c6fdb32cc13549cfbf2cf09df9926603","ssl_emnist_digits_dino_trial_0318","LOCAL","src/cli.py","thallybu","FINISHED","False","None","threshold","0.6929067352610644","250","True","ShallowAutoencoder","None","1024","/data/thallybu/cache","1e-06","0","emnist_digits_dinov2_vits14","0.011319020044312934","True","384","[128, 64]","1","0.6929067352610644","","0.011319020044312934","4","0.0005959271949393413","30","0.22140344417140115","4","0","","0","0.18839022545470918","2","1e-06","0.0005959271949393413","5","30","10","4","0.22140344417140115","L","random","None","4","25","1.2","fixed_k","1.0","42","10","[0.9, 0.1]","0.18839022545470918","0.1","False","True","True","2","1","0.007862057536840439","0.18962962925434113","0","0","0","0","0","0","0","0","0","0","0","0","0.18962962925434113","0.6929067373275757","0.003456534119322896","0.01025472767651081","0.007047412451356649","0.005016092676669359","0.0047625284641981125","0.0074427807703614235","0.008442042395472527","0.007348203100264072","0.0022150580771267414","0.008894292637705803","0.0065138922072947025","0.006485511548817158","0.008608910255134106","0","40","0","0.0012882872251793742","40","0","0","0.6230416893959045","0.6230416893959045","0","0.6135523915290833","0.6230416893959045","0.37695834040641785","4.239764213562012","0.925335705280304","0.13356086611747742","0.4112042188644409","ssl_emnist_digits_dino","318","FAILED"
"2026-03-30 03:28:57","11.2min","7cc6795097004e1199430922cb194685","ssl_emnist_digits_dino_trial_0317","LOCAL","src/cli.py","thallybu","FINISHED","False","None","threshold","0.6934719738521926","250","True","ShallowAutoencoder","None","1024","/data/thallybu/cache","1e-06","0","emnist_digits_dinov2_vits14","0.017869559599938446","True","384","[128, 64]","1","0.6934719738521926","","0.017869559599938446","4","0.0006686981395608383","29","0.2151195154346554","4","0","","0","0.18834541730798066","2","1e-06","0.0006686981395608383","5","29","10","4","0.2151195154346554","L","random","None","4","25","1.2","fixed_k","1.0","42","10","[0.9, 0.1]","0.18834541730798066","0.1","False","True","True","2","13","0.0043423171155154705","775.0079956054688","0.5032248497009277","0.1970449835062027","0.43471968173980713","0.3151342570781708","0.6422942280769348","0.5289245843887329","0.48833802342414856","0.5929325222969055","0.5974079370498657","0.5210778117179871","0.43647250533103943","0.5533793568611145","10","0.6934719681739807","0.0029296204447746277","0.004590205382555723","0.004996124655008316","0.005868496373295784","0.0038322240579873323","0.005425869952887297","0.003786171320825815","0.004875611513853073","0.004599933046847582","0.004409266170114279","0.004009723663330078","0.06049317494034767","0.05912475660443306","2466","40","250","0.04639362543821335","165741","2069","0.010235797613859177","0.7772083282470703","0.7772083282470703","0","0.777180552482605","0.7772083282470703","0.2227916568517685","11.224528312683105","0.7852244973182678","0.047284867614507675","0.6647973656654358","ssl_emnist_digits_dino","317","OK"
"2026-03-30 03:28:27","30.0s","050c80642e044b98bec001f6076ba127","ssl_emnist_digits_dino_trial_0316","LOCAL","src/cli.py","thallybu","FINISHED","False","None","threshold","0.7007282204434923","250","True","ShallowAutoencoder","None","1024","/data/thallybu/cache","1e-06","0","emnist_digits_dinov2_vits14","0.016510439095817616","True","384","[128]","1","0.7007282204434923","","0.016510439095817616","3","0.0005088689315664388","28","0.2096779045019523","4","0","","0","0.18898454014747038","2","1e-06","0.0005088689315664388","5","28","10","4","0.2096779045019523","L","random","None","4","25","1.2","fixed_k","1.0","42","10","[0.9, 0.1]","0.18898454014747038","0.1","False","True","True","2","1","0.006785474251955748","0.18962962925434113","0","0","0","0","0","0","0","0","0","0","0","0","0.18962962925434113","0.7007282376289368","0.0029110428877174854","0.00610397569835186","0.006426424719393253","0.008224256336688995","0.006588107906281948","0.004931176546961069","0.0055124820210039616","0.003220825921744108","0.008376140147447586","0.004956019576638937","0.007087024860084057","0.005498633719980717","0.0030175279825925827","0","40","0","0.0011648270301520824","40","0","0","0.6763333082199097","0.6763333082199097","0","0.6741693615913391","0.6763333082199097","0.32366666197776794","5.011606693267822","0.9319233894348145","0.21257467567920685","0.39393723011016846","ssl_emnist_digits_dino","316","FAILED"
"2026-03-30 03:24:23","9.9min","04502fc83b35416aad8a43d24078f9b7","ssl_emnist_digits_dino_trial_0315","LOCAL","src/cli.py","thallybu","FINISHED","False","None","threshold","0.6913660364160987","250","True","ShallowAutoencoder","None","1024","/data/thallybu/cache","1e-06","0","emnist_digits_dinov2_vits14","0.006199086847298767","True","384","[128]","1","0.6913660364160987","","0.006199086847298767","3","0.000628705193975554","30","0.2208082735794309","4","0","","0","0.19885297182722997","2","1e-06","0.000628705193975554","5","30","10","4","0.2208082735794309","L","random","None","4","25","1.2","fixed_k","1.0","42","10","[0.9, 0.1]","0.19885297182722997","0.1","False","True","True","2","13","0.004110823851078749","754.3123168945312","0.4889775216579437","0.19089242815971375","0.4326460361480713","0.31752946972846985","0.5875734686851501","0.46009132266044617","0.5056270360946655","0.6465751528739929","0.7008732557296753","0.48829177021980286","0.4592326581478119","0.5720266103744507","10","0.6913660168647766","0.004959873389452696","0.00456154765561223","0.0055159167386591434","0.004139646887779236","0.0035893891472369432","0.00576100405305624","0.0048675332218408585","0.004996658302843571","0.004591664765030146","0.004805687349289656","0.004118634853512049","0.06435320526361465","0.06355202943086624","2115","40","250","0.0469476580619812","161021","2002","0.011537935584783554","0.7700833082199097","0.7700833082199097","0","0.7653427720069885","0.7700833082199097","0.22991666197776794","6.813433647155762","0.7650823593139648","0.058822669088840485","0.5697654485702515","ssl_emnist_digits_dino","315","OK"
"2026-03-30 03:21:28","7.0min","2d0ace7d9ef74b959ee94dc5bab4ba48","ssl_emnist_digits_dino_trial_0314","LOCAL","src/cli.py","thallybu","FINISHED","False","None","threshold","0.6058416432451162","250","True","ShallowAutoencoder","None","1024","/data/thallybu/cache","1e-06","0","emnist_digits_dinov2_vits14","0.01389571526383828","True","384","[8]","1","0.6058416432451162","","0.01389571526383828","0","0.0006290638258023328","28","0.21935789645515855","4","0","","0","0.19887628566792137","2","1e-06","0.0006290638258023328","5","28","10","4","0.21935789645515855","L","random","None","4","25","1.2","fixed_k","1.0","42","10","[0.9, 0.1]","0.19887628566792137","0.1","False","True","True","2","10","0.008421049453318119","511.17095947265625","0.4507032036781311","0.13099515438079834","0.4450443387031555","0.4036288857460022","0.5067623853683472","0.4732959568500519","0.4540628492832184","0.5191637277603149","0.48024827241897583","0.4572535753250122","0.42362508177757263","0.4338560104370117","10","0.6058416366577148","0.0003417495172470808","0.006429019384086132","0.008319774642586708","0.00764582259580493","0.00515595730394125","0.007770041935145855","0.004797451663762331","0.005156401544809341","0.006168636959046125","0.006243783514946699","0.0042578913271427155","0.07978467643260956","0.07919056713581085","512","40","250","0.06194477900862694","108117","1717","0.015650896355509758","0.6812083125114441","0.6812083125114441","0","0.6806241273880005","0.6812083125114441","0.3187916576862335","6.448962211608887","0.9066957235336304","0.1351005584001541","0.6444243788719177","ssl_emnist_digits_dino","314","OK"
"2026-03-30 03:06:46","1.5h","44b8d35a8406438aabad451bcb5059fb","ssl_emnist_digits_dino_trial_0313","LOCAL","src/cli.py","thallybu","FINISHED","False","None","threshold","0.6083913525168239","250","True","ShallowAutoencoder","None","1024","/data/thallybu/cache","1e-06","0","emnist_digits_dinov2_vits14","0.012148856784032047","True","384","[128, 64]","1","0.6083913525168239","","0.012148856784032047","4","0.00044990906090564036","28","0.244778118387659","4","0","","0","0.18901059192757888","2","1e-06","0.00044990906090564036","5","28","10","4","0.244778118387659","L","random","None","4","25","1.2","fixed_k","1.0","42","10","[0.9, 0.1]","0.18901059192757888","0.1","False","True","True","2","99","0.002298298291862011","765.2124633789062","0.3846370279788971","0.1532049924135208","0.28089427947998047","0.21180014312267303","0.5060383081436157","0.41662001609802246","0.37488824129104614","0.49338531494140625","0.46399229764938354","0.38436955213546753","0.3891136050224304","0.44827547669410706","10","0.6083913445472717","0.005618459545075893","0.00250588683411479","0.0030247406102716923","0.0030888793990015984","0.002117201453074813","0.0035845946986228228","0.0025468459352850914","0.002897149883210659","0.00284276413731277","0.0029879361391067505","0.0024344976991415024","0.04430288076400757","0.04499282315373421","131","40","250","0.02803049050271511","161336","17190","0.010091343894600868","0.9114999771118164","0.9114999771118164","0","0.910953938961029","0.9114999771118164","0.0885000005364418","7.544868469238281","0.5479763746261597","0.0420670248568058","0.38394448161125183","ssl_emnist_digits_dino","313","OK"
"2026-03-30 03:06:24","49.1min","19339773e239480b9de30e62426fd7de","ssl_emnist_digits_dino_trial_0312","LOCAL","src/cli.py","thallybu","FINISHED","False","None","threshold","0.6355869078398937","250","True","ShallowAutoencoder","None","1024","/data/thallybu/cache","1e-06","0","emnist_digits_dinov2_vits14","0.004185751674591252","True","384","[128, 64]","1","0.6355869078398937","","0.004185751674591252","4","0.0006073657892607769","10","0.24985717992466278","4","","1.4328793590508828","1","0.1996286224038694","2","1e-06","0.0006073657892607769","5","10","10","4","0.24985717992466278","L","random","None","4","50","1.4328793590508828","threshold","1.0","42","10","[0.9, 0.1]","0.1996286224038694","0.1","False","True","True","2","55","0.0025442177429795265","838.7996826171875","0.4660189151763916","0.2059612274169922","0.3289649784564972","0.24497728049755096","0.5959268808364868","0.5537921786308289","0.46639758348464966","0.5423263311386108","0.5039216876029968","0.5572522282600403","0.4407300353050232","0.5527994632720947","10","0.6355869174003601","0.005108998157083988","0.0026852914597839117","0.0033154399134218693","0.003392924787476659","0.002675808733329177","0.0039026113227009773","0.0030183184426277876","0.0030249860137701035","0.002854077611118555","0.003263830905780196","0.0023897055070847273","0.04689878597855568","0.04699534550309181","161","40","0","0.030522992834448814","177145","0","0.010631115175783634","0.8610416650772095","0.8610416650772095","0","0.8591523766517639","0.8610416650772095","0.13895833492279053","8.822881698608398","0.6382861733436584","0.04224380850791931","0.49265795946121216","ssl_emnist_digits_dino","312","OK"
"2026-03-30 03:05:47","35.8s","ce534aa031aa4899a4d34ff82e525fc1","ssl_emnist_digits_dino_trial_0311","LOCAL","src/cli.py","thallybu","FINISHED","False","None","threshold","0.6182663214932148","250","True","ShallowAutoencoder","None","1024","/data/thallybu/cache","1e-06","0","emnist_digits_dinov2_vits14","0.01589454561393298","True","384","[128, 64]","1","0.6182663214932148","","0.01589454561393298","4","0.0008158775021234371","5","0.2403335401036215","4","","1.3467095844712955","1","0.1966109044047017","2","1e-06","0.0008158775021234371","5","5","10","4","0.2403335401036215","L","random","None","4","50","1.3467095844712955","threshold","1.0","42","10","[0.9, 0.1]","0.1966109044047017","0.1","False","True","True","2","1","0.0072751776315271854","0.18962962925434113","0","0","0","0","0","0","0","0","0","0","0","0","0.18962962925434113","0.6182663440704346","0.002396050374954939","0.006029654294252396","0.00857192650437355","0.0030907578766345978","0.011510660871863365","0.008598659187555313","0.005702906288206577","0.002355998381972313","0.0037912381812930107","0.007474831305444241","0.006598902400583029","0.0053529455326497555","0.00239375582896173","0","40","0","0.001208424917422235","40","0","0","0.5864999890327454","0.5864999890327454","0","0.5921891331672668","0.5864999890327454","0.41349998116493225","5.529599666595459","1.0003509521484375","0.1394418179988861","0.5078718066215515","ssl_emnist_digits_dino","311","FAILED"
"2026-03-30 02:57:43","8.1min","e4c1583f44244d89aab3eb5bae6c2c4a","ssl_emnist_digits_dino_trial_0310","LOCAL","src/cli.py","thallybu","FINISHED","False","None","threshold","0.6038962292365063","250","True","ShallowAutoencoder","None","1024","/data/thallybu/cache","1e-06","0","emnist_digits_dinov2_vits14","0.008967876890793076","True","384","[128, 64]","1","0.6038962292365063","","0.008967876890793076","4","0.0005373674375839106","11","0.21793038590144453","4","","1.533710899930847","1","0.1900357151656446","2","1e-06","0.0005373674375839106","5","11","10","4","0.21793038590144453","L","random","None","4","50","1.533710899930847","threshold","1.0","42","10","[0.9, 0.1]","0.1900357151656446","0.1","False","True","True","2","10","0.005798636935651302","574.76416015625","0.43525370955467224","0.15485620498657227","0.42093563079833984","0.2976034879684448","0.464571088552475","0.46443504095077515","0.4625087082386017","0.6164243817329407","0.4711686968803406","0.44950321316719055","0.42381900548934937","0.5366071462631226","10","0.6038962006568909","0.002490059705451131","0.00472453935071826","0.0054711936973035336","0.004015582613646984","0.003830050816759467","0.006017420906573534","0.004218086134642363","0.004309535026550293","0.005325722973793745","0.004626290872693062","0.00529822800308466","0.06188939884305","0.060755908489227295","2407","40","0","0.04783665016293526","123679","0","0.010298996232450008","0.6960416436195374","0.6960416436195374","0","0.6985236406326294","0.6960416436195374","0.30395832657814026","12.242425918579102","0.9163045883178711","0.049721408635377884","0.8087621331214905","ssl_emnist_digits_dino","310","OK"
"2026-03-30 02:51:29","1.5h","65197e616891422dbcfb6158091693eb","ssl_emnist_digits_dino_trial_0309","LOCAL","src/cli.py","thallybu","FINISHED","False","None","threshold","0.6365314378687071","250","True","ShallowAutoencoder","None","1024","/data/thallybu/cache","1e-06","0","emnist_digits_dinov2_vits14","0.01582690561597699","True","384","[128, 64]","1","0.6365314378687071","","0.01582690561597699","4","0.0006312457455728036","28","0.24022365840833818","4","","1.350390084750403","1","0.18821491067641855","2","1e-06","0.0006312457455728036","5","28","10","4","0.24022365840833818","L","random","None","4","50","1.350390084750403","threshold","1.0","42","10","[0.9, 0.1]","0.18821491067641855","0.1","False","True","True","2","99","0.0025634581688791513","844.0127563476562","0.4623715579509735","0.19566383957862854","0.34661170840263367","0.26592710614204407","0.5608351826667786","0.5391485691070557","0.42028650641441345","0.5990458130836487","0.5364511013031006","0.4761154055595398","0.48935991525650024","0.46971502900123596","10","0.636531412601471","0.00497090769931674","0.003198944265022874","0.003659577574580908","0.0034294084180146456","0.002747231861576438","0.0037613895256072283","0.003081199014559388","0.0034731095656752586","0.003390030236914754","0.0036291396245360374","0.0026679248549044132","0.04876389726996422","0.04885974898934364","31","40","0","0.0330379493534565","178112","0","0.010139250196516514","0.8871250152587891","0.8871250152587891","0","0.887840986251831","0.8871250152587891","0.11287499964237213","10.061237335205078","0.596655011177063","0.05526767298579216","0.40177494287490845","ssl_emnist_digits_dino","309","OK"
"2026-03-30 02:50:52","35.8s","0470d4f0f54341b190b22fc67bf5fd62","ssl_emnist_digits_dino_trial_0308","LOCAL","src/cli.py","thallybu","FINISHED","False","None","threshold","0.5876351249715895","250","True","ShallowAutoencoder","None","1024","/data/thallybu/cache","1e-06","0","emnist_digits_dinov2_vits14","0.024739361271463086","True","384","[128, 64]","1","0.5876351249715895","","0.024739361271463086","4","0.0009614975045852149","26","0.21337726207209703","4","","1.3847828490951692","1","0.18076524487927068","2","1e-06","0.0009614975045852149","5","26","10","4","0.21337726207209703","L","random","None","4","50","1.3847828490951692","threshold","1.0","42","10","[0.9, 0.1]","0.18076524487927068","0.1","False","True","True","2","1","0.007103609852492809","0.18962962925434113","0","0","0","0","0","0","0","0","0","0","0","0","0.18962962925434113","0.5876350998878479","0.002742669777944684","0.007450235076248646","0.006480118725448847","0.007891347631812096","0.008278478868305683","0.011286565102636814","0.0033219056203961372","0.009122407995164394","0.006593143101781607","0.006587004754692316","0.005858047865331173","0.005640232004225254","0.003200219478458166","0","40","0","0.0013818168081343174","40","0","0","0.6177499890327454","0.6177499890327454","0","0.5983559489250183","0.6177499890327454","0.38224998116493225","4.972091197967529","1.0150963068008423","0.1389884054660797","0.5896071195602417","ssl_emnist_digits_dino","308","FAILED"
"2026-03-30 02:34:58","54.4min","094719d0c30a450aab071a5abf398acb","ssl_emnist_digits_dino_trial_0307","LOCAL","src/cli.py","thallybu","FINISHED","False","None","threshold","0.6521471648385172","250","True","ShallowAutoencoder","None","1024","/data/thallybu/cache","1e-06","0","emnist_digits_dinov2_vits14","0.020339172484305584","True","384","[128, 64]","1","0.6521471648385172","","0.020339172484305584","4","0.0006642354298879023","27","0.21255505222701607","4","","1.4363708796182093","1","0.17372543064979593","2","1e-06","0.0006642354298879023","5","27","10","4","0.21255505222701607","L","random","None","4","50","1.4363708796182093","threshold","1.0","42","10","[0.9, 0.1]","0.17372543064979593","0.1","False","True","True","2","60","0.0030033839866518974","839.5108032226562","0.46768856048583984","0.2039312720298767","0.31247764825820923","0.23318500816822052","0.5454659461975098","0.5091506838798523","0.43909546732902527","0.6046705842018127","0.5508682727813721","0.47151726484298706","0.5025977492332458","0.5559142827987671","10","0.6521471738815308","0.004269139375537634","0.0031140390783548355","0.0037744787987321615","0.003397259395569563","0.002813065191730857","0.004396451637148857","0.003584188176319003","0.003743294160813093","0.003788019297644496","0.004046620801091194","0.003347002202644944","0.05030212923884392","0.05034357309341431","78","40","0","0.03600442782044411","177213","0","0.009390201419591904","0.8479583263397217","0.8479583263397217","0","0.8503197431564331","0.8479583263397217","0.15204165875911713","11.536847114562988","0.651718258857727","0.04872904345393181","0.5035943388938904","ssl_emnist_digits_dino","307","OK"
"2026-03-30 02:34:20","36.3s","6460d191fb174bcebf063cb1251581ae","ssl_emnist_digits_dino_trial_0306","LOCAL","src/cli.py","thallybu","FINISHED","False","None","threshold","0.6599686451083027","250","True","ShallowAutoencoder","None","1024","/data/thallybu/cache","1e-06","0","emnist_digits_dinov2_vits14","0.024330594501452352","True","384","[128, 64]","1","0.6599686451083027","","0.024330594501452352","4","0.0004304284015815813","27","0.2250895994250581","4","","1.4688856801416792","1","0.1988235297430954","2","1e-06","0.0004304284015815813","5","27","10","4","0.2250895994250581","L","random","None","4","50","1.4688856801416792","threshold","1.0","42","10","[0.9, 0.1]","0.1988235297430954","0.1","False","True","True","2","1","0.007477451581507921","0.18962962925434113","0","0","0","0","0","0","0","0","0","0","0","0","0.18962962925434113","0.6599686741828918","0.0038809217512607574","0.004688830114901066","0.013064766302704811","0.006249639205634594","0.00859790574759245","0.011239346116781235","0.007507746573537588","0.005393475294113159","0.0060758450999855995","0.007848598062992096","0.006971621420234442","0.007036259863525629","0.0035223648883402348","0","40","0","0.0014722420601174235","40","0","0","0.6509583592414856","0.6509583592414856","0","0.6564351320266724","0.6509583592414856","0.3490416705608368","3.5505166053771973","0.90086829662323","0.2212182730436325","0.3507208526134491","ssl_emnist_digits_dino","306","FAILED"
"2026-03-30 02:23:51","27.0min","983b6210445c417cb35587119709b49f","ssl_emnist_digits_dino_trial_0305","LOCAL","src/cli.py","thallybu","FINISHED","False","None","threshold","0.6549187646276302","250","True","ShallowAutoencoder","None","1024","/data/thallybu/cache","1e-06","0","emnist_digits_dinov2_vits14","0.020034103860021957","True","384","[128, 64]","1","0.6549187646276302","","0.020034103860021957","4","0.0006614008028893232","27","0.22556438005614218","4","","1.4373812820129626","1","0.17234377744393012","2","1e-06","0.0006614008028893232","5","27","10","4","0.22556438005614218","L","random","None","4","50","1.4373812820129626","threshold","1.0","42","10","[0.9, 0.1]","0.17234377744393012","0.1","False","True","True","2","31","0.003736903192475438","799.725341796875","0.4675712585449219","0.19909347593784332","0.3307417333126068","0.2663445472717285","0.6158332228660583","0.509856641292572","0.5004191994667053","0.555580198764801","0.59392911195755","0.4669259488582611","0.4097420573234558","0.5830854773521423","10","0.6549187898635864","0.0034315672237426043","0.003446961287409067","0.0043029459193348885","0.004435999318957329","0.003113317769020796","0.005100451875478029","0.0034932272974401712","0.0043798270635306835","0.0039007815066725016","0.004265718162059784","0.003837404539808631","0.053893644362688065","0.05288317799568176","515","40","0","0.04027663543820381","169253","0","0.009342527948319912","0.8232499957084656","0.8232499957084656","0","0.8240731954574585","0.8232499957084656","0.17675000429153442","11.247000694274902","0.6959068179130554","0.04260687902569771","0.5698250532150269","ssl_emnist_digits_dino","305","OK"
"2026-03-30 02:23:15","35.6s","b8bc8fe0be58457c88aa08415d65b9f5","ssl_emnist_digits_dino_trial_0304","LOCAL","src/cli.py","thallybu","FINISHED","False","None","fixed_k","0.9","100","True","ShallowAutoencoder","None","1024","/data/thallybu/cache","1e-06","0","emnist_digits_dinov2_vits14","0.022761042538139736","True","384","[128, 64]","0","","2","0.022761042538139736","4","0.0004942860993883408","27","0.21861039679831953","4","","1.4420671541605374","1","0.17531709368753276","2","1e-06","0.0004942860993883408","5","27","10","4","0.21861039679831953","L","random","None","4","50","1.4420671541605374","threshold","1.0","42","10","[0.9, 0.1]","0.17531709368753276","0.1","False","True","True","2","1","0.007309882435947657","0.18962962925434113","0","0","0","0","0","0","0","0","0","0","0","0","0.18962962925434113","","0.0036540271248668432","0.004818197339773178","0.013066273182630539","0.006059619598090649","0.00867875199764967","0.011046525090932846","0.0073272911831736565","0.005231106653809547","0.00600158516317606","0.007401651702821255","0.007043062709271908","0.0067060100845992565","0.0034839557483792305","0","40","0","0.0014539675321429968","40","0","0","0.6354166865348816","0.6354166865348816","0","0.6385618448257446","0.6354166865348816","0.3645833432674408","3.507481098175049","0.9190471172332764","0.21257109940052032","0.3550567328929901","ssl_emnist_digits_dino","304","FAILED"
"2026-03-30 02:18:51","1.5h","0b5bc5debf184ca3a0dcb01ba8b5a1ee","ssl_emnist_digits_dino_trial_0303","LOCAL","src/cli.py","thallybu","FINISHED","False","None","threshold","0.6056138843050567","250","True","ShallowAutoencoder","None","1024","/data/thallybu/cache","1e-06","0","emnist_digits_dinov2_vits14","0.01566710908068203","True","384","[128, 64]","1","0.6056138843050567","","0.01566710908068203","4","0.0005170814698189288","27","0.2171649371474929","4","","1.4492503900115208","1","0.1990509051338566","2","1e-06","0.0005170814698189288","5","27","10","4","0.2171649371474929","L","random","None","4","50","1.4492503900115208","threshold","1.0","42","10","[0.9, 0.1]","0.1990509051338566","0.1","False","True","True","2","99","0.002559517277404666","816.8444213867188","0.4392339885234833","0.19453886151313782","0.3103337585926056","0.23155491054058075","0.5580753087997437","0.4760139584541321","0.39789894223213196","0.5578730702400208","0.588179886341095","0.46135735511779785","0.41704750061035156","0.5214478373527527","10","0.6056138873100281","0.005004425533115864","0.0029462305828928947","0.003281824756413698","0.0032639610581099987","0.002395614283159375","0.0037644635885953903","0.0030045812018215656","0.00351367867551744","0.003221246413886547","0.0032810114789754152","0.0027887937612831593","0.04765726998448372","0.04802965745329857","48","40","0","0.031461406499147415","172399","0","0.010635601356625557","0.8676666617393494","0.8676666617393494","0","0.8666642308235168","0.8676666617393494","0.13233333826065063","9.930249214172363","0.6263554096221924","0.048039741814136505","0.5302695035934448","ssl_emnist_digits_dino","303","OK"
"2026-03-30 02:18:15","34.9s","d6ff30cf08b240769e6c2754711c238f","ssl_emnist_digits_dino_trial_0302","LOCAL","src/cli.py","thallybu","FINISHED","False","None","threshold","0.7923136211616596","250","True","ShallowAutoencoder","None","1024","/data/thallybu/cache","1e-06","0","emnist_digits_dinov2_vits14","0.017094358541483383","True","384","[128, 64]","1","0.7923136211616596","","0.017094358541483383","4","0.0005915318095685863","29","0.24928442198238343","4","0","","0","0.18739163858294325","2","1e-06","0.0005915318095685863","5","29","10","4","0.24928442198238343","L","random","None","4","25","1.2","fixed_k","1.0","42","10","[0.9, 0.1]","0.18739163858294325","0.1","False","True","True","2","1","0.007165923714637756","0.18962962925434113","0","0","0","0","0","0","0","0","0","0","0","0","0.18488888442516327","0.7923136353492737","0.003410744247958064","0.006093055009841919","0.007335188798606396","0.005739262327551842","0.00902862474322319","0.005218575242906809","0.004543331451714039","0.0065241181291639805","0.007878059521317482","0.010498294606804848","0.00827539898455143","0.028772221878170967","0.00778527557849884","0","40","0","0.0013217013329267502","40","0","0.022253427654504776","0.6574166417121887","0.6574166417121887","0","0.6492953896522522","0.6574166417121887","0.3425833284854889","5.006199836730957","0.937303364276886","0.12451698631048203","0.4813440442085266","ssl_emnist_digits_dino","302","FAILED"
"2026-03-30 02:15:08","8.1min","5153afc0c8ff409aa10dc6490fcc2308","ssl_emnist_digits_dino_trial_0301","LOCAL","src/cli.py","thallybu","FINISHED","False","None","threshold","0.6114885007368169","250","True","ShallowAutoencoder","None","1024","/data/thallybu/cache","1e-06","0","emnist_digits_dinov2_vits14","0.01519327544092246","True","384","[128, 64]","1","0.6114885007368169","","0.01519327544092246","4","0.0005670801756105621","29","0.24335395364667048","4","","1.452495906196895","1","0.18785747055378893","2","1e-06","0.0005670801756105621","5","29","10","4","0.24335395364667048","L","random","None","4","50","1.452495906196895","threshold","1.0","42","10","[0.9, 0.1]","0.18785747055378893","0.1","False","True","True","2","10","0.004810994490981102","611.1531982421875","0.4456465542316437","0.1779598891735077","0.36032405495643616","0.30118614435195923","0.5627880096435547","0.4682055413722992","0.4261570870876312","0.518707275390625","0.5238564610481262","0.4519057273864746","0.37346208095550537","0.593467116355896","10","0.6114885210990906","0.0025613673496991396","0.004460453987121582","0.0055098808370530605","0.006639084778726101","0.0036987431813031435","0.005663447547703981","0.004073123913258314","0.004851038102060556","0.00460461713373661","0.004513476975262165","0.004486083518713713","0.062392644584178925","0.06030809506773949","4524","40","0","0.0484999418258667","133473","0","0.010160556063055992","0.7195416688919067","0.7195416688919067","0","0.7102358341217041","0.7195416688919067","0.28045833110809326","12.873315811157227","0.8641176819801331","0.052017662674188614","0.7842709422111511","ssl_emnist_digits_dino","301","OK"
"2026-03-30 02:01:51","16.4min","7e39783386fc4260ab82e35c3b4dcf8b","ssl_emnist_digits_dino_trial_0300","LOCAL","src/cli.py","thallybu","FINISHED","False","None","threshold","0.667708573648267","250","True","ShallowAutoencoder","None","1024","/data/thallybu/cache","1e-06","0","emnist_digits_dinov2_vits14","0.07540560831283924","True","384","[128, 64]","1","0.667708573648267","","0.07540560831283924","4","0.0005483614053263111","28","0.24633255724824116","4","","1.462348241093429","1","0.18783341260813863","2","1e-06","0.0005483614053263111","5","28","10","4","0.24633255724824116","L","random","None","4","50","1.462348241093429","threshold","1.0","42","10","[0.9, 0.1]","0.18783341260813863","0.1","False","True","True","2","19","0.004520264454185963","757.4171752929688","0.4735521078109741","0.19184111058712006","0.37659120559692383","0.27291569113731384","0.6342334151268005","0.5213746428489685","0.4536210894584656","0.5791094899177551","0.5892647504806519","0.522818386554718","0.4411318898200989","0.5162314176559448","10","0.6677085757255554","0.003005618928000331","0.004173195455223322","0.005161031614989042","0.004983210936188698","0.0037492220290005207","0.005643033422529697","0.004080512560904026","0.0048148613423109055","0.004987617023289204","0.0049523827619850636","0.0038215876556932926","0.06070316582918167","0.06081949546933174","1032","40","0","0.04636666178703308","160844","0","0.010217410512268543","0.7990833520889282","0.7990833520889282","0","0.7992425560951233","0.7990833520889282","0.20091666281223297","8.780245780944824","0.7198468446731567","0.048665229231119156","0.5436277985572815","ssl_emnist_digits_dino","300","OK"
"2026-03-30 02:00:51","1.1h","a7229198f8164ef9a30a2d3b58ac14f8","ssl_emnist_digits_dino_trial_0299","LOCAL","src/cli.py","thallybu","FINISHED","False","None","threshold","0.60859249166836","250","True","ShallowAutoencoder","None","1024","/data/thallybu/cache","1e-06","0","emnist_digits_dinov2_vits14","0.02399242245349569","True","384","[128, 64]","1","0.60859249166836","","0.02399242245349569","4","0.0005664332773537305","27","0.23879905784245256","4","0","","0","0.1913541800355928","2","1e-06","0.0005664332773537305","5","27","10","4","0.23879905784245256","L","random","None","4","25","1.2","fixed_k","1.0","42","10","[0.9, 0.1]","0.1913541800355928","0.1","False","True","True","2","71","0.002889034803956747","756.5739135742188","0.40834468603134155","0.1701820194721222","0.29713526368141174","0.22059336304664612","0.5453283786773682","0.45394816994667053","0.36861684918403625","0.5118427276611328","0.48393183946609497","0.4838170111179352","0.3581584692001343","0.49756479263305664","10","0.6085925102233887","0.004403721075505018","0.0031644075643271208","0.003569668857380748","0.003586382372304797","0.002596159465610981","0.0038951365277171135","0.0031201171223074198","0.0035840305499732494","0.0036412144545465708","0.0035704094916582108","0.0030324780382215977","0.049123458564281464","0.04935360327363014","295","40","250","0.03376000002026558","159678","11625","0.010269822552800179","0.856249988079071","0.856249988079071","0","0.8571535348892212","0.856249988079071","0.14374999701976776","10.524568557739258","0.6362276673316956","0.05044836923480034","0.5481721758842468","ssl_emnist_digits_dino","299","OK"
"2026-03-30 02:00:15","35.1s","fe2ca3740e8949c0b11df4d38d732bff","ssl_emnist_digits_dino_trial_0298","LOCAL","src/cli.py","thallybu","FINISHED","False","None","threshold","0.674616845452045","250","True","ShallowAutoencoder","None","1024","/data/thallybu/cache","1e-06","0","emnist_digits_dinov2_vits14","0.02094605209948468","True","384","[128, 64]","1","0.674616845452045","","0.02094605209948468","4","0.0007264690029219048","28","0.22975285438286938","4","","1.423975368095825","1","0.17216701692218642","2","1e-06","0.0007264690029219048","5","28","10","4","0.22975285438286938","L","random","None","4","50","1.423975368095825","threshold","1.0","42","10","[0.9, 0.1]","0.17216701692218642","0.1","False","True","True","2","1","0.006612833589315414","0.18962962925434113","0","0","0","0","0","0","0","0","0","0","0","0","0.18962962925434113","0.6746168732643127","0.0031169194262474775","0.00987041462212801","0.00761569757014513","0.007184687070548534","0.0067213065922260284","0.00894602295011282","0.004496975801885128","0.005665002856403589","0.0057279313914477825","0.006853343918919563","0.004579998552799225","0.005919296760112047","0.0028785313479602337","0","40","0","0.0012830602936446667","40","0","0","0.6995000243186951","0.6995000243186951","0","0.7006736993789673","0.6995000243186951","0.3005000054836273","3.428201198577881","0.8733097314834595","0.17128817737102509","0.4010305404663086","ssl_emnist_digits_dino","298","FAILED"
"2026-03-30 01:55:20","39.0min","e39dc6bac1ad4471a110a602b9ea9dd7","ssl_emnist_digits_dino_trial_0297","LOCAL","src/cli.py","thallybu","FINISHED","False","None","threshold","0.6782869952495755","250","True","ShallowAutoencoder","None","1024","/data/thallybu/cache","1e-06","0","emnist_digits_dinov2_vits14","0.020882001287932432","True","384","[128, 64]","1","0.6782869952495755","","0.020882001287932432","4","0.0007205559948415211","28","0.23022442227758613","4","","1.4185959644423296","1","0.15558698640969","2","1e-06","0.0007205559948415211","5","28","10","4","0.23022442227758613","L","random","None","4","50","1.4185959644423296","threshold","1.0","42","10","[0.9, 0.1]","0.15558698640969","0.1","False","True","True","2","43","0.0032727427314966917","849.1994018554688","0.48824936151504517","0.21451081335544586","0.36315709352493286","0.2348499745130539","0.6057517528533936","0.5109150409698486","0.45560312271118164","0.7044215798377991","0.5866707563400269","0.6194504499435425","0.4494417607784271","0.5140195488929749","10","0.6782869696617126","0.0040514469146728516","0.0034653781913220882","0.004194206092506647","0.004155884496867657","0.0027726516127586365","0.004680268466472626","0.0034660648088902235","0.004001638386398554","0.004507645033299923","0.0037714014761149883","0.0031222873367369175","0.05142173543572426","0.05064450576901436","423","40","0","0.03813742846250534","179602","0","0.008479406125843525","0.8362916707992554","0.8362916707992554","0","0.8343835473060608","0.8362916707992554","0.16370832920074463","9.174787521362305","0.6700751185417175","0.04963292181491852","0.5036675930023193","ssl_emnist_digits_dino","297","OK"
"2026-03-30 01:54:43","36.0s","f47d29c55626434187a3b84017c10ffd","ssl_emnist_digits_dino_trial_0296","LOCAL","src/cli.py","thallybu","FINISHED","False","None","threshold","0.6008326295342997","250","True","ShallowAutoencoder","None","1024","/data/thallybu/cache","1e-06","0","emnist_digits_dinov2_vits14","0.0178313120301967","True","384","[128, 64]","1","0.6008326295342997","","0.0178313120301967","4","0.0006522906124330554","29","0.2295841195597232","4","","1.4314502035521175","1","0.19891334756986187","2","1e-06","0.0006522906124330554","5","29","10","4","0.2295841195597232","L","random","None","4","50","1.4314502035521175","threshold","1.0","42","10","[0.9, 0.1]","0.19891334756986187","0.1","False","True","True","2","1","0.0068677994422614574","0.18962962925434113","0","0","0","0","0","0","0","0","0","0","0","0","0.18488888442516327","0.6008326411247253","0.003238752018660307","0.005953826941549778","0.008619231171905994","0.0059056393802165985","0.00912073627114296","0.00496932165697217","0.004577175714075565","0.005461560096591711","0.007860211655497551","0.010301118716597557","0.006906213238835335","0.029710542410612106","0.0029379958286881447","0","40","0","0.0012932480312883854","40","0","0.023601800203323364","0.6239166855812073","0.6239166855812073","0","0.5921208262443542","0.6239166855812073","0.3760833144187927","4.771968841552734","1.0066404342651367","0.12466923147439957","0.5647241473197937","ssl_emnist_digits_dino","296","FAILED"
"2026-03-30 01:54:20","1.1h","c16ed70f70464e3385ef0e9cfffacb12","ssl_emnist_digits_dino_trial_0295","LOCAL","src/cli.py","thallybu","FINISHED","False","None","threshold","0.6080536529460103","250","True","ShallowAutoencoder","None","1024","/data/thallybu/cache","1e-06","0","emnist_digits_dinov2_vits14","0.011283071304096632","True","384","[128, 64]","1","0.6080536529460103","","0.011283071304096632","4","0.0006787020155004501","12","0.22163493338136475","4","","1.4117106534276669","1","0.19904841506400373","2","1e-06","0.0006787020155004501","5","12","10","4","0.22163493338136475","L","random","None","4","50","1.4117106534276669","threshold","1.0","42","10","[0.9, 0.1]","0.19904841506400373","0.1","False","True","True","2","71","0.0021789465099573135","814.172119140625","0.44520026445388794","0.19316351413726807","0.34950798749923706","0.2356756627559662","0.5287448763847351","0.5572309494018555","0.49884405732154846","0.531903088092804","0.5274902582168579","0.39814090728759766","0.4271441102027893","0.5132595300674438","10","0.6080536246299744","0.005057743284851313","0.00278900982812047","0.0033325287513434887","0.0032551654148846865","0.0028456123545765877","0.003998084459453821","0.0026579354889690876","0.0033168569207191467","0.0033703017979860306","0.003055678214877844","0.002629206981509924","0.047422174364328384","0.046988386660814285","200","40","0","0.03125038743019104","171989","0","0.010631125420331955","0.8630416393280029","0.8630416393280029","0","0.8628167510032654","0.8630416393280029","0.13695833086967468","9.091073036193848","0.6296505331993103","0.0471702478826046","0.48395562171936035","ssl_emnist_digits_dino","295","OK"
"2026-03-30 01:53:36","42.3s","3c2a3dc9a91f4894bc0a248aef895f67","ssl_emnist_digits_dino_trial_0294","LOCAL","src/cli.py","thallybu","FINISHED","False","None","threshold","0.693359151110584","250","True","ShallowAutoencoder","None","1024","/data/thallybu/cache","1e-06","0","emnist_digits_dinov2_vits14","0.019339145527179417","True","384","[128, 64]","1","0.693359151110584","","0.019339145527179417","4","0.000629204901919427","27","0.22418423282521735","4","","1.4202502248480766","1","0.18139964604435105","2","1e-06","0.000629204901919427","5","27","10","4","0.22418423282521735","L","random","None","4","50","1.4202502248480766","threshold","1.0","42","10","[0.9, 0.1]","0.18139964604435105","0.1","False","True","True","2","1","0.007052735425531864","0.18962962925434113","0","0","0","0","0","0","0","0","0","0","0","0","0.18962962925434113","0.6933591365814209","0.003279117401689291","0.005032422486692667","0.012651307508349419","0.005718689877539873","0.008334777317941189","0.010850001126527786","0.006859303917735815","0.004927983507514","0.006113935261964798","0.006921009160578251","0.007208704948425293","0.006275211926549673","0.0029682882595807314","0","40","0","0.0014149807393550873","40","0","0","0.6023333072662354","0.6023333072662354","0","0.5991488099098206","0.6023333072662354","0.39766666293144226","3.7893640995025635","0.9578743577003479","0.2043040692806244","0.4081151485443115","ssl_emnist_digits_dino","294","FAILED"
"2026-03-30 01:52:47","1.5h","842028989dd548ab8fad15f3b64f78ad","ssl_emnist_digits_dino_trial_0293","LOCAL","src/cli.py","thallybu","FINISHED","False","None","threshold","0.6924187647537995","250","True","ShallowAutoencoder","None","1024","/data/thallybu/cache","1e-06","0","emnist_digits_dinov2_vits14","0.015601809210408981","True","384","[128, 64]","1","0.6924187647537995","","0.015601809210408981","4","0.0006483034527647232","28","0.2228690506986857","4","","1.4303281780252268","1","0.1916365713340605","2","1e-06","0.0006483034527647232","5","28","10","4","0.2228690506986857","L","random","None","4","50","1.4303281780252268","threshold","1.0","42","10","[0.9, 0.1]","0.1916365713340605","0.1","False","True","True","2","99","0.002706607338041067","909.8883056640625","0.49374377727508545","0.21294081211090088","0.34035933017730713","0.2729063034057617","0.6034789085388184","0.6122116446495056","0.46218013763427734","0.6112220287322998","0.5915905237197876","0.4916955828666687","0.4440349042415619","0.5587673783302307","10","0.6924187541007996","0.005120542366057634","0.0031189187429845333","0.0037947099190205336","0.0036029566545039415","0.0028488191310316324","0.0038600058760493994","0.0030714513268321753","0.0037696799263358116","0.003464167471975088","0.0033479088451713324","0.0029793279245495796","0.04988986998796463","0.050892218947410583","33","40","0","0.033857934176921844","192014","0","0.010308166965842247","0.8790833353996277","0.8790833353996277","0","0.8797306418418884","0.8790833353996277","0.12091666460037231","11.654629707336426","0.6113408207893372","0.05464103817939758","0.42201468348503113","ssl_emnist_digits_dino","293","OK"
"2026-03-30 01:51:44","1.5h","d971fb893d7e4243a4f9b4798d5e7fa0","ssl_emnist_digits_dino_trial_0292","LOCAL","src/cli.py","thallybu","FINISHED","False","None","threshold","0.6984152547490728","250","True","ShallowAutoencoder","None","1024","/data/thallybu/cache","1e-06","0","emnist_digits_dinov2_vits14","0.012053707469242218","True","384","[128, 64]","1","0.6984152547490728","","0.012053707469242218","4","0.000643728081951239","28","0.22196670857356243","4","","1.5985175325575791","1","0.15136984163010847","2","1e-06","0.000643728081951239","5","28","10","4","0.22196670857356243","L","random","None","4","50","1.5985175325575791","threshold","1.0","42","10","[0.9, 0.1]","0.15136984163010847","0.1","False","True","True","2","99","0.0024778509978204966","910.1102294921875","0.4984133243560791","0.21653713285923004","0.3634008765220642","0.2414030283689499","0.5976501703262329","0.5634230971336365","0.4939964711666107","0.6396909952163696","0.6060267686843872","0.5196549296379089","0.45259085297584534","0.5418547987937927","10","0.6984152793884277","0.0053610713221132755","0.00303814560174942","0.0033410124015063047","0.0033116096165031195","0.0027447764296084642","0.0037581208162009716","0.003042413853108883","0.003934684209525585","0.0032645936589688063","0.003323621116578579","0.0028267954476177692","0.04672815278172493","0.04733511805534363","100","40","0","0.03258578106760979","192128","0","0.008231297135353088","0.8772083520889282","0.8772083520889282","0","0.8767639398574829","0.8772083520889282","0.12279166281223297","8.214448928833008","0.6166205406188965","0.045812856405973434","0.4129441976547241","ssl_emnist_digits_dino","292","OK"
"2026-03-30 01:51:39","8.6min","2361df09c36149ad8f653fc2bdf71a02","ssl_emnist_digits_dino_trial_0291","LOCAL","src/cli.py","thallybu","FINISHED","False","None","threshold","0.7600547356101919","250","True","ShallowAutoencoder","None","1024","/data/thallybu/cache","1e-06","0","emnist_digits_dinov2_vits14","0.011949758473695171","True","384","[128, 64]","1","0.7600547356101919","","0.011949758473695171","4","0.00037094340970486274","25","0.22267320595379975","4","","1.364752777020518","1","0.15288612015753167","2","1e-06","0.00037094340970486274","5","25","10","4","0.22267320595379975","L","random","None","4","50","1.364752777020518","threshold","1.0","42","10","[0.9, 0.1]","0.15288612015753167","0.1","False","True","True","2","10","0.0049941628240048885","811.3727416992188","0.5553003549575806","0.2133055031299591","0.45271238684654236","0.30725932121276855","0.6902320981025696","0.646216869354248","0.6372056007385254","0.6570912003517151","0.5863714218139648","0.6400561928749084","0.5072423815727234","0.5725553035736084","10","0.7600547075271606","0.002963320119306445","0.00506505835801363","0.005730360746383667","0.006022167857736349","0.004426668863743544","0.007872166112065315","0.005597434006631374","0.004640830215066671","0.006121230311691761","0.005440139211714268","0.004185812547802925","0.06757134199142456","0.0652649775147438","2388","40","0","0.05510186031460762","173584","0","0.008394072763621807","0.7236666679382324","0.7236666679382324","0","0.7145434617996216","0.7236666679382324","0.2763333320617676","7.518622398376465","0.8483940958976746","0.05615871027112007","0.6199073791503906","ssl_emnist_digits_dino","291","OK"
"2026-03-30 01:51:02","36.5s","06d1971ca1624d9a96d2ff0f68bdf938","ssl_emnist_digits_dino_trial_0290","LOCAL","src/cli.py","thallybu","FINISHED","False","None","threshold","0.8143303831191303","250","True","ShallowAutoencoder","None","1024","/data/thallybu/cache","1e-06","0","emnist_digits_dinov2_vits14","0.03065758899905701","True","384","[128, 64]","1","0.8143303831191303","","0.03065758899905701","4","0.0005106261475831682","17","0.23651714012747566","4","","1.414350993501366","1","0.18326270273864959","2","1e-06","0.0005106261475831682","5","17","10","4","0.23651714012747566","L","random","None","4","50","1.414350993501366","threshold","1.0","42","10","[0.9, 0.1]","0.18326270273864959","0.1","False","True","True","2","1","0.0074678403325378895","0.18962962925434113","0","0","0","0","0","0","0","0","0","0","0","0","0.18962962925434113","0.8143303990364075","0.003430737415328622","0.006046241149306297","0.009040648117661476","0.006751309148967266","0.007249878253787756","0.006998077500611544","0.0037203787360340357","0.005782722029834986","0.00721025001257658","0.010745393112301826","0.004837165120989084","0.006493738386780024","0.003495807759463787","0","40","0","0.0012967264046892524","40","0","0","0.5677916407585144","0.5677916407585144","0","0.5717073678970337","0.5677916407585144","0.4322083294391632","5.221745491027832","1.0078879594802856","0.14228466153144836","0.4662710726261139","ssl_emnist_digits_dino","290","FAILED"
"2026-03-30 01:46:23","8.3min","d5c23024dfd44b5d810a5f05d9b6a733","ssl_emnist_digits_dino_trial_0289","LOCAL","src/cli.py","thallybu","FINISHED","False","None","threshold","0.7611061459769902","250","True","ShallowAutoencoder","None","1024","/data/thallybu/cache","1e-06","0","emnist_digits_dinov2_vits14","0.014845188272219615","True","384","[128, 64]","1","0.7611061459769902","","0.014845188272219615","4","0.00037996807330761275","17","0.2226985821270718","4","","1.4109264901612952","1","0.17864710936756684","2","1e-06","0.00037996807330761275","5","17","10","4","0.2226985821270718","L","random","None","4","50","1.4109264901612952","threshold","1.0","42","10","[0.9, 0.1]","0.17864710936756684","0.1","False","True","True","2","10","0.005329283885657787","813.2201538085938","0.5564239025115967","0.20624978840351105","0.4452873468399048","0.32419058680534363","0.6456559300422668","0.6387483477592468","0.6166104078292847","0.607179582118988","0.6763238310813904","0.6315600872039795","0.4988305866718292","0.6282457113265991","10","0.7611061334609985","0.0029200210701674223","0.005008808337152004","0.006056861486285925","0.004393824376165867","0.0059255692176520824","0.006557499058544636","0.004267233889549971","0.0050032841973006725","0.006158648524433374","0.005268466658890247","0.0049886456690728664","0.06739673763513565","0.0656828060746193","2285","40","0","0.0536288321018219","173873","0","0.00966103095561266","0.6955833435058594","0.6955833435058594","0","0.695979118347168","0.6955833435058594","0.3044166564941406","6.477812767028809","0.8751636743545532","0.05391008406877518","0.6108234524726868","ssl_emnist_digits_dino","289","OK"
"2026-03-30 01:45:46","36.6s","6762656c31614f52b7435481f6d9281d","ssl_emnist_digits_dino_trial_0288","LOCAL","src/cli.py","thallybu","FINISHED","False","None","threshold","0.6295629979534436","250","True","ShallowAutoencoder","None","1024","/data/thallybu/cache","1e-06","0","emnist_digits_dinov2_vits14","0.025529325420041916","True","384","[128, 64]","1","0.6295629979534436","","0.025529325420041916","4","0.0007489838446528008","25","0.23152499261917617","4","","1.4442806762636167","1","0.14406676170445593","2","1e-06","0.0007489838446528008","5","25","10","4","0.23152499261917617","L","random","None","4","50","1.4442806762636167","threshold","1.0","42","10","[0.9, 0.1]","0.14406676170445593","0.1","False","True","True","2","1","0.0069883777759969234","0.18962962925434113","0","0","0","0","0","0","0","0","0","0","0","0","0.18962962925434113","0.6295629739761353","0.003173704259097576","0.004616867750883102","0.0057052853517234325","0.00968657061457634","0.005529562942683697","0.005400519352406263","0.010983239859342575","0.004340214654803276","0.00963771715760231","0.007530241273343563","0.005265346262603998","0.006094357930123806","0.009322329424321651","0","40","0","0.0013026715023443103","40","0","0","0.6760416626930237","0.6760416626930237","0","0.6622124910354614","0.6760416626930237","0.3239583373069763","4.2888312339782715","0.8852648735046387","0.1277087777853012","0.39719945192337036","ssl_emnist_digits_dino","288","FAILED"
"2026-03-30 01:37:52","13.1min","95f4867eb24f45b7b6005734bd7711bd","ssl_emnist_digits_dino_trial_0287","LOCAL","src/cli.py","thallybu","FINISHED","False","None","threshold","0.6869929854404007","250","True","ShallowAutoencoder","None","1024","/data/thallybu/cache","1e-06","0","emnist_digits_dinov2_vits14","0.026130880315783523","True","384","[128, 64]","1","0.6869929854404007","","0.026130880315783523","4","0.0007352322879858141","26","0.08157209016702886","4","","1.4446782302846781","1","0.16849692921953996","2","1e-06","0.0007352322879858141","5","26","10","4","0.08157209016702886","L","random","None","4","50","1.4446782302846781","threshold","1.0","42","10","[0.9, 0.1]","0.16849692921953996","0.1","False","True","True","2","15","0.004543863702565432","752.6382446289062","0.47902554273605347","0.20001515746116638","0.3594062328338623","0.27743542194366455","0.6238585710525513","0.5303582549095154","0.48215872049331665","0.5796259641647339","0.5870604515075684","0.5325985550880432","0.4087800979614258","0.5750017166137695","10","0.6869930028915405","0.0027709167916327715","0.004246371332556009","0.005124368239194155","0.005191068630665541","0.0035157327074557543","0.005235160700976849","0.0038553220219910145","0.004457672126591206","0.005123849492520094","0.004566103685647249","0.00393311120569706","0.05755145847797394","0.05748308077454567","1459","40","0","0.045248765498399734","160262","0","0.009161142632365227","0.7755833268165588","0.7755833268165588","0","0.7771208882331848","0.7755833268165588","0.22441665828227997","10.406594276428223","0.7448309063911438","0.04767495021224022","0.5520645976066589","ssl_emnist_digits_dino","287","OK"
"2026-03-30 01:37:13","37.8s","2850b8a9e9c74e819fa0418568aa8ef9","ssl_emnist_digits_dino_trial_0286","LOCAL","src/cli.py","thallybu","FINISHED","False","None","threshold","0.8046368024470785","250","True","ShallowAutoencoder","None","1024","/data/thallybu/cache","1e-06","0","emnist_digits_dinov2_vits14","0.021356549673861133","True","384","[128, 64]","1","0.8046368024470785","","0.021356549673861133","4","0.0008417977534806978","9","0.247261466694816","4","","1.4011985462011085","1","0.18863066807586248","2","1e-06","0.0008417977534806978","5","9","10","4","0.247261466694816","L","random","None","4","50","1.4011985462011085","threshold","1.0","42","10","[0.9, 0.1]","0.18863066807586248","0.1","False","True","True","2","1","0.007271777838468552","0.18962962925434113","0","0","0","0","0","0","0","0","0","0","0","0","0.18488888442516327","0.8046367764472961","0.00267329765483737","0.008226534351706505","0.008899210952222347","0.0107552669942379","0.00436637457460165","0.001050622551701963","0.008644613437354565","0.0073104966431856155","0.008081996813416481","0.012925517745316029","0.008144821971654892","0.012318666093051434","0.002721537835896015","0","40","0","0.0014481869293376803","40","0","0.006399151869118214","0.6365833282470703","0.6365833282470703","0","0.6480820775032043","0.6365833282470703","0.3634166717529297","6.398902893066406","0.9606510400772095","0.11925546079874039","0.41791093349456787","ssl_emnist_digits_dino","286","FAILED"
"2026-03-30 01:28:45","8.5min","5d425b2b538041b58a0bd7b91880f252","ssl_emnist_digits_dino_trial_0285","LOCAL","src/cli.py","thallybu","FINISHED","False","None","threshold","0.7518925850217689","250","True","ShallowAutoencoder","None","1024","/data/thallybu/cache","1e-06","0","emnist_digits_dinov2_vits14","0.030342061183769704","True","384","[128, 64]","1","0.7518925850217689","","0.030342061183769704","4","0.0003420334364944181","29","0.2162837459287719","4","","1.3795768058282047","1","0.17090475210195732","2","1e-06","0.0003420334364944181","5","29","10","4","0.2162837459287719","L","random","None","4","50","1.3795768058282047","threshold","1.0","42","10","[0.9, 0.1]","0.17090475210195732","0.1","False","True","True","2","10","0.005385176278650761","785.1211547851562","0.5423386096954346","0.19978126883506775","0.4706089198589325","0.3248126208782196","0.6592914462089539","0.614615797996521","0.5566790103912354","0.5969535708427429","0.6576728820800781","0.5231723189353943","0.4962291121482849","0.6278949975967407","10","0.7518925666809082","0.002702590310946107","0.005286754574626684","0.005778513383120298","0.007414449471980333","0.004873881582170725","0.006829837337136269","0.004677924327552319","0.005904132965952158","0.005345690064132214","0.005841623991727829","0.005113901104778051","0.07022606581449509","0.06814455986022949","2606","40","0","0.057066693902015686","168262","0","0.009292050264775753","0.7100416421890259","0.7100416421890259","0","0.7068816423416138","0.7100416421890259","0.28995832800865173","9.581988334655762","0.8766806721687317","0.05044598877429962","0.6992455720901489","ssl_emnist_digits_dino","285","OK"
"2026-03-30 01:28:16","28.6s","7dacf70fd64446918961b88fb8ad831a","ssl_emnist_digits_dino_trial_0284","LOCAL","src/cli.py","thallybu","FINISHED","False","None","threshold","0.6057776085961889","250","True","ShallowAutoencoder","None","1024","/data/thallybu/cache","1e-06","0","emnist_digits_dinov2_vits14","0.02399315798527781","True","384","[128, 64]","1","0.6057776085961889","","0.02399315798527781","4","0.0006251877055579206","27","0.2348631429728206","4","","1.4299499115598493","1","0.15229489314492556","2","1e-06","0.0006251877055579206","5","27","10","4","0.2348631429728206","L","random","None","4","50","1.4299499115598493","threshold","1.0","42","10","[0.9, 0.1]","0.15229489314492556","0.1","False","True","True","2","1","0.006954724434763193","0.18962962925434113","0","0","0","0","0","0","0","0","0","0","0","0","0.18962962925434113","0.6057776212692261","0.003306732978671789","0.004802023060619831","0.012560389004647732","0.005760261323302984","0.00803188607096672","0.010584237985312939","0.0070778075605630875","0.005149918142706156","0.00626373291015625","0.0069695282727479935","0.007267378270626068","0.00635225884616375","0.0033320432994514704","0","40","0","0.0014121179701760411","40","0","0","0.6332083344459534","0.6332083344459534","0","0.6376187801361084","0.6332083344459534","0.36679166555404663","3.3712339401245117","0.9157862663269043","0.20920225977897644","0.3756776750087738","ssl_emnist_digits_dino","284","FAILED"
"2026-03-30 01:21:31","6.7min","799ee19a2d6c45b4b9bca177aa3d3a96","ssl_emnist_digits_dino_trial_0283","LOCAL","src/cli.py","thallybu","FINISHED","False","None","fixed_k","0.9","250","True","ShallowAutoencoder","None","1024","/data/thallybu/cache","1e-06","0","emnist_digits_dinov2_vits14","0.028388377268051136","True","384","[128]","0","","3","0.028388377268051136","3","0.0007602317844965317","25","0.24404330961063694","4","","1.4139914129359816","1","0.18712589069001812","2","1e-06","0.0007602317844965317","5","25","10","4","0.24404330961063694","L","random","None","4","50","1.4139914129359816","threshold","1.0","42","10","[0.9, 0.1]","0.18712589069001812","0.1","False","True","True","2","10","0.008366337977349758","83.1330337524414","0.292525053024292","0.1089671179652214","0.19987961649894714","0.13443534076213837","0.3007202744483948","0.3208114504814148","0.41970160603523254","0.3204497992992401","0.32542407512664795","0.299264520406723","0.23116794228553772","0.37339600920677185","10","","0.0014294247375801206","0.0036762780509889126","0.0030311401933431625","0.0038709428627043962","0.0033408456947654486","0.006575441919267178","0.003254869719967246","0.0032987811136990786","0.0036161530297249556","0.003989724442362785","0.003991059027612209","0.05376695841550827","0.05047460272908211","2500","40","0","0.03864522650837898","20040","0","0.01165053155273199","0.6537916660308838","0.6537916660308838","0","0.6694789528846741","0.6537916660308838","0.3462083339691162","9.136680603027344","0.9311836361885071","0.057842835783958435","0.594219446182251","ssl_emnist_digits_dino","283","OK"
"2026-03-30 01:20:52","54.3min","f525d88b348e41c688f17746eec3f484","ssl_emnist_digits_dino_trial_0282","LOCAL","src/cli.py","thallybu","FINISHED","False","None","threshold","0.6221654468547881","250","True","ShallowAutoencoder","None","1024","/data/thallybu/cache","1e-06","0","emnist_digits_dinov2_vits14","0.025671407516887807","True","384","[128, 64]","1","0.6221654468547881","","0.025671407516887807","4","0.0008484724485930895","28","0.24422629464649703","4","","1.415040901789884","1","0.18747291216731762","2","1e-06","0.0008484724485930895","5","28","10","4","0.24422629464649703","L","random","None","4","50","1.415040901789884","threshold","1.0","42","10","[0.9, 0.1]","0.18747291216731762","0.1","False","True","True","2","60","0.0030902819707989693","792.9573364257812","0.4407992660999298","0.19355231523513794","0.29709410667419434","0.2619122266769409","0.5979015231132507","0.47433990240097046","0.42841076850891113","0.5878896117210388","0.5381196141242981","0.45304161310195923","0.3899499475955963","0.5388245582580566","10","0.6221654415130615","0.004211308900266886","0.0030413877684623003","0.004302391782402992","0.0038898533675819635","0.0029390736017376184","0.004482969641685486","0.003538920311257243","0.003876735921949148","0.003683349583297968","0.0036609391681849957","0.003294746158644557","0.051805686205625534","0.05186685174703598","68","40","0","0.03671037405729294","167378","0","0.010129284113645554","0.8581249713897705","0.8581249713897705","0","0.8559505939483643","0.8581249713897705","0.1418749988079071","9.892205238342285","0.6273837089538574","0.05558205768465996","0.46607649326324463","ssl_emnist_digits_dino","282","OK"
"2026-03-30 01:20:31","59.1s","d8a392fcca214f8683081108ee75329c","ssl_emnist_digits_dino_trial_0281","LOCAL","src/cli.py","thallybu","FINISHED","False","None","threshold","0.6202654774923098","250","True","ShallowAutoencoder","None","1024","/data/thallybu/cache","1e-06","0","emnist_digits_dinov2_vits14","0.026334061085254178","True","384","[128, 64]","1","0.6202654774923098","","0.026334061085254178","4","0.0008583903640349313","28","0.23870872972412122","4","0","","0","0.16678942909433583","0","1e-06","0.0008583903640349313","5","28","10","4","0.23870872972412122","L","random","None","4","25","1.2","fixed_k","1.0","42","10","[0.9, 0.1]","0.16678942909433583","0.1","False","True","True","0","1","0.006718304008245468","0.18962962925434113","0.4825729429721832","0.09624528139829636","0.44322463870048523","0.5179688334465027","0.526387095451355","0.47023117542266846","0.47902244329452515","0.5628954172134399","0.5319510102272034","0.47213423252105713","0.5735350847244263","0.49360349774360657","0.18962962925434113","0.6202654838562012","0.0028834070544689894","0.01001974567770958","0.007461024448275566","0.006798132322728634","0.006890688091516495","0.009519048035144806","0.004497173707932234","0.006009018048644066","0.005191739182919264","0.0033583356998860836","0.0046173883602023125","0.005707624834030867","0.06850207597017288","65332","40","0","0.0012204996310174465","65372","0","0","0.6706666946411133","0.6706666946411133","0","0.6659595370292664","0.6706666946411133","0.3293333351612091","4.067887783050537","0.8943002820014954","0.1621762067079544","0.4186689257621765","ssl_emnist_digits_dino","281","FAILED"
"2026-03-30 01:20:27","25.3min","7375eefc255d41cda508551dd30e1e4f","ssl_emnist_digits_dino_trial_0280","LOCAL","src/cli.py","thallybu","FINISHED","False","None","threshold","0.617860334881566","250","True","ShallowAutoencoder","None","1024","/data/thallybu/cache","1e-06","0","emnist_digits_dinov2_vits14","0.027126491095018867","True","384","[128, 64]","1","0.617860334881566","","0.027126491095018867","4","0.0008482721947361195","27","0.24231150652963676","4","","1.4017597992432769","1","0.16280178620275795","2","1e-06","0.0008482721947361195","5","27","10","4","0.24231150652963676","L","random","None","4","50","1.4017597992432769","threshold","1.0","42","10","[0.9, 0.1]","0.16280178620275795","0.1","False","True","True","2","29","0.0036339382641017437","736.0405883789062","0.4404866695404053","0.18737013638019562","0.3539295494556427","0.2438688576221466","0.5203852653503418","0.4968879222869873","0.4280778169631958","0.5709235072135925","0.5748838782310486","0.4639796018600464","0.4153471887111664","0.509059488773346","10","0.6178603172302246","0.003493543015792966","0.0038804346695542336","0.004331572912633419","0.003766491310670972","0.0032728661317378283","0.004701133817434311","0.003609317820519209","0.004367958754301071","0.004012524150311947","0.004150507040321827","0.003365801414474845","0.05270303413271904","0.052851203829050064","560","40","0","0.039458613842725754","155860","0","0.008870339021086693","0.8192916512489319","0.8192916512489319","0","0.8186647891998291","0.8192916512489319","0.18070833384990692","10.749302864074707","0.6864181160926819","0.04421187937259674","0.5240961909294128","ssl_emnist_digits_dino","280","OK"
"2026-03-30 01:20:16","35.2s","54a71c92a4064057af2450302088f033","ssl_emnist_digits_dino_trial_0279","LOCAL","src/cli.py","thallybu","FINISHED","False","None","threshold","0.6743117121397136","250","True","ShallowAutoencoder","None","1024","/data/thallybu/cache","1e-06","0","emnist_digits_dinov2_vits14","0.01861823691725188","True","384","[128, 64]","1","0.6743117121397136","","0.01861823691725188","4","0.00044899514926771477","28","0.24146693096529745","4","","1.402180686423277","1","0.15967323291967553","2","1e-06","0.00044899514926771477","5","28","10","4","0.24146693096529745","L","random","None","4","50","1.402180686423277","threshold","1.0","42","10","[0.9, 0.1]","0.15967323291967553","0.1","False","True","True","2","1","0.007307757157832384","0.18962962925434113","0","0","0","0","0","0","0","0","0","0","0","0","0.18962962925434113","0.6743116974830627","0.0038530633319169283","0.010338788852095604","0.008507698774337769","0.009083672426640987","0.006688199006021023","0.010534125380218029","0.0044539556838572025","0.006189123727381229","0.006364176049828529","0.00346551020629704","0.004833410028368235","0.006953750737011433","0.0034046489745378494","0","40","0","0.0013361049350351095","40","0","0","0.6850000023841858","0.6850000023841858","0","0.6742232441902161","0.6850000023841858","0.3149999976158142","3.5688936710357666","0.8854923248291016","0.1716124713420868","0.42541345953941345","ssl_emnist_digits_dino","279","FAILED"
"2026-03-30 01:19:50","35.9s","9b05ef984faf442ba48e76f953f3b3fa","ssl_emnist_digits_dino_trial_0278","LOCAL","src/cli.py","thallybu","FINISHED","False","None","threshold","0.6625217887051229","250","True","ShallowAutoencoder","None","1024","/data/thallybu/cache","1e-06","0","emnist_digits_dinov2_vits14","0.01942224370370687","True","384","[128, 64]","1","0.6625217887051229","","0.01942224370370687","4","0.000514115258799877","26","0.23050994598575444","4","","1.4514582490789398","1","0.1778551893914927","2","1e-06","0.000514115258799877","5","26","10","4","0.23050994598575444","L","random","None","4","50","1.4514582490789398","threshold","1.0","42","10","[0.9, 0.1]","0.1778551893914927","0.1","False","True","True","2","1","0.007673186250030994","0.18962962925434113","0","0","0","0","0","0","0","0","0","0","0","0","0.18962962925434113","0.6625217795372009","0.00366699299775064","0.008573207072913647","0.008191918954253197","0.008674991317093372","0.007708712015300989","0.012667810544371605","0.0034943739883601665","0.010072007775306702","0.006938153877854347","0.0058723753318190575","0.005625326652079821","0.006911414675414562","0.003360454924404621","0","40","0","0.0014756763121113181","40","0","0","0.6903333067893982","0.6903333067893982","0","0.6827000379562378","0.6903333067893982","0.3096666634082794","5.436732292175293","0.8987431526184082","0.16896170377731323","0.445009708404541","ssl_emnist_digits_dino","278","FAILED"
"2026-03-30 01:16:12","45.6min","4f0310a952814136926c7a523fafea5b","ssl_emnist_digits_dino_trial_0277","LOCAL","src/cli.py","thallybu","FINISHED","False","None","threshold","0.6606585749859902","250","True","ShallowAutoencoder","None","1024","/data/thallybu/cache","1e-06","0","emnist_digits_dinov2_vits14","0.019375741950082875","True","384","[128, 64]","1","0.6606585749859902","","0.019375741950082875","4","0.0005709681451924715","26","0.24277410186388676","4","","1.447987012916622","1","0.17911760907326632","2","1e-06","0.0005709681451924715","5","26","10","4","0.24277410186388676","L","random","None","4","50","1.447987012916622","threshold","1.0","42","10","[0.9, 0.1]","0.17911760907326632","0.1","False","True","True","2","50","0.002642926760017872","854.0231323242188","0.47710904479026794","0.20662446320056915","0.36749088764190674","0.25162801146507263","0.5906242728233337","0.5337540507316589","0.4508775770664215","0.5872917175292969","0.5182718634605408","0.47868362069129944","0.4453188478946686","0.6434241533279419","10","0.660658597946167","0.0045849960297346115","0.0034645944833755493","0.0036683324724435806","0.004068819805979729","0.002808616729453206","0.003984145820140839","0.0030621124897152185","0.003437853418290615","0.0035173825453966856","0.0036943561863154173","0.0032252329401671886","0.04979252070188522","0.049308862537145615","170","40","0","0.03493143990635872","180365","0","0.00963446032255888","0.8627499938011169","0.8627499938011169","0","0.8619131445884705","0.8627499938011169","0.13724999129772186","10.261646270751953","0.629828929901123","0.0507621206343174","0.4482630789279938","ssl_emnist_digits_dino","277","OK"
"2026-03-30 01:15:34","36.9s","a7e80508d0ba488da21a01051d42df05","ssl_emnist_digits_dino_trial_0276","LOCAL","src/cli.py","thallybu","FINISHED","False","None","threshold","0.6355968776832742","250","True","ShallowAutoencoder","None","1024","/data/thallybu/cache","1e-06","0","emnist_digits_dinov2_vits14","0.02233756313573242","True","384","[128, 64]","1","0.6355968776832742","","0.02233756313573242","4","0.001102720902273989","28","0.2348760264885334","4","","1.4288628318100107","1","0.18852937032123654","2","1e-06","0.001102720902273989","5","28","10","4","0.2348760264885334","L","random","None","4","50","1.4288628318100107","threshold","1.0","42","10","[0.9, 0.1]","0.18852937032123654","0.1","False","True","True","2","1","0.006708311382681131","0.18962962925434113","0","0","0","0","0","0","0","0","0","0","0","0","0.18962962925434113","0.6355968713760376","0.0025372840464115143","0.009560724720358849","0.006740150041878223","0.00620307307690382","0.007664835080504417","0.008796792477369308","0.004437731113284826","0.003649437101557851","0.005033931694924831","0.003943646792322397","0.004637443460524082","0.005263346713036299","0.0033302376978099346","0","40","0","0.0011504406575113535","40","0","0","0.6477500200271606","0.6477500200271606","0","0.6342957615852356","0.6477500200271606","0.35225000977516174","4.048425674438477","0.9190839529037476","0.15540461242198944","0.427068293094635","ssl_emnist_digits_dino","276","FAILED"
"2026-03-30 01:12:10","41.4min","c907c4dfa2fc4b82926ad169a8ee90a4","ssl_emnist_digits_dino_trial_0275","LOCAL","src/cli.py","thallybu","FINISHED","False","None","threshold","0.7596724716589953","250","True","ShallowAutoencoder","None","1024","/data/thallybu/cache","1e-06","0","emnist_digits_dinov2_vits14","0.022771753225455573","True","384","[128, 64]","1","0.7596724716589953","","0.022771753225455573","4","0.0005843173392892671","28","0.23522442072076688","4","","1.4308215406365836","1","0.19457805656596272","2","1e-06","0.0005843173392892671","5","28","10","4","0.23522442072076688","L","random","None","4","50","1.4308215406365836","threshold","1.0","42","10","[0.9, 0.1]","0.19457805656596272","0.1","False","True","True","2","46","0.003226662054657936","945.9993896484375","0.5330158472061157","0.22638750076293945","0.45312604308128357","0.2723067104816437","0.6697574257850647","0.5865769386291504","0.559689462184906","0.6619446277618408","0.6325305104255676","0.5173528790473938","0.49770569801330566","0.5426244139671326","10","0.7596724629402161","0.004536192398518324","0.00407018605619669","0.0043069710955023766","0.004014517180621624","0.003024354111403227","0.0046105217188596725","0.0033714664168655872","0.004196077585220337","0.004025992006063461","0.003896119771525264","0.0031243055127561092","0.054404906928539276","0.05356714129447937","145","40","0","0.03864050656557083","199747","0","0.010469205677509308","0.8347916603088379","0.8347916603088379","0","0.8341608643531799","0.8347916603088379","0.16520832479000092","8.360554695129395","0.6712767481803894","0.05091448128223419","0.47068357467651367","ssl_emnist_digits_dino","275","OK"
"2026-03-30 01:07:28","44.2min","332f53ec25ae48fcafa99a24b635040d","ssl_emnist_digits_dino_trial_0274","LOCAL","src/cli.py","thallybu","FINISHED","False","None","threshold","0.6924152081263463","250","True","ShallowAutoencoder","None","1024","/data/thallybu/cache","1e-06","0","emnist_digits_dinov2_vits14","0.019366592089477705","True","384","[128, 64]","1","0.6924152081263463","","0.019366592089477705","4","0.0007485419312440718","28","0.23025433562714928","4","","1.4115867199758008","1","0.1562484056467811","2","1e-06","0.0007485419312440718","5","28","10","4","0.23025433562714928","L","random","None","4","50","1.4115867199758008","threshold","1.0","42","10","[0.9, 0.1]","0.1562484056467811","0.1","False","True","True","2","49","0.002841019770130515","876.9383544921875","0.4838081896305084","0.21486975252628326","0.4018401503562927","0.23794196546077728","0.6738413572311401","0.5361945033073425","0.4235961437225342","0.6097459197044373","0.6145051717758179","0.5143482685089111","0.423636794090271","0.5122243165969849","10","0.6924152374267578","0.004462679848074913","0.0037509563844650984","0.0037375795654952526","0.004183685872703791","0.002871578559279442","0.004064282868057489","0.003281440818682313","0.004463511053472757","0.0038225501775741577","0.0037268453743308783","0.003120628884062171","0.05065849795937538","0.05066002160310745","122","40","0","0.037023063749074936","185153","0","0.008518608286976814","0.856041669845581","0.856041669845581","0","0.8545039892196655","0.856041669845581","0.14395833015441895","10.222780227661133","0.6410065293312073","0.04301163926720619","0.49234503507614136","ssl_emnist_digits_dino","274","OK"
"2026-03-30 01:07:06","8.5min","33e66ab7ec0149a1b8f4123da5826528","ssl_emnist_digits_dino_trial_0273","LOCAL","src/cli.py","thallybu","FINISHED","False","None","threshold","0.7656821439164563","250","True","ShallowAutoencoder","None","1024","/data/thallybu/cache","1e-06","0","emnist_digits_dinov2_vits14","0.019013528342483776","True","384","[128, 64]","1","0.7656821439164563","","0.019013528342483776","4","0.000990665322906261","25","0.10229387707022594","4","","1.382538811056794","1","0.1988580249494343","2","1e-06","0.000990665322906261","5","25","10","4","0.10229387707022594","L","random","None","4","50","1.382538811056794","threshold","1.0","42","10","[0.9, 0.1]","0.1988580249494343","0.1","False","True","True","2","10","0.004836338572204113","836.69775390625","0.5645846724510193","0.20475192368030548","0.5287430882453918","0.3286634087562561","0.6509490013122559","0.5802947282791138","0.6010118722915649","0.7462993264198303","0.5900636911392212","0.6118907928466797","0.5818542838096619","0.6045092344284058","10","0.7656821608543396","0.0024391452316194773","0.00526414904743433","0.005808884743601084","0.00536853214725852","0.0038286536000669003","0.006006597075611353","0.0047284699976444244","0.005062495358288288","0.006068217568099499","0.005747427698224783","0.004037523176521063","0.0657193511724472","0.06467418372631073","2795","40","0","0.05192096158862114","179335","0","0.01086453814059496","0.7176666855812073","0.7176666855812073","0","0.7082024812698364","0.7176666855812073","0.2823333442211151","9.199996948242188","0.8650838136672974","0.062168024480342865","0.6415462493896484","ssl_emnist_digits_dino","273","OK"
"2026-03-30 01:06:28","36.9s","17be8c7c2d9244a9818b0d7c61f47111","ssl_emnist_digits_dino_trial_0272","LOCAL","src/cli.py","thallybu","FINISHED","False","None","threshold","0.7400622488535102","250","True","ShallowAutoencoder","None","1024","/data/thallybu/cache","1e-06","0","emnist_digits_dinov2_vits14","0.023787516212564575","True","384","[128, 64]","1","0.7400622488535102","","0.023787516212564575","4","0.0005936292251990415","23","0.22279101637695609","4","","1.4059226003710041","1","0.16756197456653973","2","1e-06","0.0005936292251990415","5","23","10","4","0.22279101637695609","L","random","None","4","50","1.4059226003710041","threshold","1.0","42","10","[0.9, 0.1]","0.16756197456653973","0.1","False","True","True","2","1","0.007442857604473829","0.18962962925434113","0","0","0","0","0","0","0","0","0","0","0","0","0.18962962925434113","0.7400622367858887","0.0034455223940312862","0.005331113003194332","0.0049889665096998215","0.006868072785437107","0.007164464332163334","0.00663364864885807","0.011045495048165321","0.008489461615681648","0.005776852834969759","0.00857909768819809","0.010654913261532784","0.0065360357984900475","0.0032003186643123627","0","40","0","0.001432312186807394","40","0","0","0.6489166617393494","0.6489166617393494","0","0.6396552920341492","0.6489166617393494","0.35108333826065063","5.608170032501221","0.9576272964477539","0.09639614075422287","0.5430349111557007","ssl_emnist_digits_dino","272","FAILED"
"2026-03-30 00:59:11","20.6min","2980b6af969b4c0c9c0188910e0d148e","ssl_emnist_digits_dino_trial_0271","LOCAL","src/cli.py","thallybu","FINISHED","False","None","threshold","0.7315854240688051","250","True","ShallowAutoencoder","None","1024","/data/thallybu/cache","1e-06","0","emnist_digits_dinov2_vits14","0.02340276321282729","True","384","[128, 64]","1","0.7315854240688051","","0.02340276321282729","4","0.0006094279650048402","26","0.2197367680629115","4","","1.4132663109753827","1","0.19971487637596003","2","1e-06","0.0006094279650048402","5","26","10","4","0.2197367680629115","L","random","None","4","50","1.4132663109753827","threshold","1.0","42","10","[0.9, 0.1]","0.19971487637596003","0.1","False","True","True","2","23","0.0033016465604305267","884.7706909179688","0.5251865386962891","0.21934372186660767","0.4016876518726349","0.2798081040382385","0.6848995685577393","0.527328610420227","0.5276350378990173","0.6671358346939087","0.6194690465927124","0.5233927965164185","0.44808414578437805","0.6419893503189087","10","0.7315854430198669","0.003743050154298544","0.00381370703689754","0.004551538731902838","0.005044862627983093","0.003016871167346835","0.004602878354489803","0.003566996892914176","0.004123997874557972","0.004198242910206318","0.004280711058527231","0.0031398849096149206","0.05554839223623276","0.0553286038339138","402","40","0","0.04033970460295677","187086","0","0.010740154422819614","0.8088333606719971","0.8088333606719971","0","0.8074356317520142","0.8088333606719971","0.19116666913032532","10.142637252807617","0.7221570611000061","0.05220629647374153","0.5600385665893555","ssl_emnist_digits_dino","271","OK"
"2026-03-30 00:58:34","36.7s","1d36596ff0fc4f42a49c5eea14c5098b","ssl_emnist_digits_dino_trial_0270","LOCAL","src/cli.py","thallybu","FINISHED","False","None","threshold","0.6304575710909901","250","True","ShallowAutoencoder","None","1024","/data/thallybu/cache","1e-06","0","emnist_digits_dinov2_vits14","0.03843680758285401","True","384","[128, 64]","1","0.6304575710909901","","0.03843680758285401","4","0.000663400629626879","25","0.18700736063474868","4","","1.365702434114877","1","0.14693194948315644","2","1e-06","0.000663400629626879","5","25","10","4","0.18700736063474868","L","random","None","4","50","1.365702434114877","threshold","1.0","42","10","[0.9, 0.1]","0.14693194948315644","0.1","False","True","True","2","1","0.007345525547862053","0.18962962925434113","0","0","0","0","0","0","0","0","0","0","0","0","0.18962962925434113","0.6304575800895691","0.0032943598926067352","0.004890017677098513","0.005930014885962009","0.010244950652122498","0.006193164736032486","0.0065848613157868385","0.010498213581740856","0.004607170820236206","0.010157076641917229","0.00819304771721363","0.004405546002089977","0.0060277474112808704","0.007747509516775608","0","40","0","0.0013597214128822088","40","0","0","0.6752499938011169","0.6752499938011169","0","0.6589280962944031","0.6752499938011169","0.32475000619888306","4.051745414733887","0.8884987831115723","0.1428069919347763","0.4015861451625824","ssl_emnist_digits_dino","270","FAILED"
"2026-03-30 00:56:44","38.3s","129604c5660b4db6b4cb9479aaee659b","ssl_emnist_digits_dino_trial_0269","LOCAL","src/cli.py","thallybu","FINISHED","False","None","threshold","0.6472069705609736","250","True","ShallowAutoencoder","None","1024","/data/thallybu/cache","1e-06","0","emnist_digits_dinov2_vits14","0.015842364548817843","True","384","[128, 64]","1","0.6472069705609736","","0.015842364548817843","4","0.0007987783355246513","27","0.23275344101747897","4","","1.3792990845287383","1","0.1387660966228161","2","1e-06","0.0007987783355246513","5","27","10","4","0.23275344101747897","L","random","None","4","50","1.3792990845287383","threshold","1.0","42","10","[0.9, 0.1]","0.1387660966228161","0.1","False","True","True","2","1","0.006624074652791023","0.18962962925434113","0","0","0","0","0","0","0","0","0","0","0","0","0.18962962925434113","0.6472069621086121","0.002937613520771265","0.005131755024194717","0.012734813615679741","0.005345338024199009","0.007345006335526705","0.0066879186779260635","0.006340057589113712","0.005206049419939518","0.0059398477897048","0.0059055909514427185","0.00718778045848012","0.005765534937381744","0.002909594215452671","0","40","0","0.001286146929487586","40","0","0","0.6237083077430725","0.6237083077430725","0","0.6283286809921265","0.6237083077430725","0.3762916624546051","4.022211074829102","0.9250469207763672","0.13627967238426208","0.40489867329597473","ssl_emnist_digits_dino","269","FAILED"
"2026-03-30 00:43:32","22.9min","0010b849cbbc4263b58319096e875336","ssl_emnist_digits_dino_trial_0268","LOCAL","src/cli.py","thallybu","FINISHED","False","None","threshold","0.6500059890626739","250","True","ShallowAutoencoder","None","1024","/data/thallybu/cache","1e-06","0","emnist_digits_dinov2_vits14","0.034096251202587045","True","384","[128, 64]","1","0.6500059890626739","","0.034096251202587045","4","0.0006801390718211861","27","0.18943521496313037","4","","1.3670271839301091","1","0.1275585262021249","2","1e-06","0.0006801390718211861","5","27","10","4","0.18943521496313037","L","random","None","4","50","1.3670271839301091","threshold","1.0","42","10","[0.9, 0.1]","0.1275585262021249","0.1","False","True","True","2","26","0.003858445677906275","783.9837036132812","0.46696165204048157","0.1927075833082199","0.3691835105419159","0.2721073627471924","0.5539658069610596","0.4977916479110718","0.5145489573478699","0.5854348540306091","0.5158945322036743","0.4476253092288971","0.4389261305332184","0.5470614433288574","10","0.6500059962272644","0.0033810411114245653","0.003841319354251027","0.004364015534520149","0.004396227188408375","0.0030749617144465446","0.005704895127564669","0.003637091489508748","0.003896193578839302","0.004007630981504917","0.004258987959474325","0.00345837464556098","0.051754072308540344","0.050604965537786484","553","40","0","0.04063969850540161","165971","0","0.007002411875873804","0.8077916502952576","0.8077916502952576","0","0.8113842606544495","0.8077916502952576","0.19220833480358124","9.779255867004395","0.7218146920204163","0.05113109201192856","0.5899860262870789","ssl_emnist_digits_dino","268","OK"
"2026-03-30 00:42:56","35.4s","72039ea10ab74d6386c4d09605d4a0f1","ssl_emnist_digits_dino_trial_0267","LOCAL","src/cli.py","thallybu","FINISHED","False","None","threshold","0.7096015511255911","250","True","ShallowAutoencoder","None","1024","/data/thallybu/cache","1e-06","0","emnist_digits_dinov2_vits14","0.03684467814089034","True","384","[128, 64]","1","0.7096015511255911","","0.03684467814089034","4","0.000775221778217519","27","0.23962193930298728","4","","1.3297221660774472","1","0.15674532453405463","2","1e-06","0.000775221778217519","5","27","10","4","0.23962193930298728","L","random","None","4","50","1.3297221660774472","threshold","1.0","42","10","[0.9, 0.1]","0.15674532453405463","0.1","False","True","True","2","1","0.006914815865457058","0.18962962925434113","0","0","0","0","0","0","0","0","0","0","0","0","0.18962962925434113","0.7096015214920044","0.0030128539074212313","0.005404786206781864","0.012164711020886898","0.005544401239603758","0.008143177255988121","0.009228518232703209","0.006382989697158337","0.005272373557090759","0.005614982917904854","0.006083176005631685","0.006955093704164028","0.006012264639139175","0.0030762520618736744","0","40","0","0.001342468080110848","40","0","0","0.6272083520889282","0.6272083520889282","0","0.6237914562225342","0.6272083520889282","0.3727916479110718","4.011969566345215","0.9238678812980652","0.1930110901594162","0.39975157380104065","ssl_emnist_digits_dino","267","FAILED"
"2026-03-30 00:36:30","22.0min","e5784bf61c2e4bfaa1017276524d4190","ssl_emnist_digits_dino_trial_0266","LOCAL","src/cli.py","thallybu","FINISHED","False","None","threshold","0.6478518086552421","250","True","ShallowAutoencoder","None","1024","/data/thallybu/cache","1e-06","0","emnist_digits_dinov2_vits14","0.033472792278078846","True","384","[128, 64]","1","0.6478518086552421","","0.033472792278078846","4","0.0007636115721813027","27","0.20906035683298746","4","","1.3571764889278295","1","0.127058597222795","2","1e-06","0.0007636115721813027","5","27","10","4","0.20906035683298746","L","random","None","4","50","1.3571764889278295","threshold","1.0","42","10","[0.9, 0.1]","0.127058597222795","0.1","False","True","True","2","25","0.004095388110727072","780.4219360351562","0.4663892686367035","0.19138550758361816","0.413475900888443","0.2543136179447174","0.5573748350143433","0.5354022979736328","0.4560822546482086","0.5813018679618835","0.5715999603271484","0.4966118335723877","0.4294266402721405","0.49703657627105713","10","0.647851824760437","0.0030807675793766975","0.004491236060857773","0.004398977383971214","0.004027673974633217","0.0035492442548274994","0.005452348850667477","0.003619546303525567","0.00454329838976264","0.004511096514761448","0.004194433800876141","0.003494532546028495","0.05322129651904106","0.05217411369085312","451","40","0","0.04228238761425018","165117","0","0.007001935504376888","0.8083333373069763","0.8083333373069763","0","0.8041895627975464","0.8083333373069763","0.19166666269302368","9.817306518554688","0.7058056592941284","0.04448813945055008","0.5350687503814697","ssl_emnist_digits_dino","266","OK"
"2026-03-30 00:34:00","22.7min","71232b8a8a284d73b8b378e5a1c9da72","ssl_emnist_digits_dino_trial_0265","LOCAL","src/cli.py","thallybu","FINISHED","False","None","threshold","0.7140216442834558","250","True","ShallowAutoencoder","None","1024","/data/thallybu/cache","1e-06","0","emnist_digits_dinov2_vits14","0.0330393923446214","True","384","[128, 64]","1","0.7140216442834558","","0.0330393923446214","4","0.0006675528458167223","26","0.2496561723776409","4","","1.391840962601459","1","0.12791823340355735","2","1e-06","0.0006675528458167223","5","26","10","4","0.2496561723776409","L","random","None","4","50","1.391840962601459","threshold","1.0","42","10","[0.9, 0.1]","0.12791823340355735","0.1","False","True","True","2","25","0.003439033403992653","859.133056640625","0.5046045780181885","0.21447569131851196","0.41289395093917847","0.27117452025413513","0.6867103576660156","0.496086061000824","0.5177392363548279","0.6346743106842041","0.5693003535270691","0.5105176568031311","0.4306318163871765","0.6313958168029785","10","0.714021623134613","0.003495156764984131","0.004194657318294048","0.004404538311064243","0.005055661778897047","0.003094244981184602","0.005119925830513239","0.003538317047059536","0.004304155241698027","0.004351979587227106","0.004360496532171965","0.003834099741652608","0.05368531495332718","0.05374956130981445","671","40","0","0.042258068919181824","181945","0","0.007073510438203812","0.8069999814033508","0.8069999814033508","0","0.8040783405303955","0.8069999814033508","0.19300000369548798","9.672456741333008","0.7211887836456299","0.05382901057600975","0.5740023255348206","ssl_emnist_digits_dino","265","OK"
"2026-03-30 00:33:31","28.8s","0ee86dfad8bb4728bc49315b3d69ed50","ssl_emnist_digits_dino_trial_0264","LOCAL","src/cli.py","thallybu","FINISHED","False","None","fixed_k","0.9","50","True","ShallowAutoencoder","None","1024","/data/thallybu/cache","1e-06","0","emnist_digits_dinov2_vits14","0.04411726939236392","True","384","[128, 64]","0","","1","0.04411726939236392","4","0.00048456317113348404","26","0.24165995672498125","4","","1.3997088371081012","1","0.17193682505691446","2","1e-06","0.00048456317113348404","5","26","10","4","0.24165995672498125","L","random","None","4","50","1.3997088371081012","threshold","1.0","42","10","[0.9, 0.1]","0.17193682505691446","0.1","False","True","True","2","1","0.008066369220614433","0.18962962925434113","0","0","0","0","0","0","0","0","0","0","0","0","0.18962962925434113","","0.003820936195552349","0.009255035780370235","0.008887693285942078","0.008563869632780552","0.0075066653080284595","0.012857163324952126","0.003933627158403397","0.010945461690425873","0.006335790269076824","0.005917923990637064","0.005974466446787119","0.0072906590066850185","0.003824553918093443","0","40","0","0.0015204064548015594","40","0","0","0.6700000166893005","0.6700000166893005","0","0.6754045486450195","0.6700000166893005","0.32999998331069946","4.986160755157471","0.9101800322532654","0.16775396466255188","0.4510684907436371","ssl_emnist_digits_dino","264","FAILED"
"2026-03-30 00:23:41","9.6min","b7103ecf683b4d9b9764da1fac9bf31f","ssl_emnist_digits_dino_trial_0263","LOCAL","src/cli.py","thallybu","FINISHED","False","None","threshold","0.48403082677476245","250","True","ShallowAutoencoder","None","1024","/data/thallybu/cache","1e-06","0","emnist_digits_dinov2_vits14","0.05563660690857407","True","384","[128, 64]","1","0.48403082677476245","","0.05563660690857407","4","0.0006200329301082998","27","0.23256994070436648","4","","1.415278116773177","1","0.15739047547717105","2","1e-06","0.0006200329301082998","5","27","10","4","0.23256994070436648","L","random","None","4","50","1.415278116773177","threshold","1.0","42","10","[0.9, 0.1]","0.15739047547717105","0.1","False","True","True","2","11","0.00606808764860034","421.8219299316406","0.34092631936073303","0.11821264773607254","0.32262149453163147","0.2617761790752411","0.45204851031303406","0.36972281336784363","0.3605707585811615","0.4567270278930664","0.42916467785835266","0.36006149649620056","0.34707754850387573","0.37436413764953613","9.985777854919434","0.4840308129787445","0.001945135067217052","0.004713783040642738","0.005381337366998196","0.003875869559124112","0.003942391369491816","0.006022828631103039","0.004305564798414707","0.003663744544610381","0.004282945301383734","0.004855379927903414","0.003548941807821393","0.056494299322366714","0.054978832602500916","2779","40","0","0.04453155770897865","91782","0","0.008606341667473316","0.7410833239555359","0.7410833239555359","0","0.7364426255226135","0.7410833239555359","0.2589166760444641","9.110297203063965","0.7987047433853149","0.049262434244155884","0.6303651332855225","ssl_emnist_digits_dino","263","OK"
"2026-03-30 00:22:59","41.1s","d435af69ebda4075ad9a9f409bc33fd5","ssl_emnist_digits_dino_trial_0262","LOCAL","src/cli.py","thallybu","FINISHED","False","None","threshold","0.6412377994281597","250","True","ShallowAutoencoder","None","1024","/data/thallybu/cache","1e-06","0","emnist_digits_dinov2_vits14","0.02893771825699992","True","384","[128, 64]","1","0.6412377994281597","","0.02893771825699992","4","0.0007180050269914579","26","0.22054105116082365","4","","1.3913210369061788","1","0.1764984602944093","2","1e-06","0.0007180050269914579","5","26","10","4","0.22054105116082365","L","random","None","4","50","1.3913210369061788","threshold","1.0","42","10","[0.9, 0.1]","0.1764984602944093","0.1","False","True","True","2","1","0.007319685537368059","0.18962962925434113","0","0","0","0","0","0","0","0","0","0","0","0","0.18962962925434113","0.6412377953529358","0.0031823012977838516","0.00791086908429861","0.008023974485695362","0.007858764380216599","0.007463918998837471","0.011521995067596436","0.003578752977773547","0.00991733931005001","0.00654563307762146","0.00610757153481245","0.005495144985616207","0.006207888945937157","0.0030158772133290768","0","40","0","0.0014112988719716668","40","0","0","0.6325833201408386","0.6325833201408386","0","0.6248413920402527","0.6325833201408386","0.367416650056839","6.163264751434326","0.9700180292129517","0.12244731187820435","0.5378331542015076","ssl_emnist_digits_dino","262","FAILED"
"2026-03-30 00:21:13","59.0min","6d295a280ab2454187587aab809f57e9","ssl_emnist_digits_dino_trial_0261","LOCAL","src/cli.py","thallybu","FINISHED","False","None","threshold","0.6405319178004999","250","True","ShallowAutoencoder","None","1024","/data/thallybu/cache","1e-06","0","emnist_digits_dinov2_vits14","0.028786686526800543","True","384","[128, 64]","1","0.6405319178004999","","0.028786686526800543","4","0.0005685415400337348","26","0.2287121842759283","4","","1.3909200336552456","1","0.17757917455507785","2","1e-06","0.0005685415400337348","5","26","10","4","0.2287121842759283","L","random","None","4","50","1.3909200336552456","threshold","1.0","42","10","[0.9, 0.1]","0.17757917455507785","0.1","False","True","True","2","64","0.002864690963178873","813.1090087890625","0.4639541506767273","0.2032552808523178","0.3421589732170105","0.21765662729740143","0.5704779028892517","0.4979139268398285","0.5042275786399841","0.5995178818702698","0.5375853180885315","0.5160958170890808","0.43705689907073975","0.5443066954612732","10","0.6405318975448608","0.004216753412038088","0.0033246870152652264","0.0037222676910459995","0.004090295173227787","0.002782992087304592","0.0047352928668260574","0.0033332116436213255","0.003602944314479828","0.004245090298354626","0.003769455710425973","0.0029503651894629","0.051036685705184937","0.05092927813529968","90","40","0","0.03655659407377243","171652","0","0.009608136489987373","0.8483333587646484","0.8483333587646484","0","0.8477828502655029","0.8483333587646484","0.15166667103767395","10.423943519592285","0.6478400826454163","0.04737032204866409","0.4728415906429291","ssl_emnist_digits_dino","261","OK"
"2026-03-30 00:20:33","38.9s","0781880695ec48ad8c0c314a040e6001","ssl_emnist_digits_dino_trial_0260","LOCAL","src/cli.py","thallybu","FINISHED","False","None","threshold","0.6588359785319204","250","True","ShallowAutoencoder","None","1024","/data/thallybu/cache","1e-06","0","emnist_digits_dinov2_vits14","0.0377344370484515","True","384","[128, 64]","1","0.6588359785319204","","0.0377344370484515","4","0.00046253167823872654","14","0.22727855921777324","4","","1.355525489580777","1","0.13892156565926977","2","1e-06","0.00046253167823872654","5","14","10","4","0.22727855921777324","L","random","None","4","50","1.355525489580777","threshold","1.0","42","10","[0.9, 0.1]","0.13892156565926977","0.1","False","True","True","2","1","0.007981393486261368","0.18962962925434113","0","0","0","0","0","0","0","0","0","0","0","0","0.18962962925434113","0.6588360071182251","0.0035741361789405346","0.004387555178254843","0.011873172596096992","0.005951970815658569","0.009093690663576126","0.01660115458071232","0.00720748258754611","0.0077649615705013275","0.007734142243862152","0.006213481537997723","0.008325380273163319","0.007002886384725571","0.0033426876179873943","0","40","0","0.001614753040485084","40","0","0","0.7272916436195374","0.7272916436195374","0","0.7205413579940796","0.7272916436195374","0.27270832657814026","3.7537238597869873","0.8610098958015442","0.11092361062765121","0.37737536430358887","ssl_emnist_digits_dino","260","FAILED"
"2026-03-30 00:20:18","1.0h","5aeffe8eccca4570ace5962b8ff15c15","ssl_emnist_digits_dino_trial_0259","LOCAL","src/cli.py","thallybu","FINISHED","False","None","threshold","0.6586493270765258","250","True","ShallowAutoencoder","None","1024","/data/thallybu/cache","1e-06","0","emnist_digits_dinov2_vits14","0.03309921430353075","True","384","[128, 64]","1","0.6586493270765258","","0.03309921430353075","4","0.0006903871860967886","26","0.22637032472718363","4","","1.3574202972736082","1","0.15897170203896843","2","1e-06","0.0006903871860967886","5","26","10","4","0.22637032472718363","L","random","None","4","50","1.3574202972736082","threshold","1.0","42","10","[0.9, 0.1]","0.15897170203896843","0.1","False","True","True","2","64","0.0029663904570043087","841.6456298828125","0.4697207510471344","0.20945468544960022","0.3696459233760834","0.22343809902668","0.614932119846344","0.49687331914901733","0.46672117710113525","0.6261566877365112","0.512496829032898","0.546936571598053","0.3915013372898102","0.5841638445854187","10","0.6586493253707886","0.004116106312721968","0.003595363814383745","0.003843784797936678","0.004517165943980217","0.0028708602767437696","0.004498373717069626","0.0035115748178213835","0.003617052221670747","0.004327427130192518","0.003825119696557522","0.0033884355798363686","0.051444847136735916","0.05179338902235031","130","40","0","0.037995144724845886","177713","0","0.00866206455975771","0.8486666679382324","0.8486666679382324","0","0.8478039503097534","0.8486666679382324","0.15133333206176758","12.4379301071167","0.6455879807472229","0.04999302327632904","0.4826696515083313","ssl_emnist_digits_dino","259","OK"
"2026-03-30 00:17:46","25.1min","b42543033520472d88b2f217b3a6be8b","ssl_emnist_digits_dino_trial_0258","LOCAL","src/cli.py","thallybu","FINISHED","False","None","threshold","0.6414747054658307","250","True","ShallowAutoencoder","None","1024","/data/thallybu/cache","1e-06","0","emnist_digits_dinov2_vits14","0.029446168344131506","True","384","[128, 64]","1","0.6414747054658307","","0.029446168344131506","4","0.0006998087102149379","24","0.22667755563670716","4","","1.391927795386089","1","0.18179082212217226","2","1e-06","0.0006998087102149379","5","24","10","4","0.22667755563670716","L","random","None","4","50","1.391927795386089","threshold","1.0","42","10","[0.9, 0.1]","0.18179082212217226","0.1","False","True","True","2","27","0.0041262744925916195","752.280029296875","0.44767099618911743","0.19611439108848572","0.36662158370018005","0.2533462643623352","0.6948482990264893","0.4669111967086792","0.4392377436161041","0.6288760304450989","0.5108605027198792","0.4695260226726532","0.37195757031440735","0.5445473790168762","10","0.641474723815918","0.003384909825399518","0.0037641727831214666","0.00439574895426631","0.004318417981266975","0.003328711725771427","0.0046174004673957825","0.0037010563537478447","0.0038977600634098053","0.004312901291996241","0.003909156657755375","0.003417191794142127","0.05381800979375839","0.0541984848678112","690","40","0","0.039662521332502365","159418","0","0.009835238568484783","0.812208354473114","0.812208354473114","0","0.801807701587677","0.812208354473114","0.18779166042804718","9.06362533569336","0.6932856440544128","0.04661794379353523","0.5553857684135437","ssl_emnist_digits_dino","258","OK"
"2026-03-30 00:17:07","38.7s","b9bf3bd8a7584ba990d733b1796e0a53","ssl_emnist_digits_dino_trial_0257","LOCAL","src/cli.py","thallybu","FINISHED","False","None","threshold","0.4672917729586772","250","True","ShallowAutoencoder","None","1024","/data/thallybu/cache","1e-06","0","emnist_digits_dinov2_vits14","0.02434343043877232","True","384","[128, 64]","1","0.4672917729586772","","0.02434343043877232","4","0.0005490211295152569","23","0.22378527611872498","4","","1.4357018371004402","1","0.1904920048892749","2","1e-06","0.0005490211295152569","5","23","10","4","0.22378527611872498","L","random","None","4","50","1.4357018371004402","threshold","1.0","42","10","[0.9, 0.1]","0.1904920048892749","0.1","False","True","True","2","1","0.007575536146759987","0.18962962925434113","0","0","0","0","0","0","0","0","0","0","0","0","0.18962962925434113","0.46729177236557007","0.003556614276021719","0.005495267454534769","0.00488543463870883","0.007597448769956827","0.00716358283534646","0.006683282554149628","0.011335426941514015","0.008550528436899185","0.005895821377635002","0.008792119100689888","0.010627275332808495","0.006712552160024643","0.003366335527971387","0","40","0","0.0014606445329263806","40","0","0","0.6495833396911621","0.6495833396911621","0","0.6459317803382874","0.6495833396911621","0.3504166603088379","5.304074764251709","0.939420223236084","0.09584619104862213","0.4987996518611908","ssl_emnist_digits_dino","257","FAILED"
"2026-03-30 00:12:43","1.7h","5af2d024e3a24b3fa4abf5935be4526f","ssl_emnist_digits_dino_trial_0256","LOCAL","src/cli.py","thallybu","FINISHED","False","None","threshold","0.6101344668049433","250","True","ShallowAutoencoder","None","1024","/data/thallybu/cache","1e-06","0","emnist_digits_dinov2_vits14","0.023265615720660836","True","384","[128, 64]","1","0.6101344668049433","","0.023265615720660836","4","0.0005482784127806922","27","0.2244446796690103","4","","1.4353003132040156","1","0.19951688710126272","2","1e-06","0.0005482784127806922","5","27","10","4","0.2244446796690103","L","random","None","4","50","1.4353003132040156","threshold","1.0","42","10","[0.9, 0.1]","0.19951688710126272","0.1","False","True","True","2","99","0.0026821873616427183","809.1768798828125","0.4333265721797943","0.19423741102218628","0.3282816708087921","0.22994430363178253","0.5928938984870911","0.45872360467910767","0.4004199206829071","0.5798582434654236","0.4784526526927948","0.4472978115081787","0.37371575832366943","0.5602269768714905","10","0.610134482383728","0.004728653933852911","0.003263308433815837","0.003323869314044714","0.0037728806491941214","0.002667767461389303","0.0038918652571737766","0.003241345752030611","0.0033814343623816967","0.003310613101348281","0.0035891022998839617","0.0031438996084034443","0.04962820187211037","0.050322119146585464","29","40","0","0.033586084842681885","170762","0","0.010711459442973137","0.8729166388511658","0.8729166388511658","0","0.8716156482696533","0.8729166388511658","0.12708333134651184","9.038888931274414","0.6126872301101685","0.04347562417387962","0.4991148114204407","ssl_emnist_digits_dino","256","OK"
"2026-03-30 00:12:01","40.1s","416cee95c3e9474dad1e4876f1d6253d","ssl_emnist_digits_dino_trial_0255","LOCAL","src/cli.py","thallybu","FINISHED","False","None","threshold","0.6803304564410187","250","True","ShallowAutoencoder","None","1024","/data/thallybu/cache","1e-06","0","emnist_digits_dinov2_vits14","0.030326376507201606","True","384","[128, 64]","1","0.6803304564410187","","0.030326376507201606","4","0.00039815197334919873","26","0.23556747016605767","4","","1.4056263761385723","1","0.18123060124954965","2","1e-06","0.00039815197334919873","5","26","10","4","0.23556747016605767","L","random","None","4","50","1.4056263761385723","threshold","1.0","42","10","[0.9, 0.1]","0.18123060124954965","0.1","False","True","True","2","1","0.008327821269631386","0.18962962925434113","0","0","0","0","0","0","0","0","0","0","0","0","0.18962962925434113","0.6803304553031921","0.004074737895280123","0.009541085921227932","0.009034053422510624","0.009699523448944092","0.00806958507746458","0.013519888743758202","0.003779307473450899","0.011419756338000298","0.007456298917531967","0.0059870388358831406","0.006089135073125362","0.007640690542757511","0.003671749960631132","0","40","0","0.001604184741154313","40","0","0","0.6963750123977661","0.6963750123977661","0","0.7003028988838196","0.6963750123977661","0.3036249876022339","4.931791305541992","0.8937068581581116","0.15328547358512878","0.4295305907726288","ssl_emnist_digits_dino","255","FAILED"
"2026-03-30 00:12:01","11.0min","4fc8f67dd26446e2ae7b2303dc3c3a00","ssl_emnist_digits_dino_trial_0254","LOCAL","src/cli.py","thallybu","FINISHED","False","None","threshold","0.6588376636027217","250","True","ShallowAutoencoder","None","1024","/data/thallybu/cache","1e-06","0","emnist_digits_dinov2_vits14","0.1482983217807483","True","384","[128, 64]","1","0.6588376636027217","","0.1482983217807483","4","0.000539447315955784","26","0.22741886284520338","4","","1.4395075097517565","1","0.1836631388238713","2","1e-06","0.000539447315955784","5","26","10","4","0.22741886284520338","L","random","None","4","50","1.4395075097517565","threshold","1.0","42","10","[0.9, 0.1]","0.1836631388238713","0.1","False","True","True","2","12","0.006051327101886272","648.5508422851562","0.4748918414115906","0.17310956120491028","0.40715479850769043","0.3190883696079254","0.5753791332244873","0.5502846240997314","0.5260902643203735","0.5337902903556824","0.5626022815704346","0.4980977177619934","0.4372953474521637","0.5054115653038025","10","0.6588376760482788","0.0021162729244679213","0.0055706193670630455","0.0066534290090203285","0.0059866891242563725","0.00404695700854063","0.006776335649192333","0.00412592152133584","0.005322580225765705","0.006020784843713045","0.005876871757209301","0.004394281655550003","0.06825768947601318","0.0679626315832138","2130","40","0","0.05477446690201759","138971","0","0.009990757331252098","0.7546666860580444","0.7546666860580444","0","0.757504403591156","0.7546666860580444","0.24533332884311676","7.040090084075928","0.7795183658599854","0.06792089343070984","0.5347816348075867","ssl_emnist_digits_dino","254","OK"
"2026-03-30 00:11:25","35.7s","ec2a339ad7cb465b90fecf862e9e3d2b","ssl_emnist_digits_dino_trial_0253","LOCAL","src/cli.py","thallybu","FINISHED","False","None","threshold","0.6973683727024963","250","True","ShallowAutoencoder","None","1024","/data/thallybu/cache","1e-06","0","emnist_digits_dinov2_vits14","0.021793170731187514","True","384","[8]","1","0.6973683727024963","","0.021793170731187514","0","0.0004287289093541542","28","0.23777726211046313","4","","1.4203862611445466","1","0.167847797375165","2","1e-06","0.0004287289093541542","5","28","10","4","0.23777726211046313","L","random","None","4","50","1.4203862611445466","threshold","1.0","42","10","[0.9, 0.1]","0.167847797375165","0.1","False","True","True","2","1","0.013590031303465366","0.18933333456516266","0","0","0","0","0","0","0","0","0","0","0","0","0.18933333456516266","0.6973683834075928","0.0004180666874162853","0.015832137316465378","0.010898271575570107","0.011973435059189796","0.018980683758854866","0.011531910859048367","0.012294819578528404","0.013384003192186356","0.014231130480766296","0.011097767390310764","0.013905282132327557","0.006189729552716017","0.0021148824598640203","0","40","0","0.002540262881666422","40","0","0","0.6371666789054871","0.6371666789054871","0","0.6433557868003845","0.6371666789054871","0.36283332109451294","2.8601529598236084","0.9328207969665527","0.3756084740161896","0.23982740938663483","ssl_emnist_digits_dino","253","FAILED"
"2026-03-30 00:09:13","7.9min","7dfa75b7e7604de79ca8d85e909b4659","ssl_emnist_digits_dino_trial_0252","LOCAL","src/cli.py","thallybu","FINISHED","False","None","threshold","0.679777034375179","250","True","ShallowAutoencoder","None","1024","/data/thallybu/cache","1e-06","0","emnist_digits_dinov2_vits14","0.020541416273075826","True","384","[8]","1","0.679777034375179","","0.020541416273075826","0","0.0004036441644207152","28","0.2368240492259874","4","","1.4228328273641873","1","0.16437596155078907","2","1e-06","0.0004036441644207152","5","28","10","4","0.2368240492259874","L","random","None","4","50","1.4228328273641873","threshold","1.0","42","10","[0.9, 0.1]","0.16437596155078907","0.1","False","True","True","2","10","0.0082626361399889","607.171875","0.5022687911987305","0.1489103138446808","0.4954809844493866","0.4389033615589142","0.5867224335670471","0.49093741178512573","0.5114330649375916","0.6052070260047913","0.543116569519043","0.507217288017273","0.4906702935695648","0.5082260966300964","10","0.6797770261764526","0.00038804957875981927","0.00667578587308526","0.008888764306902885","0.008306638337671757","0.005225013475865126","0.00822233222424984","0.005240637343376875","0.005768203642219305","0.006553583312779665","0.006780425552278757","0.00467959837988019","0.08054469525814056","0.08138846606016159","153","40","0","0.06634098291397095","128264","0","0.011858884245157242","0.6784166693687439","0.6784166693687439","0","0.6770924925804138","0.6784166693687439","0.3215833306312561","6.5277581214904785","0.9176105260848999","0.16142645478248596","0.6429953575134277","ssl_emnist_digits_dino","252","OK"
"2026-03-30 00:08:57","1.1h","8b78579972894644a5b139b79a0dd236","ssl_emnist_digits_dino_trial_0251","LOCAL","src/cli.py","thallybu","FINISHED","False","None","threshold","0.6062638298798513","250","True","ShallowAutoencoder","None","1024","/data/thallybu/cache","1e-06","0","emnist_digits_dinov2_vits14","0.020421749942067642","True","384","[128, 64]","1","0.6062638298798513","","0.020421749942067642","4","0.0007004801427129967","26","0.23816972924524268","4","","1.4216710179806535","1","0.18681325941907878","2","1e-06","0.0007004801427129967","5","26","10","4","0.23816972924524268","L","random","None","4","50","1.4216710179806535","threshold","1.0","42","10","[0.9, 0.1]","0.18681325941907878","0.1","False","True","True","2","64","0.0027771820314228535","774.8177490234375","0.4345409870147705","0.18982161581516266","0.327846884727478","0.22669224441051483","0.5477345585823059","0.47529181838035583","0.45043474435806274","0.5636032819747925","0.48885613679885864","0.44085341691970825","0.42544111609458923","0.5441913604736328","10","0.6062638163566589","0.004369415808469057","0.003231975482776761","0.0036908553447574377","0.0038323341868817806","0.002689484739676118","0.004281289409846067","0.0032811868004500866","0.0034403770696371794","0.0036739835049957037","0.003588045947253704","0.0030640801414847374","0.04987892881035805","0.05009201914072037","36","40","0","0.03477361425757408","163520","0","0.010074458085000515","0.8588749766349792","0.8588749766349792","0","0.8581776022911072","0.8588749766349792","0.14112499356269836","9.690237998962402","0.6227863430976868","0.043101824820041656","0.450167179107666","ssl_emnist_digits_dino","251","OK"
"2026-03-30 00:08:18","37.1s","882a7d246c4c4f6e84a98840d023f9e6","ssl_emnist_digits_dino_trial_0250","LOCAL","src/cli.py","thallybu","FINISHED","False","None","threshold","0.7226665632571339","250","True","ShallowAutoencoder","None","1024","/data/thallybu/cache","1e-06","0","emnist_digits_dinov2_vits14","0.03169142279577067","True","384","[128]","1","0.7226665632571339","","0.03169142279577067","3","0.0009102543022745546","25","0.21745478429063497","4","","1.3984124745255944","1","0.16076200180336386","2","1e-06","0.0009102543022745546","5","25","10","4","0.21745478429063497","L","random","None","4","50","1.3984124745255944","threshold","1.0","42","10","[0.9, 0.1]","0.16076200180336386","0.1","False","True","True","2","1","0.006251049693673849","0.18933333456516266","0","0","0","0","0","0","0","0","0","0","0","0","0.18933333456516266","0.7226665616035461","0.0023915793281048536","0.005928726401180029","0.012862332165241241","0.0013724288437515497","0.0050392127595841885","0.011228297837078571","0.0032602548599243164","0.005733751226216555","0.002308807335793972","0.0028659896925091743","0.011462424881756306","0.004926817025989294","0.0022833121474832296","0","40","0","0.0011759173357859254","40","0","0","0.5659999847412109","0.5659999847412109","0","0.5778731107711792","0.5659999847412109","0.4339999854564667","5.170086860656738","1.0098798274993896","0.0751567855477333","0.4783097505569458","ssl_emnist_digits_dino","250","FAILED"
"2026-03-30 00:01:50","18.7min","f55a8161f797405b9dc53183586ada88","ssl_emnist_digits_dino_trial_0249","LOCAL","src/cli.py","thallybu","FINISHED","False","None","threshold","0.6112650006123121","250","True","ShallowAutoencoder","None","1024","/data/thallybu/cache","1e-06","0","emnist_digits_dinov2_vits14","0.03174377245338954","True","384","[128, 64]","1","0.6112650006123121","","0.03174377245338954","4","0.0006981225540871154","25","0.21685067694718171","4","","1.1767113577183432","1","0.16251530663665445","2","1e-06","0.0006981225540871154","5","25","10","4","0.21685067694718171","L","random","None","4","50","1.1767113577183432","threshold","1.0","42","10","[0.9, 0.1]","0.16251530663665445","0.1","False","True","True","2","20","0.003922061994671822","712.7570190429688","0.4368363916873932","0.17706798017024994","0.34766584634780884","0.2921462953090668","0.571200966835022","0.5011017918586731","0.4887235462665558","0.5311053991317749","0.5034058094024658","0.43294572830200195","0.37519747018814087","0.49497759342193604","10","0.6112650036811829","0.003186647780239582","0.003916868474334478","0.005003832746297121","0.004428080283105373","0.003468097886070609","0.005777415353804827","0.004033106844872236","0.003964575473219156","0.0041279601864516735","0.00418529799208045","0.003214527852833271","0.0549926683306694","0.05428608879446983","1034","40","0","0.04211973771452904","151422","0","0.008835751563310623","0.7959166765213013","0.7959166765213013","0","0.7918993234634399","0.7959166765213013","0.20408333837985992","7.923689365386963","0.7253841161727905","0.059936970472335815","0.5884851813316345","ssl_emnist_digits_dino","249","OK"
"2026-03-30 00:01:08","41.5s","69928419f5fa4af4b18cc3c7f0b89ef2","ssl_emnist_digits_dino_trial_0248","LOCAL","src/cli.py","thallybu","FINISHED","False","None","threshold","0.6665972786109374","250","True","ShallowAutoencoder","None","1024","/data/thallybu/cache","1e-06","0","emnist_digits_dinov2_vits14","0.025841267120967373","True","384","[128, 64]","1","0.6665972786109374","","0.025841267120967373","4","0.0006381790276686827","27","0.2241970772830016","4","","1.3882970648317792","1","0.18676772972213937","2","1e-06","0.0006381790276686827","5","27","10","4","0.2241970772830016","L","random","None","4","50","1.3882970648317792","threshold","1.0","42","10","[0.9, 0.1]","0.18676772972213937","0.1","False","True","True","2","1","0.00697584031149745","0.18962962925434113","0","0","0","0","0","0","0","0","0","0","0","0","0.18962962925434113","0.666597306728363","0.0032658844720572233","0.005104236304759979","0.012762603349983692","0.005790119990706444","0.008394990116357803","0.010810673236846924","0.006802849471569061","0.00500709330663085","0.006155658513307571","0.006895088590681553","0.006986989639699459","0.006246575154364109","0.0028979387134313583","0","40","0","0.0014167282497510314","40","0","0","0.640958309173584","0.640958309173584","0","0.6454872488975525","0.640958309173584","0.35904166102409363","3.410011053085327","0.9041298627853394","0.20136648416519165","0.35481521487236023","ssl_emnist_digits_dino","248","FAILED"
"2026-03-29 23:57:34","1.2h","851ee793658e4819816fb808d62a5370","ssl_emnist_digits_dino_trial_0247","LOCAL","src/cli.py","thallybu","FINISHED","False","None","threshold","0.6691992559589821","250","True","ShallowAutoencoder","None","1024","/data/thallybu/cache","1e-06","0","emnist_digits_dinov2_vits14","0.02617400253903818","True","384","[128, 64]","1","0.6691992559589821","","0.02617400253903818","4","0.0006284519552417599","28","0.22799862434044302","4","","1.1762289415997955","1","0.1586137887348666","2","1e-06","0.0006284519552417599","5","28","10","4","0.22799862434044302","L","random","None","4","50","1.1762289415997955","threshold","1.0","42","10","[0.9, 0.1]","0.1586137887348666","0.1","False","True","True","2","74","0.0028425673954188824","870.2432861328125","0.4761471152305603","0.20454448461532593","0.367466002702713","0.2708003520965576","0.5971235036849976","0.5801845192909241","0.4813508689403534","0.5851500630378723","0.6005727052688599","0.43469083309173584","0.40993016958236694","0.5207206010818481","10","0.6691992282867432","0.004647950176149607","0.0034108911640942097","0.0037728825118392706","0.0038237138651311398","0.0030199026223272085","0.004533528815954924","0.0032450431026518345","0.004202339332550764","0.0034826621413230896","0.00343129551038146","0.0029991890769451857","0.04983501136302948","0.04925356060266495","43","40","0","0.03592143580317497","183661","0","0.008617516607046127","0.8601250052452087","0.8601250052452087","0","0.8597698211669922","0.8601250052452087","0.13987499475479126","9.326143264770508","0.6292933821678162","0.05947044864296913","0.4565345048904419","ssl_emnist_digits_dino","247","OK"
"2026-03-29 23:56:32","11.8min","1a1b23c89b4e47949d1ace7cadeec7e8","ssl_emnist_digits_dino_trial_0246","LOCAL","src/cli.py","thallybu","FINISHED","False","None","threshold","0.6257982541640095","250","True","ShallowAutoencoder","None","1024","/data/thallybu/cache","1e-06","0","emnist_digits_dinov2_vits14","0.0265448870806349","True","384","[128, 64]","1","0.6257982541640095","","0.0265448870806349","4","0.0006306605823620788","23","0.22820982974854234","4","","1.1721972494332185","1","0.14933169427156617","2","1e-06","0.0006306605823620788","5","23","10","4","0.22820982974854234","L","random","None","4","50","1.1721972494332185","threshold","1.0","42","10","[0.9, 0.1]","0.14933169427156617","0.1","False","True","True","2","12","0.004434715490788221","655.60205078125","0.46794089674949646","0.18241025507450104","0.4148083031177521","0.2928542196750641","0.5637093186378479","0.490270733833313","0.49446582794189453","0.5322301983833313","0.5755939483642578","0.468011736869812","0.4330333173274994","0.4672681987285614","10","0.625798225402832","0.0028186666313558817","0.003822228405624628","0.005257182754576206","0.005313097964972258","0.003531345399096608","0.0056738764978945255","0.004272168036550283","0.0043209753930568695","0.004403232596814632","0.004982740618288517","0.003392977174371481","0.05701233819127083","0.05643032118678093","3079","40","0","0.0449698306620121","141409","0","0.008211782202124596","0.7540833353996277","0.7540833353996277","0","0.7583857178688049","0.7540833353996277","0.24591666460037231","9.145866394042969","0.8064330220222473","0.04832114651799202","0.6347528100013733","ssl_emnist_digits_dino","246","OK"
"2026-03-29 23:55:49","41.6s","ba6ec9bb54d3455f806dd2e290112ae5","ssl_emnist_digits_dino_trial_0245","LOCAL","src/cli.py","thallybu","FINISHED","False","None","threshold","0.7829290558856403","250","True","ShallowAutoencoder","None","1024","/data/thallybu/cache","1e-06","0","emnist_digits_dinov2_vits14","0.11886615177124402","True","384","[128, 64]","1","0.7829290558856403","","0.11886615177124402","4","0.0005469809086112192","24","0.23204697350832773","4","","1.419286025368517","1","0.1998183911338577","2","1e-06","0.0005469809086112192","5","24","10","4","0.23204697350832773","L","random","None","4","50","1.419286025368517","threshold","1.0","42","10","[0.9, 0.1]","0.1998183911338577","0.1","False","True","True","2","1","0.00837163720279932","0.18933333456516266","0","0","0","0","0","0","0","0","0","0","0","0","0.18933333456516266","0.7829290628433228","0.0035545688588172197","0.008864880539476871","0.010297455824911594","0.00762675516307354","0.008797510527074337","0.009397005662322044","0.006165251601487398","0.006645946763455868","0.00778462877497077","0.010850455611944199","0.007517955265939236","0.007086778059601784","0.003296454204246402","0","40","0","0.0015895931283012033","40","0","0","0.6589583158493042","0.6589583158493042","0","0.6327475309371948","0.6589583158493042","0.3410416543483734","3.967817544937134","0.9319713711738586","0.2270127534866333","0.41849225759506226","ssl_emnist_digits_dino","245","FAILED"
"2026-03-29 23:55:09","16.3min","2c58d00f29754a928bf865e281399167","ssl_emnist_digits_dino_trial_0244","LOCAL","src/cli.py","thallybu","FINISHED","False","None","threshold","0.6697839551549792","250","True","ShallowAutoencoder","None","1024","/data/thallybu/cache","1e-06","0","emnist_digits_dinov2_vits14","0.11616907902188207","True","384","[128, 64]","1","0.6697839551549792","","0.11616907902188207","4","0.0009088801930745034","24","0.23140358986212337","4","","1.423472111091771","1","0.15428118703738125","2","1e-06","0.0009088801930745034","5","24","10","4","0.23140358986212337","L","random","None","4","50","1.423472111091771","threshold","1.0","42","10","[0.9, 0.1]","0.15428118703738125","0.1","False","True","True","2","17","0.005508104804903269","714.4521484375","0.4875335395336151","0.19479957222938538","0.3757546842098236","0.3064201772212982","0.6019287705421448","0.5138754844665527","0.477987676858902","0.6683436036109924","0.6608938574790955","0.5678479075431824","0.456037312746048","0.47474735975265503","10","0.6697839498519897","0.0023215836845338345","0.004425144754350185","0.005808827001601458","0.004532847553491592","0.0042212288826704025","0.0061691501177847385","0.004741199780255556","0.0056172581389546394","0.0061204638332128525","0.0055371359921991825","0.003969068638980389","0.0632462203502655","0.06355377286672592","1272","40","0","0.051142338663339615","152018","0","0.008507712744176388","0.7668333053588867","0.7668333053588867","0","0.7655832767486572","0.7668333053588867","0.2331666648387909","6.6788129806518555","0.7680438756942749","0.06270162761211395","0.5497106909751892","ssl_emnist_digits_dino","244","OK"
"2026-03-29 23:54:20","47.9s","4ea61293ff664e92b50f6522190f233a","ssl_emnist_digits_dino_trial_0243","LOCAL","src/cli.py","thallybu","FINISHED","False","None","threshold","0.5985895708191161","250","True","ShallowAutoencoder","None","1024","/data/thallybu/cache","1e-06","0","emnist_digits_dinov2_vits14","0.029954190076789126","True","384","[128, 64]","1","0.5985895708191161","","0.029954190076789126","4","0.00047703072980020066","25","0.08981591026948856","4","","1.3908693812242863","1","0.14512572734577847","2","1e-06","0.00047703072980020066","5","25","10","4","0.08981591026948856","L","random","None","4","50","1.3908693812242863","threshold","1.0","42","10","[0.9, 0.1]","0.14512572734577847","0.1","False","True","True","2","1","0.008611579425632954","0.18962962925434113","0","0","0","0","0","0","0","0","0","0","0","0","0.18962962925434113","0.5985895991325378","0.003569275140762329","0.010607665404677391","0.006909453775733709","0.013117666356265545","0.008435559459030628","0.006112257484346628","0.012457301840186119","0.00492429081350565","0.011265243403613567","0.008779015392065048","0.0048758648335933685","0.006001695524901152","0.002657366683706641","0","40","0","0.0016589618753641844","40","0","0","0.6769166588783264","0.6769166588783264","0","0.6676464676856995","0.6769166588783264","0.3230833411216736","3.9846417903900146","0.8979379534721375","0.15602120757102966","0.3707313537597656","ssl_emnist_digits_dino","243","FAILED"
"2026-03-29 23:52:39","19.4min","e2c304d7cae84b9690f3761077bd4dd0","ssl_emnist_digits_dino_trial_0242","LOCAL","src/cli.py","thallybu","FINISHED","False","None","threshold","0.6701184547295005","250","True","ShallowAutoencoder","None","1024","/data/thallybu/cache","1e-06","0","emnist_digits_dinov2_vits14","0.027394374291684672","True","384","[128, 64]","1","0.6701184547295005","","0.027394374291684672","4","0.0008036466796743761","25","0.09251614464752626","4","","1.375973332042543","1","0.1477287174561735","2","1e-06","0.0008036466796743761","5","25","10","4","0.09251614464752626","L","random","None","4","50","1.375973332042543","threshold","1.0","42","10","[0.9, 0.1]","0.1477287174561735","0.1","False","True","True","2","18","0.004251840524375439","797.65869140625","0.4706325829029083","0.2020953893661499","0.3823168873786926","0.2592802345752716","0.5936259627342224","0.5163490772247314","0.4770883619785309","0.640518844127655","0.5382717847824097","0.4830131232738495","0.42637503147125244","0.5615187287330627","10","0.6701184511184692","0.003138926113024354","0.004053052049130201","0.004671019036322832","0.004987640306353569","0.0034373849630355835","0.005357048939913511","0.004140616860240698","0.004070216324180365","0.004415199160575867","0.004223628900945187","0.003809062298387289","0.05475790798664093","0.05445094034075737","1004","40","0","0.04316486418247223","169308","0","0.008060765452682972","0.7829166650772095","0.7829166650772095","0","0.7764225602149963","0.7829166650772095","0.21708333492279053","9.60643196105957","0.7509710192680359","0.05374739691615105","0.6395913362503052","ssl_emnist_digits_dino","242","OK"
"2026-03-29 23:52:12","8.9min","d5d48fd9211f4d4bbf18197df402d966","ssl_emnist_digits_dino_trial_0241","LOCAL","src/cli.py","thallybu","FINISHED","False","None","threshold","0.7867330307740019","250","True","ShallowAutoencoder","None","1024","/data/thallybu/cache","1e-06","0","emnist_digits_dinov2_vits14","0.02673850451029266","True","384","[128, 64]","1","0.7867330307740019","","0.02673850451029266","4","0.0006882516531010562","25","0.23074042316375135","4","","1.3753958489051294","1","0.14907743492326112","2","1e-06","0.0006882516531010562","5","25","10","4","0.23074042316375135","L","random","None","4","50","1.3753958489051294","threshold","1.0","42","10","[0.9, 0.1]","0.14907743492326112","0.1","False","True","True","2","10","0.004515255801379681","873.7869873046875","0.5669525265693665","0.21509072184562683","0.4756467044353485","0.32302209734916687","0.6790293455123901","0.6013876795768738","0.6319251656532288","0.783498227596283","0.6253839731216431","0.6213862299919128","0.5549896955490112","0.5883836150169373","10","0.7867330312728882","0.002809708472341299","0.005527178756892681","0.005525014363229275","0.005716257728636265","0.0037669988814741373","0.007160542067140341","0.004438484087586403","0.0049157352186739445","0.005829195026308298","0.005466516595333815","0.004068838432431221","0.06451565772294998","0.06316201388835907","2095","40","0","0.052414752542972565","186461","0","0.00824933871626854","0.7264166474342346","0.7264166474342346","0","0.7105931043624878","0.7264166474342346","0.273583322763443","7.293304920196533","0.8526060581207275","0.06631989777088165","0.6508621573448181","ssl_emnist_digits_dino","241","OK"
"2026-03-29 23:51:52","43.7s","4424e3bf2c804ba1b9924f08f2290f90","ssl_emnist_digits_dino_trial_0240","LOCAL","src/cli.py","thallybu","FINISHED","False","None","threshold","0.6490110390850368","250","True","ShallowAutoencoder","None","1024","/data/thallybu/cache","1e-06","0","emnist_digits_dinov2_vits14","0.03982924883894298","True","384","[128, 64]","1","0.6490110390850368","","0.03982924883894298","4","0.0006638570829709531","26","0.2357794513230595","4","","1.3715910564411011","1","0.1755148685117227","2","1e-06","0.0006638570829709531","5","26","10","4","0.2357794513230595","L","random","None","4","50","1.3715910564411011","threshold","1.0","42","10","[0.9, 0.1]","0.1755148685117227","0.1","False","True","True","2","1","0.0074225724674761295","0.18962962925434113","0","0","0","0","0","0","0","0","0","0","0","0","0.18962962925434113","0.6490110158920288","0.0033304025419056416","0.008436489850282669","0.008485395461320877","0.00808583851903677","0.007222590036690235","0.011661465279757977","0.003388546407222748","0.010658523067831993","0.0061849188059568405","0.006576552055776119","0.005787531845271587","0.006530932616442442","0.0032173299696296453","0","40","0","0.0014504361897706985","40","0","0","0.6235833168029785","0.6235833168029785","0","0.6119298338890076","0.6235833168029785","0.3764166533946991","5.264804363250732","0.9622504711151123","0.12247836589813232","0.5232512950897217","ssl_emnist_digits_dino","240","FAILED"
"2026-03-29 23:51:19","52.5s","3d2bfe58b6ea40638c008f3580703603","ssl_emnist_digits_dino_trial_0239","LOCAL","src/cli.py","thallybu","FINISHED","False","None","threshold","0.8925755909170027","250","True","ShallowAutoencoder","None","1024","/data/thallybu/cache","1e-06","0","emnist_digits_dinov2_vits14","0.040689868545479055","True","384","[128, 64]","1","0.8925755909170027","","0.040689868545479055","4","0.0008244063335942195","26","0.21991776340968663","4","","1.4017839766094928","1","0.17311554336726082","2","1e-06","0.0008244063335942195","5","26","10","4","0.21991776340968663","L","random","None","4","50","1.4017839766094928","threshold","1.0","42","10","[0.9, 0.1]","0.17311554336726082","0.1","False","True","True","2","1","0.007278717588633299","0.18962962925434113","0","0","0","0","0","0","0","0","0","0","0","0","0.18962962925434113","0.8925755620002747","0.0030059192795306444","0.007976261898875237","0.008397349156439304","0.007823793217539787","0.007653653156012297","0.011335841380059719","0.003510136855766177","0.009861028753221035","0.005884201731532812","0.007232166361063719","0.006131129339337349","0.006044133100658655","0.0029880781657993793","0","40","0","0.0014374980237334967","40","0","0","0.640541672706604","0.640541672706604","0","0.6267974972724915","0.640541672706604","0.359458327293396","4.266359329223633","0.9266557693481445","0.12367747724056244","0.4747941792011261","ssl_emnist_digits_dino","239","FAILED"
"2026-03-29 23:41:29","12.8min","4f234af963a44fa0b15a4ba70d017d79","ssl_emnist_digits_dino_trial_0238","LOCAL","src/cli.py","thallybu","FINISHED","False","None","threshold","0.8014111546547122","250","True","ShallowAutoencoder","None","1024","/data/thallybu/cache","1e-06","0","emnist_digits_dinov2_vits14","0.02613576760629315","True","384","[128, 64]","1","0.8014111546547122","","0.02613576760629315","4","0.0008163770775118754","26","0.22139972692430507","4","","1.3729090009221174","1","0.17593518934918492","2","1e-06","0.0008163770775118754","5","26","10","4","0.22139972692430507","L","random","None","4","50","1.3729090009221174","threshold","1.0","42","10","[0.9, 0.1]","0.17593518934918492","0.1","False","True","True","2","13","0.00387665256857872","915.8743896484375","0.5573699474334717","0.22726354002952576","0.41880935430526733","0.28559207916259766","0.7402713298797607","0.6117743849754333","0.5556188821792603","0.7262041568756104","0.6511091589927673","0.5994366407394409","0.4517037868499756","0.5977274179458618","10","0.8014111518859863","0.003003760240972042","0.004438566975295544","0.004713650792837143","0.0058920662850141525","0.003988791722804308","0.005300590768456459","0.004385385196655989","0.005080304108560085","0.005253277253359556","0.004628160502761602","0.0037424881011247635","0.060926444828510284","0.05970454216003418","678","40","0","0.04742327705025673","193924","0","0.009641095995903015","0.7507083415985107","0.7507083415985107","0","0.7470381855964661","0.7507083415985107","0.24929165840148926","9.436308860778809","0.8017815947532654","0.05773940682411194","0.6066925525665283","ssl_emnist_digits_dino","238","OK"
"2026-03-29 23:41:28","9.8min","d64e576c63234478ba0dc14db0e15abf","ssl_emnist_digits_dino_trial_0237","LOCAL","src/cli.py","thallybu","FINISHED","False","None","threshold","0.7996672513185039","250","True","ShallowAutoencoder","None","1024","/data/thallybu/cache","1e-06","0","emnist_digits_dinov2_vits14","0.03462564768110676","True","384","[128, 64]","1","0.7996672513185039","","0.03462564768110676","4","0.0009357671043170445","25","0.20355296214586488","4","","1.4248133670738024","1","0.1603955212029691","2","1e-06","0.0009357671043170445","5","25","10","4","0.20355296214586488","L","random","None","4","50","1.4248133670738024","threshold","1.0","42","10","[0.9, 0.1]","0.1603955212029691","0.1","False","True","True","2","10","0.004603066481649876","881.6568603515625","0.578701376914978","0.21382951736450195","0.48083558678627014","0.341162770986557","0.7314676642417908","0.621129035949707","0.6744831800460815","0.7438897490501404","0.6295608282089233","0.5598845481872559","0.601762056350708","0.5760817527770996","10","0.799667239189148","0.002646274631842971","0.005117848049849272","0.005638569593429565","0.005786495748907328","0.0041476464830338955","0.006694704294204712","0.004950670525431633","0.005182946100831032","0.005654917564243078","0.005725163035094738","0.003955763299018145","0.06543076038360596","0.06278123706579208","3835","40","0","0.052854713052511215","189862","0","0.008992779068648815","0.7229999899864197","0.7229999899864197","0","0.7119696140289307","0.7229999899864197","0.2770000100135803","8.667254447937012","0.8303883671760559","0.07088156789541245","0.5742284655570984","ssl_emnist_digits_dino","237","OK"
"2026-03-29 23:40:44","44.5s","3f53e6c00bf74377aff80036749d18c0","ssl_emnist_digits_dino_trial_0236","LOCAL","src/cli.py","thallybu","FINISHED","False","None","threshold","0.6558702406915812","250","True","ShallowAutoencoder","None","1024","/data/thallybu/cache","1e-06","0","emnist_digits_dinov2_vits14","0.034896811625261176","True","384","[128, 64]","1","0.6558702406915812","","0.034896811625261176","4","0.0005256847156819924","27","0.23002039817044953","4","","1.4089374251799471","1","0.15972369133157302","2","1e-06","0.0005256847156819924","5","27","10","4","0.23002039817044953","L","random","None","4","50","1.4089374251799471","threshold","1.0","42","10","[0.9, 0.1]","0.15972369133157302","0.1","False","True","True","2","1","0.007310968823730946","0.18962962925434113","0","0","0","0","0","0","0","0","0","0","0","0","0.18962962925434113","0.655870258808136","0.0035944378469139338","0.004862040281295776","0.012920320965349674","0.006182762794196606","0.008733362890779972","0.011195243336260319","0.007117823697626591","0.005295481998473406","0.0059904009103775024","0.006900385022163391","0.006966177839785814","0.006720406003296375","0.003373140934854746","0","40","0","0.001444295048713684","40","0","0","0.6503333449363708","0.6503333449363708","0","0.6512438058853149","0.6503333449363708","0.34966665506362915","3.477092742919922","0.9042136669158936","0.19919021427631378","0.3353589177131653","ssl_emnist_digits_dino","236","FAILED"
"2026-03-29 23:40:44","43.6s","d7ed4d88f7344e06b9ecfeff8bb030a8","ssl_emnist_digits_dino_trial_0235","LOCAL","src/cli.py","thallybu","FINISHED","False","None","threshold","0.8194985107445835","250","True","ShallowAutoencoder","None","1024","/data/thallybu/cache","1e-06","0","emnist_digits_dinov2_vits14","0.034916067621293914","True","384","[128, 64]","1","0.8194985107445835","","0.034916067621293914","4","0.0004981753573039023","27","0.24920084451408656","4","","1.4097479058489262","1","0.13643829569552365","2","1e-06","0.0004981753573039023","5","27","10","4","0.24920084451408656","L","random","None","4","50","1.4097479058489262","threshold","1.0","42","10","[0.9, 0.1]","0.13643829569552365","0.1","False","True","True","2","1","0.007288295775651932","0.18962962925434113","0","0","0","0","0","0","0","0","0","0","0","0","0.18962962925434113","0.8194985389709473","0.00370735302567482","0.004814960528165102","0.013050480745732784","0.006196297705173492","0.008528236299753189","0.011088055558502674","0.007211689371615648","0.005348974373191595","0.005888857878744602","0.007021785713732243","0.006943358574062586","0.006966546177864075","0.0033425441943109035","0","40","0","0.001442943001165986","40","0","0","0.6610000133514404","0.6610000133514404","0","0.6612979173660278","0.6610000133514404","0.33899998664855957","3.355461835861206","0.8925403356552124","0.2116895318031311","0.3293941915035248","ssl_emnist_digits_dino","235","FAILED"
"2026-03-29 23:39:57","15.9min","3ecf8cd0bf944249aa31e32ed7ac3a05","ssl_emnist_digits_dino_trial_0234","LOCAL","src/cli.py","thallybu","FINISHED","False","None","threshold","0.8220901655922903","250","True","ShallowAutoencoder","None","1024","/data/thallybu/cache","1e-06","0","emnist_digits_dinov2_vits14","0.034749422975187114","True","384","[128, 64]","1","0.8220901655922903","","0.034749422975187114","4","0.0007927284725977212","27","0.20366996011687","4","","1.404954147124218","1","0.13513572587018824","2","1e-06","0.0007927284725977212","5","27","10","4","0.20366996011687","L","random","None","4","50","1.404954147124218","threshold","1.0","42","10","[0.9, 0.1]","0.13513572587018824","0.1","False","True","True","2","14","0.004356810357421637","954.6636962890625","0.5825099349021912","0.226331427693367","0.44303250312805176","0.3201068341732025","0.6474040150642395","0.5841903686523438","0.6120314598083496","0.826790988445282","0.6821407675743103","0.5907707214355469","0.5030242800712585","0.6734764575958252","10","0.8220901489257812","0.003105009673163295","0.004413552116602659","0.005729686003178358","0.004235506057739258","0.0036730808205902576","0.006759802810847759","0.005744813475757837","0.004315841943025589","0.00465067895129323","0.004749451298266649","0.004569388460367918","0.060311682522296906","0.05981496721506119","1410","40","0","0.048841796815395355","202840","0","0.007477511186152697","0.7596666812896729","0.7596666812896729","0","0.7564284205436707","0.7596666812896729","0.24033333361148834","8.49783992767334","0.7828152775764465","0.05825592577457428","0.5475917458534241","ssl_emnist_digits_dino","234","OK"
"2026-03-29 23:36:49","43.5min","5505932cdbe043dd96246bb7d974507d","ssl_emnist_digits_dino_trial_0233","LOCAL","src/cli.py","thallybu","FINISHED","False","None","threshold","0.6512844191781084","250","True","ShallowAutoencoder","None","1024","/data/thallybu/cache","1e-06","0","emnist_digits_dinov2_vits14","0.03525704231670802","True","384","[128, 64]","1","0.6512844191781084","","0.03525704231670802","4","0.0008251467411041169","26","0.22506518279194274","4","","1.3597676724477008","1","0.16095586363616468","2","1e-06","0.0008251467411041169","5","26","10","4","0.22506518279194274","L","random","None","4","50","1.3597676724477008","threshold","1.0","42","10","[0.9, 0.1]","0.16095586363616468","0.1","False","True","True","2","42","0.003121055429801345","815.0287475585938","0.47085151076316833","0.20338651537895203","0.3685154616832733","0.2527753710746765","0.6095916628837585","0.4757536053657532","0.4482324719429016","0.5904214382171631","0.5194873213768005","0.524604320526123","0.4209742248058319","0.6762307286262512","10","0.651284396648407","0.003939975518733263","0.003453620709478855","0.004346451722085476","0.004375478718429804","0.002962098689749837","0.004519783891737461","0.003305346705019474","0.0037072075065225363","0.004404362291097641","0.004148765932768583","0.003500990802422166","0.05216177552938461","0.052157383412122726","136","40","0","0.03872411698102951","172105","0","0.008795262314379215","0.82791668176651","0.82791668176651","0","0.8258436918258667","0.82791668176651","0.17208333313465118","10.753827095031738","0.6756890416145325","0.04540589079260826","0.5126075744628906","ssl_emnist_digits_dino","233","OK"
"2026-03-29 23:35:59","49.5s","2608109d6cfb4dbab2be50c1d6953a3f","ssl_emnist_digits_dino_trial_0232","LOCAL","src/cli.py","thallybu","FINISHED","False","None","threshold","0.61981653640369","250","True","ShallowAutoencoder","None","1024","/data/thallybu/cache","1e-06","0","emnist_digits_dinov2_vits14","0.01039612274930523","True","384","[128, 64]","1","0.61981653640369","","0.01039612274930523","4","0.0007107367552237914","24","0.23662557082581862","4","","1.4145561202536445","1","0.1719992516571287","2","1e-06","0.0007107367552237914","5","24","10","4","0.23662557082581862","L","random","None","4","50","1.4145561202536445","threshold","1.0","42","10","[0.9, 0.1]","0.1719992516571287","0.1","False","True","True","2","1","0.006914918310940266","0.18933333456516266","0","0","0","0","0","0","0","0","0","0","0","0","0.18933333456516266","0.6198165416717529","0.0030196334701031446","0.008379446342587471","0.007077483925968409","0.006490698549896479","0.007498307153582573","0.0077412743121385574","0.0054979585111141205","0.007258264347910881","0.0069509102031588554","0.006760480348020792","0.0066972640343010426","0.0059879072941839695","0.002654879819601774","0","40","0","0.0013320244615897536","40","0","0","0.6786666512489319","0.6786666512489319","0","0.6717448830604553","0.6786666512489319","0.3213333189487457","6.178107738494873","0.8845419883728027","0.13585573434829712","0.3825472593307495","ssl_emnist_digits_dino","232","FAILED"
"2026-03-29 23:31:03","1.1h","f9c736e27d584da1b7bfec94ba02506f","ssl_emnist_digits_dino_trial_0231","LOCAL","src/cli.py","thallybu","FINISHED","False","None","threshold","0.6215658672332827","250","True","ShallowAutoencoder","None","1024","/data/thallybu/cache","1e-06","0","emnist_digits_dinov2_vits14","0.034230578219205055","True","384","[128, 64]","1","0.6215658672332827","","0.034230578219205055","4","0.0007020829153127184","24","0.20360544983843867","4","","1.3550633178838982","1","0.17227143784163967","2","1e-06","0.0007020829153127184","5","24","10","4","0.20360544983843867","L","random","None","4","50","1.3550633178838982","threshold","1.0","42","10","[0.9, 0.1]","0.17227143784163967","0.1","False","True","True","2","61","0.003650752129033208","775.4459228515625","0.4391131103038788","0.1967465877532959","0.3308488130569458","0.21975921094417572","0.6335503458976746","0.46987828612327576","0.47350335121154785","0.5649393796920776","0.5496147274971008","0.44327765703201294","0.4081304371356964","0.5125705599784851","10","0.6215658783912659","0.004042067565023899","0.0032903507817536592","0.0037367581389844418","0.00415342953056097","0.003076752880588174","0.004868725780397654","0.0035939328372478485","0.0038123936392366886","0.004072064533829689","0.003633269341662526","0.003103868803009391","0.051469333469867706","0.051827769726514816","71","40","0","0.037341535091400146","163687","0","0.009342415258288383","0.840499997138977","0.840499997138977","0","0.8371751308441162","0.840499997138977","0.15950000286102295","9.6878080368042","0.6495866775512695","0.04309387877583504","0.5078977942466736","ssl_emnist_digits_dino","231","OK"
"2026-03-29 23:30:15","46.2s","d81ff8e8e909481db0ba8d515f264744","ssl_emnist_digits_dino_trial_0230","LOCAL","src/cli.py","thallybu","FINISHED","False","None","threshold","0.6909272767263722","250","True","ShallowAutoencoder","None","1024","/data/thallybu/cache","1e-06","0","emnist_digits_dinov2_vits14","0.031136769263709018","True","384","[128, 64]","1","0.6909272767263722","","0.031136769263709018","4","0.0007573128594032958","24","0.2257153687631746","4","","1.3905574164724381","1","0.16548472182500265","2","1e-06","0.0007573128594032958","5","24","10","4","0.2257153687631746","L","random","None","4","50","1.3905574164724381","threshold","1.0","42","10","[0.9, 0.1]","0.16548472182500265","0.1","False","True","True","2","1","0.00738794170320034","0.18933333456516266","0","0","0","0","0","0","0","0","0","0","0","0","0.18933333456516266","0.690927267074585","0.002953643910586834","0.008551094681024551","0.010266626253724098","0.0067407554015517235","0.007563271094113588","0.007670220918953419","0.0063362326472997665","0.005746328737586737","0.007350494619458914","0.007082415744662285","0.007292264141142368","0.006033670622855425","0.0030356356874108315","0","40","0","0.0014124532463029027","40","0","0","0.6277083158493042","0.6277083158493042","0","0.5982921123504639","0.6277083158493042","0.3722916543483734","4.344057559967041","0.9284941554069519","0.16996188461780548","0.42086121439933777","ssl_emnist_digits_dino","230","FAILED"
"2026-03-29 23:29:22","22.5min","8dcc5d3d1780483b9196b99d827ea4b8","ssl_emnist_digits_dino_trial_0229","LOCAL","src/cli.py","thallybu","FINISHED","False","None","threshold","0.6874694911667103","250","True","ShallowAutoencoder","None","1024","/data/thallybu/cache","1e-06","0","emnist_digits_dinov2_vits14","0.020890435364919437","True","384","[128, 64]","1","0.6874694911667103","","0.020890435364919437","4","0.0007423704882235534","23","0.22600917724569594","4","","1.3860065755107376","1","0.1667624473675558","2","1e-06","0.0007423704882235534","5","23","10","4","0.22600917724569594","L","random","None","4","50","1.3860065755107376","threshold","1.0","42","10","[0.9, 0.1]","0.1667624473675558","0.1","False","True","True","2","20","0.003628508187830448","808.0254516601562","0.5169315338134766","0.2123395949602127","0.5140544772148132","0.2571532726287842","0.6287784576416016","0.5254524946212769","0.4981059730052948","0.6573882699012756","0.6349161267280579","0.5707123279571533","0.41926756501197815","0.5286241173744202","10","0.687469482421875","0.0034145971294492483","0.004246462602168322","0.004415534902364016","0.00440543657168746","0.003188817063346505","0.004731522407382727","0.004351788200438023","0.004401675891131163","0.0041995570063591","0.0039678337052464485","0.0032255370169878006","0.054409950971603394","0.05390239879488945","876","40","0","0.04113418236374855","171366","0","0.009041102603077888","0.7883750200271606","0.7883750200271606","0","0.7896232008934021","0.7883750200271606","0.21162499487400055","10.266472816467285","0.7424929738044739","0.051316894590854645","0.5338035821914673","ssl_emnist_digits_dino","229","OK"
"2026-03-29 23:29:13","11.5min","a76092f3bde3486ebfe325e06fb7e538","ssl_emnist_digits_dino_trial_0228","LOCAL","src/cli.py","thallybu","FINISHED","False","None","threshold","0.7540775562912164","250","True","ShallowAutoencoder","None","1024","/data/thallybu/cache","1e-06","0","emnist_digits_dinov2_vits14","0.031306779221909366","True","384","[128, 64]","1","0.7540775562912164","","0.031306779221909366","4","0.0007354466101980159","24","0.22525473980896496","4","","1.3546017125989573","1","0.18604016389760059","2","1e-06","0.0007354466101980159","5","24","10","4","0.22525473980896496","L","random","None","4","50","1.3546017125989573","threshold","1.0","42","10","[0.9, 0.1]","0.18604016389760059","0.1","False","True","True","2","12","0.004915747791528702","839.1348266601562","0.5303226113319397","0.22057288885116577","0.4433322846889496","0.264008104801178","0.6523009538650513","0.575034499168396","0.5370736122131348","0.7433068156242371","0.6764043569564819","0.5405982732772827","0.46351346373558044","0.595144510269165","10","0.7540775537490845","0.0030440965201705694","0.004653082229197025","0.004896639846265316","0.004169356543570757","0.004304307512938976","0.0055158985778689384","0.004505326505750418","0.005847570486366749","0.005243508145213127","0.0048020933754742146","0.004063357133418322","0.06226962059736252","0.06199593096971512","1727","40","0","0.04800114780664444","178782","0","0.010117090307176113","0.7475833296775818","0.7475833296775818","0","0.7419124841690063","0.7475833296775818","0.2523750066757202","6.435418128967285","0.7818995714187622","0.04776144400238991","0.5626303553581238","ssl_emnist_digits_dino","228","OK"
"2026-03-29 23:28:43","37.8s","82015e3708764ca6948a9ec8b7319d2d","ssl_emnist_digits_dino_trial_0227","LOCAL","src/cli.py","thallybu","FINISHED","False","None","threshold","0.631971966207586","250","True","ShallowAutoencoder","None","1024","/data/thallybu/cache","1e-06","0","emnist_digits_dinov2_vits14","0.025577591359815636","True","384","[128, 64]","1","0.631971966207586","","0.025577591359815636","4","0.0008749806281188492","24","0.2139558963077232","4","","1.370924532284509","1","0.18805692093648316","2","1e-06","0.0008749806281188492","5","24","10","4","0.2139558963077232","L","random","None","4","50","1.370924532284509","threshold","1.0","42","10","[0.9, 0.1]","0.18805692093648316","0.1","False","True","True","2","1","0.007193527650088072","0.18933333456516266","0","0","0","0","0","0","0","0","0","0","0","0","0.18933333456516266","0.6319719552993774","0.002697005867958069","0.008638722822070122","0.010476889088749886","0.007015792652964592","0.0072656967677176","0.008370190858840942","0.006021687760949135","0.003586380509659648","0.007010042667388916","0.007060547824949026","0.006768086925148964","0.005603419616818428","0.0052038440480828285","0","40","0","0.001367315067909658","40","0","0","0.6038333177566528","0.6038333177566528","0","0.5726726651191711","0.6038333177566528","0.3961666524410248","5.088865756988525","0.9632521271705627","0.1531064510345459","0.4396290183067322","ssl_emnist_digits_dino","227","FAILED"
"2026-03-29 23:28:27","44.7s","d7b02e2e4e74471091ef3af5bc409e55","ssl_emnist_digits_dino_trial_0226","LOCAL","src/cli.py","thallybu","FINISHED","False","None","threshold","0.6326220832246147","250","True","ShallowAutoencoder","None","1024","/data/thallybu/cache","1e-06","0","emnist_digits_dinov2_vits14","0.027102505116980393","True","384","[128, 64]","1","0.6326220832246147","","0.027102505116980393","4","0.0008538385099338313","24","0.2216352633106566","4","","1.3698969774484133","1","0.1890008170063981","2","1e-06","0.0008538385099338313","5","24","10","4","0.2216352633106566","L","random","None","4","50","1.3698969774484133","threshold","1.0","42","10","[0.9, 0.1]","0.1890008170063981","0.1","False","True","True","2","1","0.0071762022562325","0.18933333456516266","0","0","0","0","0","0","0","0","0","0","0","0","0.18933333456516266","0.6326220631599426","0.0027466071769595146","0.008474458009004593","0.008347464725375175","0.006909306161105633","0.007268066518008709","0.007430157624185085","0.006864487659186125","0.0029375443700701","0.006645807530730963","0.007136746775358915","0.0068781026639044285","0.005641534924507141","0.002709965920075774","0","40","0","0.001304430072195828","40","0","0","0.6185833215713501","0.6185833215713501","0","0.5900193452835083","0.6185833215713501","0.3814166486263275","3.896582841873169","0.9514209628105164","0.1674850434064865","0.4153679609298706","ssl_emnist_digits_dino","226","FAILED"
"2026-03-29 23:18:40","10.0min","a36f48c12e1b4256929d99b9d99d50ba","ssl_emnist_digits_dino_trial_0225","LOCAL","src/cli.py","thallybu","FINISHED","False","None","fixed_k","0.9","500","True","ShallowAutoencoder","None","1024","/data/thallybu/cache","1e-06","0","emnist_digits_dinov2_vits14","0.027678742486151015","True","384","[128, 64]","0","","4","0.027678742486151015","4","0.0007605442539431425","25","0.22164579164401835","4","","1.2686645804875094","1","0.1439473674443128","2","1e-06","0.0007605442539431425","5","25","10","4","0.22164579164401835","L","random","None","4","50","1.2686645804875094","threshold","1.0","42","10","[0.9, 0.1]","0.1439473674443128","0.1","False","True","True","2","11","0.0058826361782848835","187.395263671875","0.3080107569694519","0.10757366567850113","0.21249663829803467","0.15844278037548065","0.40429192781448364","0.3523559868335724","0.38819870352745056","0.3803129196166992","0.3152261972427368","0.321877121925354","0.23885923624038696","0.31607258319854736","10","","0.0016791010275483131","0.0033993052784353495","0.0031552324071526527","0.004808672238141298","0.0030778073705732822","0.005506951827555895","0.003564259735867381","0.0036673385184258223","0.003991015255451202","0.003702596528455615","0.003038669703528285","0.04907502233982086","0.04927605390548706","5000","40","0","0.037911850959062576","44540","0","0.008180193603038788","0.7323750257492065","0.7323750257492065","0","0.7365092039108276","0.7323750257492065","0.26762500405311584","7.999629497528076","0.8012695908546448","0.0467708595097065","0.5171288251876831","ssl_emnist_digits_dino","225","OK"
"2026-03-29 23:17:58","41.5s","08aa44ddceb34932bbf77d0b53112599","ssl_emnist_digits_dino_trial_0224","LOCAL","src/cli.py","thallybu","FINISHED","False","None","threshold","0.47840168346431944","250","True","ShallowAutoencoder","None","1024","/data/thallybu/cache","1e-06","0","emnist_digits_dinov2_vits14","0.021134454941815407","True","384","[128, 64]","1","0.47840168346431944","","0.021134454941815407","4","0.0006049265334195192","23","0.2306237808330628","4","2","","0","0.12005477165506817","2","1e-06","0.0006049265334195192","5","23","10","4","0.2306237808330628","L","random","None","4","100","1.2","fixed_k","1.0","42","10","[0.9, 0.1]","0.12005477165506817","0.1","False","True","True","2","1","0.007445873226970434","0.18962962925434113","0","0","0","0","0","0","0","0","0","0","0","0","0.18962962925434113","0.47840169072151184","0.0034101149067282677","0.005253405310213566","0.00765527319163084","0.007520435843616724","0.007397710811346769","0.006845161318778992","0.011113379150629044","0.008416733704507351","0.005901919677853584","0.008842743933200836","0.01066150888800621","0.006636917125433683","0.0031463298946619034","0","40","0","0.0015096088172867894","40","0","0","0.6486666798591614","0.6486666798591614","0","0.6440566182136536","0.6486666798591614","0.3513333201408386","5.428950309753418","0.9461886286735535","0.10017577558755875","0.5088156461715698","ssl_emnist_digits_dino","224","FAILED"
"2026-03-29 23:16:07","19.9min","e52080b9f18b437b8fc72e334862a7e5","ssl_emnist_digits_dino_trial_0223","LOCAL","src/cli.py","thallybu","FINISHED","False","None","threshold","0.7563057744078726","250","True","ShallowAutoencoder","None","1024","/data/thallybu/cache","1e-06","0","emnist_digits_dinov2_vits14","0.02286538137673256","True","384","[128, 64]","1","0.7563057744078726","","0.02286538137673256","4","0.0006103834387511403","15","0.21414433767695765","4","2","","0","0.11898400371683349","2","1e-06","0.0006103834387511403","5","15","10","4","0.21414433767695765","L","random","None","4","100","1.2","fixed_k","1.0","42","10","[0.9, 0.1]","0.11898400371683349","0.1","False","True","True","2","18","0.0037863340694457293","837.8471069335938","0.5134871602058411","0.20845428109169006","0.3822686970233917","0.2885366678237915","0.7465998530387878","0.5454795956611633","0.5932567715644836","0.6114875674247742","0.657317578792572","0.4701601564884186","0.44389066100120544","0.5282260179519653","10","0.7563057541847229","0.0031896010041236877","0.003997135441750288","0.004518492612987757","0.005684975069016218","0.00347183458507061","0.00546927098184824","0.0036566806957125664","0.004856619518250227","0.004164033569395542","0.004410138353705406","0.0038116760551929474","0.05462361127138138","0.05443577840924263","1770","40","1000","0.04404086247086525","177552","10164","0.006582331378012896","0.7776666879653931","0.7776666879653931","0","0.771460235118866","0.7776666879653931","0.22233332693576813","8.884588241577148","0.7483160495758057","0.052079666405916214","0.5529714822769165","ssl_emnist_digits_dino","223","OK"
"2026-03-29 23:15:23","42.7s","6c73caf71ca14f268748a9e6ea342c35","ssl_emnist_digits_dino_trial_0222","LOCAL","src/cli.py","thallybu","FINISHED","False","None","threshold","0.7427913158082076","250","True","ShallowAutoencoder","None","1024","/data/thallybu/cache","1e-06","0","emnist_digits_dinov2_vits14","0.024531658604854265","True","384","[128, 64]","1","0.7427913158082076","","0.024531658604854265","4","0.0004880033469261889","25","0.22592765418317443","4","","1.426755018018158","1","0.1740717542701095","2","1e-06","0.0004880033469261889","5","25","10","4","0.22592765418317443","L","random","None","4","50","1.426755018018158","threshold","1.0","42","10","[0.9, 0.1]","0.1740717542701095","0.1","False","True","True","2","1","0.0073873624205589294","0.18962962925434113","0","0","0","0","0","0","0","0","0","0","0","0","0.18962962925434113","0.7427912950515747","0.0037794760428369045","0.004722262732684612","0.006718347314745188","0.010976367630064487","0.006600305438041687","0.005615285597741604","0.011067931540310383","0.0046317121013998985","0.010032912716269493","0.007651093415915966","0.004448514431715012","0.006822633557021618","0.0038409936241805553","0","40","0","0.001374145969748497","40","0","0","0.6901666522026062","0.6901666522026062","0","0.678868293762207","0.6901666522026062","0.3098333179950714","3.9105093479156494","0.8779186010360718","0.12777137756347656","0.3858890235424042","ssl_emnist_digits_dino","222","FAILED"
"2026-03-29 23:12:22","16.1min","deccdefc181644daa01cc76a52bf7667","ssl_emnist_digits_dino_trial_0221","LOCAL","src/cli.py","thallybu","FINISHED","False","None","threshold","0.7995413659873093","250","True","ShallowAutoencoder","None","1024","/data/thallybu/cache","1e-06","0","emnist_digits_dinov2_vits14","0.02395210439044554","True","384","[128, 64]","1","0.7995413659873093","","0.02395210439044554","4","0.0005985108414934179","25","0.22957411992338447","4","","1.438560424631586","1","0.17391481187451888","2","1e-06","0.0005985108414934179","5","25","10","4","0.22957411992338447","L","random","None","4","50","1.438560424631586","threshold","1.0","42","10","[0.9, 0.1]","0.17391481187451888","0.1","False","True","True","2","16","0.0037142091896384954","931.2275390625","0.574201762676239","0.22439689934253693","0.4704049229621887","0.29509979486465454","0.7481217384338379","0.5819733738899231","0.6203098893165588","0.6762188076972961","0.6375796794891357","0.5898694396018982","0.5413009524345398","0.6554853916168213","10","0.7995413541793823","0.0034552859142422676","0.004281994421035051","0.004738992545753717","0.005784998647868633","0.003595589194446802","0.006342596374452114","0.003936948720365763","0.0047145686112344265","0.0046724663116037846","0.004964514635503292","0.0036147418431937695","0.060406070202589035","0.06073464825749397","932","40","0","0.04664742946624756","197418","0","0.009450702928006649","0.768875002861023","0.768875002861023","0","0.7646185159683228","0.768875002861023","0.23112499713897705","7.749786853790283","0.7680699825286865","0.06280818581581116","0.5314705967903137","ssl_emnist_digits_dino","221","OK"
"2026-03-29 23:11:33","47.7s","e2c9b464ec73440488f60628e8684dd5","ssl_emnist_digits_dino_trial_0220","LOCAL","src/cli.py","thallybu","FINISHED","False","None","threshold","0.7096200742622518","250","True","ShallowAutoencoder","None","1024","/data/thallybu/cache","1e-06","0","emnist_digits_dinov2_vits14","0.029938362409144405","True","384","[128, 64]","1","0.7096200742622518","","0.029938362409144405","4","0.0005212547305213576","24","0.24087837602097148","4","","1.3616196093751167","1","0.14348735056463907","2","1e-06","0.0005212547305213576","5","24","10","4","0.24087837602097148","L","random","None","4","50","1.3616196093751167","threshold","1.0","42","10","[0.9, 0.1]","0.14348735056463907","0.1","False","True","True","2","1","0.007641273085027933","0.18933333456516266","0","0","0","0","0","0","0","0","0","0","0","0","0.18933333456516266","0.7096200585365295","0.0035363452043384314","0.009060870856046677","0.008194397203624249","0.006913475226610899","0.008916829712688923","0.007522257976233959","0.006303527392446995","0.005148973315954208","0.006969808600842953","0.007367181126028299","0.007973877713084221","0.00678519532084465","0.00332132400944829","0","40","0","0.0014082333073019981","40","0","0","0.6525833606719971","0.6525833606719971","0","0.6287588477134705","0.6525833606719971","0.3474166691303253","4.911805629730225","0.9087420105934143","0.1321609914302826","0.4205612540245056","ssl_emnist_digits_dino","220","FAILED"
"2026-03-29 23:07:44","22.5min","4ceb1335b3484a96b21668ff47113f10","ssl_emnist_digits_dino_trial_0219","LOCAL","src/cli.py","thallybu","FINISHED","False","None","threshold","0.7033923770769974","250","True","ShallowAutoencoder","None","1024","/data/thallybu/cache","1e-06","0","emnist_digits_dinov2_vits14","0.020894128586222006","True","384","[128, 64]","1","0.7033923770769974","","0.020894128586222006","4","0.0005909958690899494","23","0.240975848649194","4","","1.4334318506118278","1","0.14338656552405082","2","1e-06","0.0005909958690899494","5","23","10","4","0.240975848649194","L","random","None","4","50","1.4334318506118278","threshold","1.0","42","10","[0.9, 0.1]","0.14338656552405082","0.1","False","True","True","2","20","0.0036959596909582615","812.0198364257812","0.5174691677093506","0.21293215453624725","0.40387094020843506","0.27839335799217224","0.6535630822181702","0.5374499559402466","0.5416459441184998","0.6573756337165833","0.62801593542099","0.575543224811554","0.43891575932502747","0.5645686388015747","10","0.7033923864364624","0.0033491463400423527","0.0039398628287017345","0.004587076138705015","0.004827709402889013","0.003198597114533186","0.005251768510788679","0.004264222923666239","0.004112965427339077","0.004276781342923641","0.004234006628394127","0.003582336939871311","0.05433284863829613","0.05341016501188278","773","40","0","0.0422753244638443","172106","0","0.007817757315933704","0.7887083292007446","0.7887083292007446","0","0.7906725406646729","0.7887083292007446","0.21129167079925537","10.909332275390625","0.7233486175537109","0.05721411854028702","0.503946840763092","ssl_emnist_digits_dino","219","OK"
"2026-03-29 23:06:59","43.8s","2671694c310c40d58e1e9bec6ad4c9cb","ssl_emnist_digits_dino_trial_0218","LOCAL","src/cli.py","thallybu","FINISHED","False","None","threshold","0.6809042128588465","250","True","ShallowAutoencoder","None","1024","/data/thallybu/cache","1e-06","0","emnist_digits_dinov2_vits14","0.023638180965023486","True","384","[128, 64]","1","0.6809042128588465","","0.023638180965023486","4","0.0005573888385400074","25","0.22783229265510774","4","","1.412897448184761","1","0.18465495684592234","2","1e-06","0.0005573888385400074","5","25","10","4","0.22783229265510774","L","random","None","4","50","1.412897448184761","threshold","1.0","42","10","[0.9, 0.1]","0.18465495684592234","0.1","False","True","True","2","1","0.007170133758336306","0.18962962925434113","0","0","0","0","0","0","0","0","0","0","0","0","0.18962962925434113","0.6809042096138","0.003591318381950259","0.004699666053056717","0.006420523393899202","0.010533569380640984","0.006315391976386309","0.005553488619625568","0.010649802163243294","0.00447473581880331","0.009830995462834835","0.007626836188137531","0.004407437052577734","0.006562033202499151","0.004003435373306274","0","40","0","0.0013371251989156008","40","0","0","0.6805416941642761","0.6805416941642761","0","0.6692887544631958","0.6805416941642761","0.31945833563804626","3.947432279586792","0.8789230585098267","0.1353282779455185","0.3936154842376709","ssl_emnist_digits_dino","218","FAILED"
"2026-03-29 23:02:08","1.1h","300ce170110744c0aabbc2f398e9bdb2","ssl_emnist_digits_dino_trial_0217","LOCAL","src/cli.py","thallybu","FINISHED","False","None","threshold","0.6799238378249036","250","True","ShallowAutoencoder","None","1024","/data/thallybu/cache","1e-06","0","emnist_digits_dinov2_vits14","0.023652732200087023","True","384","[128, 64]","1","0.6799238378249036","","0.023652732200087023","4","0.0004938212667969677","23","0.22716073589902436","4","","1.4131045386392826","1","0.17738685206238794","2","1e-06","0.0004938212667969677","5","23","10","4","0.22716073589902436","L","random","None","4","50","1.4131045386392826","threshold","1.0","42","10","[0.9, 0.1]","0.17738685206238794","0.1","False","True","True","2","63","0.002641537459567189","879.2281494140625","0.5076137185096741","0.21753235161304474","0.373096764087677","0.23515580594539642","0.5831236243247986","0.5623460412025452","0.46573588252067566","0.671653687953949","0.5778340101242065","0.540306806564331","0.4553425908088684","0.6081119775772095","10","0.6799238324165344","0.004710618872195482","0.0031593518797308207","0.003697763429954648","0.0037334368098527193","0.0028308031614869833","0.004155061673372984","0.0036027422174811363","0.0037117404863238335","0.0036020148545503616","0.0033972826786339283","0.00307776452973485","0.04985082522034645","0.0504390113055706","247","40","0","0.03496796637773514","185761","0","0.009572191163897514","0.8471249938011169","0.8471249938011169","0","0.8501070141792297","0.8471249938011169","0.15287499129772186","11.051653861999512","0.6575105786323547","0.04668956995010376","0.4604346752166748","ssl_emnist_digits_dino","217","OK"
"2026-03-29 23:02:07","9.4min","aaa9820a41e5432aaba09a591a7ce982","ssl_emnist_digits_dino_trial_0216","LOCAL","src/cli.py","thallybu","FINISHED","False","None","threshold","0.7866446562400645","250","True","ShallowAutoencoder","None","1024","/data/thallybu/cache","1e-06","0","emnist_digits_dinov2_vits14","0.03707339022545609","True","384","[128, 64]","1","0.7866446562400645","","0.03707339022545609","4","0.0005838858231059675","23","0.2187215045808122","4","","1.4077799040267773","1","0.1794517586376506","2","1e-06","0.0005838858231059675","5","23","10","4","0.2187215045808122","L","random","None","4","50","1.4077799040267773","threshold","1.0","42","10","[0.9, 0.1]","0.1794517586376506","0.1","False","True","True","2","10","0.00502203730866313","864.454833984375","0.582518458366394","0.22027833759784698","0.47575706243515015","0.3137710988521576","0.7362244129180908","0.6389399170875549","0.5579227805137634","0.6908193826675415","0.6581715941429138","0.7096324563026428","0.5022847652435303","0.5918192863464355","10","0.7866446375846863","0.002673565410077572","0.004982012789696455","0.0057715848088264465","0.006498261820524931","0.00416822824627161","0.00611420813947916","0.005180518142879009","0.004799505230039358","0.0062386286444962025","0.005307667423039675","0.004186543170362711","0.06687678396701813","0.06601600348949432","1995","40","0","0.05324715003371239","184391","0","0.009857581928372383","0.7158750295639038","0.7158750295639038","0","0.7185148596763611","0.7158750295639038","0.2841250002384186","7.470462322235107","0.8366844058036804","0.05701201409101486","0.5803821682929993","ssl_emnist_digits_dino","216","OK"
"2026-03-29 23:01:51","55.7min","09226fd1f0284156b4f77899d977a7cd","ssl_emnist_digits_dino_trial_0215","LOCAL","src/cli.py","thallybu","FINISHED","False","None","threshold","0.7128066846835159","250","True","ShallowAutoencoder","None","1024","/data/thallybu/cache","1e-06","0","emnist_digits_dinov2_vits14","0.023943788180107492","True","384","[128, 64]","1","0.7128066846835159","","0.023943788180107492","4","0.0006672753190216321","27","0.2196797576711086","4","","1.4036148739969352","1","0.18160262017231896","2","1e-06","0.0006672753190216321","5","27","10","4","0.2196797576711086","L","random","None","4","50","1.4036148739969352","threshold","1.0","42","10","[0.9, 0.1]","0.18160262017231896","0.1","False","True","True","2","52","0.003166122129186988","895.854248046875","0.5032120943069458","0.21348951756954193","0.4068338871002197","0.2417222112417221","0.6421129703521729","0.5096782445907593","0.4460519552230835","0.6359822750091553","0.5600948929786682","0.5846295952796936","0.44816458225250244","0.5609633922576904","10","0.7128067016601562","0.00404776306822896","0.0039993287064135075","0.003947196062654257","0.004260824527591467","0.0028247844893485308","0.004487024620175362","0.0036416647490113974","0.00405774125829339","0.004340692888945341","0.0042354268953204155","0.0034831876400858164","0.053869035094976425","0.0549117811024189","59","40","0","0.03927786275744438","189081","0","0.009847897104918957","0.8417500257492065","0.8417500257492065","0","0.8444920182228088","0.8417500257492065","0.15825000405311584","10.950214385986328","0.6722757816314697","0.046833403408527374","0.5200669765472412","ssl_emnist_digits_dino","215","OK"
"2026-03-29 23:01:25","42.2s","98f4beeaab76458691661a1b28d995ea","ssl_emnist_digits_dino_trial_0214","LOCAL","src/cli.py","thallybu","FINISHED","False","None","threshold","0.7726647093506244","250","True","ShallowAutoencoder","None","1024","/data/thallybu/cache","1e-06","0","emnist_digits_dinov2_vits14","0.03722874749143168","True","384","[128, 64]","1","0.7726647093506244","","0.03722874749143168","4","0.0006653871530828693","28","0.23461349649081198","4","","1.4008663657161606","1","0.18254420683474784","2","1e-06","0.0006653871530828693","5","28","10","4","0.23461349649081198","L","random","None","4","50","1.4008663657161606","threshold","1.0","42","10","[0.9, 0.1]","0.18254420683474784","0.1","False","True","True","2","1","0.006916120648384094","0.18962962925434113","0","0","0","0","0","0","0","0","0","0","0","0","0.18962962925434113","0.7726647257804871","0.0032690439838916063","0.010156985372304916","0.007832705974578857","0.007619422860443592","0.00697746966034174","0.010955721139907837","0.0051474906504154205","0.0056650517508387566","0.005487347487360239","0.0068180132657289505","0.0047103348188102245","0.006245055701583624","0.0029948721639811993","0","40","0","0.001353396917693317","40","0","0","0.6725833415985107","0.6725833415985107","0","0.6776100397109985","0.6725833415985107","0.32741665840148926","3.628706693649292","0.8848572373390198","0.19116440415382385","0.38135862350463867","ssl_emnist_digits_dino","214","FAILED"
"2026-03-29 23:01:22","44.2s","287f9f26af66490287a12a4930c592ab","ssl_emnist_digits_dino_trial_0213","LOCAL","src/cli.py","thallybu","FINISHED","False","None","threshold","0.7199533213971925","250","True","ShallowAutoencoder","None","1024","/data/thallybu/cache","1e-06","0","emnist_digits_dinov2_vits14","0.027603787205674073","True","384","[128, 64]","1","0.7199533213971925","","0.027603787205674073","4","0.0006755148485172698","27","0.23361023482068688","4","","1.396715438749929","1","0.15294764182749154","2","1e-06","0.0006755148485172698","5","27","10","4","0.23361023482068688","L","random","None","4","50","1.396715438749929","threshold","1.0","42","10","[0.9, 0.1]","0.15294764182749154","0.1","False","True","True","2","1","0.006914716213941574","0.18962962925434113","0","0","0","0","0","0","0","0","0","0","0","0","0.18962962925434113","0.7199532985687256","0.003197667421773076","0.005155493039637804","0.012613694183528423","0.0056762369349598885","0.008030492812395096","0.011270609684288502","0.0066323187202215195","0.005237088073045015","0.005944226868450642","0.006512516178190708","0.007205548696219921","0.006221551913768053","0.0027493471279740334","0","40","0","0.0014085355214774609","40","0","0","0.6318333148956299","0.6318333148956299","0","0.6348241567611694","0.6318333148956299","0.36816665530204773","3.320496082305908","0.9183733463287354","0.19200147688388824","0.34954825043678284","ssl_emnist_digits_dino","213","FAILED"
"2026-03-29 23:01:07","43.3s","d81c11924b094f1d9ec9eff00cfdb6cd","ssl_emnist_digits_dino_trial_0212","LOCAL","src/cli.py","thallybu","FINISHED","False","None","threshold","0.7752888959569133","250","True","ShallowAutoencoder","None","1024","/data/thallybu/cache","1e-06","0","emnist_digits_dinov2_vits14","0.01834344487063746","True","384","[128, 64]","1","0.7752888959569133","","0.01834344487063746","4","0.0004411890517287297","28","0.23350580828833728","4","","1.3948507802114916","1","0.15250641274407453","2","1e-06","0.0004411890517287297","5","28","10","4","0.23350580828833728","L","random","None","4","50","1.3948507802114916","threshold","1.0","42","10","[0.9, 0.1]","0.15250641274407453","0.1","False","True","True","2","1","0.007416738662868738","0.18962962925434113","0","0","0","0","0","0","0","0","0","0","0","0","0.18962962925434113","0.7752888798713684","0.0038681202568113804","0.010315265506505966","0.008800114504992962","0.009192812256515026","0.006676769815385342","0.010656530037522316","0.004619031213223934","0.008651573210954666","0.006556455511599779","0.0036372675094753504","0.004877778235822916","0.007002918981015682","0.003578596282750368","0","40","0","0.0014029481681063771","40","0","0","0.6786666512489319","0.6786666512489319","0","0.6661159992218018","0.6786666512489319","0.3213333189487457","3.6531119346618652","0.8926352262496948","0.16824018955230713","0.43242475390434265","ssl_emnist_digits_dino","212","FAILED"
"2026-03-29 22:55:06","20.3min","dc792bab5fbf437b9781f5267262110d","ssl_emnist_digits_dino_trial_0211","LOCAL","src/cli.py","thallybu","FINISHED","False","None","threshold","0.7146141505759299","250","True","ShallowAutoencoder","None","1024","/data/thallybu/cache","1e-06","0","emnist_digits_dinov2_vits14","0.017712648249466882","True","384","[128, 64]","1","0.7146141505759299","","0.017712648249466882","4","0.0006746793162539551","26","0.2420567666968175","4","","1.3968125889881424","1","0.15505070392812956","2","1e-06","0.0006746793162539551","5","26","10","4","0.2420567666968175","L","random","None","4","50","1.3968125889881424","threshold","1.0","42","10","[0.9, 0.1]","0.15505070392812956","0.1","False","True","True","2","18","0.0033627082593739033","825.4746704101562","0.5105635523796082","0.20874257385730743","0.4223346412181854","0.26902684569358826","0.6647377014160156","0.5389078259468079","0.520057201385498","0.617417573928833","0.5652276277542114","0.5171393156051636","0.4907193183898926","0.6069961786270142","10","0.7146141529083252","0.00341528351418674","0.004012199118733406","0.004534475971013308","0.00503826467320323","0.0034399221185594797","0.005066417157649994","0.0035539118107408285","0.004181351978331804","0.004511036444455385","0.004293820355087519","0.0032176615204662085","0.05450868234038353","0.05303538963198662","1058","40","0","0.04184906557202339","175229","0","0.008430385030806065","0.7835416793823242","0.7835416793823242","0","0.7842646837234497","0.7835416793823242","0.21645833551883698","10.9463472366333","0.7454866170883179","0.05473247915506363","0.5422579050064087","ssl_emnist_digits_dino","211","OK"
"2026-03-29 22:55:04","22.9min","23575b4f424b4478a37daca06a848566","ssl_emnist_digits_dino_trial_0210","LOCAL","src/cli.py","thallybu","FINISHED","False","None","threshold","0.7741930685881423","250","True","ShallowAutoencoder","None","1024","/data/thallybu/cache","1e-06","0","emnist_digits_dinov2_vits14","0.023990057258288868","True","384","[128, 64]","1","0.7741930685881423","","0.023990057258288868","4","0.00028380277689162904","27","0.2405302056720214","4","","1.3802683206713502","1","0.15413555156413053","2","1e-06","0.00028380277689162904","5","27","10","4","0.2405302056720214","L","random","None","4","50","1.3802683206713502","threshold","1.0","42","10","[0.9, 0.1]","0.15413555156413053","0.1","False","True","True","2","20","0.004074818454682827","892.0477294921875","0.5568631887435913","0.21880891919136047","0.4379607141017914","0.3293876051902771","0.709831714630127","0.6018072962760925","0.5555582046508789","0.7123120427131653","0.6529171466827393","0.5730871558189392","0.5149215459823608","0.5737441778182983","10","0.7741930484771729","0.003551898989826441","0.004335987381637096","0.005184308160096407","0.005179252475500107","0.003824396524578333","0.00584902660921216","0.004347768612205982","0.004659232683479786","0.004637555219233036","0.0052655949257314205","0.0038258235435932875","0.05995378643274307","0.05864899978041649","896","40","0","0.04710894450545311","189115","0","0.008312808349728584","0.7911666631698608","0.7911666631698608","0","0.791351318359375","0.7911666631698608","0.20883333683013916","8.65043830871582","0.7393754720687866","0.06276252120733261","0.49989113211631775","ssl_emnist_digits_dino","210","OK"
"2026-03-29 22:54:22","43.5s","1d18951450c8499d8be079d8d3fa682e","ssl_emnist_digits_dino_trial_0209","LOCAL","src/cli.py","thallybu","FINISHED","False","None","threshold","0.7621529027795523","250","True","ShallowAutoencoder","None","1024","/data/thallybu/cache","1e-06","0","emnist_digits_dinov2_vits14","0.023471403758859092","True","384","[128, 64]","1","0.7621529027795523","","0.023471403758859092","4","0.00028294917723270833","27","0.23914158801880542","4","","1.3832401654169826","1","0.1978419069157793","2","1e-06","0.00028294917723270833","5","27","10","4","0.23914158801880542","L","random","None","4","50","1.3832401654169826","threshold","1.0","42","10","[0.9, 0.1]","0.1978419069157793","0.1","False","True","True","2","1","0.008186625316739082","0.18962962925434113","0","0","0","0","0","0","0","0","0","0","0","0","0.18962962925434113","0.762152910232544","0.004508575424551964","0.004903900902718306","0.014250092208385468","0.006747679319232702","0.008816354908049107","0.011433813720941544","0.008019806817173958","0.005026210565119982","0.00588182033970952","0.008549309335649014","0.007127703633159399","0.007997723296284676","0.004098544362932444","0","40","0","0.0015313861658796668","40","0","0","0.6635833382606506","0.6635833382606506","0","0.6679447889328003","0.6635833382606506","0.33641666173934937","4.025463104248047","0.8947433233261108","0.20657338201999664","0.3617307245731354","ssl_emnist_digits_dino","209","FAILED"
"2026-03-29 22:54:18","44.5s","3685d650bc754ebe9517f6795b673b12","ssl_emnist_digits_dino_trial_0208","LOCAL","src/cli.py","thallybu","FINISHED","False","None","threshold","0.8329940958445619","250","True","ShallowAutoencoder","None","1024","/data/thallybu/cache","1e-06","0","emnist_digits_dinov2_vits14","0.03185232608680196","True","384","[128, 64]","1","0.8329940958445619","","0.03185232608680196","4","0.00032896662324770717","25","0.23759256517308486","4","","1.3866923724311073","1","0.19810061235063262","2","1e-06","0.00032896662324770717","5","25","10","4","0.23759256517308486","L","random","None","4","50","1.3866923724311073","threshold","1.0","42","10","[0.9, 0.1]","0.19810061235063262","0.1","False","True","True","2","1","0.008430255576968193","0.18962962925434113","0","0","0","0","0","0","0","0","0","0","0","0","0.18962962925434113","0.8329941034317017","0.00436751265078783","0.007489381358027458","0.007185474969446659","0.012691905722022057","0.008649306371808052","0.006931743584573269","0.012292851693928242","0.005138284992426634","0.011368149891495705","0.008662172593176365","0.004153994843363762","0.00797404907643795","0.0041386717930436134","0","40","0","0.0016035701846703887","40","0","0","0.6769999861717224","0.6769999861717224","0","0.6648687720298767","0.6769999861717224","0.3229999840259552","4.10243558883667","0.8949316143989563","0.15461070835590363","0.39021387696266174","ssl_emnist_digits_dino","208","FAILED"
"2026-03-29 22:53:58","13.0min","fed47dce576c46acabe9b004a1625829","ssl_emnist_digits_dino_trial_0207","LOCAL","src/cli.py","thallybu","FINISHED","False","None","threshold","0.8383459307841905","250","True","ShallowAutoencoder","None","1024","/data/thallybu/cache","1e-06","0","emnist_digits_dinov2_vits14","0.02909230079010606","True","384","[128, 64]","1","0.8383459307841905","","0.02909230079010606","4","0.00027167266495831013","26","0.24479583010955447","4","","1.3806981076334206","1","0.19874704819954023","2","1e-06","0.00027167266495831013","5","26","10","4","0.24479583010955447","L","random","None","4","50","1.3806981076334206","threshold","1.0","42","10","[0.9, 0.1]","0.19874704819954023","0.1","False","True","True","2","12","0.004894083831459284","917.8841552734375","0.6044004559516907","0.2214832454919815","0.47645604610443115","0.3388875126838684","0.7437885999679565","0.6466076374053955","0.6535624265670776","0.7108948826789856","0.6976987719535828","0.601784348487854","0.5264009833335876","0.6492138504981995","10","0.8383459448814392","0.0032822999637573957","0.005493766628205776","0.005988618824630976","0.006485096178948879","0.004163742531090975","0.007274117786437273","0.004676971584558487","0.005610313266515732","0.006132600363343954","0.005846136715263128","0.004730175249278545","0.07161686569452286","0.06901417672634125","2365","40","0","0.05640155076980591","196035","0","0.010734956711530685","0.7463333606719971","0.7463333606719971","0","0.7495094537734985","0.7463333606719971","0.2536666691303253","7.361856937408447","0.7898619174957275","0.05880361795425415","0.49382418394088745","ssl_emnist_digits_dino","207","OK"
"2026-03-29 22:49:57","50.8min","d6815e80428347009e2b1f94741897bf","ssl_emnist_digits_dino_trial_0206","LOCAL","src/cli.py","thallybu","FINISHED","False","None","threshold","0.7742711794417454","250","True","ShallowAutoencoder","None","1024","/data/thallybu/cache","1e-06","0","emnist_digits_dinov2_vits14","0.02878633782795069","True","384","[128, 64]","1","0.7742711794417454","","0.02878633782795069","4","0.00045439278121155505","26","0.24471628833643183","4","","1.3825092120111293","1","0.18844701810611067","2","1e-06","0.00045439278121155505","5","26","10","4","0.24471628833643183","L","random","None","4","50","1.3825092120111293","threshold","1.0","42","10","[0.9, 0.1]","0.18844701810611067","0.1","False","True","True","2","44","0.0028669557068496943","956.7964477539062","0.5445754528045654","0.2298346608877182","0.395343542098999","0.2706109285354614","0.6951164603233337","0.5862824320793152","0.5511600971221924","0.6277854442596436","0.6367323398590088","0.5634507536888123","0.5169978737831116","0.6429282426834106","10","0.7742711901664734","0.004265024792402983","0.003680764464661479","0.004221403505653143","0.004582482855767012","0.0031063766218721867","0.00459262914955616","0.003286803839728236","0.004218303132802248","0.004312165547162294","0.004418069496750832","0.0030464911833405495","0.05458083003759384","0.0546431764960289","95","40","0","0.03946549445390701","201975","0","0.010148719884455204","0.8207916617393494","0.8207916617393494","0","0.8200181722640991","0.8207916617393494","0.17920833826065063","8.048752784729004","0.7094855308532715","0.05002648010849953","0.5381699800491333","ssl_emnist_digits_dino","206","OK"
"2026-03-29 22:43:06","18.3min","d167192af94f4e928742e9d6daf8bf65","ssl_emnist_digits_dino_trial_0205","LOCAL","src/cli.py","thallybu","FINISHED","False","None","threshold","0.8399492967359927","250","True","ShallowAutoencoder","None","1024","/data/thallybu/cache","1e-06","0","emnist_digits_dinov2_vits14","0.01810203549221036","True","384","[128, 64]","1","0.8399492967359927","","0.01810203549221036","4","0.00043760840900766295","26","0.22762274770625596","4","","1.385495415039033","1","0.1565446751645151","2","1e-06","0.00043760840900766295","5","26","10","4","0.22762274770625596","L","random","None","4","50","1.385495415039033","threshold","1.0","42","10","[0.9, 0.1]","0.1565446751645151","0.1","False","True","True","2","18","0.0036586427595466375","978.0966186523438","0.5914819240570068","0.23568841814994812","0.47330281138420105","0.28155380487442017","0.7683964967727661","0.6398606896400452","0.5802716612815857","0.7039282917976379","0.6843984127044678","0.6473360061645508","0.5372631549835205","0.6285218000411987","10","0.8399493098258972","0.0036785772535949945","0.004571828059852123","0.004695103969424963","0.006165362894535065","0.00390042457729578","0.004995848052203655","0.003969965036958456","0.004743690602481365","0.005189311690628529","0.004662276711314917","0.003671586513519287","0.05957385525107384","0.058270376175642014","741","40","0","0.046565406024456024","207115","0","0.008497094735503197","0.7837083339691162","0.7837083339691162","0","0.7833565473556519","0.7837083339691162","0.2162916660308838","10.064995765686035","0.7571220397949219","0.05032835900783539","0.5329223275184631","ssl_emnist_digits_dino","205","OK"
"2026-03-29 22:42:23","41.8s","2203b1920450479e928ea6cea3165215","ssl_emnist_digits_dino_trial_0204","LOCAL","src/cli.py","thallybu","FINISHED","False","None","threshold","0.7315833689533844","250","True","ShallowAutoencoder","None","1024","/data/thallybu/cache","1e-06","0","emnist_digits_dinov2_vits14","0.031661824619472506","True","384","[128, 64]","1","0.7315833689533844","","0.031661824619472506","4","0.0004131502188309934","25","0.24493199530301932","4","","1.3642672256556825","1","0.1732635694729314","2","1e-06","0.0004131502188309934","5","25","10","4","0.24493199530301932","L","random","None","4","50","1.3642672256556825","threshold","1.0","42","10","[0.9, 0.1]","0.1732635694729314","0.1","False","True","True","2","1","0.007859093137085438","0.18962962925434113","0","0","0","0","0","0","0","0","0","0","0","0","0.18962962925434113","0.7315833568572998","0.004069995135068893","0.006279553286731243","0.006754938513040543","0.011616635136306286","0.007478618063032627","0.006321301683783531","0.01145229022949934","0.004839037545025349","0.010427975095808506","0.008223716169595718","0.004372720140963793","0.007469627540558577","0.004432987421751022","0","40","0","0.0014746887609362602","40","0","0","0.6818333268165588","0.6818333268165588","0","0.6697600483894348","0.6818333268165588","0.31816667318344116","4.16118860244751","0.8876069784164429","0.1263800412416458","0.39135438203811646","ssl_emnist_digits_dino","204","FAILED"
"2026-03-29 22:40:37","13.7min","817b15199f3d42a2a66a8a76a461c4df","ssl_emnist_digits_dino_trial_0203","LOCAL","src/cli.py","thallybu","FINISHED","False","None","threshold","0.7306373675089339","250","True","ShallowAutoencoder","None","1024","/data/thallybu/cache","1e-06","0","emnist_digits_dinov2_vits14","0.031750916399793605","True","384","[128, 64]","1","0.7306373675089339","","0.031750916399793605","4","0.00039046702942007946","25","0.24459706039161352","4","","1.3621674736660108","1","0.16644603162127639","2","1e-06","0.00039046702942007946","5","25","10","4","0.24459706039161352","L","random","None","4","50","1.3621674736660108","threshold","1.0","42","10","[0.9, 0.1]","0.16644603162127639","0.1","False","True","True","2","13","0.0044475276954472065","804.865478515625","0.5291008353233337","0.21552333235740662","0.38634979724884033","0.2961961627006531","0.6498900651931763","0.6216298937797546","0.6080676913261414","0.7305088639259338","0.6176632642745972","0.564170241355896","0.5218162536621094","0.5390787124633789","10","0.7306373715400696","0.003229419467970729","0.004525312688201666","0.005464785732328892","0.005652960389852524","0.0040313564240932465","0.007666398771107197","0.00452219694852829","0.004602602683007717","0.005497786216437817","0.005290878936648369","0.003983232658356428","0.0646796002984047","0.06221865490078926","3193","40","0","0.05123753100633621","173017","0","0.009124817326664925","0.753083348274231","0.753083348274231","0","0.7423375248908997","0.753083348274231","0.24691666662693024","9.918798446655273","0.8097953200340271","0.04938079044222832","0.6529061198234558","ssl_emnist_digits_dino","203","OK"
"2026-03-29 22:40:14","14.1min","803ea9bfdd5541b58ab4880406eff0ea","ssl_emnist_digits_dino_trial_0202","LOCAL","src/cli.py","thallybu","FINISHED","False","None","threshold","0.8085559159912021","250","True","ShallowAutoencoder","None","1024","/data/thallybu/cache","1e-06","0","emnist_digits_dinov2_vits14","0.028810768415332477","True","384","[128, 64]","1","0.8085559159912021","","0.028810768415332477","4","0.00037490275859261254","26","0.24625417377177575","4","","1.3441656614190245","1","0.18139618241757727","2","1e-06","0.00037490275859261254","5","26","10","4","0.24625417377177575","L","random","None","4","50","1.3441656614190245","threshold","1.0","42","10","[0.9, 0.1]","0.18139618241757727","0.1","False","True","True","2","13","0.004213479347527027","903.8159790039062","0.5749685764312744","0.23114369809627533","0.427701860666275","0.32607147097587585","0.8078385591506958","0.6246982216835022","0.5451117753982544","0.6876987218856812","0.7032801508903503","0.6367443203926086","0.4630163311958313","0.6176746487617493","10","0.8085559010505676","0.003271915018558502","0.004876167979091406","0.005629370920360088","0.006576646585017443","0.004260150715708733","0.0057978262193500996","0.004551132675260305","0.005339464172720909","0.005869534332305193","0.004955747164785862","0.004129419103264809","0.0661025121808052","0.06495068967342377","1751","40","0","0.05198546126484871","192453","0","0.009807566180825233","0.7612916827201843","0.7612916827201843","0","0.7551010251045227","0.7612916827201843","0.23870833218097687","6.926390647888184","0.7654120922088623","0.058829404413700104","0.5081704258918762","ssl_emnist_digits_dino","202","OK"
"2026-03-29 22:39:53","43.7s","c8520921035c4181b499416239fc8b56","ssl_emnist_digits_dino_trial_0201","LOCAL","src/cli.py","thallybu","FINISHED","False","None","threshold","0.8232758553822607","250","True","ShallowAutoencoder","None","1024","/data/thallybu/cache","1e-06","0","emnist_digits_dinov2_vits14","0.02827601553539173","True","384","[128, 64]","1","0.8232758553822607","","0.02827601553539173","4","0.0003671406084191863","26","0.24942356672584434","4","","1.3420120128298756","1","0.18179409928437038","2","1e-06","0.0003671406084191863","5","26","10","4","0.24942356672584434","L","random","None","4","50","1.3420120128298756","threshold","1.0","42","10","[0.9, 0.1]","0.18179409928437038","0.1","False","True","True","2","1","0.008390843868255615","0.18962962925434113","0","0","0","0","0","0","0","0","0","0","0","0","0.18962962925434113","0.8232758641242981","0.004203503020107746","0.00959598459303379","0.0088809197768569","0.009959803894162178","0.007960021495819092","0.01372358575463295","0.0037810071371495724","0.011878455057740211","0.007256105076521635","0.005834886804223061","0.0063768611289560795","0.007912923581898212","0.0037852535024285316","0","40","0","0.0016165479319170117","40","0","0","0.6981666684150696","0.6981666684150696","0","0.7032187581062317","0.6981666684150696","0.3018333315849304","5.0744524002075195","0.8880873918533325","0.14913420379161835","0.424172580242157","ssl_emnist_digits_dino","201","FAILED"
"2026-03-29 22:38:31","22.6min","8913374b354e487382452cb4c60174f9","ssl_emnist_digits_dino_trial_0200","LOCAL","src/cli.py","thallybu","FINISHED","False","None","threshold","0.834523523989403","250","True","ShallowAutoencoder","None","1024","/data/thallybu/cache","1e-06","0","emnist_digits_dinov2_vits14","0.03400875824669342","True","384","[128, 64]","1","0.834523523989403","","0.03400875824669342","4","0.00034802643894296973","26","0.24536104391667313","4","","1.3473838284623305","1","0.1987837018902704","2","1e-06","0.00034802643894296973","5","26","10","4","0.24536104391667313","L","random","None","4","50","1.3473838284623305","threshold","1.0","42","10","[0.9, 0.1]","0.1987837018902704","0.1","False","True","True","2","20","0.0037568341940641403","973.4681396484375","0.5879566073417664","0.23064647614955902","0.4809613823890686","0.3384048342704773","0.7419647574424744","0.567490816116333","0.5530700087547302","0.7211197018623352","0.7069555521011353","0.6361289620399475","0.4958288371562958","0.6587043404579163","10","0.8345234990119934","0.003805176354944706","0.004648692440241575","0.00535972835496068","0.005490926094353199","0.0033421190455555916","0.004974824842065573","0.004027312155812979","0.0049592358991503716","0.005329698324203491","0.004728964529931545","0.003998680040240288","0.06226915493607521","0.06138253211975098","561","40","0","0.046860165894031525","205959","0","0.010682032443583012","0.7914999723434448","0.7914999723434448","0","0.789827823638916","0.7914999723434448","0.2084999978542328","8.129988670349121","0.7433612942695618","0.05666060000658035","0.5060567855834961","ssl_emnist_digits_dino","200","OK"
"2026-03-29 22:30:42","11.7min","96da7bf5faaa4463bea94c49965044d9","ssl_emnist_digits_dino_trial_0199","LOCAL","src/cli.py","thallybu","FINISHED","False","None","threshold","0.80001463902318","250","True","ShallowAutoencoder","None","1024","/data/thallybu/cache","1e-06","0","emnist_digits_dinov2_vits14","0.03401289918966442","True","384","[128, 64]","1","0.80001463902318","","0.03401289918966442","4","0.0006332169862927518","24","0.21835509848563156","4","","1.3456138416939691","1","0.16447840673251948","2","1e-06","0.0006332169862927518","5","24","10","4","0.21835509848563156","L","random","None","4","50","1.3456138416939691","threshold","1.0","42","10","[0.9, 0.1]","0.16447840673251948","0.1","False","True","True","2","11","0.005138018634170294","893.528564453125","0.5661103129386902","0.2257484644651413","0.4606388509273529","0.3059435486793518","0.7313882112503052","0.6176963448524475","0.6126603484153748","0.6806585192680359","0.7731966376304626","0.5766826868057251","0.5196245312690735","0.5926745533943176","10","0.8000146150588989","0.0028032814152538776","0.00474821962416172","0.005488664377480745","0.004971052519977093","0.004304198548197746","0.006097332574427128","0.004538634791970253","0.007824731059372425","0.0055752587504684925","0.005607194732874632","0.004120095167309046","0.06620147824287415","0.06497560441493988","1402","40","0","0.05327538773417473","189933","0","0.009000902064144611","0.734000027179718","0.734000027179718","0","0.7224588394165039","0.734000027179718","0.26600000262260437","8.583860397338867","0.8193720579147339","0.05175396054983139","0.6092350482940674","ssl_emnist_digits_dino","199","OK"
"2026-03-29 22:29:13","1.2h","c4680ff6789141cea5a382b3694f182b","ssl_emnist_digits_dino_trial_0198","LOCAL","src/cli.py","thallybu","FINISHED","False","None","threshold","0.8114324783040244","250","True","ShallowAutoencoder","None","1024","/data/thallybu/cache","1e-06","0","emnist_digits_dinov2_vits14","0.03293542045217599","True","384","[128, 64]","1","0.8114324783040244","","0.03293542045217599","4","0.00043766266617119564","27","0.2261258940404946","4","","1.4168327978883133","1","0.16049822842609834","2","1e-06","0.00043766266617119564","5","27","10","4","0.2261258940404946","L","random","None","4","50","1.4168327978883133","threshold","1.0","42","10","[0.9, 0.1]","0.16049822842609834","0.1","False","True","True","2","59","0.0028838743455708027","987.1123046875","0.5665422081947327","0.22856405377388","0.4156847596168518","0.2712104618549347","0.6851604580879211","0.5777239203453064","0.5429072976112366","0.6964315176010132","0.6630176901817322","0.6235364079475403","0.5182502269744873","0.6500999927520752","10","0.8114324808120728","0.004415319301187992","0.003528391243889928","0.004118843004107475","0.0042518568225204945","0.003047933569177985","0.0049362629652023315","0.003825386054813862","0.004082628525793552","0.003990410827100277","0.003985771909356117","0.003719351952895522","0.05328100547194481","0.05259357765316963","24","40","0","0.0394868403673172","208301","0","0.008726709522306919","0.8442500233650208","0.8442500233650208","0","0.8463924527168274","0.8442500233650208","0.15574999153614044","9.910640716552734","0.6771492958068848","0.0497298389673233","0.4479160010814667","ssl_emnist_digits_dino","198","OK"
"2026-03-29 22:25:19","14.5min","102a2565261d4ea2b3a05e18cbfadf9b","ssl_emnist_digits_dino_trial_0197","LOCAL","src/cli.py","thallybu","FINISHED","False","None","threshold","0.7666312087478467","250","True","ShallowAutoencoder","None","1024","/data/thallybu/cache","1e-06","0","emnist_digits_dinov2_vits14","0.033511535607606335","True","384","[128, 64]","1","0.7666312087478467","","0.033511535607606335","4","0.0007483490047810769","27","0.23350260365680534","4","","1.41826129099817","1","0.1617691638826102","2","1e-06","0.0007483490047810769","5","27","10","4","0.23350260365680534","L","random","None","4","50","1.41826129099817","threshold","1.0","42","10","[0.9, 0.1]","0.1617691638826102","0.1","False","True","True","2","13","0.004507991019636393","890.9359741210938","0.5465613007545471","0.2112211436033249","0.415985643863678","0.3250232934951782","0.6229638457298279","0.5828826427459717","0.5726770162582397","0.7981299757957458","0.6008481383323669","0.5652598142623901","0.5147433876991272","0.6495122313499451","10","0.7666311860084534","0.0028577714692801237","0.004237726330757141","0.005496663507074118","0.004555491730570793","0.004118078853935003","0.006371313706040382","0.005608381703495979","0.004505210090428591","0.004920023027807474","0.005335049703717232","0.004371935036033392","0.06230028718709946","0.06158572807908058","1205","40","0","0.049519848078489304","189189","0","0.00886999536305666","0.7505416870117188","0.7505416870117188","0","0.7394298315048218","0.7505416870117188","0.24945832788944244","9.02118968963623","0.8190034031867981","0.06470109522342682","0.627177357673645","ssl_emnist_digits_dino","197","OK"
"2026-03-29 22:24:33","45.3s","1b6ea6f6be33450a85b6a9a7d7d8c180","ssl_emnist_digits_dino_trial_0196","LOCAL","src/cli.py","thallybu","FINISHED","False","None","threshold","0.4742813983875046","250","True","ShallowAutoencoder","None","1024","/data/thallybu/cache","1e-06","0","emnist_digits_dinov2_vits14","0.02527848265326226","True","384","[128, 64]","1","0.4742813983875046","","0.02527848265326226","4","0.0008771551054680716","25","0.22966124354501746","4","","1.4049427960228786","1","0.15066839764686815","2","1e-06","0.0008771551054680716","5","25","10","4","0.22966124354501746","L","random","None","4","50","1.4049427960228786","threshold","1.0","42","10","[0.9, 0.1]","0.15066839764686815","0.1","False","True","True","2","1","0.006977750454097986","0.18962962925434113","0","0","0","0","0","0","0","0","0","0","0","0","0.18962962925434113","0.4742814004421234","0.0029531156178563833","0.003920556977391243","0.005415627267211676","0.009235616773366928","0.0052746934816241264","0.005560535006225109","0.011493226513266563","0.004376986995339394","0.009744609706103802","0.008061394095420837","0.005731812212616205","0.0058605726808309555","0.0031748716719448566","0","40","0","0.0013049374101683497","40","0","0","0.6975833177566528","0.6975833177566528","0","0.6884409189224243","0.6975833177566528","0.3023749887943268","4.297647953033447","0.8677091598510742","0.13808506727218628","0.39858245849609375","ssl_emnist_digits_dino","196","FAILED"
"2026-03-29 22:01:23","23.1min","a75464df08a24d1ab4e38df65988fd72","ssl_emnist_digits_dino_trial_0195","LOCAL","src/cli.py","thallybu","FINISHED","False","None","threshold","0.789664191873217","250","True","ShallowAutoencoder","None","1024","/data/thallybu/cache","1e-06","0","emnist_digits_dinov2_vits14","0.021465895348928298","True","384","[128, 64]","1","0.789664191873217","","0.021465895348928298","4","0.0007275303864358294","26","0.2389229465409125","4","","1.3748277514761982","1","0.1756358486347648","2","1e-06","0.0007275303864358294","5","26","10","4","0.2389229465409125","L","random","None","4","50","1.3748277514761982","threshold","1.0","42","10","[0.9, 0.1]","0.1756358486347648","0.1","False","True","True","2","20","0.003441617591306567","935.7039794921875","0.5661749243736267","0.2318175584077835","0.4062225818634033","0.27762043476104736","0.7180851697921753","0.5549971461296082","0.5910819172859192","0.7563596963882446","0.7044390439987183","0.5895167589187622","0.4938477873802185","0.6109662652015686","10","0.7896642088890076","0.0035219972487539053","0.003848177846521139","0.004698468372225761","0.005197789985686541","0.0032572781201452017","0.005203509237617254","0.003905246965587139","0.004765694960951805","0.004910504445433617","0.004495719447731972","0.003363215597346425","0.0575413815677166","0.05675110965967178","636","40","0","0.04364560544490814","198066","0","0.009551512077450752","0.7817083597183228","0.7817083597183228","0","0.7791615128517151","0.7817083597183228","0.21829167008399963","10.618699073791504","0.7517527341842651","0.05552847683429718","0.5385149121284485","ssl_emnist_digits_dino","195","OK"
"2026-03-29 22:00:43","39.8s","7e680f476b7b436ea0c76db11c523245","ssl_emnist_digits_dino_trial_0194","LOCAL","src/cli.py","thallybu","FINISHED","False","None","threshold","0.8093889141745045","250","True","ShallowAutoencoder","None","1024","/data/thallybu/cache","1e-06","0","emnist_digits_dinov2_vits14","0.02845934743974632","True","384","[128, 64]","1","0.8093889141745045","","0.02845934743974632","4","0.0006391452103889613","23","0.24662469253738584","4","","1.3933572287278786","1","0.18564036245297733","2","1e-06","0.0006391452103889613","5","23","10","4","0.24662469253738584","L","random","None","4","50","1.3933572287278786","threshold","1.0","42","10","[0.9, 0.1]","0.18564036245297733","0.1","False","True","True","2","1","0.007271387614309788","0.18962962925434113","0","0","0","0","0","0","0","0","0","0","0","0","0.18962962925434113","0.8093889355659485","0.0033635515719652176","0.005506177898496389","0.004565544426441193","0.007166262250393629","0.007259984500706196","0.0066117881797254086","0.010539604350924492","0.00820443406701088","0.005746573209762573","0.00850091315805912","0.010839572176337242","0.006577955558896065","0.0034213517792522907","0","40","0","0.0014211005764082074","40","0","0","0.6583333611488342","0.6583333611488342","0","0.6525684595108032","0.6583333611488342","0.34166666865348816","5.331546306610107","0.931876540184021","0.10262244939804077","0.5239995121955872","ssl_emnist_digits_dino","194","FAILED"
"2026-03-29 21:50:43","10.0min","6217df877f3b48229f7796648868db0b","ssl_emnist_digits_dino_trial_0193","LOCAL","src/cli.py","thallybu","FINISHED","False","None","fixed_k","0.9","500","True","ShallowAutoencoder","None","1024","/data/thallybu/cache","1e-06","0","emnist_digits_dinov2_vits14","0.03471809593396428","True","384","[128, 64]","0","","4","0.03471809593396428","4","0.0005769059131851373","26","0.2113550278014829","4","","1.434116489530656","1","0.19820169766867407","2","1e-06","0.0005769059131851373","5","26","10","4","0.2113550278014829","L","random","None","4","50","1.434116489530656","threshold","1.0","42","10","[0.9, 0.1]","0.19820169766867407","0.1","False","True","True","2","10","0.006352854892611504","166.0675506591797","0.30902475118637085","0.1059429869055748","0.20941248536109924","0.2307998538017273","0.4048769474029541","0.34302276372909546","0.3027184009552002","0.454357385635376","0.32914480566978455","0.30129274725914","0.2414865493774414","0.27313563227653503","10","","0.0018160573672503233","0.003548386739566922","0.005480214953422546","0.005019917618483305","0.0030205119401216507","0.004590787459164858","0.003729921067133546","0.0033285790123045444","0.004866145551204681","0.0038343118503689766","0.0028443040791898966","0.05435841530561447","0.05424977093935013","5000","40","0","0.04026307910680771","40040","0","0.010936558246612549","0.6925416588783264","0.6925416588783264","0","0.7005245685577393","0.6925416588783264","0.3074583411216736","7.4084649085998535","0.8560229539871216","0.06478853523731232","0.5613424181938171","ssl_emnist_digits_dino","193","OK"
"2026-03-29 21:49:43","58.7s","0774b3cd86be4afca12507d07e5d5dc9","ssl_emnist_digits_dino_trial_0192","LOCAL","src/cli.py","thallybu","FINISHED","False","None","threshold","0.8150801396385675","250","True","ShallowAutoencoder","None","1024","/data/thallybu/cache","1e-06","0","emnist_digits_dinov2_vits14","0.026023878326101625","True","384","[128, 64]","1","0.8150801396385675","","0.026023878326101625","4","0.00045818394769521335","27","0.24263003226337473","4","","1.3811922456445886","1","0.16578575359170672","2","1e-06","0.00045818394769521335","5","27","10","4","0.24263003226337473","L","random","None","4","50","1.3811922456445886","threshold","1.0","42","10","[0.9, 0.1]","0.16578575359170672","0.1","False","True","True","2","1","0.007329732645303011","0.18962962925434113","0","0","0","0","0","0","0","0","0","0","0","0","0.18962962925434113","0.8150801658630371","0.003810800379142165","0.0047624497674405575","0.013159973546862602","0.0061260610818862915","0.008585944771766663","0.010635850951075554","0.007356097921729088","0.005107225850224495","0.0059339250437915325","0.007573344744741917","0.007014723494648933","0.007035247981548309","0.003534642979502678","0","40","0","0.0014460320817306638","40","0","0","0.6555416584014893","0.6555416584014893","0","0.6598315834999084","0.6555416584014893","0.34445834159851074","3.4151840209960938","0.8989841938018799","0.21955154836177826","0.33204174041748047","ssl_emnist_digits_dino","192","FAILED"
"2026-03-29 21:49:34","48.9min","51cf0255aa7f489fb9d84d0af36e6297","ssl_emnist_digits_dino_trial_0191","LOCAL","src/cli.py","thallybu","FINISHED","False","None","threshold","0.8141732539799295","250","True","ShallowAutoencoder","None","1024","/data/thallybu/cache","1e-06","0","emnist_digits_dinov2_vits14","0.03459966109521402","True","384","[128, 64]","1","0.8141732539799295","","0.03459966109521402","4","0.0005782775718566513","27","0.2456094291482331","4","","1.3762790540995096","1","0.17767298860251768","2","1e-06","0.0005782775718566513","5","27","10","4","0.2456094291482331","L","random","None","4","50","1.3762790540995096","threshold","1.0","42","10","[0.9, 0.1]","0.17767298860251768","0.1","False","True","True","2","39","0.003028147853910923","985.8749389648438","0.5604992508888245","0.22957903146743774","0.44979315996170044","0.27362677454948425","0.7041427493095398","0.583116888999939","0.5548025369644165","0.7060559391975403","0.6154895424842834","0.5625756978988647","0.46055811643600464","0.6739499568939209","10","0.8141732811927795","0.004225565120577812","0.004136301577091217","0.004010498058050871","0.004321841057389975","0.0033517112024128437","0.005168608855456114","0.003957080654799938","0.004208252765238285","0.0039118751883506775","0.004182388540357351","0.003950362093746662","0.05576051026582718","0.055739808827638626","95","40","0","0.041198913007974625","208110","0","0.00959230586886406","0.8275416493415833","0.8275416493415833","0","0.8295189738273621","0.8275416493415833","0.17245833575725555","9.635199546813965","0.6937727928161621","0.060301024466753006","0.49720269441604614","ssl_emnist_digits_dino","191","OK"
"2026-03-29 21:46:05","1.3h","dd2b8d94a11f4b00b9da16e49e98957f","ssl_emnist_digits_dino_trial_0190","LOCAL","src/cli.py","thallybu","FINISHED","False","None","threshold","0.6043784361726801","250","True","ShallowAutoencoder","None","1024","/data/thallybu/cache","1e-06","0","emnist_digits_dinov2_vits14","0.026068793876221488","True","384","[128, 64]","1","0.6043784361726801","","0.026068793876221488","4","0.0012374595800338404","24","0.24563834213330035","4","","1.3764098434221121","1","0.1662401427694672","2","1e-06","0.0012374595800338404","5","24","10","4","0.24563834213330035","L","random","None","4","50","1.3764098434221121","threshold","1.0","42","10","[0.9, 0.1]","0.1662401427694672","0.1","False","True","True","2","65","0.0035074863117188215","766.1605834960938","0.44084689021110535","0.19328658282756805","0.35814595222473145","0.2239997386932373","0.6139729022979736","0.5300356149673462","0.39070093631744385","0.535797655582428","0.540326714515686","0.4964809715747833","0.4696996510028839","0.44986721873283386","10","0.6043784618377686","0.0042923991568386555","0.0033838083036243916","0.0037512825801968575","0.003574207192286849","0.0033065949101001024","0.0040978784672915936","0.0033806466963142157","0.0036139970179647207","0.003911212086677551","0.0042964378371834755","0.0029969033785164356","0.05054483562707901","0.05064273625612259","161","40","0","0.03631296381354332","161818","0","0.009077897295355797","0.8388333320617676","0.8388333320617676","0","0.8339152336120605","0.8388333320617676","0.16116666793823242","10.654047012329102","0.6586342453956604","0.04544192925095558","0.5232639312744141","ssl_emnist_digits_dino","190","OK"
"2026-03-29 21:40:17","1.2h","9a3d8b30523b497bb2718ff695f3f922","ssl_emnist_digits_dino_trial_0189","LOCAL","src/cli.py","thallybu","FINISHED","False","None","threshold","0.60317544199519","250","True","ShallowAutoencoder","None","1024","/data/thallybu/cache","1e-06","0","emnist_digits_dinov2_vits14","0.02802031627500242","True","384","[128, 64]","1","0.60317544199519","","0.02802031627500242","4","0.0007449223184173448","26","0.24441557422045798","4","","1.3821554971478103","1","0.1999595752656861","2","1e-06","0.0007449223184173448","5","26","10","4","0.24441557422045798","L","random","None","4","50","1.3821554971478103","threshold","1.0","42","10","[0.9, 0.1]","0.1999595752656861","0.1","False","True","True","2","60","0.0029903084505349398","764.9780883789062","0.42509686946868896","0.19182933866977692","0.3371751606464386","0.23247073590755463","0.6728385090827942","0.4094160497188568","0.4827611446380615","0.5989082455635071","0.5074474811553955","0.4104529023170471","0.39406442642211914","0.4968063533306122","10","0.6031754612922668","0.004211074206978083","0.0032709441147744656","0.0037733891513198614","0.005245113279670477","0.0027026059105992317","0.004908766131848097","0.0032169350888580084","0.0034266801085323095","0.0036889100447297096","0.0037004314363002777","0.0029401625506579876","0.05257562920451164","0.05409456789493561","183","40","0","0.03687393665313721","161591","0","0.01075973641127348","0.8294166922569275","0.8294166922569275","0","0.8205270767211914","0.8294166922569275","0.1705833375453949","10.018144607543945","0.6730948686599731","0.04513790085911751","0.5899171233177185","ssl_emnist_digits_dino","189","OK"
"2026-03-29 21:39:29","47.5s","e397be9929df4a37b9df3350edcf39f1","ssl_emnist_digits_dino_trial_0188","LOCAL","src/cli.py","thallybu","FINISHED","False","None","threshold","0.7652163565408283","250","True","ShallowAutoencoder","None","1024","/data/thallybu/cache","1e-06","0","emnist_digits_dinov2_vits14","0.022647730482835467","True","384","[128, 64]","1","0.7652163565408283","","0.022647730482835467","4","0.0010513961926420753","24","0.23319287279815273","4","","1.3697139126150277","1","0.16743895662250965","2","1e-06","0.0010513961926420753","5","24","10","4","0.23319287279815273","L","random","None","4","50","1.3697139126150277","threshold","1.0","42","10","[0.9, 0.1]","0.16743895662250965","0.1","False","True","True","2","1","0.006667937617748976","0.18933333456516266","0","0","0","0","0","0","0","0","0","0","0","0","0.18933333456516266","0.7652163505554199","0.002520542358979583","0.007305808365345001","0.004164904356002808","0.007262112572789192","0.006750778295099735","0.008282176218926907","0.005763721652328968","0.007303999271243811","0.005180059932172298","0.007045255973935127","0.006454715505242348","0.0053162542171776295","0.0024623479694128036","0","40","0","0.001240795711055398","40","0","0","0.6575833559036255","0.6575833559036255","0","0.6472460031509399","0.6575833559036255","0.3424166738986969","4.939688682556152","0.907568097114563","0.10805452615022659","0.40167757868766785","ssl_emnist_digits_dino","188","FAILED"
"2026-03-29 21:26:00","13.5min","b4e16e4b63f44bdea4365a8a5bffa9ec","ssl_emnist_digits_dino_trial_0187","LOCAL","src/cli.py","thallybu","FINISHED","False","None","threshold","0.7517362405345535","250","True","ShallowAutoencoder","None","1024","/data/thallybu/cache","1e-06","0","emnist_digits_dinov2_vits14","0.026513186312332217","True","384","[128, 64]","1","0.7517362405345535","","0.026513186312332217","4","0.0009038380698221436","25","0.22325734990164509","4","","1.3528882690434112","1","0.19421515091898958","2","1e-06","0.0009038380698221436","5","25","10","4","0.22325734990164509","L","random","None","4","50","1.3528882690434112","threshold","1.0","42","10","[0.9, 0.1]","0.19421515091898958","0.1","False","True","True","2","10","0.004674619063735008","820.3511352539062","0.5313396453857422","0.21163156628608704","0.4465087056159973","0.2998189330101013","0.6944679021835327","0.5406567454338074","0.6506523489952087","0.7593069076538086","0.5850819945335388","0.5497280955314636","0.5256565809249878","0.584225058555603","10","0.7517362236976624","0.0027317919302731752","0.005138516426086426","0.005391744431108236","0.005982069298624992","0.00360510335303843","0.006770081352442503","0.004311644472181797","0.004587045405060053","0.005645434372127056","0.005360529758036137","0.003948650788515806","0.06512074917554855","0.06378573179244995","3068","40","0","0.0507408045232296","176159","0","0.010604491457343102","0.7200416922569275","0.7200416922569275","0","0.7003126740455627","0.7200416922569275","0.2799166738986969","9.453365325927734","0.8702903389930725","0.06200480833649635","0.7317917346954346","ssl_emnist_digits_dino","187","OK"
"2026-03-29 21:18:48","1.2h","77c65cee74f742f2b8ac66d7c48df80a","ssl_emnist_digits_dino_trial_0186","LOCAL","src/cli.py","thallybu","FINISHED","False","None","threshold","0.7144739328080421","250","True","ShallowAutoencoder","None","1024","/data/thallybu/cache","1e-06","0","emnist_digits_dinov2_vits14","0.026152537788661334","True","384","[128, 64]","1","0.7144739328080421","","0.026152537788661334","4","0.0007643793726637032","26","0.24474345465149872","4","","1.3726775297524965","1","0.19853016732566803","2","1e-06","0.0007643793726637032","5","26","10","4","0.24474345465149872","L","random","None","4","50","1.3726775297524965","threshold","1.0","42","10","[0.9, 0.1]","0.19853016732566803","0.1","False","True","True","2","58","0.0027637681923806667","900.5842895507812","0.521414041519165","0.21311645209789276","0.39993759989738464","0.29970213770866394","0.6742046475410461","0.5640623569488525","0.557301938533783","0.6103922724723816","0.5848759412765503","0.49608489871025085","0.4776594638824463","0.6001162528991699","10","0.7144739031791687","0.004514988511800766","0.0035251888912171125","0.004313626792281866","0.004427427425980568","0.003015139838680625","0.004420679062604904","0.0031394159886986017","0.003731030272319913","0.0037711812183260918","0.0039151506498456","0.0030855401419103146","0.05323803797364235","0.05295422673225403","79","40","0","0.03734438121318817","190098","0","0.010702253319323063","0.8460416793823242","0.8460416793823242","0","0.845557689666748","0.8460416793823242","0.15395833551883698","12.536916732788086","0.6665685772895813","0.05564937740564346","0.4606846570968628","ssl_emnist_digits_dino","186","OK"
"2026-03-29 21:18:06","40.9s","9de9229628134849ae30a300de2c2ec1","ssl_emnist_digits_dino_trial_0185","LOCAL","src/cli.py","thallybu","FINISHED","False","None","threshold","0.7791803696286022","250","True","ShallowAutoencoder","None","1024","/data/thallybu/cache","1e-06","0","emnist_digits_dinov2_vits14","0.008497198935800612","True","384","[128, 64]","1","0.7791803696286022","","0.008497198935800612","4","0.0010073002122045816","24","0.24038614824368543","4","","1.422586650302814","1","0.13897900577860722","2","1e-06","0.0010073002122045816","5","24","10","4","0.24038614824368543","L","random","None","4","50","1.422586650302814","threshold","1.0","42","10","[0.9, 0.1]","0.13897900577860722","0.1","False","True","True","2","1","0.006511348765343428","0.18933333456516266","0","0","0","0","0","0","0","0","0","0","0","0","0.18933333456516266","0.7791803479194641","0.0025451567489653826","0.008539858274161816","0.004023733548820019","0.006743259262293577","0.006803683005273342","0.005311680492013693","0.003760141786187887","0.005875866394490004","0.006875602528452873","0.006243847776204348","0.006367200054228306","0.005256468430161476","0.010556155815720558","0","40","0","0.0011460729874670506","40","0","0","0.653124988079071","0.653124988079071","0","0.6466522216796875","0.653124988079071","0.34687498211860657","4.558554172515869","0.9119226932525635","0.1742674708366394","0.3662223517894745","ssl_emnist_digits_dino","185","FAILED"
"2026-03-29 21:16:04","33.6min","ff3ffe6c604e4dae98d7c637d4bebb70","ssl_emnist_digits_dino_trial_0184","LOCAL","src/cli.py","thallybu","FINISHED","False","None","threshold","0.7506330168472664","250","True","ShallowAutoencoder","None","1024","/data/thallybu/cache","1e-06","0","emnist_digits_dinov2_vits14","0.016498283093807242","True","384","[128, 64]","1","0.7506330168472664","","0.016498283093807242","4","0.0010064326726155783","24","0.22332104584249476","4","","1.3972860946127372","1","0.13936265744692894","2","1e-06","0.0010064326726155783","5","24","10","4","0.22332104584249476","L","random","None","4","50","1.3972860946127372","threshold","1.0","42","10","[0.9, 0.1]","0.13936265744692894","0.1","False","True","True","2","27","0.003582129953429103","907.7457885742188","0.5312331914901733","0.22928638756275177","0.37461578845977783","0.27069908380508423","0.7190666794776917","0.6694232225418091","0.5822083353996277","0.616948664188385","0.6131350994110107","0.5081336498260498","0.4311320185661316","0.6603676080703735","10","0.7506330013275146","0.0038415947929024696","0.003542677965015173","0.00440126983448863","0.004228942096233368","0.004120326600968838","0.004585035610944033","0.003643639385700226","0.004269173834472895","0.004450510255992413","0.003967162687331438","0.0036162533797323704","0.05316181108355522","0.053290631622076035","229","40","0","0.04082498326897621","191760","0","0.007695246022194624","0.7881249785423279","0.7881249785423279","0","0.7822908163070679","0.7881249785423279","0.21187499165534973","7.909032821655273","0.7381792068481445","0.04694976285099983","0.5608041286468506","ssl_emnist_digits_dino","184","OK"
"2026-03-29 21:04:18","13.8min","2a6e88d199b946feaa99de2811ddc443","ssl_emnist_digits_dino_trial_0183","LOCAL","src/cli.py","thallybu","FINISHED","False","None","threshold","0.6641957923369646","250","True","ShallowAutoencoder","None","1024","/data/thallybu/cache","1e-06","0","emnist_digits_dinov2_vits14","0.017254640987631534","True","384","[128, 64]","1","0.6641957923369646","","0.017254640987631534","4","0.0006096739364004216","25","0.22577080518650758","4","","1.397989308530964","1","0.18140431395190848","2","1e-06","0.0006096739364004216","5","25","10","4","0.22577080518650758","L","random","None","4","50","1.397989308530964","threshold","1.0","42","10","[0.9, 0.1]","0.18140431395190848","0.1","False","True","True","2","13","0.004143893718719482","720.8234252929688","0.4765908122062683","0.20165660977363586","0.36236923933029175","0.27054694294929504","0.5853514075279236","0.5155577063560486","0.5375457406044006","0.6598049402236938","0.6552968621253967","0.5211023688316345","0.46639132499694824","0.5172759890556335","10","0.6641957759857178","0.0029755951836705208","0.004325903486460447","0.004739432130008936","0.004621167667210102","0.0035429587587714195","0.006046186201274395","0.004494682420045137","0.004994160961359739","0.004598564933985472","0.004867355804890394","0.0036441313568502665","0.05961494892835617","0.0586075559258461","3039","40","0","0.04587453603744507","155130","0","0.00982925109565258","0.7421666383743286","0.7421666383743286","0","0.7301384210586548","0.7421666383743286","0.257833331823349","8.008551597595215","0.801851212978363","0.0683407410979271","0.6283127069473267","ssl_emnist_digits_dino","183","OK"
"2026-03-29 20:53:05","2.0h","32f41665a1b7463a85d576de74a16cc5","ssl_emnist_digits_dino_trial_0182","LOCAL","src/cli.py","thallybu","FINISHED","False","None","threshold","0.6634156062632681","250","True","ShallowAutoencoder","None","1024","/data/thallybu/cache","1e-06","0","emnist_digits_dinov2_vits14","0.03496823390512899","True","384","[128, 64]","1","0.6634156062632681","","0.03496823390512899","4","0.0006027794264051749","24","0.22464237848441848","4","","1.4224126218777489","1","0.18681432829276942","2","1e-06","0.0006027794264051749","5","24","10","4","0.22464237848441848","L","random","None","4","50","1.4224126218777489","threshold","1.0","42","10","[0.9, 0.1]","0.18681432829276942","0.1","False","True","True","2","99","0.0032016364857554436","862.3158569335938","0.46958619356155396","0.20882314443588257","0.3685576319694519","0.22390401363372803","0.6488693356513977","0.45029085874557495","0.4503677785396576","0.6144709587097168","0.5168465375900269","0.5335599184036255","0.42265626788139343","0.5525408387184143","10","0.6634156107902527","0.0047815837897360325","0.0033639867324382067","0.00373658980242908","0.0037506220396608114","0.002637766534462571","0.004127660766243935","0.003276911797001958","0.0035005430690944195","0.004091064445674419","0.0037059581372886896","0.003142022527754307","0.050918467342853546","0.05058743804693222","29","40","0","0.035333115607500076","181974","0","0.010084526613354683","0.8705000281333923","0.8705000281333923","0","0.868784487247467","0.8705000281333923","0.12950000166893005","9.758159637451172","0.6129754781723022","0.046510107815265656","0.442234069108963","ssl_emnist_digits_dino","182","OK"
"2026-03-29 20:52:23","40.8s","50bac093bd7d430b9d9795bce4a01330","ssl_emnist_digits_dino_trial_0181","LOCAL","src/cli.py","thallybu","FINISHED","False","None","threshold","0.6274954701703461","250","True","ShallowAutoencoder","None","1024","/data/thallybu/cache","1e-06","0","emnist_digits_dinov2_vits14","0.019389701088518934","True","384","[128, 64]","1","0.6274954701703461","","0.019389701088518934","4","0.0007298217716818844","26","0.23421411560440883","4","","1.3833737544312925","1","0.19258045742740715","2","1e-06","0.0007298217716818844","5","26","10","4","0.23421411560440883","L","random","None","4","50","1.3833737544312925","threshold","1.0","42","10","[0.9, 0.1]","0.19258045742740715","0.1","False","True","True","2","1","0.0071442038752138615","0.18962962925434113","0","0","0","0","0","0","0","0","0","0","0","0","0.18962962925434113","0.6274954676628113","0.0031634122133255005","0.007990582846105099","0.006898827850818634","0.007959787733852863","0.008050274103879929","0.011641651391983032","0.0036459569819271564","0.00957191176712513","0.006383488420397043","0.0047816261649131775","0.00581025006249547","0.00621594674885273","0.002981537953019142","0","40","0","0.0013792591635137796","40","0","0","0.6362916827201843","0.6362916827201843","0","0.6160820126533508","0.6362916827201843","0.3637083172798157","8.157950401306152","1.109756350517273","0.12329442799091339","0.8429187536239624","ssl_emnist_digits_dino","181","FAILED"
"2026-03-29 20:51:35","34.4min","d62f0fbd383a44eaa4e6e25badb8a218","ssl_emnist_digits_dino_trial_0180","LOCAL","src/cli.py","thallybu","FINISHED","False","None","threshold","0.6200823174228317","250","True","ShallowAutoencoder","None","1024","/data/thallybu/cache","1e-06","0","emnist_digits_dinov2_vits14","0.025562361882672986","True","384","[128, 64]","1","0.6200823174228317","","0.025562361882672986","4","0.0008851696487995848","24","0.22477821003447984","4","","1.372225882174569","1","0.19725058741475118","2","1e-06","0.0008851696487995848","5","24","10","4","0.22477821003447984","L","random","None","4","50","1.372225882174569","threshold","1.0","42","10","[0.9, 0.1]","0.19725058741475118","0.1","False","True","True","2","30","0.004176469054073095","742.2992553710938","0.4377228021621704","0.19354842603206635","0.3679845929145813","0.25141116976737976","0.6000407338142395","0.4354504346847534","0.5778998732566833","0.6600152254104614","0.4918341636657715","0.41579896211624146","0.389663428068161","0.4920984208583832","10","0.6200823187828064","0.0034151868894696236","0.003721473040059209","0.004430199507623911","0.00381469470448792","0.0032006471883505583","0.005334121640771627","0.003877937328070402","0.003883893135935068","0.0042748162522912025","0.004064267501235008","0.0035048124846071005","0.05512600392103195","0.056034576147794724","889","40","0","0.04010685160756111","157510","0","0.010665170848369598","0.7882500290870667","0.7882500290870667","0","0.7817023396492004","0.7882500290870667","0.21175000071525574","8.41377067565918","0.7287981510162354","0.049203742295503616","0.6043300032615662","ssl_emnist_digits_dino","180","OK"
"2026-03-29 20:39:54","12.5min","a937aef14e47499b8becbb7cbf075be0","ssl_emnist_digits_dino_trial_0179","LOCAL","src/cli.py","thallybu","FINISHED","False","None","threshold","0.6196374974447773","250","True","ShallowAutoencoder","None","1024","/data/thallybu/cache","1e-06","0","emnist_digits_dinov2_vits14","0.025329870826323694","True","384","[128, 64]","1","0.6196374974447773","","0.025329870826323694","4","0.0008988705074791346","24","0.22146755203026047","4","","1.3723484303248379","1","0.15442886140136475","2","1e-06","0.0008988705074791346","5","24","10","4","0.22146755203026047","L","random","None","4","50","1.3723484303248379","threshold","1.0","42","10","[0.9, 0.1]","0.15442886140136475","0.1","False","True","True","2","12","0.00484540406614542","620.1001586914062","0.4578074514865875","0.17547547817230225","0.43959057331085205","0.2933395802974701","0.5165921449661255","0.4668256342411041","0.46960732340812683","0.5793712735176086","0.55524742603302","0.42979907989501953","0.4302803874015808","0.5277639627456665","10","0.6196374893188477","0.002764098346233368","0.0037510469555854797","0.005239526275545359","0.0035466470289975405","0.0035276522394269705","0.00534619577229023","0.003762150416150689","0.004485906567424536","0.0047016083262860775","0.004355530720204115","0.00381417665630579","0.05487897992134094","0.055016156286001205","3335","40","0","0.04253043606877327","134173","0","0.008511343039572239","0.7288749814033508","0.7288749814033508","0","0.724672794342041","0.7288749814033508","0.2711249887943268","9.652460098266602","0.83702552318573","0.04632848501205444","0.6618645787239075","ssl_emnist_digits_dino","179","OK"
"2026-03-29 20:37:59","2.0h","62a284bd42f84dcb982b9de3fd9dcca1","ssl_emnist_digits_dino_trial_0178","LOCAL","src/cli.py","thallybu","FINISHED","False","None","threshold","0.7536773502746775","250","True","ShallowAutoencoder","None","1024","/data/thallybu/cache","1e-06","0","emnist_digits_dinov2_vits14","0.026723036155373234","True","384","[128, 64]","1","0.7536773502746775","","0.026723036155373234","4","0.0004627612238817637","24","0.22412648792360337","4","","1.3746118980546607","1","0.19706248450923178","2","1e-06","0.0004627612238817637","5","24","10","4","0.22412648792360337","L","random","None","4","50","1.3746118980546607","threshold","1.0","42","10","[0.9, 0.1]","0.19706248450923178","0.1","False","True","True","2","99","0.0026684605982154608","958.6029663085938","0.5300885438919067","0.23170921206474304","0.39940783381462097","0.23068393766880035","0.6460827589035034","0.5729316473007202","0.5305946469306946","0.6917141079902649","0.6236680746078491","0.5793818235397339","0.46546509861946106","0.6025844216346741","10","0.7536773681640625","0.005463516805320978","0.0031407594215124846","0.0035000036004930735","0.0034220502711832523","0.0029546362347900867","0.0039478871040046215","0.0031400437001138926","0.0037119712214916945","0.004036292899399996","0.0034934384748339653","0.0029681590385735035","0.050961293280124664","0.05083325132727623","26","40","0","0.034315235912799835","202288","0","0.010584434494376183","0.8665833473205566","0.8665833473205566","0","0.8660597801208496","0.8665833473205566","0.13337500393390656","8.327813148498535","0.6272097826004028","0.0487075038254261","0.39616477489471436","ssl_emnist_digits_dino","178","OK"
"2026-03-29 20:37:19","38.8s","be71fd3d18924824b8ddb3e7ce662912","ssl_emnist_digits_dino_trial_0177","LOCAL","src/cli.py","thallybu","FINISHED","False","None","threshold","0.7254770846270192","250","True","ShallowAutoencoder","None","1024","/data/thallybu/cache","1e-06","0","emnist_digits_dinov2_vits14","0.030186080838765814","True","384","[128, 64]","1","0.7254770846270192","","0.030186080838765814","4","0.0005533241278713615","26","0.24089774089434252","4","","1.4162419367831118","1","0.16629166930413825","2","1e-06","0.0005533241278713615","5","26","10","4","0.24089774089434252","L","random","None","4","50","1.4162419367831118","threshold","1.0","42","10","[0.9, 0.1]","0.16629166930413825","0.1","False","True","True","2","1","0.007700116839259863","0.18962962925434113","0","0","0","0","0","0","0","0","0","0","0","0","0.18962962925434113","0.7254770994186401","0.0035942785907536745","0.008765856735408306","0.008652035146951675","0.008439198136329651","0.007499428000301123","0.012529727071523666","0.003725546645000577","0.010103348642587662","0.006795945577323437","0.005497145466506481","0.00549949798732996","0.006918997969478369","0.0031240894459187984","0","40","0","0.0014697762671858072","40","0","0","0.6723750233650208","0.6723750233650208","0","0.6750457882881165","0.6723750233650208","0.32758334279060364","5.517585754394531","0.9251000881195068","0.12063916772603989","0.48441585898399353","ssl_emnist_digits_dino","177","FAILED"
"2026-03-29 20:33:32","1.9h","b3f5a7cc39304e7db2193d4cdf904ecc","ssl_emnist_digits_dino_trial_0176","LOCAL","src/cli.py","thallybu","FINISHED","False","None","threshold","0.7850865216862153","250","True","ShallowAutoencoder","None","1024","/data/thallybu/cache","1e-06","0","emnist_digits_dinov2_vits14","0.026248265715964402","True","384","[128, 64]","1","0.7850865216862153","","0.026248265715964402","4","0.0003742158078295594","26","0.2242231459805443","4","","1.4217466999626545","1","0.16827567996433448","2","1e-06","0.0003742158078295594","5","26","10","4","0.2242231459805443","L","random","None","4","50","1.4217466999626545","threshold","1.0","42","10","[0.9, 0.1]","0.16827567996433448","0.1","False","True","True","2","96","0.002534153638407588","984.1860961914062","0.5532324910163879","0.23308223485946655","0.4300718307495117","0.2437509149312973","0.7176620960235596","0.5861768126487732","0.5294954180717468","0.656503438949585","0.6180051565170288","0.5672448873519897","0.5329046845436096","0.6558629274368286","10","0.7850865125656128","0.0052518113516271114","0.0035285514313727617","0.0034652608446776867","0.004253956489264965","0.0026341041084378958","0.004003065172582865","0.003083632793277502","0.0036214767023921013","0.003860210534185171","0.003990394063293934","0.002966046566143632","0.05034920200705528","0.05101565271615982","16","40","0","0.0354066900908947","207676","0","0.00912247784435749","0.8517500162124634","0.8517500162124634","0","0.8515226244926453","0.8517500162124634","0.14824999868869781","8.833975791931152","0.6622860431671143","0.05260058492422104","0.4431665539741516","ssl_emnist_digits_dino","176","OK"
"2026-03-29 20:32:49","41.8s","633c3430cac54daab57bc4b1b08cbd5b","ssl_emnist_digits_dino_trial_0175","LOCAL","src/cli.py","thallybu","FINISHED","False","None","threshold","0.738054533761499","250","True","ShallowAutoencoder","None","1024","/data/thallybu/cache","1e-06","0","emnist_digits_dinov2_vits14","0.02278377551581883","True","384","[128, 64]","1","0.738054533761499","","0.02278377551581883","4","0.0006566655754373916","27","0.2480755041542862","4","","1.3874209670856927","1","0.14856779487687655","2","1e-06","0.0006566655754373916","5","27","10","4","0.2480755041542862","L","random","None","4","50","1.3874209670856927","threshold","1.0","42","10","[0.9, 0.1]","0.14856779487687655","0.1","False","True","True","2","1","0.006806054152548313","0.18962962925434113","0","0","0","0","0","0","0","0","0","0","0","0","0.18962962925434113","0.7380545139312744","0.003255606861785054","0.0049734157510101795","0.012650009244680405","0.005661364179104567","0.008104768581688404","0.009199429303407669","0.006617390550673008","0.004991728812456131","0.00617274921387434","0.0066701313480734825","0.006940764375030994","0.006309009622782469","0.0034689409658312798","0","40","0","0.0013649871107190847","40","0","0","0.62520831823349","0.62520831823349","0","0.6282451152801514","0.62520831823349","0.3747916519641876","3.916775941848755","0.9355888366699219","0.19521494209766388","0.37411293387413025","ssl_emnist_digits_dino","175","FAILED"
"2026-03-29 20:32:26","1.3h","9c2d85658f324c66941a40c2ab94ce6e","ssl_emnist_digits_dino_trial_0174","LOCAL","src/cli.py","thallybu","FINISHED","False","None","threshold","0.7919182600328419","250","True","ShallowAutoencoder","None","1024","/data/thallybu/cache","1e-06","0","emnist_digits_dinov2_vits14","0.02308005079122773","True","384","[128, 64]","1","0.7919182600328419","","0.02308005079122773","4","0.0006509345535031716","26","0.23023335948526774","4","","1.3899701774125452","1","0.152916256041088","2","1e-06","0.0006509345535031716","5","26","10","4","0.23023335948526774","L","random","None","4","50","1.3899701774125452","threshold","1.0","42","10","[0.9, 0.1]","0.152916256041088","0.1","False","True","True","2","64","0.002614351687952876","984.06103515625","0.5457324981689453","0.23324045538902283","0.4391336739063263","0.2545022666454315","0.7224008440971375","0.5554205179214478","0.49717679619789124","0.6495575308799744","0.5895496010780334","0.5762051939964294","0.4789482653141022","0.7576826810836792","10","0.7919182777404785","0.004811067599803209","0.0035693056415766478","0.0038894934114068747","0.005010823719203472","0.0027682825457304716","0.004109429661184549","0.0031001006718724966","0.003853412112221122","0.004161527380347252","0.0038955840282142162","0.003601628355681896","0.05172376334667206","0.051761072129011154","38","40","0","0.037959590554237366","207671","0","0.008351201191544533","0.8183333277702332","0.8183333277702332","0","0.8127182722091675","0.8183333277702332","0.18166665732860565","12.896804809570312","0.7245232462882996","0.0502748042345047","0.6287492513656616","ssl_emnist_digits_dino","174","OK"
"2026-03-29 20:21:35","54.5min","8efeb349e26c4f8baf021273a307ceb0","ssl_emnist_digits_dino_trial_0173","LOCAL","src/cli.py","thallybu","FINISHED","False","None","threshold","0.7645894023326737","250","True","ShallowAutoencoder","None","1024","/data/thallybu/cache","1e-06","0","emnist_digits_dinov2_vits14","0.022358753491264607","True","384","[128, 64]","1","0.7645894023326737","","0.022358753491264607","4","0.0009095883488616617","25","0.2282434081592689","4","","1.3908247198620112","1","0.15187223140072206","2","1e-06","0.0009095883488616617","5","25","10","4","0.2282434081592689","L","random","None","4","50","1.3908247198620112","threshold","1.0","42","10","[0.9, 0.1]","0.15187223140072206","0.1","False","True","True","2","47","0.0028723785653710365","950.0880126953125","0.5463904738426208","0.2254360169172287","0.42931246757507324","0.283816933631897","0.68931645154953","0.6067988872528076","0.6554049253463745","0.7124441862106323","0.5798928141593933","0.4787602424621582","0.5166062116622925","0.5936815142631531","10","0.7645894289016724","0.0044948635622859","0.004060806706547737","0.003944135271012783","0.0042057521641254425","0.003079358022660017","0.0053568375296890736","0.003315777750685811","0.003849480766803026","0.003680792171508074","0.0041085039265453815","0.003161112777888775","0.05222122371196747","0.05215347185730934","45","40","0","0.03876255452632904","200510","0","0.008308221586048603","0.824791669845581","0.824791669845581","0","0.8219953179359436","0.824791669845581","0.17520833015441895","8.75846004486084","0.6946443319320679","0.060429081320762634","0.4981793761253357","ssl_emnist_digits_dino","173","OK"
"2026-03-29 20:08:43","28.6min","a65f3ede30104a9489ce43ddca5452a2","ssl_emnist_digits_dino_trial_0172","LOCAL","src/cli.py","thallybu","FINISHED","False","None","threshold","0.7920728401662618","250","True","ShallowAutoencoder","None","1024","/data/thallybu/cache","1e-06","0","emnist_digits_dinov2_vits14","0.022788064238268867","True","384","[128, 64]","1","0.7920728401662618","","0.022788064238268867","4","0.0006502860747803313","25","0.2294343454885907","4","","1.4519710706544848","1","0.1486529985882711","2","1e-06","0.0006502860747803313","5","25","10","4","0.2294343454885907","L","random","None","4","50","1.4519710706544848","threshold","1.0","42","10","[0.9, 0.1]","0.1486529985882711","0.1","False","True","True","2","25","0.003390544792637229","953.6331787109375","0.568730890750885","0.225178524851799","0.4490971267223358","0.3117367923259735","0.7284530997276306","0.642916738986969","0.59816575050354","0.7581319808959961","0.5984217524528503","0.5330100059509277","0.5991379022598267","0.5965463519096375","10","0.7920728325843811","0.003727754345163703","0.0043792822398245335","0.004513658117502928","0.005045399535447359","0.0035499408841133118","0.005390125326812267","0.003689968027174473","0.004149869084358215","0.004274909850209951","0.004749123007059097","0.003342040115967393","0.05571800097823143","0.054927192628383636","161","40","0","0.04308432340621948","201374","0","0.00812804140150547","0.7848333120346069","0.7848333120346069","0","0.7765605449676514","0.7848333120346069","0.21516665816307068","8.67027473449707","0.7461604475975037","0.05669524893164635","0.5229288935661316","ssl_emnist_digits_dino","172","OK"
"2026-03-29 20:04:25","28.4min","f1f713f663984f48801a8dbf6aa00207","ssl_emnist_digits_dino_trial_0171","LOCAL","src/cli.py","thallybu","FINISHED","False","None","threshold","0.6366155981106284","250","True","ShallowAutoencoder","None","1024","/data/thallybu/cache","1e-06","0","emnist_digits_dinov2_vits14","0.02771962111141156","True","384","[128, 64]","1","0.6366155981106284","","0.02771962111141156","4","0.0007694413608012813","25","0.22928057787847392","4","","1.3894599382892228","1","0.14166604449362258","2","1e-06","0.0007694413608012813","5","25","10","4","0.22928057787847392","L","random","None","4","50","1.3894599382892228","threshold","1.0","42","10","[0.9, 0.1]","0.14166604449362258","0.1","False","True","True","2","26","0.003632433246821165","767.4456176757812","0.4645734429359436","0.19755466282367706","0.3601487874984741","0.27811601758003235","0.577063262462616","0.48565205931663513","0.5569762587547302","0.6693195700645447","0.5439947843551636","0.4474612772464752","0.41883862018585205","0.5273184776306152","10","0.6366155743598938","0.0034575676545500755","0.0039277090691030025","0.0044579715467989445","0.004576993174850941","0.002911232179030776","0.005638670641928911","0.003372429171577096","0.004142802208662033","0.0038490211591124535","0.00426510302349925","0.003439336782321334","0.052632126957178116","0.05349951237440109","588","40","0","0.04058127477765083","162518","0","0.007760457694530487","0.7835000157356262","0.7835000157356262","0","0.7768833637237549","0.7835000157356262","0.21649999916553497","11.110223770141602","0.7594335675239563","0.06541898846626282","0.652911901473999","ssl_emnist_digits_dino","171","OK"
"2026-03-29 19:55:42","1.8h","3d250747d9214c2f998cdd0f7f20e85c","ssl_emnist_digits_dino_trial_0170","LOCAL","src/cli.py","thallybu","FINISHED","False","None","threshold","0.4767854931359615","250","True","ShallowAutoencoder","None","1024","/data/thallybu/cache","1e-06","0","emnist_digits_dinov2_vits14","0.026741402551673975","True","384","[128, 64]","1","0.4767854931359615","","0.026741402551673975","4","0.0006370274095567499","26","0.22895401516290415","4","","1.4221129160595485","1","0.15181919548999598","2","1e-06","0.0006370274095567499","5","26","10","4","0.22895401516290415","L","random","None","4","50","1.4221129160595485","threshold","1.0","42","10","[0.9, 0.1]","0.15181919548999598","0.1","False","True","True","2","99","0.002738140756264329","618.5111083984375","0.3535178601741791","0.15099117159843445","0.2959130108356476","0.21566039323806763","0.43122801184654236","0.3920530080795288","0.34607064723968506","0.4468565881252289","0.38363373279571533","0.3674927353858948","0.37399131059646606","0.45804786682128906","10","0.47678548097610474","0.004273072816431522","0.0030354387126863003","0.0036444810684770346","0.0034105987288057804","0.002483945805579424","0.0038048892747610807","0.0029135383665561676","0.002852094592526555","0.0035130640026181936","0.003337164642289281","0.002790146740153432","0.04493529722094536","0.045612163841724396","47","40","0","0.03178536146879196","130550","0","0.008249932900071144","0.8586249947547913","0.8586249947547913","0","0.857917070388794","0.8586249947547913","0.14137500524520874","10.498570442199707","0.6137056946754456","0.044816091656684875","0.47851845622062683","ssl_emnist_digits_dino","170","OK"
"2026-03-29 19:24:22","57.2min","1ac10778fa254ea78def986c677bbaec","ssl_emnist_digits_dino_trial_0169","LOCAL","src/cli.py","thallybu","FINISHED","False","None","threshold","0.6365057467298523","250","True","ShallowAutoencoder","None","1024","/data/thallybu/cache","1e-06","0","emnist_digits_dinov2_vits14","0.026439718849926932","True","384","[128, 64]","1","0.6365057467298523","","0.026439718849926932","4","0.0006503456194143479","26","0.22874305752522786","4","","1.3881034391502578","1","0.15180431914479856","2","1e-06","0.0006503456194143479","5","26","10","4","0.22874305752522786","L","random","None","4","50","1.3881034391502578","threshold","1.0","42","10","[0.9, 0.1]","0.15180431914479856","0.1","False","True","True","2","50","0.002967455191537738","800.6563110351562","0.46299463510513306","0.20302174985408783","0.34220537543296814","0.22089767456054688","0.5420651435852051","0.5019269585609436","0.4983125329017639","0.5807499289512634","0.5099667906761169","0.49867844581604004","0.5050637722015381","0.5684272646903992","10","0.6365057229995728","0.0039640492759644985","0.00336834485642612","0.003810296067968011","0.004081249702721834","0.0028773972298949957","0.004802487324923277","0.0035042371600866318","0.0035973675549030304","0.004350760485976934","0.004057907499372959","0.0032942621037364006","0.05066819489002228","0.04922640323638916","146","40","0","0.03774430602788925","169081","0","0.008281034417450428","0.8336666822433472","0.8336666822433472","0","0.8326794505119324","0.8336666822433472","0.16633333265781403","10.688657760620117","0.6715501546859741","0.044467743486166","0.5156107544898987","ssl_emnist_digits_dino","169","OK"
"2026-03-29 19:18:04","1.8h","39c304f9e11b4fd28d7c4e93ad5e0157","ssl_emnist_digits_dino_trial_0168","LOCAL","src/cli.py","thallybu","FINISHED","False","None","threshold","0.6237843943118263","250","True","ShallowAutoencoder","None","1024","/data/thallybu/cache","1e-06","0","emnist_digits_dinov2_vits14","0.026153357128105625","True","384","[128, 64]","1","0.6237843943118263","","0.026153357128105625","4","0.0007621459359967741","26","0.2298665340549104","4","","1.3870284167466005","1","0.1555366418979432","2","1e-06","0.0007621459359967741","5","26","10","4","0.2298665340549104","L","random","None","4","50","1.3870284167466005","threshold","1.0","42","10","[0.9, 0.1]","0.1555366418979432","0.1","False","True","True","2","93","0.0027166521176695824","812.475830078125","0.4548143446445465","0.19397813081741333","0.3496575355529785","0.2491714507341385","0.5568824410438538","0.5129936933517456","0.48240020871162415","0.5405848026275635","0.5038661956787109","0.43993815779685974","0.4430079460144043","0.5740706324577332","10","0.6237844228744507","0.004591464996337891","0.0033019292168319225","0.0036072838120162487","0.0038623258005827665","0.002816476859152317","0.004228086210787296","0.003088907338678837","0.0034994189627468586","0.0036459339316934347","0.0037136462051421404","0.003144166199490428","0.048606567084789276","0.047573477029800415","89","40","0","0.03490816801786423","171517","0","0.008482453413307667","0.8681666851043701","0.8681666851043701","0","0.8674719929695129","0.8681666851043701","0.13183332979679108","12.066683769226074","0.620309054851532","0.04956129938364029","0.44701117277145386","ssl_emnist_digits_dino","168","OK"
"2026-03-29 19:17:20","43.0s","eeba2832d7e646ebb2564fbbd3b7fda4","ssl_emnist_digits_dino_trial_0167","LOCAL","src/cli.py","thallybu","FINISHED","False","None","threshold","0.6685661583926137","250","True","ShallowAutoencoder","None","1024","/data/thallybu/cache","1e-06","0","emnist_digits_dinov2_vits14","0.113522972893195","True","384","[128, 64]","1","0.6685661583926137","","0.113522972893195","4","0.0004993360993383959","24","0.24321974969289534","4","","1.4298337035104551","1","0.18791136715560944","2","1e-06","0.0004993360993383959","5","24","10","4","0.24321974969289534","L","random","None","4","50","1.4298337035104551","threshold","1.0","42","10","[0.9, 0.1]","0.18791136715560944","0.1","False","True","True","2","1","0.008442720398306847","0.18933333456516266","0","0","0","0","0","0","0","0","0","0","0","0","0.18933333456516266","0.6685661673545837","0.0037165111862123013","0.00895733293145895","0.009509074501693249","0.007635701447725296","0.009147175587713718","0.009673588909208775","0.0059731462970376015","0.006440768484026194","0.007662495132535696","0.010558415204286575","0.007970381528139114","0.0073516168631613255","0.01325553935021162","0","40","0","0.0015816696686670184","40","0","0","0.6726666688919067","0.6726666688919067","0","0.6620348691940308","0.6726666688919067","0.32733333110809326","4.937845230102539","0.9012212753295898","0.11198315769433975","0.37837815284729004","ssl_emnist_digits_dino","167","FAILED"
"2026-03-29 19:17:03","1.4h","3ed6a569e1044a7db87edae48afa324d","ssl_emnist_digits_dino_trial_0166","LOCAL","src/cli.py","thallybu","FINISHED","False","None","threshold","0.66564047320017","250","True","ShallowAutoencoder","None","1024","/data/thallybu/cache","1e-06","0","emnist_digits_dinov2_vits14","0.027552354826727597","True","384","[128, 64]","1","0.66564047320017","","0.027552354826727597","4","0.00073528394244968","24","0.24211212532714868","4","","1.3892042079996383","1","0.1835352465819243","2","1e-06","0.00073528394244968","5","24","10","4","0.24211212532714868","L","random","None","4","50","1.3892042079996383","threshold","1.0","42","10","[0.9, 0.1]","0.1835352465819243","0.1","False","True","True","2","71","0.0029727101791650057","860.1369018554688","0.47735875844955444","0.20732738077640533","0.3559657633304596","0.24331599473953247","0.5992555022239685","0.524364709854126","0.5102651119232178","0.6004486083984375","0.6110140085220337","0.46802419424057007","0.4385538101196289","0.546990692615509","10","0.6656404733657837","0.004807505290955305","0.0033067555632442236","0.0037195784971117973","0.0032607465982437134","0.0028113957960158587","0.004205516539514065","0.003117387183010578","0.004020212683826685","0.0038888819981366396","0.003641983028501272","0.003187689697369933","0.050610918551683426","0.05096082389354706","67","40","0","0.03516014665365219","181553","0","0.009923553094267845","0.8513749837875366","0.8513749837875366","0","0.8503156900405884","0.8513749837875366","0.14862500131130219","9.835137367248535","0.6413487195968628","0.05020754784345627","0.4651624262332916","ssl_emnist_digits_dino","166","OK"
"2026-03-29 19:05:45","1.4h","59bb28f7019e43b88db71252f7b5baf9","ssl_emnist_digits_dino_trial_0165","LOCAL","src/cli.py","thallybu","FINISHED","False","None","threshold","0.6354136529749899","250","True","ShallowAutoencoder","None","1024","/data/thallybu/cache","1e-06","0","emnist_digits_dinov2_vits14","0.026843376589250963","True","384","[128, 64]","1","0.6354136529749899","","0.026843376589250963","4","0.00045499810684517704","24","0.24657611754091413","4","","1.385394281363506","1","0.14999894802041544","2","1e-06","0.00045499810684517704","5","24","10","4","0.24657611754091413","L","random","None","4","50","1.385394281363506","threshold","1.0","42","10","[0.9, 0.1]","0.14999894802041544","0.1","False","True","True","2","76","0.002931213704869151","829.8076782226562","0.45452532172203064","0.19735485315322876","0.36195704340934753","0.24090580642223358","0.5730600953102112","0.4622308909893036","0.4460478127002716","0.5838407278060913","0.5309417843818665","0.48577380180358887","0.45143812894821167","0.5098855495452881","10","0.635413646697998","0.004823607392609119","0.0033095672260969877","0.003631249535828829","0.003321097930893302","0.002574350917711854","0.0035994250793009996","0.0030219622422009706","0.003486859844997525","0.0037212891038507223","0.003579203737899661","0.0027881800197064877","0.04673606529831886","0.046926211565732956","64","40","0","0.033033184707164764","175151","0","0.008156503550708294","0.8701666593551636","0.8701666593551636","0","0.8690916895866394","0.8701666593551636","0.12983332574367523","9.652114868164062","0.6150388121604919","0.04601716622710228","0.4419498145580292","ssl_emnist_digits_dino","165","OK"
"2026-03-29 18:58:48","1.9h","4a6ccafa2677472188b2e7057e16f031","ssl_emnist_digits_dino_trial_0164","LOCAL","src/cli.py","thallybu","FINISHED","False","None","threshold","0.6367990034141845","250","True","ShallowAutoencoder","None","1024","/data/thallybu/cache","1e-06","0","emnist_digits_dinov2_vits14","0.07632165395018176","True","384","[128, 64]","1","0.6367990034141845","","0.07632165395018176","4","0.0007605374017330022","24","0.22916292639964284","3","","1.1794558944405598","1","0.18644267913429405","2","1e-06","0.0007605374017330022","5","24","10","4","0.22916292639964284","L","random","None","3","50","1.1794558944405598","threshold","1.0","42","10","[0.9, 0.1]","0.18644267913429405","0.1","False","True","True","2","99","0.003125786781311035","795.5834350585938","0.46113863587379456","0.19950708746910095","0.34265705943107605","0.23964683711528778","0.6537196636199951","0.4852127134799957","0.4536944031715393","0.6099609732627869","0.5132628083229065","0.528414785861969","0.39982426166534424","0.507386326789856","10","0.6367989778518677","0.004271205049008131","0.003529544221237302","0.0044443667866289616","0.0038735594134777784","0.002934432355687022","0.004945565015077591","0.003653567750006914","0.0037084007635712624","0.004859497770667076","0.0038833620492368937","0.003507617861032486","0.05441346392035484","0.05442448705434799","75","30","0","0.03933991491794586","167940","0","0.010086053051054478","0.8290416598320007","0.8290416598320007","0","0.8294053673744202","0.8290416598320007","0.17095832526683807","8.292028427124023","0.6662040948867798","0.05382325500249863","0.4904336929321289","ssl_emnist_digits_dino","164","OK"
"2026-03-29 18:58:10","37.8s","f59c9c80e93d4f669563447f1ac62db8","ssl_emnist_digits_dino_trial_0163","LOCAL","src/cli.py","thallybu","FINISHED","False","None","threshold","0.48974023588667537","250","True","ShallowAutoencoder","None","1024","/data/thallybu/cache","1e-06","0","emnist_digits_dinov2_vits14","0.019095747077128106","True","384","[128, 64]","1","0.48974023588667537","","0.019095747077128106","4","0.0005642780919851793","19","0.1545184989947743","4","","1.3216249374691538","1","0.1722425339543054","2","1e-06","0.0005642780919851793","5","19","10","4","0.1545184989947743","L","random","None","4","50","1.3216249374691538","threshold","1.0","42","10","[0.9, 0.1]","0.1722425339543054","0.1","False","True","True","2","1","0.009469733573496342","0.18962962925434113","0","0","0","0","0","0","0","0","0","0","0","0","0.18962962925434113","0.4897402226924896","0.003226066241040826","0.010748284868896008","0.00757509795948863","0.012117080390453339","0.0112528121098876","0.007889384403824806","0.011265231296420097","0.007836554199457169","0.01050359196960926","0.0077239396050572395","0.008294029161334038","0.0064947037026286125","0.002919287420809269","0","40","0","0.0018053879030048847","40","0","0","0.5667083263397217","0.5667083263397217","0","0.5255361199378967","0.5667083263397217","0.4332916736602783","12.83696460723877","1.1264342069625854","0.11413666605949402","0.8091161847114563","ssl_emnist_digits_dino","163","FAILED"
"2026-03-29 18:52:06","1.1h","192c6e29373b40aca670d764d4f36269","ssl_emnist_digits_dino_trial_0162","LOCAL","src/cli.py","thallybu","FINISHED","False","None","threshold","0.48641995306291336","250","True","ShallowAutoencoder","None","1024","/data/thallybu/cache","1e-06","0","emnist_digits_dinov2_vits14","0.11368577316268826","True","384","[128, 64]","1","0.48641995306291336","","0.11368577316268826","4","0.0005549340414896792","24","0.22716128845604835","4","","1.1751477593367319","1","0.1730965893005848","2","1e-06","0.0005549340414896792","5","24","10","4","0.22716128845604835","L","random","None","4","50","1.1751477593367319","threshold","1.0","42","10","[0.9, 0.1]","0.1730965893005848","0.1","False","True","True","2","60","0.0046912916004657745","541.1143798828125","0.3564038574695587","0.14763933420181274","0.30741995573043823","0.22403885424137115","0.4864760637283325","0.40038999915122986","0.3404226005077362","0.4997618794441223","0.5071840882301331","0.38550782203674316","0.31868070363998413","0.42946651577949524","10","0.4864199459552765","0.003028362523764372","0.0038920296356081963","0.004473981913179159","0.0038669798523187637","0.0031909230165183544","0.004734605085104704","0.0037480585742741823","0.003927108831703663","0.004377030301839113","0.003701792797073722","0.003050957340747118","0.052352603524923325","0.05179353803396225","138","40","0","0.03896345943212509","114312","0","0.009295101277530193","0.797041654586792","0.797041654586792","0","0.7948224544525146","0.797041654586792","0.20295833051204681","6.904823303222656","0.698229968547821","0.04978220909833908","0.532280683517456","ssl_emnist_digits_dino","162","OK"
"2026-03-29 18:51:17","48.2s","6782bc74836845d9b0314a56822f29a5","ssl_emnist_digits_dino_trial_0161","LOCAL","src/cli.py","thallybu","FINISHED","False","None","threshold","0.5033403083134091","250","True","ShallowAutoencoder","None","1024","/data/thallybu/cache","1e-06","0","emnist_digits_dinov2_vits14","0.03700146442783082","True","384","[128, 64]","1","0.5033403083134091","","0.03700146442783082","4","0.0011137994612464843","22","0.1966784487096884","4","","1.2891790160405883","1","0.13469337069865592","2","1e-06","0.0011137994612464843","5","22","10","4","0.1966784487096884","L","random","None","4","50","1.2891790160405883","threshold","1.0","42","10","[0.9, 0.1]","0.13469337069865592","0.1","False","True","True","2","1","0.007548401597887278","0.18962962925434113","0","0","0","0","0","0","0","0","0","0","0","0","0.18962962925434113","0.5033403038978577","0.002525829477235675","0.005686644464731216","0.008610144257545471","0.007099378388375044","0.00640661409124732","0.010153129696846008","0.008275827392935753","0.007471513003110886","0.00665688281878829","0.006225052289664745","0.011961374431848526","0.005499912425875664","0.0027559110894799232","0","40","0","0.001489475485868752","40","0","0","0.6129583120346069","0.6129583120346069","0","0.6177782416343689","0.6129583120346069","0.3870416581630707","3.978559970855713","0.9424014091491699","0.06440195441246033","0.4217100739479065","ssl_emnist_digits_dino","161","FAILED"
"2026-03-29 18:45:39","1.4h","3e642c78762d4eb2ab918ffcfefed29d","ssl_emnist_digits_dino_trial_0160","LOCAL","src/cli.py","thallybu","FINISHED","False","None","threshold","0.4892041738011602","250","True","ShallowAutoencoder","None","1024","/data/thallybu/cache","1e-06","0","emnist_digits_dinov2_vits14","0.02794959836792791","True","384","[128, 64]","1","0.4892041738011602","","0.02794959836792791","4","0.001112262024709466","25","0.15252355848977014","4","","1.2445810156181938","1","0.1338002795768098","2","1e-06","0.001112262024709466","5","25","10","4","0.15252355848977014","L","random","None","4","50","1.2445810156181938","threshold","1.0","42","10","[0.9, 0.1]","0.1338002795768098","0.1","False","True","True","2","76","0.0037137088365852833","619.994384765625","0.36784905195236206","0.15623322129249573","0.30515438318252563","0.22327761352062225","0.49149569869041443","0.41526782512664795","0.38672778010368347","0.43154552578926086","0.47748568654060364","0.3945913016796112","0.32361656427383423","0.44203099608421326","10","0.48920416831970215","0.0035947661381214857","0.0036047908943146467","0.004137949552386999","0.0038351023104041815","0.002663948107510805","0.004931879695504904","0.0033621746115386486","0.0035801457706838846","0.003983073402196169","0.0034206020645797253","0.0028978860937058926","0.04794686287641525","0.04691603407263756","100","40","0","0.036417536437511444","130916","0","0.007368122227489948","0.8003749847412109","0.8003749847412109","0","0.7959501147270203","0.8003749847412109","0.19962500035762787","8.048639297485352","0.7205445766448975","0.048467401415109634","0.6508696675300598","ssl_emnist_digits_dino","160","OK"
"2026-03-29 18:44:26","1.3h","596ceaac69d34a7eb01e62bb15abc89a","ssl_emnist_digits_dino_trial_0159","LOCAL","src/cli.py","thallybu","FINISHED","False","None","threshold","0.7472395673057641","250","True","ShallowAutoencoder","None","1024","/data/thallybu/cache","1e-06","0","emnist_digits_dinov2_vits14","0.030527371599824608","True","384","[32]","1","0.7472395673057641","","0.030527371599824608","2","0.00048067483179139","19","0.20382889677271956","4","","1.1797192401261003","1","0.13731540358826733","2","1e-06","0.00048067483179139","5","19","10","4","0.20382889677271956","L","random","None","4","50","1.1797192401261003","threshold","1.0","42","10","[0.9, 0.1]","0.13731540358826733","0.1","False","True","True","2","79","0.0044894469901919365","888.2073974609375","0.5313705801963806","0.2100965678691864","0.42484015226364136","0.29949450492858887","0.678146243095398","0.6104547381401062","0.49455615878105164","0.6070842742919922","0.6176908612251282","0.5896012187004089","0.474302738904953","0.5590349435806274","10","0.7472395896911621","0.00543823791667819","0.004491244908422232","0.005385095253586769","0.005263928323984146","0.0037321094423532486","0.00520523963496089","0.003917152527719736","0.004737254232168198","0.005175718106329441","0.004804783500730991","0.0037727050948888063","0.06104166805744171","0.06087169796228409","19","40","0","0.04648523032665253","187427","0","0.008203131146728992","0.8085833191871643","0.8085833191871643","0","0.809322714805603","0.8085833191871643","0.1914166659116745","8.828473091125488","0.7158316373825073","0.054650820791721344","0.4987178444862366","ssl_emnist_digits_dino","159","OK"
"2026-03-29 18:39:48","18.3min","310cc709058243fb8448cbd8a48a6b35","ssl_emnist_digits_dino_trial_0158","LOCAL","src/cli.py","thallybu","FINISHED","False","None","threshold","0.576079635817839","250","True","ShallowAutoencoder","None","1024","/data/thallybu/cache","1e-06","0","emnist_digits_dinov2_vits14","0.03907431730727013","True","384","[32]","1","0.576079635817839","","0.03907431730727013","2","0.0008629474301574039","21","0.18016608306530746","4","","1.4432007092760786","1","0.13440022467201826","2","1e-06","0.0008629474301574039","5","21","10","4","0.18016608306530746","L","random","None","4","50","1.4432007092760786","threshold","1.0","42","10","[0.9, 0.1]","0.13440022467201826","0.1","False","True","True","2","20","0.005973008461296558","552.771240234375","0.41898566484451294","0.15304456651210785","0.40990108251571655","0.29429012537002563","0.552834153175354","0.46555474400520325","0.4533635973930359","0.48933783173561096","0.4625152349472046","0.4890643358230591","0.3618377149105072","0.4210062325000763","10","0.5760796070098877","0.0029046854469925165","0.005259896628558636","0.0059275333769619465","0.00453876331448555","0.0032607363536953926","0.006234943866729736","0.0038858172483742237","0.004244206007570028","0.005567358341068029","0.004643304273486137","0.0034187985584139824","0.059339866042137146","0.05844651907682419","730","40","0","0.046981342136859894","117362","0","0.008377696387469769","0.7629166841506958","0.7629166841506958","0","0.764759361743927","0.7629166841506958","0.2370833307504654","6.177947521209717","0.7636488080024719","0.05751802772283554","0.5208746194839478","ssl_emnist_digits_dino","158","OK"
"2026-03-29 18:39:13","34.1s","1e632b4847074e5a9f55b68375c8ed89","ssl_emnist_digits_dino_trial_0157","LOCAL","src/cli.py","thallybu","FINISHED","False","None","threshold","0.626034895100191","250","True","ShallowAutoencoder","None","1024","/data/thallybu/cache","1e-06","0","emnist_digits_dinov2_vits14","0.1214613367706918","True","384","[32]","1","0.626034895100191","","0.1214613367706918","2","0.0005152651724396725","20","0.15726010035302723","3","","1.1884755630331534","1","0.17777864155885104","2","1e-06","0.0005152651724396725","5","20","10","4","0.15726010035302723","L","random","None","3","50","1.1884755630331534","threshold","1.0","42","10","[0.9, 0.1]","0.17777864155885104","0.1","False","True","True","2","1","0.00964078027755022","0.14222222566604614","0","0","0","0","0","0","0","0","0","0","0","0","0.14222222566604614","0.6260349154472351","0.0011168494820594788","0.010335633531212807","0.009575852192938328","0.007376889232546091","0.010417357087135315","0.012191112153232098","0.012878592126071453","0.01094119343906641","0.007509881164878607","0.012061749584972858","0.010237467475235462","0.004105326719582081","0.0016805923078209162","0","30","0","0.0014723659260198474","30","0","0","0.7119166851043701","0.7119166851043701","0","0.7101136445999146","0.7119166851043701","0.28808334469795227","3.21981143951416","0.8623104691505432","0.18369725346565247","0.3258383870124817","ssl_emnist_digits_dino","157","FAILED"
"2026-03-29 18:35:47","8.6min","5195a387ec044e58b1fcd427a7d40a30","ssl_emnist_digits_dino_trial_0156","LOCAL","src/cli.py","thallybu","FINISHED","False","None","threshold","0.5020425681097045","250","True","ShallowAutoencoder","None","1024","/data/thallybu/cache","1e-06","0","emnist_digits_dinov2_vits14","0.031238978198248415","True","384","[32]","1","0.5020425681097045","","0.031238978198248415","2","0.0005210715207338796","20","0.19839841456402346","4","","1.2252919261105106","1","0.17314272176907602","2","1e-06","0.0005210715207338796","5","20","10","4","0.19839841456402346","L","random","None","4","50","1.2252919261105106","threshold","1.0","42","10","[0.9, 0.1]","0.17314272176907602","0.1","False","True","True","2","10","0.006888925097882748","375.0726013183594","0.36865490674972534","0.11836222559213638","0.33168789744377136","0.295853853225708","0.4308810830116272","0.38516947627067566","0.39874497056007385","0.4353281855583191","0.4342387914657593","0.39405396580696106","0.37513473629951477","0.4078398048877716","10","0.5020425915718079","0.0009813928045332432","0.0051727001555264","0.006158133503049612","0.004282077308744192","0.004456660244613886","0.00611253222450614","0.0042264629155397415","0.004348618909716606","0.005629763472825289","0.0055036102421581745","0.004037662874907255","0.06257305294275284","0.06258536130189896","2563","40","0","0.04992823302745819","81701","0","0.010296696797013283","0.7327083349227905","0.7327083349227905","0","0.7329798936843872","0.7327083349227905","0.2672916650772095","5.454798698425293","0.8124436736106873","0.09419049322605133","0.5350672006607056","ssl_emnist_digits_dino","156","OK"
"2026-03-29 18:35:13","33.0s","c000639ce8644659a12e23f667400074","ssl_emnist_digits_dino_trial_0155","LOCAL","src/cli.py","thallybu","FINISHED","False","None","threshold","0.7065573428368715","250","True","ShallowAutoencoder","None","1024","/data/thallybu/cache","1e-06","0","emnist_digits_dinov2_vits14","0.11711466077930036","True","384","[32]","1","0.7065573428368715","","0.11711466077930036","2","0.0007792013199161328","25","0.16244005015295743","4","","1.3636356323934393","1","0.015673310302723256","1","1e-06","0.0007792013199161328","5","25","10","4","0.16244005015295743","L","random","None","4","50","1.3636356323934393","threshold","1.0","42","10","[0.9, 0.1]","0.015673310302723256","0.1","False","True","True","1","1","0.009063766337931156","0.18962962925434113","0","0","0","0","0","0","0","0","0","0","0","0","0.18962962925434113","0.7065573334693909","0.0010185512946918607","0.010044552385807037","0.005747911054641008","0.007530209608376026","0.00954850297421217","0.00743572972714901","0.005417845211923122","0.00964236818253994","0.01042359508574009","0.014777088537812233","0.008687766268849373","0.0041834209114313126","0.001729333307594061","0","40","0","0.0016925502568483353","40","0","0","0.6701250076293945","0.6701250076293945","0","0.6707690954208374","0.6701250076293945","0.32987499237060547","4.815340995788574","0.9062286615371704","0.11543948948383331","0.41751232743263245","ssl_emnist_digits_dino","155","FAILED"
"2026-03-29 18:31:53","19.4min","81de9cf4b7044c1996b486928ed71457","ssl_emnist_digits_dino_trial_0154","LOCAL","src/cli.py","thallybu","FINISHED","False","None","threshold","0.7403029489319759","250","True","ShallowAutoencoder","None","1024","/data/thallybu/cache","1e-06","0","emnist_digits_dinov2_vits14","0.03059871057553315","True","384","[32]","1","0.7403029489319759","","0.03059871057553315","2","0.0008258373108850584","25","0.16204694734459077","4","","1.3605281423801159","1","0.015131942840827767","2","1e-06","0.0008258373108850584","5","25","10","4","0.16204694734459077","L","random","None","4","50","1.3605281423801159","threshold","1.0","42","10","[0.9, 0.1]","0.015131942840827767","0.1","False","True","True","2","20","0.005125757306814194","826.8062133789062","0.554124653339386","0.20562873780727386","0.4431535005569458","0.35356464982032776","0.6660458445549011","0.6434249877929688","0.4931184649467468","0.6917542219161987","0.6133511066436768","0.6579000353813171","0.4649883806705475","0.5741772055625916","10","0.7403029203414917","0.002347033703699708","0.00494789332151413","0.006698195356875658","0.006103015039116144","0.004789211321622133","0.005988944321870804","0.004463525954633951","0.005084202159196138","0.005915770772844553","0.00507728848606348","0.004278795327991247","0.0581606887280941","0.05900978669524193","1042","40","0","0.05334683880209923","175495","0","0.0016362095484510064","0.7488333582878113","0.7488333582878113","0","0.7444766759872437","0.7488333582878113","0.2511666715145111","8.912379264831543","0.7955598831176758","0.07109632343053818","0.5186104774475098","ssl_emnist_digits_dino","154","OK"
"2026-03-29 18:31:17","34.6s","67f23b55ba654a5dafc462f18d4d8f72","ssl_emnist_digits_dino_trial_0153","LOCAL","src/cli.py","thallybu","FINISHED","False","None","threshold","0.6444343265478211","250","True","ShallowAutoencoder","None","1024","/data/thallybu/cache","1e-06","0","emnist_digits_dinov2_vits14","0.10976781124133786","True","384","[32]","1","0.6444343265478211","","0.10976781124133786","2","0.0006900142475301233","28","0.1385443169871971","3","","1.2146634968115229","1","0.13137325038379655","2","1e-06","0.0006900142475301233","5","28","10","4","0.1385443169871971","L","random","None","3","50","1.2146634968115229","threshold","1.0","42","10","[0.9, 0.1]","0.13137325038379655","0.1","False","True","True","2","1","0.008508138358592987","0.14222222566604614","0","0","0","0","0","0","0","0","0","0","0","0","0.14222222566604614","0.6444343328475952","0.0010654834331944585","0.005523330997675657","0.00571271451190114","0.010175942443311214","0.02190927229821682","0.01320631057024002","0.006314997095614672","0.003579399548470974","0.0058988481760025024","0.007610941305756569","0.009717763401567936","0.003519253106787801","0.0014137662947177887","0","30","0","0.0012750154128298163","30","0","0","0.6029999852180481","0.6029999852180481","0","0.588348388671875","0.6029999852180481","0.3969999849796295","5.131105899810791","0.9386351108551025","0.1028110533952713","0.4687291085720062","ssl_emnist_digits_dino","153","FAILED"
"2026-03-29 18:30:22","8.9min","9f88404da03a4af8b43e861618146198","ssl_emnist_digits_dino_trial_0152","LOCAL","src/cli.py","thallybu","FINISHED","False","None","threshold","0.7059887287702543","250","True","ShallowAutoencoder","None","1024","/data/thallybu/cache","1e-06","0","emnist_digits_dinov2_vits14","0.1079479636906555","True","384","[32]","1","0.7059887287702543","","0.1079479636906555","2","0.0006973330442218034","28","0.13881762276049456","4","","1.2139193740238365","1","0.1569872532028593","2","1e-06","0.0006973330442218034","5","28","10","4","0.13881762276049456","L","random","None","4","50","1.2139193740238365","threshold","1.0","42","10","[0.9, 0.1]","0.1569872532028593","0.1","False","True","True","2","10","0.007226494140923023","606.276123046875","0.5143170952796936","0.17351482808589935","0.5009159445762634","0.35138899087905884","0.6567502617835999","0.5164505243301392","0.5289064049720764","0.6576535105705261","0.5646966695785522","0.5675306916236877","0.48136794567108154","0.5288105010986328","10","0.7059887051582336","0.0012049991637468338","0.006059050559997559","0.007152612321078777","0.006529578939080238","0.004612218122929335","0.007657386362552643","0.005259885918349028","0.005821195896714926","0.006852542050182819","0.006466326303780079","0.004685120191425085","0.07245947420597076","0.07161463797092438","1586","40","0","0.0610959418118","129507","0","0.009155387990176678","0.6680416464805603","0.6680416464805603","0","0.6680945158004761","0.6680416464805603","0.3319583237171173","6.224344730377197","0.9034224152565002","0.09085924923419952","0.5984504222869873","ssl_emnist_digits_dino","152","OK"
"2026-03-29 18:29:44","36.4s","fe4b4e254bdb4955bf8e457fa4ecc344","ssl_emnist_digits_dino_trial_0151","LOCAL","src/cli.py","thallybu","FINISHED","False","None","threshold","0.6562887369873208","250","True","ShallowAutoencoder","None","1024","/data/thallybu/cache","1e-06","0","emnist_digits_dinov2_vits14","0.12272975684634622","True","384","[32]","1","0.6562887369873208","","0.12272975684634622","2","0.0010489365600394706","31","0.15747052555695762","4","","1.4755955102964564","1","0.10252692659511214","2","1e-06","0.0010489365600394706","5","31","10","4","0.15747052555695762","L","random","None","4","50","1.4755955102964564","threshold","1.0","42","10","[0.9, 0.1]","0.10252692659511214","0.1","False","True","True","2","1","0.0090015958994627","0.18962962925434113","0","0","0","0","0","0","0","0","0","0","0","0","0.18488888442516327","0.656288743019104","0.0009520365856587887","0.012215995229780674","0.011042140424251556","0.008018407970666885","0.006103841122239828","0.00947657972574234","0.006409496068954468","0.005603221710771322","0.008513438515365124","0.013156788423657417","0.003945892211049795","0.004208120983093977","0.001667961711063981","0","40","0","0.00157553784083575","40","0","0.0002630598610267043","0.6967083215713501","0.6967083215713501","0","0.6824347972869873","0.6967083215713501","0.3032916486263275","3.8026864528656006","0.8846728205680847","0.18635006248950958","0.34888264536857605","ssl_emnist_digits_dino","151","FAILED"
"2026-03-29 18:22:11","55.1min","d3d7ffddd910495798fa722dc94a50d1","ssl_emnist_digits_dino_trial_0150","LOCAL","src/cli.py","thallybu","FINISHED","False","None","threshold","0.6472770510289091","250","True","ShallowAutoencoder","None","1024","/data/thallybu/cache","1e-06","0","emnist_digits_dinov2_vits14","0.12252872930723524","True","384","[32]","1","0.6472770510289091","","0.12252872930723524","2","0.0006937076403439133","31","0.15845815778101366","3","","1.189091124730868","1","0.10486668642352139","2","1e-06","0.0006937076403439133","5","31","10","4","0.15845815778101366","L","random","None","3","50","1.189091124730868","threshold","1.0","42","10","[0.9, 0.1]","0.10486668642352139","0.1","False","True","True","2","57","0.0053210933692753315","719.36328125","0.46641436219215393","0.17885103821754456","0.378526508808136","0.32465827465057373","0.6652371287345886","0.4878966510295868","0.47659850120544434","0.5695279240608215","0.574466347694397","0.46944281458854675","0.45168668031692505","0.45900917053222656","10","0.6472770571708679","0.004093347117304802","0.004641780164092779","0.0065303985029459","0.005731040146201849","0.0036066221073269844","0.006215027067810297","0.0040049003437161446","0.0047139618545770645","0.005618827883154154","0.005369684658944607","0.00394402677193284","0.06184495612978935","0.06143803521990776","64","30","0","0.05037626624107361","151845","0","0.006532180123031139","0.7854166626930237","0.7854166626930237","0","0.7839186191558838","0.7854166626930237","0.21458333730697632","6.15159797668457","0.728253185749054","0.06744113564491272","0.5040584802627563","ssl_emnist_digits_dino","150","OK"
"2026-03-29 18:21:36","34.8s","620baf20fb534d25a5101430d9c4f8a2","ssl_emnist_digits_dino_trial_0149","LOCAL","src/cli.py","thallybu","FINISHED","False","None","threshold","0.6753196765870393","250","True","ShallowAutoencoder","None","1024","/data/thallybu/cache","1e-06","0","emnist_digits_dinov2_vits14","0.11134131342838073","True","384","[32]","1","0.6753196765870393","","0.11134131342838073","2","0.0005396915248514187","32","0.21884944521200766","3","","1.4099193408324746","1","0.15896970732415983","2","1e-06","0.0005396915248514187","5","32","10","4","0.21884944521200766","L","random","None","3","50","1.4099193408324746","threshold","1.0","42","10","[0.9, 0.1]","0.15896970732415983","0.1","False","True","True","2","1","0.0086740143597126","0.14192593097686768","0","0","0","0","0","0","0","0","0","0","0","0","0.14192593097686768","0.6753196716308594","0.001192200114019215","0.006660924758762121","0.01067758072167635","0.00619892543181777","0.007380003575235605","0.008790343999862671","0.011235038749873638","0.005720600485801697","0.005988339427858591","0.008172650821506977","0.00559285469353199","0.004175668582320213","0.0019049817929044366","0","30","0","0.0010851661209017038","30","0","0","0.6589999794960022","0.6589999794960022","0","0.6564100384712219","0.6589999794960022","0.3409999907016754","5.026088237762451","0.924332857131958","0.17390602827072144","0.4329915940761566","ssl_emnist_digits_dino","149","FAILED"
"2026-03-29 18:18:41","16.5min","05cab37e7f484768b727366c9f480348","ssl_emnist_digits_dino_trial_0148","LOCAL","src/cli.py","thallybu","FINISHED","False","None","threshold","0.6567012115676722","250","True","ShallowAutoencoder","None","1024","/data/thallybu/cache","1e-06","0","emnist_digits_dinov2_vits14","0.1099998087051933","True","384","[32]","1","0.6567012115676722","","0.1099998087051933","2","0.0007003866038355257","32","0.2134224536065481","3","","1.4079071959113787","1","0.15886346591193293","2","1e-06","0.0007003866038355257","5","32","10","4","0.2134224536065481","L","random","None","3","50","1.4079071959113787","threshold","1.0","42","10","[0.9, 0.1]","0.15886346591193293","0.1","False","True","True","2","18","0.005096998997032642","650.44091796875","0.4716739356517792","0.1724172681570053","0.4096237123012543","0.29720813035964966","0.5630682706832886","0.4843941032886505","0.46707621216773987","0.5631287097930908","0.5720517039299011","0.5216069221496582","0.473874032497406","0.5594545602798462","10","0.6567012071609497","0.0027594915591180325","0.005416024476289749","0.0061854408122599125","0.004947211593389511","0.004299894440919161","0.006714540999382734","0.005193229764699936","0.004579474683851004","0.005944174714386463","0.005552948918193579","0.0045447926968336105","0.0668216124176979","0.06781994551420212","892","30","0","0.05337774008512497","138134","0","0.009596568532288074","0.7177916765213013","0.7177916765213013","0","0.7165172100067139","0.7177916765213013","0.28220832347869873","7.939707279205322","0.8604047894477844","0.06367690861225128","0.6606152057647705","ssl_emnist_digits_dino","148","OK"
"2026-03-29 18:18:07","33.5s","2deeed8d58ca4124874287f0e8931f83","ssl_emnist_digits_dino_trial_0147","LOCAL","src/cli.py","thallybu","FINISHED","False","None","threshold","0.7179669269416576","250","True","ShallowAutoencoder","None","1024","/data/thallybu/cache","1e-06","0","emnist_digits_dinov2_vits14","0.08064033252199447","True","384","[32]","1","0.7179669269416576","","0.08064033252199447","2","0.0009582605159329333","18","0.2377063662404071","3","","1.3857276714346418","1","0.011839845484776358","2","1e-06","0.0009582605159329333","5","18","10","4","0.2377063662404071","L","random","None","3","50","1.3857276714346418","threshold","1.0","42","10","[0.9, 0.1]","0.011839845484776358","0.1","False","True","True","2","1","0.006938338745385408","0.14222222566604614","0","0","0","0","0","0","0","0","0","0","0","0","0.14222222566604614","0.7179669141769409","0.0009133793064393103","0.007646026089787483","0.0068461657501757145","0.004177733324468136","0.0067451330833137035","0.008240686729550362","0.006260245572775602","0.006270184647291899","0.008201842196285725","0.0065517001785337925","0.008909094147384167","0.003556071314960718","0.0015207796823233366","0","30","0","0.000993405352346599","30","0","0","0.6468750238418579","0.6468750238418579","0","0.6460214257240295","0.6468750238418579","0.3531250059604645","5.712390899658203","0.9257268905639648","0.07767804712057114","0.434190958738327","ssl_emnist_digits_dino","147","FAILED"
"2026-03-29 18:17:54","59.1min","1a4b11f3dfbd456aabf66e5b416507f6","ssl_emnist_digits_dino_trial_0146","LOCAL","src/cli.py","thallybu","FINISHED","False","None","threshold","0.7070817366574642","250","True","ShallowAutoencoder","None","1024","/data/thallybu/cache","1e-06","0","emnist_digits_dinov2_vits14","0.1103523134775915","True","384","[32]","1","0.7070817366574642","","0.1103523134775915","2","0.0007670515976812072","18","0.23756260324501793","3","","1.4097496408602612","1","0.1589213511501593","2","1e-06","0.0007670515976812072","5","18","10","4","0.23756260324501793","L","random","None","3","50","1.4097496408602612","threshold","1.0","42","10","[0.9, 0.1]","0.1589213511501593","0.1","False","True","True","2","59","0.004355987999588251","801.1484375","0.5142951607704163","0.1913248598575592","0.4461337924003601","0.3014792203903198","0.6596606969833374","0.5058038830757141","0.5444934368133545","0.634943962097168","0.5788782238960266","0.49738970398902893","0.4778343439102173","0.5950961112976074","10","0.7070817351341248","0.004460958763957024","0.00511475233361125","0.005843097344040871","0.005762867163866758","0.003699640044942498","0.007131451740860939","0.0043942807242274284","0.004847404547035694","0.00523747131228447","0.005503505934029818","0.004506392870098352","0.06703940033912659","0.06627631932497025","58","30","0","0.05204084515571594","169097","0","0.009502760134637356","0.815833330154419","0.815833330154419","0","0.8161314129829407","0.815833330154419","0.18416666984558105","7.389747619628906","0.713009774684906","0.060244545340538025","0.47893276810646057","ssl_emnist_digits_dino","146","OK"
"2026-03-29 18:11:55","19.4min","5f338f6c7534436da9e4c8000c4ec98b","ssl_emnist_digits_dino_trial_0145","LOCAL","src/cli.py","thallybu","FINISHED","False","None","threshold","0.6505755391917587","250","True","ShallowAutoencoder","None","1024","/data/thallybu/cache","1e-06","0","emnist_digits_dinov2_vits14","0.10380094772156526","True","384","[32]","1","0.6505755391917587","","0.10380094772156526","2","0.0009656041235558003","31","0.23735260335294456","4","","1.406889098389125","1","0.011619099771955242","2","1e-06","0.0009656041235558003","5","31","10","4","0.23735260335294456","L","random","None","4","50","1.406889098389125","threshold","1.0","42","10","[0.9, 0.1]","0.011619099771955242","0.1","False","True","True","2","20","0.0064254081808030605","656.9505004882812","0.4763532876968384","0.1728159785270691","0.3810858428478241","0.3362331688404083","0.6076923608779907","0.49521133303642273","0.4775393307209015","0.5942960381507874","0.6247600317001343","0.4914940297603607","0.41509777307510376","0.5578876733779907","10","0.6505755186080933","0.0018254144815728068","0.005116013344377279","0.007046198006719351","0.006578742526471615","0.003755144542083144","0.006727769039571285","0.004356718622148037","0.005150711163878441","0.005777210928499699","0.005330208223313093","0.004753355402499437","0.05924743786454201","0.05868566781282425","422","40","0","0.054592061787843704","139035","0","0.0013048577820882201","0.7565416693687439","0.7565416693687439","0","0.7579256296157837","0.7565416693687439","0.2434583306312561","6.668887138366699","0.7867045998573303","0.07585509866476059","0.5489048361778259","ssl_emnist_digits_dino","145","OK"
"2026-03-29 18:11:24","18.3min","3f7ca06e59434483a698a71255b62812","ssl_emnist_digits_dino_trial_0144","LOCAL","src/cli.py","thallybu","FINISHED","False","None","threshold","0.6132240689328708","250","True","ShallowAutoencoder","None","1024","/data/thallybu/cache","1e-06","0","emnist_digits_dinov2_vits14","0.02871374855949977","True","384","[32]","1","0.6132240689328708","","0.02871374855949977","2","0.000932076922727767","21","0.23587574607357228","3","","1.4090904578854142","1","0.11641886249442801","2","1e-06","0.000932076922727767","5","21","10","4","0.23587574607357228","L","random","None","3","50","1.4090904578854142","threshold","1.0","42","10","[0.9, 0.1]","0.11641886249442801","0.1","False","True","True","2","20","0.005656596273183823","623.03466796875","0.4400315284729004","0.1659008264541626","0.38033637404441833","0.3047812879085541","0.5929559469223022","0.4933317303657532","0.49165260791778564","0.5269043445587158","0.46238046884536743","0.4550729990005493","0.38165897130966187","0.517584502696991","10","0.6132240891456604","0.003435869235545397","0.004551214165985584","0.005913806613534689","0.004463848192244768","0.003304864279925823","0.006318849977105856","0.003840110497549176","0.003962364047765732","0.005233296193182468","0.004767827223986387","0.0037803063169121742","0.058177825063467026","0.05755068361759186","797","30","0","0.04613647609949112","132254","0","0.007271218113601208","0.7552916407585144","0.7552916407585144","0","0.7558752298355103","0.7552916407585144","0.2447083294391632","6.177778244018555","0.7746759653091431","0.05266237258911133","0.5469715595245361","ssl_emnist_digits_dino","144","OK"
"2026-03-29 18:10:47","36.2s","b3a53fea66e04c8a8a8d86d942cc33b1","ssl_emnist_digits_dino_trial_0143","LOCAL","src/cli.py","thallybu","FINISHED","False","None","threshold","0.6326609861576342","250","True","ShallowAutoencoder","None","1024","/data/thallybu/cache","1e-06","0","emnist_digits_dinov2_vits14","0.036115789764042984","True","384","[128, 64]","1","0.6326609861576342","","0.036115789764042984","4","0.000833589063307242","20","0.23169485040222043","4","","1.248083290485705","1","0.12877648564933664","2","1e-06","0.000833589063307242","5","20","10","4","0.23169485040222043","L","random","None","4","50","1.248083290485705","threshold","1.0","42","10","[0.9, 0.1]","0.12877648564933664","0.1","False","True","True","2","1","0.007408277131617069","0.18962962925434113","0","0","0","0","0","0","0","0","0","0","0","0","0.18962962925434113","0.632660984992981","0.002997008617967367","0.00788336992263794","0.00605887221172452","0.004238468129187822","0.004477369133383036","0.010729892179369926","0.006778947543352842","0.008153294213116169","0.010029945522546768","0.005882902070879936","0.0077184285037219524","0.006077878642827272","0.0031878119334578514","0","40","0","0.0013644135324284434","40","0","0","0.6766666769981384","0.6766666769981384","0","0.6726809144020081","0.6766666769981384","0.3233333230018616","7.677975177764893","0.9206710457801819","0.1773700714111328","0.4946000277996063","ssl_emnist_digits_dino","143","FAILED"
"2026-03-29 18:06:56","58.8min","ebb002af2ccc4ad8a954ab0aae7b9349","ssl_emnist_digits_dino_trial_0142","LOCAL","src/cli.py","thallybu","FINISHED","False","None","threshold","0.629392633704709","250","True","ShallowAutoencoder","None","1024","/data/thallybu/cache","1e-06","0","emnist_digits_dinov2_vits14","0.036930101088187034","True","384","[128, 64]","1","0.629392633704709","","0.036930101088187034","4","0.000797193710377494","25","0.2382385114430082","4","","1.409912913461476","1","0.13350670346709342","2","1e-06","0.000797193710377494","5","25","10","4","0.2382385114430082","L","random","None","4","50","1.409912913461476","threshold","1.0","42","10","[0.9, 0.1]","0.13350670346709342","0.1","False","True","True","2","53","0.0033002407290041447","803.8005981445312","0.456153005361557","0.19139470160007477","0.3639766573905945","0.29279279708862305","0.5663524866104126","0.4927211403846741","0.4938763976097107","0.649609386920929","0.523531436920166","0.41735023260116577","0.43280577659606934","0.5284498929977417","10","0.6293926239013672","0.00375760393217206","0.0038076580967754126","0.004323636181652546","0.004049572162330151","0.0030449789483100176","0.004980753641575575","0.004135214723646641","0.00396922929212451","0.0037873440887778997","0.004082988947629929","0.0033307133708149195","0.0514177531003952","0.051053237169981","42","40","0","0.039512086659669876","169641","0","0.007361812982708216","0.8169999718666077","0.8169999718666077","0","0.8116222023963928","0.8169999718666077","0.18299999833106995","9.012168884277344","0.6989367604255676","0.06294668465852737","0.5717935562133789","ssl_emnist_digits_dino","142","OK"
"2026-03-29 18:05:36","40.0min","88e56b6727ab4d998c218df1faecb746","ssl_emnist_digits_dino_trial_0141","LOCAL","src/cli.py","thallybu","FINISHED","False","None","threshold","0.6138401431650312","250","True","ShallowAutoencoder","None","1024","/data/thallybu/cache","1e-06","0","emnist_digits_dinov2_vits14","0.08058148643893102","True","384","[128, 64]","1","0.6138401431650312","","0.08058148643893102","4","0.0007270416778728521","25","0.23201668231141576","4","","1.1903166998721406","1","0.13388039952585223","2","1e-06","0.0007270416778728521","5","25","10","4","0.23201668231141576","L","random","None","4","50","1.1903166998721406","threshold","1.0","42","10","[0.9, 0.1]","0.13388039952585223","0.1","False","True","True","2","37","0.004113344009965658","729.8693237304688","0.4549074172973633","0.18896795809268951","0.3537241816520691","0.2779029607772827","0.5466150641441345","0.4739227890968323","0.5300704836845398","0.6586443781852722","0.5881625413894653","0.5119666457176208","0.39665746688842773","0.4576452076435089","10","0.6138401627540588","0.0030910223722457886","0.00410436512902379","0.0053493729792535305","0.004896506201475859","0.0032045922707766294","0.00646212138235569","0.003980634268373251","0.004332419950515032","0.004748189356178045","0.004325311165302992","0.0034624962136149406","0.056299593299627304","0.056494541466236115","211","40","0","0.04486600309610367","154210","0","0.007388188503682613","0.7801666855812073","0.7801666855812073","0","0.7752461433410645","0.7801666855812073","0.21983332931995392","9.37941837310791","0.7536801695823669","0.056913647800683975","0.6121333837509155","ssl_emnist_digits_dino","141","OK"
"2026-03-29 18:05:02","33.0s","c8e39815594e49dea849d04fe1002945","ssl_emnist_digits_dino_trial_0140","LOCAL","src/cli.py","thallybu","FINISHED","False","None","threshold","0.6412633255827836","250","True","ShallowAutoencoder","None","1024","/data/thallybu/cache","1e-06","0","emnist_digits_dinov2_vits14","0.0697716231970843","True","384","[32]","1","0.6412633255827836","","0.0697716231970843","2","0.0003514671040703547","27","0.1865887273188286","4","","1.4193224007070784","1","0.11180234964767809","2","1e-06","0.0003514671040703547","5","27","10","4","0.1865887273188286","L","random","None","4","50","1.4193224007070784","threshold","1.0","42","10","[0.9, 0.1]","0.11180234964767809","0.1","False","True","True","2","1","0.012134275399148464","0.18962962925434113","0","0","0","0","0","0","0","0","0","0","0","0","0.18488888442516327","0.6412633061408997","0.0013382568722590804","0.014875269494950771","0.015760023146867752","0.009177019819617271","0.010482022538781166","0.009878010489046574","0.016292113810777664","0.01284612063318491","0.013990729115903378","0.010554585605859756","0.009888855740427971","0.006700859405100346","0.0023438860662281513","0","40","0","0.0022997381165623665","40","0","0.0007987465942278504","0.6432916522026062","0.6432916522026062","0","0.6395373344421387","0.6432916522026062","0.3567083179950714","3.68361759185791","0.9230108857154846","0.16494320333003998","0.38559114933013916","ssl_emnist_digits_dino","140","FAILED"
"2026-03-29 18:04:08","1.3h","12369c0f55b64eae80976eb667c4eb90","ssl_emnist_digits_dino_trial_0139","LOCAL","src/cli.py","thallybu","FINISHED","False","None","threshold","0.627332492625335","250","True","ShallowAutoencoder","None","1024","/data/thallybu/cache","1e-06","0","emnist_digits_dinov2_vits14","0.02144018865565196","True","384","[32]","1","0.627332492625335","","0.02144018865565196","2","0.0007976311608332904","27","0.23624719058508659","4","","1.4199059277194033","1","0.12916673259049402","2","1e-06","0.0007976311608332904","5","27","10","4","0.23624719058508659","L","random","None","4","50","1.4199059277194033","threshold","1.0","42","10","[0.9, 0.1]","0.12916673259049402","0.1","False","True","True","2","81","0.0045934636145830154","733.474365234375","0.4719446301460266","0.19413800537586212","0.41741636395454407","0.26634669303894043","0.5929941534996033","0.4201815724372864","0.4363749921321869","0.6408728361129761","0.5969051122665405","0.5311195850372314","0.4424395263195038","0.5638296604156494","10","0.6273325085639954","0.004190050531178713","0.004808846395462751","0.005134169477969408","0.0045053246431052685","0.0030482395086437464","0.005363821983337402","0.0040312414057552814","0.005927700083702803","0.005254752933979034","0.004974666517227888","0.004245569929480553","0.06045766547322273","0.05940951406955719","62","40","0","0.04729433357715607","154823","0","0.0078880675137043","0.784375011920929","0.784375011920929","0","0.7796670794487","0.784375011920929","0.21562500298023224","8.246784210205078","0.7392110824584961","0.049862928688526154","0.5508373975753784","ssl_emnist_digits_dino","139","OK"
"2026-03-29 18:03:32","8.4min","867b671b8e624f00af0fa7a5c9fe3c53","ssl_emnist_digits_dino_trial_0138","LOCAL","src/cli.py","thallybu","FINISHED","False","None","threshold","0.5193970852775889","250","True","ShallowAutoencoder","None","1024","/data/thallybu/cache","1e-06","0","emnist_digits_dinov2_vits14","0.11101989600278546","True","384","[32]","1","0.5193970852775889","","0.11101989600278546","2","0.0007994309510291906","19","0.17179981996486002","4","","1.2481680765967806","1","0.018559589691505365","2","1e-06","0.0007994309510291906","5","19","10","4","0.17179981996486002","L","random","None","4","50","1.2481680765967806","threshold","1.0","42","10","[0.9, 0.1]","0.018559589691505365","0.1","False","True","True","2","10","0.00701452000066638","406.0367431640625","0.3760826289653778","0.12369874119758606","0.33184245228767395","0.30174529552459717","0.48516660928726196","0.3851355314254761","0.3903367817401886","0.4487740993499756","0.47532472014427185","0.4207916557788849","0.37682268023490906","0.39056679606437683","10","0.5193970799446106","0.0010750876972451806","0.0048708561807870865","0.0064344280399382114","0.0051865773275494576","0.003969761077314615","0.0060594049282372","0.0038928778376430273","0.004733505193144083","0.0056556579656898975","0.005476211663335562","0.003886947873979807","0.05410698801279068","0.053543202579021454","1088","40","0","0.05016622692346573","86761","0","0.0016605749260634184","0.7228749990463257","0.7228749990463257","0","0.7241038680076599","0.7228749990463257","0.2771250009536743","6.222590446472168","0.8089058995246887","0.07968172430992126","0.5269150137901306","ssl_emnist_digits_dino","138","OK"
"2026-03-29 18:02:59","31.6s","eda3c617b3c34aa489cb7ce5ff04d067","ssl_emnist_digits_dino_trial_0137","LOCAL","src/cli.py","thallybu","FINISHED","False","None","threshold","0.6137718990871237","250","True","ShallowAutoencoder","None","1024","/data/thallybu/cache","1e-06","0","emnist_digits_dinov2_vits14","0.09089353568196484","True","384","[32]","1","0.6137718990871237","","0.09089353568196484","2","0.0004150247142413654","18","0.14547304084862947","4","","1.1391404233327351","1","0.03856028129418527","2","1e-06","0.0004150247142413654","5","18","10","4","0.14547304084862947","L","random","None","4","50","1.1391404233327351","threshold","1.0","42","10","[0.9, 0.1]","0.03856028129418527","0.1","False","True","True","2","1","0.010691769421100616","0.18962962925434113","0","0","0","0","0","0","0","0","0","0","0","0","0.18962962925434113","0.613771915435791","0.0011464240960776806","0.012267457321286201","0.011837633326649666","0.0062516480684280396","0.007436537183821201","0.011315311305224895","0.010791436769068241","0.009112592786550522","0.013408987782895565","0.008159575052559376","0.012205354869365692","0.004650923889130354","0.0017095691291615367","0","40","0","0.0019491370767354965","40","0","0","0.6665416955947876","0.6665416955947876","0","0.6697925925254822","0.6665416955947876","0.3334583342075348","4.3544921875","0.8985849618911743","0.13324958086013794","0.3274994492530823","ssl_emnist_digits_dino","137","FAILED"
"2026-03-29 18:00:42","20.9min","5c8c63369f7f4bf88e030c704d29f7cc","ssl_emnist_digits_dino_trial_0136","LOCAL","src/cli.py","thallybu","FINISHED","False","None","threshold","0.6121175359776636","250","True","ShallowAutoencoder","None","1024","/data/thallybu/cache","1e-06","0","emnist_digits_dinov2_vits14","0.08005797999710795","True","384","[32]","1","0.6121175359776636","","0.08005797999710795","2","0.00041763016958214764","18","0.14574702601538964","4","","1.1629173260846322","1","0.03733624051767599","2","1e-06","0.00041763016958214764","5","18","10","4","0.14574702601538964","L","random","None","4","50","1.1629173260846322","threshold","1.0","42","10","[0.9, 0.1]","0.03733624051767599","0.1","False","True","True","2","23","0.006140924524515867","587.884765625","0.4431951344013214","0.1574750542640686","0.3722556531429291","0.3161379396915436","0.5817059278488159","0.4893825054168701","0.4645831286907196","0.5608512163162231","0.4923144280910492","0.4716336131095886","0.40703845024108887","0.4744449257850647","10","0.6121175289154053","0.0021667724940925837","0.0048863766714930534","0.006173696368932724","0.00453122379258275","0.004008765798062086","0.006417249329388142","0.005444043315947056","0.004812992177903652","0.005370463710278273","0.005456612911075354","0.003910974599421024","0.05707917362451553","0.05685611069202423","1102","40","0","0.051012396812438965","125143","0","0.003004990518093109","0.7643333077430725","0.7643333077430725","0","0.7603574991226196","0.7643333077430725","0.2356666624546051","6.183651447296143","0.7585794925689697","0.06025352701544762","0.5076975226402283","ssl_emnist_digits_dino","136","OK"
"2026-03-29 17:57:56","7.1min","9139f85e53dd41f4a1cefdef7a09a93d","ssl_emnist_digits_dino_trial_0135","LOCAL","src/cli.py","thallybu","FINISHED","False","None","threshold","0.5183146832228841","250","True","ShallowAutoencoder","None","1024","/data/thallybu/cache","1e-06","0","emnist_digits_dinov2_vits14","0.020886817585954634","True","384","[32]","1","0.5183146832228841","","0.020886817585954634","2","0.0036994062364585044","29","0.17181592432629778","5","","1.166998479400873","1","0.018375489828649116","4","1e-06","0.0036994062364585044","5","29","10","4","0.17181592432629778","L","random","None","5","50","1.166998479400873","threshold","1.0","42","10","[0.9, 0.1]","0.018375489828649116","0.1","False","True","True","4","10","0.008551445789635181","368.3860778808594","0.3941591680049896","0.12473791837692261","0.401954710483551","0.3173433840274811","0.4687942564487457","0.432864785194397","0.4225349724292755","0.41986480355262756","0.4366648495197296","0.3893265128135681","0.36852768063545227","0.38376665115356445","9.995259284973145","0.5183146595954895","0.0005757624749094248","0.005906339734792709","0.00646465178579092","0.0047910623252391815","0.004643667489290237","0.006625608541071415","0.004199535585939884","0.0047561232931911945","0.0060847047716379166","0.005770867690443993","0.003974441438913345","0.0570094995200634","0.057546719908714294","984","50","0","0.05319499224424362","78714","0","0.0017694614361971617","0.6695833206176758","0.6695833206176758","0","0.6690151691436768","0.6695833206176758","0.33041664958000183","6.523407936096191","0.9168596863746643","0.10813659429550171","0.6230624318122864","ssl_emnist_digits_dino","135","OK"
"2026-03-29 17:57:24","31.6s","5fc9bf3c792c4d38a071a509878665fe","ssl_emnist_digits_dino_trial_0134","LOCAL","src/cli.py","thallybu","FINISHED","False","None","threshold","0.6813314129908005","250","True","ShallowAutoencoder","None","1024","/data/thallybu/cache","1e-06","0","emnist_digits_dinov2_vits14","0.11558330043512749","True","384","[32]","1","0.6813314129908005","","0.11558330043512749","2","0.004361319235903228","20","0.1536747851283864","4","","1.3358532902248705","1","0.12491303587204906","2","1e-06","0.004361319235903228","5","20","10","4","0.1536747851283864","L","random","None","4","50","1.3358532902248705","threshold","1.0","42","10","[0.9, 0.1]","0.12491303587204906","0.1","False","True","True","2","1","0.007345427758991718","0.18962962925434113","0","0","0","0","0","0","0","0","0","0","0","0","0.18488888442516327","0.6813313961029053","0.0006220060167834163","0.008688721805810928","0.0057690260000526905","0.006123661994934082","0.0051666731014847755","0.009919092059135437","0.008324998430907726","0.005103357136249542","0.007229839451611042","0.009996352717280388","0.003760823281481862","0.02484971284866333","0.0018300368683412671","0","40","0","0.0013111436273902655","40","0","0.02178776264190674","0.6754166483879089","0.6754166483879089","0","0.6496116518974304","0.6754166483879089","0.3245833218097687","7.412506580352783","0.9870907068252563","0.17323912680149078","0.6254817247390747","ssl_emnist_digits_dino","134","FAILED"
"2026-03-29 17:57:23","20.7min","8a7519b0b9a547729575d69cbcae36fc","ssl_emnist_digits_dino_trial_0133","LOCAL","src/cli.py","thallybu","FINISHED","False","None","threshold","0.5203269673346249","250","True","ShallowAutoencoder","None","1024","/data/thallybu/cache","1e-06","0","emnist_digits_dinov2_vits14","0.10086340039453373","True","384","[32]","1","0.5203269673346249","","0.10086340039453373","2","0.000754705086481965","29","0.17199937443275778","5","","1.1946991788912165","1","0.03796434870935156","2","1e-06","0.000754705086481965","5","29","10","4","0.17199937443275778","L","random","None","5","50","1.1946991788912165","threshold","1.0","42","10","[0.9, 0.1]","0.03796434870935156","0.1","False","True","True","2","24","0.007073235232383013","488.4305114746094","0.373294860124588","0.13130150735378265","0.35105302929878235","0.28540489077568054","0.4885099530220032","0.43555328249931335","0.4039277136325836","0.433544784784317","0.4389299750328064","0.3851056396961212","0.3506925702095032","0.3884843587875366","10","0.5203269720077515","0.0021424766164273024","0.004983680788427591","0.00570752052590251","0.004732420668005943","0.0035931221209466457","0.006154230795800686","0.003822746453806758","0.004648327361792326","0.0052063604816794395","0.005172284785658121","0.00403900071978569","0.05427045747637749","0.05380412936210632","477","50","0","0.048059698194265366","103534","0","0.002851697849109769","0.7601666450500488","0.7601666450500488","0","0.7597596049308777","0.7601666450500488","0.23983332514762878","7.195279598236084","0.7527000308036804","0.053663626313209534","0.53377366065979","ssl_emnist_digits_dino","133","OK"
"2026-03-29 17:57:15","9.7min","d909e375c689484aa74ed4200ad598c4","ssl_emnist_digits_dino_trial_0132","LOCAL","src/cli.py","thallybu","FINISHED","False","None","threshold","0.6407585574938779","250","True","ShallowAutoencoder","None","1024","/data/thallybu/cache","1e-06","0","emnist_digits_dinov2_vits14","0.10031516785667621","True","384","[32]","1","0.6407585574938779","","0.10031516785667621","2","0.0008209606492663223","31","0.1534966465526719","4","","1.1935396312803344","1","0.1258124003696843","2","1e-06","0.0008209606492663223","5","31","10","4","0.1534966465526719","L","random","None","4","50","1.1935396312803344","threshold","1.0","42","10","[0.9, 0.1]","0.1258124003696843","0.1","False","True","True","2","11","0.00721614807844162","576.567138671875","0.4612407684326172","0.1561778038740158","0.39546114206314087","0.33969342708587646","0.5508692264556885","0.5067485570907593","0.48442327976226807","0.512717068195343","0.5589485168457031","0.5218049883842468","0.4454893171787262","0.48159509897232056","10","0.6407585740089417","0.001708619180135429","0.005413702689111233","0.007100870832800865","0.006582014262676239","0.003983557689934969","0.006750516127794981","0.0043843816965818405","0.004976765718311071","0.00537522230297327","0.005804925225675106","0.004463598597794771","0.06582065671682358","0.0662255510687828","3053","40","0","0.054835572838783264","124707","0","0.008168807253241539","0.7285000085830688","0.7285000085830688","0","0.7355328798294067","0.7285000085830688","0.27149999141693115","5.913383483886719","0.8272235989570618","0.0959818884730339","0.5769455432891846","ssl_emnist_digits_dino","132","OK"
"2026-03-29 17:56:51","31.5s","98e8508c46644a47a9176717b5bd1178","ssl_emnist_digits_dino_trial_0131","LOCAL","src/cli.py","thallybu","FINISHED","False","None","threshold","0.651598692581354","250","True","ShallowAutoencoder","None","1024","/data/thallybu/cache","1e-06","0","emnist_digits_dinov2_vits14","0.08878648924409233","True","384","[32]","1","0.651598692581354","","0.08878648924409233","2","0.000471011729091566","29","0.15599902516648384","4","","1.1164694308890797","1","0.04818928501714608","1","1e-06","0.000471011729091566","5","29","10","4","0.15599902516648384","L","random","None","4","50","1.1164694308890797","threshold","1.0","42","10","[0.9, 0.1]","0.04818928501714608","0.1","False","True","True","1","1","0.010364202782511711","0.18962962925434113","0","0","0","0","0","0","0","0","0","0","0","0","0.18962962925434113","0.6515986919403076","0.001230921596288681","0.006881050765514374","0.013359413482248783","0.01014363020658493","0.009273544885218143","0.014180620200932026","0.006505041383206844","0.015623441897332668","0.008111713454127312","0.006475038826465607","0.009455318562686443","0.004744189325720072","0.001967370044440031","0","40","0","0.0018964633345603943","40","0","0","0.6365416646003723","0.6365416646003723","0","0.6267339587211609","0.6365416646003723","0.3634583353996277","4.6751837730407715","0.9198336601257324","0.20324987173080444","0.3796245753765106","ssl_emnist_digits_dino","131","FAILED"
"2026-03-29 17:56:49","21.8s","ab80b8128507436f840b777e1c5086f1","ssl_emnist_digits_dino_trial_0130","LOCAL","src/cli.py","thallybu","FINISHED","False","None","threshold","0.7778080918457844","250","True","ShallowAutoencoder","None","1024","/data/thallybu/cache","1e-06","0","emnist_digits_dinov2_vits14","0.0844684406630609","True","384","[32]","1","0.7778080918457844","","0.0844684406630609","2","0.0006572577136186879","19","0.15002708650076518","4","","1.151457659125104","1","0.030761249769110335","2","1e-06","0.0006572577136186879","5","19","10","4","0.15002708650076518","L","random","None","4","50","1.151457659125104","threshold","1.0","42","10","[0.9, 0.1]","0.030761249769110335","0.1","False","True","True","2","1","0.00948657002300024","0.18933333456516266","0","0","0","0","0","0","0","0","0","0","0","0","0.18933333456516266","0.7778080701828003","0.0010099081555381417","0.01515365019440651","0.00775042362511158","0.0077751874923706055","0.010964138433337212","0.010406289249658585","0.009398302063345909","0.008922450244426727","0.009003859013319016","0.011343125253915787","0.006805769167840481","0.004280182998627424","0.0017904259730130434","0","40","0","0.0018470324575901031","40","0","0","0.715458333492279","0.715458333492279","0","0.7201194763183594","0.715458333492279","0.28454166650772095","4.180641174316406","0.8811630606651306","0.11197064816951752","0.3422422409057617","ssl_emnist_digits_dino","130","FAILED"
"2026-03-29 17:53:17","17.5min","22ec673968df4b89940f36cad0b3eb4d","ssl_emnist_digits_dino_trial_0129","LOCAL","src/cli.py","thallybu","FINISHED","False","None","threshold","0.5438116676562479","250","True","ShallowAutoencoder","None","1024","/data/thallybu/cache","1e-06","0","emnist_digits_dinov2_vits14","0.08606002505936274","True","384","[32]","1","0.5438116676562479","","0.08606002505936274","2","0.0006346800859373938","19","0.15036549439969144","4","","1.151172713727336","1","0.03009154049408485","2","1e-06","0.0006346800859373938","5","19","10","4","0.15036549439969144","L","random","None","4","50","1.151172713727336","threshold","1.0","42","10","[0.9, 0.1]","0.03009154049408485","0.1","False","True","True","2","20","0.006483178585767746","479.93304443359375","0.3856557607650757","0.12868693470954895","0.33631351590156555","0.31302058696746826","0.48205646872520447","0.41543450951576233","0.41727763414382935","0.4735136926174164","0.4643399119377136","0.4123687446117401","0.35648229718208313","0.3846753239631653","10","0.5438116788864136","0.0017966339364647865","0.004844469949603081","0.0064759692177176476","0.005141330882906914","0.003996876068413258","0.00595685001462698","0.0039350725710392","0.0043240077793598175","0.005449698772281408","0.005107471253722906","0.0035737897269427776","0.05397870019078255","0.05440051853656769","1516","40","0","0.04880554601550102","102780","0","0.0024016709066927433","0.7414166927337646","0.7414166927337646","0","0.7412556409835815","0.7414166927337646","0.25858333706855774","7.162459373474121","0.7879712581634521","0.06731856614351273","0.5598946213722229","ssl_emnist_digits_dino","129","OK"
"2026-03-29 17:52:48","29.1s","66926ea1754a4d4a93eee0c69a719043","ssl_emnist_digits_dino_trial_0128","LOCAL","src/cli.py","thallybu","FINISHED","False","None","threshold","0.5317882491368918","250","True","ShallowAutoencoder","None","1024","/data/thallybu/cache","1e-06","0","emnist_digits_dinov2_vits14","0.042511988619547775","True","384","[32]","1","0.5317882491368918","","0.042511988619547775","2","0.002537545620778347","27","0.16617619059554578","4","","1.4474091384079955","1","0.06546138578407826","2","1e-06","0.002537545620778347","5","27","10","4","0.16617619059554578","L","random","None","4","50","1.4474091384079955","threshold","1.0","42","10","[0.9, 0.1]","0.06546138578407826","0.1","False","True","True","2","1","0.006616375874727964","0.18962962925434113","0","0","0","0","0","0","0","0","0","0","0","0","0.18488888442516327","0.5317882299423218","0.0007004810613580048","0.004092514980584383","0.00531845074146986","0.004047694616019726","0.005070951301604509","0.003778262762352824","0.007112164981663227","0.007190932519733906","0.0073874834924936295","0.006164862774312496","0.0025818822905421257","0.0029183714650571346","0.001984291709959507","0","40","0","0.0009822933934628963","40","0","0.00013611273607239127","0.5922083258628845","0.5922083258628845","0","0.5727118849754333","0.5922083258628845","0.4077916741371155","5.135518550872803","1.1142396926879883","0.16910044848918915","0.6904870271682739","ssl_emnist_digits_dino","128","FAILED"
"2026-03-29 17:51:37","11.4min","d5778b5c33354480845cc2642601bdda","ssl_emnist_digits_dino_trial_0127","LOCAL","src/cli.py","thallybu","FINISHED","False","None","threshold","0.6825514477469978","250","True","ShallowAutoencoder","None","1024","/data/thallybu/cache","1e-06","0","emnist_digits_dinov2_vits14","0.13050487739473354","True","384","[32]","1","0.6825514477469978","","0.13050487739473354","2","0.0024640695292036923","29","0.1672945144682515","4","","1.1502377282385867","1","0.0639145062036911","2","1e-06","0.0024640695292036923","5","29","10","4","0.1672945144682515","L","random","None","4","50","1.1502377282385867","threshold","1.0","42","10","[0.9, 0.1]","0.0639145062036911","0.1","False","True","True","2","13","0.007885469123721123","651.9007568359375","0.5088598132133484","0.1793304830789566","0.4147333800792694","0.3577636778354645","0.6205326914787292","0.5491549372673035","0.5733580589294434","0.6506888270378113","0.5827051401138306","0.4782872498035431","0.48898980021476746","0.577537477016449","10","0.6825514435768127","0.0011218255385756493","0.006147956475615501","0.0074163395911455154","0.006438731215894222","0.004817578941583633","0.008316930383443832","0.0053404695354402065","0.005941816605627537","0.006843253038823605","0.006900046486407518","0.005300360731780529","0.07178933173418045","0.07153405249118805","341","40","0","0.0634634792804718","137889","0","0.005884821526706219","0.6969166398048401","0.6969166398048401","0","0.6981291770935059","0.6969166398048401","0.3030833303928375","5.9621124267578125","0.8466124534606934","0.10031232982873917","0.5408633351325989","ssl_emnist_digits_dino","127","OK"
"2026-03-29 17:51:17","9.4min","d650e979721444a59e14111a5edf1bf4","ssl_emnist_digits_dino_trial_0126","LOCAL","src/cli.py","thallybu","FINISHED","False","None","threshold","0.5938621470644181","250","True","ShallowAutoencoder","None","1024","/data/thallybu/cache","1e-06","0","emnist_digits_dinov2_vits14","0.08647867832201414","True","384","[32]","1","0.5938621470644181","","0.08647867832201414","2","0.000481416934008135","19","0.16717662298234617","4","","1.1400146619868472","1","0.06616919425492859","2","1e-06","0.000481416934008135","5","19","10","4","0.16717662298234617","L","random","None","4","50","1.1400146619868472","threshold","1.0","42","10","[0.9, 0.1]","0.06616919425492859","0.1","False","True","True","2","11","0.006953137461096048","486.5795593261719","0.43391865491867065","0.1447952389717102","0.36305204033851624","0.32361772656440735","0.580958366394043","0.44150310754776","0.4473339021205902","0.518200159072876","0.5067242383956909","0.5221787691116333","0.4235570728778839","0.4626661241054535","10","0.5938621759414673","0.001127102063037455","0.005287182051688433","0.006872500758618116","0.005888352170586586","0.004056014120578766","0.006716235540807247","0.004181714728474617","0.005207545589655638","0.00637662410736084","0.006064976565539837","0.004298871848732233","0.06157442554831505","0.0614095963537693","1581","40","0","0.054950032383203506","104246","0","0.0043349070474505424","0.7258333563804626","0.7258333563804626","0","0.7254468202590942","0.7258333563804626","0.27416667342185974","5.500487327575684","0.8133740425109863","0.09671734273433685","0.5128574967384338","ssl_emnist_digits_dino","126","OK"
"2026-03-29 17:51:05","31.2s","c26b157d95f64a59a94c854ebd64a8bc","ssl_emnist_digits_dino_trial_0125","LOCAL","src/cli.py","thallybu","FINISHED","False","None","threshold","0.5959397025179414","250","True","ShallowAutoencoder","None","1024","/data/thallybu/cache","1e-06","0","emnist_digits_dinov2_vits14","0.06029060215910515","True","384","[128]","1","0.5959397025179414","","0.06029060215910515","3","0.0004991327332995203","20","0.16088916031250253","2","","1.1636228038767704","1","0.07448160186640802","5","1e-06","0.0004991327332995203","5","20","10","4","0.16088916031250253","L","random","None","2","50","1.1636228038767704","threshold","1.0","42","10","[0.9, 0.1]","0.07448160186640802","0.1","False","True","True","5","1","0.005072785075753927","0.09481481462717056","0","0","0","0","0","0","0","0","0","0","0","0","0.09481481462717056","0.5959396958351135","0.002560883527621627","0.007570004556328058","0.006915510632097721","0.0025594921316951513","0.0005435807397589087","0.003529417561367154","0.005048568360507488","0.008988495916128159","0.006071056704968214","0.009483564645051956","0.0020447804126888514","0.0038772299885749817","0.001657057087868452","0","20","0","0.0005001905374228954","20","0","0","0.5327083468437195","0.5327083468437195","0","0.5033437013626099","0.5327083468437195","0.4672916531562805","5.611321449279785","1.0732924938201904","0.0896221250295639","0.5545457601547241","ssl_emnist_digits_dino","125","FAILED"
"2026-03-29 17:51:02","6.4min","49e9dafe2947453dbf7e4e05975839b6","ssl_emnist_digits_dino_trial_0124","LOCAL","src/cli.py","thallybu","FINISHED","False","None","threshold","0.5923895946720894","250","True","ShallowAutoencoder","None","1024","/data/thallybu/cache","1e-06","0","emnist_digits_dinov2_vits14","0.1301300895440614","True","384","[128]","1","0.5923895946720894","","0.1301300895440614","3","0.0006060573007636902","19","0.1667233465931672","2","","1.2003029888522332","1","0.04874030216490718","5","1e-06","0.0006060573007636902","5","19","10","4","0.1667233465931672","L","random","None","2","50","1.2003029888522332","threshold","1.0","42","10","[0.9, 0.1]","0.04874030216490718","0.1","False","True","True","5","10","0.006446531042456627","460.69482421875","0.43576252460479736","0.1574237048625946","0.38890552520751953","0.34684526920318604","0.4700341522693634","0.5012757778167725","0.4351558983325958","0.5017494559288025","0.48866966366767883","0.4420772194862366","0.4713452458381653","0.6037713289260864","10","0.5923895835876465","0.0013852071715518832","0.005719722248613834","0.006936509162187576","0.004143866710364819","0.004167287610471249","0.006838141940534115","0.005274666007608175","0.004362203646451235","0.005561917554587126","0.006035221740603447","0.005743172951042652","0.06094891577959061","0.05852251872420311","6048","20","0","0.05478272959589958","103252","0","0.003706189803779125","0.6238750219345093","0.6238750219345093","0","0.6301438808441162","0.6238750219345093","0.3761250078678131","9.249287605285645","0.9794073700904846","0.07338258624076843","0.7423584461212158","ssl_emnist_digits_dino","124","OK"
"2026-03-29 17:50:47","28.4s","5be7688b23f8401bb71787528e8e1d13","ssl_emnist_digits_dino_trial_0123","LOCAL","src/cli.py","thallybu","FINISHED","False","None","fixed_k","0.9","25","True","ShallowAutoencoder","None","1024","/data/thallybu/cache","1e-06","0","emnist_digits_dinov2_vits14","0.06169999854532913","True","384","[32]","0","","0","0.06169999854532913","2","0.0005874463450907547","4","0.16072892833569552","2","","1.2020644354434622","1","0.07998918764922526","5","1e-06","0.0005874463450907547","5","4","10","4","0.16072892833569552","L","random","None","2","50","1.2020644354434622","threshold","1.0","42","10","[0.9, 0.1]","0.07998918764922526","0.1","False","True","True","5","1","0.006390321999788284","0.09481481462717056","0","0","0","0","0","0","0","0","0","0","0","0","0.09481481462717056","","0.0007271598442457616","0.002913082018494606","0.011246875859797001","0.0008269224781543016","0.006009446457028389","0.0057676066644489765","0.004613470286130905","0.0027845976874232292","0.0048457179218530655","0.005288559943437576","0.0041318112052977085","0.0022134387400001287","0.0010568642755970359","0","20","0","0.00045916999806649983","20","0","0","0.6024583578109741","0.6024583578109741","0","0.5969285368919373","0.6024583578109741","0.39754167199134827","3.5460383892059326","0.9785252809524536","0.1579015552997589","0.4186452627182007","ssl_emnist_digits_dino","123","FAILED"
"2026-03-29 17:50:33","6.3min","383484743fc545378646fb1016796ae2","ssl_emnist_digits_dino_trial_0122","LOCAL","src/cli.py","thallybu","FINISHED","False","None","fixed_k","0.9","25","True","ShallowAutoencoder","None","1024","/data/thallybu/cache","1e-06","0","emnist_digits_dinov2_vits14","0.06191546076662728","True","384","[32]","0","","0","0.06191546076662728","2","0.0006031031596567075","23","0.16755992886898818","2","","1.558367131312472","1","0.07678252171966483","2","1e-06","0.0006031031596567075","5","23","10","4","0.16755992886898818","L","random","None","2","50","1.558367131312472","threshold","1.0","42","10","[0.9, 0.1]","0.07678252171966483","0.1","False","True","True","2","10","0.006698546465486288","8.389037132263184","0.189217671751976","0.0896555632352829","0.09535256773233414","0.089268259704113","0.24969244003295898","0.3102604150772095","0.27359944581985474","0.21518009901046753","0.2115558236837387","0.1564280390739441","0.17459814250469208","0.11624139547348022","5.639407634735107","","0.0006612196448259056","0.0018363773124292493","0.0021100558806210756","0.0027439703699201345","0.0036320723593235016","0.005842364393174648","0.002580468775704503","0.002693541580811143","0.0024865376763045788","0.002934780204668641","0.0016591919120401144","0.01904955878853798","0.017053158953785896","250","20","0","0.015990016981959343","2020","0","0.0012759162345901132","0.643625020980835","0.643625020980835","0","0.6460071802139282","0.643625020980835","0.3563750088214874","5.707909107208252","0.9020888805389404","0.06233103573322296","0.531348466873169","ssl_emnist_digits_dino","122","OK"
"2026-03-29 17:50:32","29.1s","2184c35eb08144c2a3fad23f8c2d37e6","ssl_emnist_digits_dino_trial_0121","LOCAL","src/cli.py","thallybu","FINISHED","False","None","fixed_k","0.9","25","True","ShallowAutoencoder","None","1024","/data/thallybu/cache","1e-06","0","emnist_digits_dinov2_vits14","0.09446960102820498","True","384","[32]","0","","0","0.09446960102820498","2","0.0028934532240512158","23","0.21616760595602066","2","","1.1131343048781013","1","0.18064620745206242","2","1e-06","0.0028934532240512158","5","23","10","4","0.21616760595602066","L","random","None","2","50","1.1131343048781013","threshold","1.0","42","10","[0.9, 0.1]","0.18064620745206242","0.1","False","True","True","2","1","0.004386552143841982","0.09481481462717056","0","0","0","0","0","0","0","0","0","0","0","0","0.09481481462717056","","0.0006826298777014017","0.008207983337342739","0.00020225218031555414","0.0010364034678786993","0.0067208679392933846","0.006291819736361504","0.002155328867956996","0.0025502536445856094","0.002492712577804923","0.0007763041649013758","0.006272704806178808","0.001978893531486392","0.0009569007670506835","0","20","0","0.00034803326707333326","20","0","0","0.5859166383743286","0.5859166383743286","0","0.5877401232719421","0.5859166383743286","0.414083331823349","4.533967018127441","0.9519662857055664","0.09381458163261414","0.45379096269607544","ssl_emnist_digits_dino","121","FAILED"
"2026-03-29 17:48:39","8.2min","49695d57ca9642ec9aa82c3ea9206c41","ssl_emnist_digits_dino_trial_0120","LOCAL","src/cli.py","thallybu","FINISHED","False","None","threshold","0.5921536526533293","250","True","ShallowAutoencoder","None","1024","/data/thallybu/cache","1e-06","0","emnist_digits_dinov2_vits14","0.08409096331307152","True","384","[32]","1","0.5921536526533293","","0.08409096331307152","2","0.002512877827140064","23","0.14881605893471975","2","","1.143234426191167","1","0.030619181200081183","2","1e-06","0.002512877827140064","5","23","10","4","0.14881605893471975","L","random","None","2","50","1.143234426191167","threshold","1.0","42","10","[0.9, 0.1]","0.030619181200081183","0.1","False","True","True","2","10","0.006970766931772232","509.7449035644531","0.43001076579093933","0.15724506974220276","0.38222402334213257","0.3108881115913391","0.5854467153549194","0.5310840010643005","0.5118157267570496","0.5140479207038879","0.5745987892150879","0.44207778573036194","0.45493796467781067","0.41106414794921875","10","0.5921536684036255","0.001120489789173007","0.005712529644370079","0.006801697891205549","0.004767154343426228","0.005512066185474396","0.008311029523611069","0.0047449227422475815","0.006063337903469801","0.0062220352701842785","0.005964905489236116","0.004492972511798143","0.06356419622898102","0.06136230379343033","969","20","0","0.05859266594052315","108523","0","0.002813697559759021","0.6340000033378601","0.6340000033378601","0","0.6300939321517944","0.6340000033378601","0.3659999966621399","6.8639750480651855","0.9224329590797424","0.08704099804162979","0.6361045241355896","ssl_emnist_digits_dino","120","OK"
"2026-03-29 17:44:23","6.4min","b0e8b2bf1efb43c1ae24c9038ee47c83","ssl_emnist_digits_dino_trial_0119","LOCAL","src/cli.py","thallybu","FINISHED","False","None","threshold","0.41133798864146315","250","True","ShallowAutoencoder","None","1024","/data/thallybu/cache","1e-06","0","emnist_digits_dinov2_vits14","0.014112844576398192","True","384","[16]","1","0.41133798864146315","","0.014112844576398192","1","8.197323603529065e-05","23","0.14851104032009052","3","1","","0","0.02116563413893388","2","1e-06","8.197323603529065e-05","5","23","10","4","0.14851104032009052","L","random","None","3","50","1.2","fixed_k","1.0","42","10","[0.9, 0.1]","0.02116563413893388","0.1","False","True","True","2","10","0.007469267584383488","114.73096466064453","0.31765782833099365","0.07160826027393341","0.3046363890171051","0.3221494257450104","0","0.3238224685192108","0.3086247444152832","0","0.2735394239425659","0.3358532190322876","0.3135685324668884","0.3479335308074951","5.971259117126465","0.4113380014896393","0.0005545337335206568","0.005117258056998253","0.006300663575530052","0.008085369132459164","0.0045166960917413235","0.005984159652143717","0.009899739176034927","0.007127357646822929","0.004684262443333864","0.003519168822094798","0.0027708387933671474","0.08453588932752609","0.049262311309576035","12541","30","350","0.028745131567120552","36398","450","0.05412695184350014","0.6497083306312561","0.6497083306312561","0","0.6412211656570435","0.6497083306312561","0.3502916693687439","5.697884559631348","0.9420344829559326","0.10217154026031494","0.6422885656356812","ssl_emnist_digits_dino","119","OK"
"2026-03-29 17:43:51","30.2s","b1b70f051485499cbd294094e306ace6","ssl_emnist_digits_dino_trial_0118","LOCAL","src/cli.py","thallybu","FINISHED","False","None","threshold","0.6186951875997326","250","True","ShallowAutoencoder","None","1024","/data/thallybu/cache","1e-06","0","emnist_digits_dinov2_vits14","0.004210887821266421","True","384","[16]","1","0.6186951875997326","","0.004210887821266421","1","0.0008153488539810826","22","0.13220574816772537","3","1","","0","0.021144713221982032","3","1e-06","0.0008153488539810826","5","22","10","4","0.13220574816772537","L","random","None","3","50","1.2","fixed_k","1.0","42","10","[0.9, 0.1]","0.021144713221982032","0.1","False","True","True","3","1","0.007885604165494442","0.14222222566604614","0","0","0","0","0","0","0","0","0","0","0","0","0.1374814808368683","0.6186951994895935","0.0005421926034614444","0.0025453497655689716","0.008168361149728298","0.00658011669293046","0.007095314562320709","0.007165498565882444","0.007001859601587057","0.009114427492022514","0.00646708020940423","0.008629164658486843","0.005032360088080168","0.002570803975686431","0.0009449549252167344","0","30","0","0.0009310658788308501","30","0","0.00005502483691088855","0.6451666951179504","0.6451666951179504","0","0.6430807709693909","0.6451666951179504","0.35483333468437195","4.051882743835449","0.9293193221092224","0.14430823922157288","0.43329983949661255","ssl_emnist_digits_dino","118","FAILED"
"2026-03-29 17:37:14","13.3min","47280184ad99450989d64f96380b5121","ssl_emnist_digits_dino_trial_0117","LOCAL","src/cli.py","thallybu","FINISHED","False","None","threshold","0.4359672086947197","250","True","ShallowAutoencoder","None","1024","/data/thallybu/cache","1e-06","0","emnist_digits_dinov2_vits14","0.014030368461549182","True","384","[16]","1","0.4359672086947197","","0.014030368461549182","1","8.122732376409544e-05","22","0.13237603550150734","3","1","","0","0.02080971192316885","3","1e-06","8.122732376409544e-05","5","22","10","4","0.13237603550150734","L","random","None","3","50","1.2","fixed_k","1.0","42","10","[0.9, 0.1]","0.02080971192316885","0.1","False","True","True","3","18","0.008439207449555397","291.987548828125","0.3414592444896698","0.09543774276971817","0.331848680973053","0.3203935921192169","0.3578003942966461","0.35366305708885193","0.3751479387283325","0.35963064432144165","0.36376693844795227","0.34996744990348816","0.3404366672039032","0.3185572922229767","9.976296424865723","0.43596720695495605","0.0005756310420110822","0.005577199161052704","0.006504636257886887","0.0038131747860461473","0.004410651978105307","0.0066902125254273415","0.004678261466324329","0.0037896435242146254","0.005033489316701889","0.005605414044111967","0.003158089006319642","0.05412597954273224","0.056149668991565704","1209","30","500","0.04914986714720726","62316","4367","0.0032833190634846687","0.6756250262260437","0.6756250262260437","0","0.6750564575195312","0.6756250262260437","0.3243750035762787","6.911328315734863","0.9215295910835266","0.10041617602109909","0.6980177164077759","ssl_emnist_digits_dino","117","OK"
"2026-03-29 17:36:57","15.8min","4ff94d3180774b4d8849042f018d6774","ssl_emnist_digits_dino_trial_0116","LOCAL","src/cli.py","thallybu","FINISHED","False","None","threshold","0.43867028365670835","250","True","ShallowAutoencoder","None","1024","/data/thallybu/cache","1e-06","0","emnist_digits_dinov2_vits14","0.0143811843829512","True","384","[16]","1","0.43867028365670835","","0.0143811843829512","1","0.0033633411164014325","22","0.12967857687125026","3","1","","0","0.020271546168195147","3","1e-06","0.0033633411164014325","5","22","10","4","0.12967857687125026","L","random","None","3","50","1.2","fixed_k","1.0","42","10","[0.9, 0.1]","0.020271546168195147","0.1","False","True","True","3","20","0.007575524039566517","323.6509704589844","0.34386736154556274","0.11072205752134323","0.2882772386074066","0.3022165894508362","0.3783831298351288","0.4180607199668884","0.3795653283596039","0.3600182831287384","0.37463581562042236","0.3820473849773407","0.3102250397205353","0.3291531503200531","10","0.43867027759552","0.0009454268729314208","0.0047396766021847725","0.006615631282329559","0.00371440383605659","0.0036700644996017218","0.006556556560099125","0.004488255828619003","0.0038949602749198675","0.005452680867165327","0.004922097083181143","0.0032550666946917772","0.051098018884658813","0.0526403933763504","698","30","500","0.04730939492583275","68489","7184","0.0018607894890010357","0.7114999890327454","0.7114999890327454","0","0.7133952975273132","0.7114999890327454","0.28850001096725464","6.363494873046875","0.8400540947914124","0.07823167741298676","0.579326868057251","ssl_emnist_digits_dino","116","OK"
"2026-03-29 17:36:40","33.1s","195f3f07a27a4f92b656c5760ed67fb5","ssl_emnist_digits_dino_trial_0115","LOCAL","src/cli.py","thallybu","FINISHED","False","None","threshold","0.6340712393115354","250","True","ShallowAutoencoder","None","1024","/data/thallybu/cache","1e-06","0","emnist_digits_dinov2_vits14","0.039825056697626496","True","384","[32]","1","0.6340712393115354","","0.039825056697626496","2","0.0032370196072433657","21","0.15399492910177334","1","","1.2257904058023923","1","0.03480498446320286","2","1e-06","0.0032370196072433657","5","21","10","4","0.15399492910177334","L","random","None","1","50","1.2257904058023923","threshold","1.0","42","10","[0.9, 0.1]","0.03480498446320286","0.1","False","True","True","2","1","0.0017584231682121754","0.04740740731358528","0","0","0","0","0","0","0","0","0","0","0","0","0.04740740731358528","0.6340712308883667","0.00044917233753949404","0.0005962044233456254","0.00007186229777289554","0.00008090212941169739","0.000241421366808936","0.0003468948125373572","0.0002419536467641592","0.008094493299722672","0.00032823087531141937","0.00021540152374655008","0.0009825819870457053","0.0007730568759143353","0.0002762925287242979","0","10","0","0.00005309604239300825","10","0","0","0.5180416703224182","0.5180416703224182","0","0.5173365473747253","0.5180416703224182","0.4819583296775818","5.586716651916504","1.0746524333953857","0.12394728511571884","0.46533793210983276","ssl_emnist_digits_dino","115","FAILED"
"2026-03-29 17:36:26","30.1s","da1584d8a43a42bda1554dd826080342","ssl_emnist_digits_dino_trial_0114","LOCAL","src/cli.py","thallybu","FINISHED","False","None","threshold","0.5684529771594072","250","True","ShallowAutoencoder","None","1024","/data/thallybu/cache","1e-06","0","emnist_digits_dinov2_vits14","0.04104286001867894","True","384","[32]","1","0.5684529771594072","","0.04104286001867894","2","0.0049490810941408","21","0.17613923744021076","2","","1.233429660317136","1","0.03796836031730544","2","1e-06","0.0049490810941408","5","21","10","4","0.17613923744021076","L","random","None","2","50","1.233429660317136","threshold","1.0","42","10","[0.9, 0.1]","0.03796836031730544","0.1","False","True","True","2","1","0.003419520566239953","0.09481481462717056","0","0","0","0","0","0","0","0","0","0","0","0","0.09481481462717056","0.5684529542922974","0.0005132899386808276","0.00020614311506506056","0.006895675323903561","0.0001742275635479018","0.0026872490998357534","0.001712639001198113","0.004115918185561895","0.0026280118618160486","0.003065918106585741","0.00011539617844391614","0.0007503131055273116","0.0013275273377075791","0.0007446231320500374","0","20","0","0.00021192524582147598","20","0","0","0.59354168176651","0.59354168176651","0","0.5783739686012268","0.59354168176651","0.40645831823349","5.842118740081787","1.0330898761749268","0.14353595674037933","0.5454946160316467","ssl_emnist_digits_dino","114","FAILED"
"2026-03-29 17:35:29","13.1min","777a6df611a44061beef3560e1ceb1ea","ssl_emnist_digits_dino_trial_0113","LOCAL","src/cli.py","thallybu","FINISHED","False","None","threshold","0.5712035936566712","250","True","ShallowAutoencoder","None","1024","/data/thallybu/cache","1e-06","0","emnist_digits_dinov2_vits14","0.04170405231572943","True","384","[32]","1","0.5712035936566712","","0.04170405231572943","2","0.0032697944287168523","21","0.17739937797267255","2","","1.2284642802134362","1","0.03649101902026128","2","1e-06","0.0032697944287168523","5","21","10","4","0.17739937797267255","L","random","None","2","50","1.2284642802134362","threshold","1.0","42","10","[0.9, 0.1]","0.03649101902026128","0.1","False","True","True","2","15","0.0061038946732878685","531.754638671875","0.41814562678337097","0.14862868189811707","0.3769235908985138","0.3267194926738739","0.5293951034545898","0.5302287340164185","0.44262129068374634","0.4757491946220398","0.4873510003089905","0.4300605058670044","0.3987313210964203","0.4046170711517334","10","0.5712035894393921","0.0017517548985779285","0.0052270432934165","0.006567621137946844","0.004296316299587488","0.00435435026884079","0.00652181776240468","0.004225702490657568","0.0057265558280050755","0.005725141614675522","0.005625513847917318","0.0037449770607054234","0.057883668690919876","0.05678704380989075","342","20","0","0.0520150251686573","112539","0","0.003034030320122838","0.7020416855812073","0.7020416855812073","0","0.6975145936012268","0.7020416855812073","0.2979583442211151","6.351361274719238","0.8488781452178955","0.05249949172139168","0.6214789152145386","ssl_emnist_digits_dino","113","OK"
"2026-03-29 17:35:05","23.7s","cf131f3d418a42a89f116616f2678a8b","ssl_emnist_digits_dino_trial_0112","LOCAL","src/cli.py","thallybu","FINISHED","False","None","threshold","0.49129937268229695","250","True","ShallowAutoencoder","None","1024","/data/thallybu/cache","1e-06","0","emnist_digits_dinov2_vits14","0.05178373998825703","True","384","[8]","1","0.49129937268229695","","0.05178373998825703","0","0.0010251273554752567","23","0.13590954230322114","5","","1.4266215427537983","1","0.04473531204243276","3","1e-06","0.0010251273554752567","5","23","10","4","0.13590954230322114","L","random","None","5","50","1.4266215427537983","threshold","1.0","42","10","[0.9, 0.1]","0.04473531204243276","0.1","False","True","True","3","1","0.010090963914990425","0.23644444346427917","0","0","0","0","0","0","0","0","0","0","0","0","0.23170369863510132","0.4912993609905243","0.00031187545391730964","0.009227524511516094","0.008580276742577553","0.01107673067599535","0.004229199141263962","0.009012987837195396","0.014687818475067616","0.006572030484676361","0.009924367070198059","0.01308806799352169","0.010314014740288258","0.0064224423840641975","0.0024924506433308125","0","50","0","0.0022390258964151144","50","0","0.0025000828318297863","0.6763333082199097","0.6763333082199097","0","0.6689822673797607","0.6763333082199097","0.32366666197776794","4.308558940887451","0.9067826867103577","0.1281062215566635","0.35429438948631287","ssl_emnist_digits_dino","112","FAILED"
"2026-03-29 17:34:10","16.9min","0bd7c5dc47d643b2a3276f91f2ddcd6d","ssl_emnist_digits_dino_trial_0111","LOCAL","src/cli.py","thallybu","FINISHED","False","None","threshold","0.571335483553741","250","True","ShallowAutoencoder","None","1024","/data/thallybu/cache","1e-06","0","emnist_digits_dinov2_vits14","0.05166152923195294","True","384","[8]","1","0.571335483553741","","0.05166152923195294","0","0.003263837173757274","21","0.1765743843023647","1","","1.143580689651587","1","0.04528584511099475","3","1e-06","0.003263837173757274","5","21","10","4","0.1765743843023647","L","random","None","1","50","1.143580689651587","threshold","1.0","42","10","[0.9, 0.1]","0.04528584511099475","0.1","False","True","True","3","20","0.0068914457224309444","508.2530517578125","0.42685553431510925","0.14672330021858215","0.34701022505760193","0.3205214738845825","0.46703946590423584","0.5020461082458496","0.4881935715675354","0.4822104871273041","0.525672197341919","0.44317686557769775","0.46718308329582214","0.43255752325057983","10","0.57133549451828","0.0012242828961461782","0.005416508764028549","0.006845765747129917","0.005770959425717592","0.004454566165804863","0.008033175021409988","0.004607732407748699","0.005194520112127066","0.006272199098020792","0.005942361894994974","0.004138687625527382","0.0633573830127716","0.06067666783928871","693","10","0","0.056676480919122696","107933","0","0.004239773843437433","0.7225416898727417","0.7225416898727417","0","0.7273078560829163","0.7225416898727417","0.2774583399295807","7.156082630157471","0.8263593912124634","0.058846164494752884","0.5807095766067505","ssl_emnist_digits_dino","111","OK"
"2026-03-29 17:34:05","9.8min","c7b808a0c85f4f47a87d40ddac4f150c","ssl_emnist_digits_dino_trial_0110","LOCAL","src/cli.py","thallybu","FINISHED","False","None","threshold","0.45886607302575355","250","True","ShallowAutoencoder","None","1024","/data/thallybu/cache","1e-06","0","emnist_digits_dinov2_vits14","0.02506418223877829","True","384","[8]","1","0.45886607302575355","","0.02506418223877829","0","0.0033655080358835714","17","0.1771211659702881","4","","1.427465951792493","1","0.028061457555586544","3","1e-06","0.0033655080358835714","5","17","10","4","0.1771211659702881","L","random","None","4","50","1.427465951792493","threshold","1.0","42","10","[0.9, 0.1]","0.028061457555586544","0.1","False","True","True","3","13","0.009289036504924297","312.898681640625","0.3706997036933899","0.1166001558303833","0.39666199684143066","0.308676540851593","0.4151870310306549","0.3793580234050751","0.37302160263061523","0.4145951569080353","0.383362352848053","0.3569861054420471","0.35952749848365784","0.3752503991127014","10","0.45886605978012085","0.0004514790198300034","0.005311231594532728","0.006493995897471905","0.006014568731188774","0.0037739358376711607","0.006386579014360905","0.004276338033378124","0.004320020321756601","0.005454040598124266","0.005278221797198057","0.003956892527639866","0.05616738274693489","0.05582844093441963","339","40","0","0.051265813410282135","66359","0","0.002804794115945697","0.6846666932106018","0.6846666932106018","0","0.6919179558753967","0.6846666932106018","0.3153333365917206","8.082274436950684","0.878607988357544","0.1106598898768425","0.5887656211853027","ssl_emnist_digits_dino","110","OK"
"2026-03-29 17:33:35","33.9s","d11152f7e51448e3a67f227cc305cbb6","ssl_emnist_digits_dino_trial_0109","LOCAL","src/cli.py","thallybu","FINISHED","False","None","threshold","0.45847999817714574","250","True","ShallowAutoencoder","None","1024","/data/thallybu/cache","1e-06","0","emnist_digits_dinov2_vits14","0.02587716740804448","True","384","[32]","1","0.45847999817714574","","0.02587716740804448","2","0.0016758822662826828","26","0.15794332627541544","4","","1.18381311909584","1","0.028195595533059767","4","1e-06","0.0016758822662826828","5","26","10","4","0.15794332627541544","L","random","None","4","50","1.18381311909584","threshold","1.0","42","10","[0.9, 0.1]","0.028195595533059767","0.1","False","True","True","4","1","0.007284387014806271","0.18962962925434113","0","0","0","0","0","0","0","0","0","0","0","0","0.18962962925434113","0.45848000049591064","0.0007651162450201809","0.004668215289711952","0.00543690612539649","0.006620118394494057","0.009577028453350067","0.011421142145991325","0.015814274549484253","0.006015099585056305","0.006920871324837208","0.007043289951980114","0.007752446457743645","0.0034567443653941154","0.0014110686024650931","0","40","0","0.0015411085914820433","40","0","0","0.6625833511352539","0.6625833511352539","0","0.6623865962028503","0.6625833511352539","0.3374166488647461","5.5117411613464355","0.910446286201477","0.12822122871875763","0.47079119086265564","ssl_emnist_digits_dino","109","FAILED"
"2026-03-29 17:33:33","31.5s","45d8b037c3e04d198e62703590799c10","ssl_emnist_digits_dino_trial_0108","LOCAL","src/cli.py","thallybu","FINISHED","False","None","threshold","0.5383920668065094","250","True","ShallowAutoencoder","None","1024","/data/thallybu/cache","1e-06","0","emnist_digits_dinov2_vits14","0.10578435559708149","True","384","[32]","1","0.5383920668065094","","0.10578435559708149","2","0.001664167517922526","26","0.16773827664107532","4","","1.1749418485943086","1","0.02363864996800886","4","1e-06","0.001664167517922526","5","26","10","4","0.16773827664107532","L","random","None","4","50","1.1749418485943086","threshold","1.0","42","10","[0.9, 0.1]","0.02363864996800886","0.1","False","True","True","4","1","0.007763231173157692","0.18962962925434113","0","0","0","0","0","0","0","0","0","0","0","0","0.18962962925434113","0.5383920669555664","0.0007904772646725178","0.00526414904743433","0.005278468132019043","0.007685753982514143","0.010528294369578362","0.00924344826489687","0.01608361303806305","0.006771411746740341","0.007485325913876295","0.006876742467284203","0.006642406806349754","0.0036449695471674204","0.0014791586436331272","0","40","0","0.001552300644107163","40","0","0","0.6240000128746033","0.6240000128746033","0","0.604682207107544","0.6240000128746033","0.37599998712539673","4.822545528411865","0.9746840596199036","0.15757328271865845","0.5485921502113342","ssl_emnist_digits_dino","108","FAILED"
"2026-03-29 17:28:47","6.2min","5e79b82b13ec43b48d21caa93bb2b872","ssl_emnist_digits_dino_trial_0107","LOCAL","src/cli.py","thallybu","FINISHED","False","None","threshold","0.4658405260861387","250","True","ShallowAutoencoder","None","1024","/data/thallybu/cache","1e-06","0","emnist_digits_dinov2_vits14","0.10568825739998708","True","384","[32]","1","0.4658405260861387","","0.10568825739998708","2","6.826938682531026e-05","17","0.14316256367619484","4","","1.1331516160699244","1","0.02395042781085029","3","1e-06","6.826938682531026e-05","5","17","10","4","0.14316256367619484","L","random","None","4","50","1.1331516160699244","threshold","1.0","42","10","[0.9, 0.1]","0.02395042781085029","0.1","False","True","True","3","10","0.007767210248857737","118.02340698242188","0.3541271686553955","0.08857327699661255","0.33918219804763794","0.3163222670555115","0","0.3915839195251465","0.43097057938575745","0.4165947437286377","0.41301238536834717","0.47585514187812805","0.35496971011161804","0.3928031325340271","7.8767409324646","0.46584051847457886","0.0010217617964372039","0.005502042826265097","0.006528724916279316","0.010059183463454247","0.005653569474816322","0.006937068421393633","0.005271718837320805","0.005095422733575106","0.005116736050695181","0.005199425388127565","0.004195351153612137","0.0873592272400856","0.05160730332136154","6448","40","0","0.04367655888199806","31350","0","0.04154892638325691","0.671541690826416","0.671541690826416","0","0.6745322942733765","0.671541690826416","0.32845833897590637","4.873682975769043","0.8940396904945374","0.0999472364783287","0.4676401913166046","ssl_emnist_digits_dino","107","OK"
"2026-03-29 17:28:16","30.4s","4f094676791d42608eef2d8c589a29fb","ssl_emnist_digits_dino_trial_0106","LOCAL","src/cli.py","thallybu","FINISHED","False","None","threshold","0.6897803385189439","250","True","ShallowAutoencoder","None","1024","/data/thallybu/cache","1e-06","0","emnist_digits_dinov2_vits14","0.10146544803573439","True","384","[32]","1","0.6897803385189439","","0.10146544803573439","2","0.0029199188008060483","21","0.15134366414762288","5","","1.3526718959602742","1","0.056265830667043416","2","1e-06","0.0029199188008060483","5","21","10","4","0.15134366414762288","L","random","None","5","50","1.3526718959602742","threshold","1.0","42","10","[0.9, 0.1]","0.056265830667043416","0.1","False","True","True","2","1","0.008867141790688038","0.2370370328426361","0","0","0","0","0","0","0","0","0","0","0","0","0.2370370328426361","0.6897803544998169","0.0006365005392581224","0.00751112774014473","0.009898463264107704","0.007251954637467861","0.007430058903992176","0.006891987286508083","0.00713734608143568","0.008642774075269699","0.010799407958984375","0.007141183130443096","0.008302816189825535","0.0038986550644040108","0.017818281427025795","0","50","0","0.0019201684044674039","50","0","0","0.6265000104904175","0.6265000104904175","0","0.6196645498275757","0.6265000104904175","0.3734999895095825","5.347567558288574","0.9732298254966736","0.1170281171798706","0.46438363194465637","ssl_emnist_digits_dino","106","FAILED"
"2026-03-29 17:22:07","28.4min","0fa100bf2255403996eec26a6c786af9","ssl_emnist_digits_dino_trial_0105","LOCAL","src/cli.py","thallybu","FINISHED","False","None","threshold","0.6946855798077877","250","True","ShallowAutoencoder","None","1024","/data/thallybu/cache","1e-06","0","emnist_digits_dinov2_vits14","0.05139231851921858","True","384","[32]","1","0.6946855798077877","","0.05139231851921858","2","0.000809065413651325","26","0.16679982421660824","4","","1.1731154064778981","1","0.060822571943359445","3","1e-06","0.000809065413651325","5","26","10","4","0.16679982421660824","L","random","None","4","50","1.1731154064778981","threshold","1.0","42","10","[0.9, 0.1]","0.060822571943359445","0.1","False","True","True","3","30","0.005594885442405939","765.6675415039062","0.5132020115852356","0.19427329301834106","0.42595502734184265","0.29798176884651184","0.6363365054130554","0.5428251028060913","0.506838858127594","0.6393635272979736","0.5522064566612244","0.5189811587333679","0.4773622155189514","0.6277575492858887","10","0.6946855783462524","0.0024592215195298195","0.004958067089319229","0.006054425612092018","0.00592770567163825","0.004265452269464731","0.006676998920738697","0.004869045224040747","0.0051569161005318165","0.005795445758849382","0.005855752620846033","0.004943093750625849","0.062039103358983994","0.06126611679792404","173","40","0","0.05450291559100151","161725","0","0.004143735859543085","0.7662083506584167","0.7662083506584167","0","0.7694980502128601","0.7662083506584167","0.23379166424274445","8.229923248291016","0.7762765288352966","0.06536758691072464","0.5414746999740601","ssl_emnist_digits_dino","105","OK"
"2026-03-29 17:19:09","17.3min","ab4db887a34547cf9f96c6e33f7b841c","ssl_emnist_digits_dino_trial_0104","LOCAL","src/cli.py","thallybu","FINISHED","False","None","threshold","0.6068219384600894","250","True","ShallowAutoencoder","None","1024","/data/thallybu/cache","1e-06","0","emnist_digits_dinov2_vits14","0.03213331559784993","True","384","[32]","1","0.6068219384600894","","0.03213331559784993","2","0.002018031102396877","26","0.14374767707128103","4","","1.1811765133106606","1","0.05912104079951428","3","1e-06","0.002018031102396877","5","26","10","4","0.14374767707128103","L","random","None","4","50","1.1811765133106606","threshold","1.0","42","10","[0.9, 0.1]","0.05912104079951428","0.1","False","True","True","3","20","0.006793271750211716","595.1116943359375","0.4536166489124298","0.1651148498058319","0.3691917955875397","0.3171168565750122","0.5181427001953125","0.5773252844810486","0.5587969422340393","0.4836440086364746","0.5130367875099182","0.45355576276779175","0.4596326947212219","0.5378744602203369","10","0.6068219542503357","0.0012088080402463675","0.005397249478846788","0.006601558532565832","0.005527754779905081","0.005694128572940826","0.007612008601427078","0.004468983039259911","0.004958265461027622","0.006081299390643835","0.006347757298499346","0.004589499440044165","0.06448817253112793","0.06635496020317078","479","40","0","0.057278502732515335","126046","0","0.00502434279769659","0.6902916431427002","0.6902916431427002","0","0.6897613406181335","0.6902916431427002","0.3097083270549774","5.946343421936035","0.8724815845489502","0.0590217150747776","0.6298915147781372","ssl_emnist_digits_dino","104","OK"
"2026-03-29 17:18:41","27.1s","a6db9cf2709940ddb269fdf791ba119b","ssl_emnist_digits_dino_trial_0103","LOCAL","src/cli.py","thallybu","FINISHED","False","None","threshold","0.49296304431620264","250","True","ShallowAutoencoder","None","1024","/data/thallybu/cache","1e-06","0","emnist_digits_dinov2_vits14","0.03675891004818911","True","384","[32]","1","0.49296304431620264","","0.03675891004818911","2","0.0006035574376981289","17","0.22526142283293626","3","","1.1312991306184734","1","0.06873656171200732","2","1e-06","0.0006035574376981289","5","17","10","4","0.22526142283293626","L","random","None","3","50","1.1312991306184734","threshold","1.0","42","10","[0.9, 0.1]","0.06873656171200732","0.1","False","True","True","2","1","0.008433357812464237","0.14222222566604614","0","0","0","0","0","0","0","0","0","0","0","0","0.14222222566604614","0.492963045835495","0.0010342116001993418","0.005727432202547789","0.011389722116291523","0.009890641085803509","0.008440317586064339","0.0034384874161332846","0.004722680430859327","0.006813155487179756","0.011376219801604748","0.011224520392715931","0.0068759857676923275","0.004070265218615532","0.0018702240195125341","0","30","0","0.0011363436933606863","30","0","0","0.6507499814033508","0.6507499814033508","0","0.6555098295211792","0.6507499814033508","0.3492499887943268","4.261892318725586","0.9129926562309265","0.13790513575077057","0.403717577457428","ssl_emnist_digits_dino","103","FAILED"
"2026-03-29 17:18:27","18.2min","707fd87e9a30424087841542c6f6391b","ssl_emnist_digits_dino_trial_0102","LOCAL","src/cli.py","thallybu","FINISHED","False","None","threshold","0.694659740948192","250","True","ShallowAutoencoder","None","1024","/data/thallybu/cache","1e-06","0","emnist_digits_dinov2_vits14","0.03406564123341515","True","384","[32]","1","0.694659740948192","","0.03406564123341515","2","0.0013331197743994432","17","0.2274424839821525","3","","1.1789836108371916","1","0.14928230266114792","3","1e-06","0.0013331197743994432","5","17","10","4","0.2274424839821525","L","random","None","3","50","1.1789836108371916","threshold","1.0","42","10","[0.9, 0.1]","0.14928230266114792","0.1","False","True","True","3","20","0.0059008412063121796","744.6566162109375","0.5127390623092651","0.18905045092105865","0.42972710728645325","0.36247652769088745","0.7027137279510498","0.564893364906311","0.5468827486038208","0.6044572591781616","0.5949186682701111","0.5299584865570068","0.44628670811653137","0.5384712815284729","10","0.6946597695350647","0.0028180438093841076","0.004986529238522053","0.006953515112400055","0.006844570394605398","0.004415095318108797","0.007018174510449171","0.004270527511835098","0.00467620138078928","0.005413433071225882","0.005195270758122206","0.005131191108375788","0.06859710812568665","0.06868621706962585","410","30","0","0.054904524236917496","157530","0","0.009532447904348373","0.7071250081062317","0.7071250081062317","0","0.7042564749717712","0.7071250081062317","0.2928749918937683","6.399598598480225","0.8741967082023621","0.07807689905166626","0.6585108637809753","ssl_emnist_digits_dino","102","OK"
"2026-03-29 17:17:56","29.9s","395c736abb6b42e3a15c62c4cb41a7fd","ssl_emnist_digits_dino_trial_0101","LOCAL","src/cli.py","thallybu","FINISHED","False","None","threshold","0.6433997377203915","250","True","ShallowAutoencoder","None","1024","/data/thallybu/cache","1e-06","0","emnist_digits_dinov2_vits14","0.1103286635753725","True","384","[32]","1","0.6433997377203915","","0.1103286635753725","2","0.0004557512452041287","9","0.19677724704385485","3","","1.3749490554932948","1","0.017024367971822933","2","1e-06","0.0004557512452041287","5","9","10","4","0.19677724704385485","L","random","None","3","50","1.3749490554932948","threshold","1.0","42","10","[0.9, 0.1]","0.017024367971822933","0.1","False","True","True","2","1","0.00965067744255066","0.14222222566604614","0","0","0","0","0","0","0","0","0","0","0","0","0.14222222566604614","0.643399715423584","0.0009803407592698932","0.008672522380948067","0.01621924340724945","0.007633937988430262","0.01496876496821642","0.010275640524923801","0.006880462635308504","0.016094259917736053","0.0059665534645318985","0.009790212847292423","0.0056016705930233","0.00433151051402092","0.007016041781753302","0","30","0","0.0014521353878080845","30","0","0","0.6197083592414856","0.6197083592414856","0","0.6179428696632385","0.6197083592414856","0.3802916705608368","4.037696838378906","0.9318870306015015","0.23010574281215668","0.3341516852378845","ssl_emnist_digits_dino","101","FAILED"
"2026-03-29 17:16:08","17.4min","67149d4b325a42588c2ee8f294e18b8a","ssl_emnist_digits_dino_trial_0100","LOCAL","src/cli.py","thallybu","FINISHED","False","None","threshold","0.5112732538078708","250","True","ShallowAutoencoder","None","1024","/data/thallybu/cache","1e-06","0","emnist_digits_dinov2_vits14","0.0330208626583006","True","384","[32]","1","0.5112732538078708","","0.0330208626583006","2","0.0013053913273362533","24","0.14280481343530563","3","","1.3791247662381556","1","0.14755263234447508","2","1e-06","0.0013053913273362533","5","24","10","4","0.14280481343530563","L","random","None","3","50","1.3791247662381556","threshold","1.0","42","10","[0.9, 0.1]","0.14755263234447508","0.1","False","True","True","2","20","0.00658861780539155","499.056884765625","0.38464421033859253","0.13953737914562225","0.38732433319091797","0.2985466420650482","0.43527621030807495","0.3441031873226166","0.39288413524627686","0.48562073707580566","0.41347044706344604","0.3868473470211029","0.3983524441719055","0.537449836730957","10","0.5112732648849487","0.0019160476513206959","0.005124180112034082","0.00624519819393754","0.004056244157254696","0.0038171361666172743","0.006319992244243622","0.004931707866489887","0.004990050103515387","0.005237880628556013","0.0052214148454368114","0.004557838197797537","0.06391394138336182","0.06220622733235359","942","30","0","0.05050165578722954","106242","0","0.010555374436080456","0.7132916450500488","0.7132916450500488","0","0.7086170315742493","0.7132916450500488","0.2867083251476288","8.986145973205566","0.8874666094779968","0.07624701410531998","0.8103852272033691","ssl_emnist_digits_dino","100","OK"
"2026-03-29 17:15:36","31.0s","3391a18070744c118842127f0ce0aebe","ssl_emnist_digits_dino_trial_0099","LOCAL","src/cli.py","thallybu","FINISHED","False","None","threshold","0.5605298129779008","250","True","ShallowAutoencoder","None","1024","/data/thallybu/cache","1e-06","0","emnist_digits_dinov2_vits14","0.11964820758306588","True","384","[32]","1","0.5605298129779008","","0.11964820758306588","2","0.0004014463441834593","20","0.13823631976220768","3","","1.3950212673158584","1","0.028885385585887526","2","1e-06","0.0004014463441834593","5","20","10","4","0.13823631976220768","L","random","None","3","50","1.3950212673158584","threshold","1.0","42","10","[0.9, 0.1]","0.028885385585887526","0.1","False","True","True","2","1","0.01086210273206234","0.14222222566604614","0","0","0","0","0","0","0","0","0","0","0","0","0.14222222566604614","0.5605298280715942","0.0011857555946335196","0.011679131537675858","0.011079427786171436","0.009959634393453598","0.01192067563533783","0.012419006787240505","0.012424820102751255","0.012167545966804028","0.00808667577803135","0.014022164978086948","0.011842738837003708","0.004331408534198999","0.001699201064184308","0","30","0","0.00164411508012563","30","0","0","0.7092499732971191","0.7092499732971191","0","0.7060262560844421","0.7092499732971191","0.29074999690055847","2.9664618968963623","0.8697696924209595","0.21330201625823975","0.3124210238456726","ssl_emnist_digits_dino","99","FAILED"
"2026-03-29 17:14:50","18.7min","ca87324522b54ef093a4fc1d326bec2e","ssl_emnist_digits_dino_trial_0098","LOCAL","src/cli.py","thallybu","FINISHED","False","None","threshold","0.6985084896150622","250","True","ShallowAutoencoder","None","1024","/data/thallybu/cache","1e-06","0","emnist_digits_dinov2_vits14","0.03885583096725798","True","384","[32]","1","0.6985084896150622","","0.03885583096725798","2","0.0014260594194972609","20","0.1400946450915544","3","","1.129001620723616","1","0.14498861263012186","2","1e-06","0.0014260594194972609","5","20","10","4","0.1400946450915544","L","random","None","3","50","1.129001620723616","threshold","1.0","42","10","[0.9, 0.1]","0.14498861263012186","0.1","False","True","True","2","20","0.006163693964481354","768.256591796875","0.5236221551895142","0.1844363808631897","0.4137769043445587","0.480681449174881","0.6997151374816895","0.521259069442749","0.5512784123420715","0.5672976970672607","0.5963967442512512","0.5424111485481262","0.4476218521595001","0.5750452280044556","10","0.6985085010528564","0.002009529387578368","0.0053444067016243935","0.009289281442761421","0.006840299814939499","0.004473824519664049","0.0069913724437355995","0.0047478023916482925","0.005878921132534742","0.006516310386359692","0.005374398548156023","0.005088120233267546","0.07381301373243332","0.07166820764541626","312","30","0","0.06054475158452988","162412","0","0.01039525680243969","0.718708336353302","0.718708336353302","0","0.7133224010467529","0.718708336353302","0.281291663646698","8.117916107177734","0.8808609843254089","0.10267263650894165","0.6899967789649963","ssl_emnist_digits_dino","98","OK"
"2026-03-29 17:14:18","30.9s","c146fafc0c834e74a7bb95b1cadeff22","ssl_emnist_digits_dino_trial_0097","LOCAL","src/cli.py","thallybu","FINISHED","False","None","threshold","0.5591840956208751","250","True","ShallowAutoencoder","None","1024","/data/thallybu/cache","1e-06","0","emnist_digits_dinov2_vits14","0.0875143306983027","True","384","[32]","1","0.5591840956208751","","0.0875143306983027","2","0.0007031219114693541","23","0.12257458553415743","3","","1.15977933559551","1","0.03486763771387574","2","1e-06","0.0007031219114693541","5","23","10","4","0.12257458553415743","L","random","None","3","50","1.15977933559551","threshold","1.0","42","10","[0.9, 0.1]","0.03486763771387574","0.1","False","True","True","2","1","0.0090260561555624","0.14222222566604614","0","0","0","0","0","0","0","0","0","0","0","0","0.1374814808368683","0.5591840744018555","0.0009820576524361968","0.0065923952497541904","0.006287076510488987","0.00720967585220933","0.008880292996764183","0.016197292134165764","0.009806140325963497","0.005717743653804064","0.0061622015200555325","0.009060262702405453","0.010783647187054157","0.0050478968769311905","0.003314749337732792","0","30","0","0.0012032147496938705","30","0","0.001756260055117309","0.64041668176651","0.64041668176651","0","0.6461144089698792","0.64041668176651","0.35958331823349","4.052633762359619","0.9221336245536804","0.10140004754066467","0.4028281569480896","ssl_emnist_digits_dino","97","FAILED"
"2026-03-29 17:14:04","1.1h","ba640c19d6b3482e8f1c740275c7af9b","ssl_emnist_digits_dino_trial_0096","LOCAL","src/cli.py","thallybu","FINISHED","False","None","threshold","0.7001568922630859","250","True","ShallowAutoencoder","None","1024","/data/thallybu/cache","1e-06","0","emnist_digits_dinov2_vits14","0.11783283565372739","True","384","[32]","1","0.7001568922630859","","0.11783283565372739","2","0.0007243212512829986","23","0.13670086517141206","3","","1.1621567076107489","1","0.1498116861479606","2","1e-06","0.0007243212512829986","5","23","10","4","0.13670086517141206","L","random","None","3","50","1.1621567076107489","threshold","1.0","42","10","[0.9, 0.1]","0.1498116861479606","0.1","False","True","True","2","63","0.005231466609984636","803.6397094726562","0.5131293535232544","0.19764453172683716","0.42462483048439026","0.3137848377227783","0.6037986278533936","0.5962287187576294","0.5626857876777649","0.6316722631454468","0.6122760772705078","0.5061118602752686","0.4703715741634369","0.5383216142654419","10","0.7001568675041199","0.004577930551022291","0.005112812854349613","0.005879520904272795","0.004836861044168472","0.0034352471120655537","0.006601868662983179","0.004439755342900753","0.0055398219265043736","0.00529511971399188","0.0054197958670556545","0.004162328317761421","0.06500041484832764","0.06534096598625183","46","30","0","0.050723131746053696","169609","0","0.008984210900962353","0.7994999885559082","0.7994999885559082","0","0.8016288876533508","0.7994999885559082","0.2004999965429306","7.816999435424805","0.7219418287277222","0.06139456108212471","0.4678805470466614","ssl_emnist_digits_dino","96","OK"
"2026-03-29 17:12:01","10.1min","f4a1f85541684e119fbdaf52ce08979b","ssl_emnist_digits_dino_trial_0095","LOCAL","src/cli.py","thallybu","FINISHED","False","None","threshold","0.6990901121099966","250","True","ShallowAutoencoder","None","1024","/data/thallybu/cache","1e-06","0","emnist_digits_dinov2_vits14","0.033581657887450295","True","384","[32]","1","0.6990901121099966","","0.033581657887450295","2","0.000725974889000285","20","0.1914810541467767","3","","1.4001525310832696","1","0.14398511027186203","2","1e-06","0.000725974889000285","5","20","10","4","0.1914810541467767","L","random","None","3","50","1.4001525310832696","threshold","1.0","42","10","[0.9, 0.1]","0.14398511027186203","0.1","False","True","True","2","11","0.005856725852936506","679.9736328125","0.496393620967865","0.18229232728481293","0.4145313501358032","0.31793713569641113","0.6185577511787415","0.4778434932231903","0.49042192101478577","0.6212989091873169","0.5641855001449585","0.5448613166809082","0.6377133727073669","0.5441946983337402","10","0.6990901231765747","0.002219577319920063","0.005496969912201166","0.006177068687975407","0.006094237323850393","0.0043470957316458225","0.006611652672290802","0.004840763285756111","0.0050789485685527325","0.0062354085966944695","0.004976286087185144","0.00584180885925889","0.06792302429676056","0.06669342517852783","2874","30","0","0.05570024624466896","146346","0","0.008881751447916031","0.6461250185966492","0.6461250185966492","0","0.6448630690574646","0.6461250185966492","0.35387498140335083","9.070047378540039","1.007228970527649","0.061289094388484955","0.8326371312141418","ssl_emnist_digits_dino","95","OK"
"2026-03-29 17:11:22","52.8min","b944eaff3877432f9c0e94ad79c5d946","ssl_emnist_digits_dino_trial_0094","LOCAL","src/cli.py","thallybu","FINISHED","False","None","threshold","0.6394466741607381","250","True","ShallowAutoencoder","None","1024","/data/thallybu/cache","1e-06","0","emnist_digits_dinov2_vits14","0.0313688202649384","True","384","[32]","1","0.6394466741607381","","0.0313688202649384","2","0.0007759559403046394","26","0.22239351438169608","3","","1.4000682776785558","1","0.15470582551080336","2","1e-06","0.0007759559403046394","5","26","10","4","0.22239351438169608","L","random","None","3","50","1.4000682776785558","threshold","1.0","42","10","[0.9, 0.1]","0.15470582551080336","0.1","False","True","True","2","55","0.004532773047685623","711.1964721679688","0.4625832438468933","0.1840045005083084","0.3564632833003998","0.3062739670276642","0.651387095451355","0.5712335109710693","0.4771474003791809","0.526968777179718","0.5448535680770874","0.479423463344574","0.3816401958465576","0.5355541706085205","10","0.6394466757774353","0.0035335805732756853","0.004424173850566149","0.005860261619091034","0.005532139912247658","0.003740082262083888","0.006341612432152033","0.004110008478164673","0.004733120556920767","0.005302723031491041","0.004635798744857311","0.003924349322915077","0.06267654150724411","0.06215094029903412","20","30","0","0.04860425367951393","150079","0","0.009530637413263321","0.7709166407585144","0.7709166407585144","0","0.7709589600563049","0.7709166407585144","0.2290833294391632","8.313997268676758","0.7579177021980286","0.055581144988536835","0.5734314918518066","ssl_emnist_digits_dino","94","OK"
"2026-03-29 17:11:04","7.6min","b909c959bc9e40a3915cc7ebadf2c6ee","ssl_emnist_digits_dino_trial_0093","LOCAL","src/cli.py","thallybu","FINISHED","False","None","threshold","0.5552478006881038","250","True","ShallowAutoencoder","None","1024","/data/thallybu/cache","1e-06","0","emnist_digits_dinov2_vits14","0.07728038000293694","True","384","[16]","1","0.5552478006881038","","0.07728038000293694","1","0.0013815046129602307","24","0.12305631335385066","3","","1.4005051495997272","1","0.1411891311265869","3","1e-06","0.0013815046129602307","5","24","10","4","0.12305631335385066","L","random","None","3","50","1.4005051495997272","threshold","1.0","42","10","[0.9, 0.1]","0.1411891311265869","0.1","False","True","True","3","10","0.007946943864226341","374.2453308105469","0.4263804852962494","0.13926559686660767","0.3941541016101837","0.3280556797981262","0.5096771121025085","0.4959649443626404","0.545128345489502","0.4352724552154541","0.47271543741226196","0.4258786141872406","0.4081869125366211","0.43064993619918823","10","0.5552477836608887","0.00047089767758734524","0.005956663750112057","0.007042809389531612","0.005307629704475403","0.004487249534577131","0.0065408730879426","0.004414648748934269","0.00527902040630579","0.0066247317008674145","0.00603370601311326","0.004269937984645367","0.0710374191403389","0.07047566771507263","1193","30","0","0.05595726519823074","80156","0","0.013631322421133518","0.6299166679382324","0.6299166679382324","0","0.6254532933235168","0.6299166679382324","0.3700833320617676","9.697664260864258","0.9429627060890198","0.10541597753763199","0.5990556478500366","ssl_emnist_digits_dino","93","OK"
"2026-03-29 17:10:50","28.7s","11483572edd242ebb5d910256993ae03","ssl_emnist_digits_dino_trial_0092","LOCAL","src/cli.py","thallybu","FINISHED","False","None","threshold","0.4523435311927926","250","True","ShallowAutoencoder","None","1024","/data/thallybu/cache","1e-06","0","emnist_digits_dinov2_vits14","0.07753442998786945","True","384","[16]","1","0.4523435311927926","","0.07753442998786945","1","0.002227869644682559","24","0.24980435618858635","5","","1.1002891641344892","1","0.03116936236424931","3","1e-06","0.002227869644682559","5","24","10","4","0.24980435618858635","L","random","None","5","50","1.1002891641344892","threshold","1.0","42","10","[0.9, 0.1]","0.03116936236424931","0.1","False","True","True","3","1","0.0082933958619833","0.23674073815345764","0","0","0","0","0","0","0","0","0","0","0","0","0.23674073815345764","0.45234352350234985","0.0004699832061305642","0.008747855201363564","0.007615358103066683","0.009789747186005116","0.006651787552982569","0.008553914725780487","0.00734620401635766","0.008748188614845276","0.009149452671408653","0.007930150255560875","0.006535794585943222","0.0044610765762627125","0.012176740914583206","0","50","0","0.0019193661864846945","50","0","0","0.6414999961853027","0.6414999961853027","0","0.636246383190155","0.6414999961853027","0.35850000381469727","4.8763322830200195","0.9322293400764465","0.11613225936889648","0.4089265465736389","ssl_emnist_digits_dino","92","FAILED"
"2026-03-29 17:10:38","17.6min","adbd2e3171b344559147120911eea0d0","ssl_emnist_digits_dino_trial_0091","LOCAL","src/cli.py","thallybu","FINISHED","False","None","threshold","0.5541046695292744","250","True","ShallowAutoencoder","None","1024","/data/thallybu/cache","1e-06","0","emnist_digits_dinov2_vits14","0.11838565124368712","True","384","[32]","1","0.5541046695292744","","0.11838565124368712","2","0.0021740553484696774","24","0.12372301868371421","5","","1.1576502808408426","1","0.017261605214561736","2","1e-06","0.0021740553484696774","5","24","10","4","0.12372301868371421","L","random","None","5","50","1.1576502808408426","threshold","1.0","42","10","[0.9, 0.1]","0.017261605214561736","0.1","False","True","True","2","20","0.008153704926371574","475.822509765625","0.42871999740600586","0.14755429327487946","0.4361574947834015","0.29694467782974243","0.4988808035850525","0.4971068799495697","0.46272942423820496","0.4605553448200226","0.48372817039489746","0.4457496702671051","0.45005226135253906","0.42262086272239685","10","0.5541046857833862","0.0007895806920714676","0.006127956788986921","0.006925265304744244","0.0047240485437214375","0.004332559183239937","0.007859908044338226","0.004268568474799395","0.004931327421218157","0.006395744159817696","0.0060263946652412415","0.00406270707026124","0.05916605144739151","0.0573849231004715","241","50","0","0.05565447360277176","100638","0","0.001713178469799459","0.7351666688919067","0.7351666688919067","0","0.7381634712219238","0.7351666688919067","0.26483333110809326","5.746711730957031","0.7982301115989685","0.07556258141994476","0.5006531476974487","ssl_emnist_digits_dino","91","OK"
"2026-03-29 17:10:05","31.6s","48088347c1db46db91d5d4d652454c5b","ssl_emnist_digits_dino_trial_0090","LOCAL","src/cli.py","thallybu","FINISHED","False","None","threshold","0.41920593546249046","250","True","ShallowAutoencoder","None","1024","/data/thallybu/cache","1e-06","0","emnist_digits_dinov2_vits14","0.09806676954098056","True","384","[32]","1","0.41920593546249046","","0.09806676954098056","2","0.0033847547098442366","22","0.13008054927731993","5","","1.1074075900849238","1","0.03273018503355884","2","1e-06","0.0033847547098442366","5","22","10","4","0.13008054927731993","L","random","None","5","50","1.1074075900849238","threshold","1.0","42","10","[0.9, 0.1]","0.03273018503355884","0.1","False","True","True","2","1","0.008651936426758766","0.2370370328426361","0","0","0","0","0","0","0","0","0","0","0","0","0.2370370328426361","0.4192059338092804","0.0005796733894385397","0.007115436252206564","0.012753760442137718","0.008687665686011314","0.007841506041586399","0.010260486975312233","0.008563879877328873","0.005471749696880579","0.01067311316728592","0.009194344282150269","0.008021685294806957","0.0038048825226724148","0.014161304570734501","0","50","0","0.002099759876728058","50","0","0","0.6760416626930237","0.6760416626930237","0","0.6697167754173279","0.6760416626930237","0.3239583373069763","3.057415008544922","0.8991895914077759","0.17295677959918976","0.28497472405433655","ssl_emnist_digits_dino","90","FAILED"
"2026-03-29 17:07:26","8.2min","961950c4a6f34b358ae2907dc98062e3","ssl_emnist_digits_dino_trial_0089","LOCAL","src/cli.py","thallybu","FINISHED","False","None","threshold","0.5400258824035609","250","True","ShallowAutoencoder","None","1024","/data/thallybu/cache","1e-06","0","emnist_digits_dinov2_vits14","0.0969959167504794","True","384","[32]","1","0.5400258824035609","","0.0969959167504794","2","0.004150788002016778","22","0.12312699462713558","5","","1.1218533198305636","1","0.03276190779238407","2","1e-06","0.004150788002016778","5","22","10","4","0.12312699462713558","L","random","None","5","50","1.1218533198305636","threshold","1.0","42","10","[0.9, 0.1]","0.03276190779238407","0.1","False","True","True","2","10","0.00879529770463705","447.37274169921875","0.4311143457889557","0.13971251249313354","0.40332162380218506","0.3699084520339966","0.46913468837738037","0.4861862063407898","0.4727631211280823","0.47419506311416626","0.4493948817253113","0.4223189949989319","0.41815200448036194","0.43684178590774536","10","0.5400258898735046","0.0006714789778925478","0.005948851816356182","0.007930037565529346","0.007025435101240873","0.005465464200824499","0.007511981762945652","0.004957504104822874","0.004652214236557484","0.005927704274654388","0.005840575788170099","0.004282609559595585","0.06457024812698364","0.06443194299936295","1328","50","0","0.059542372822761536","95723","0","0.003273460315540433","0.6519583463668823","0.6519583463668823","0","0.6528475880622864","0.6519583463668823","0.3480416536331177","10.44989013671875","0.9539464712142944","0.12155193090438843","0.7119789719581604","ssl_emnist_digits_dino","89","OK"
"2026-03-29 17:07:03","10.9min","a10c9ec004f74f9bafbadab5382e7bc6","ssl_emnist_digits_dino_trial_0088","LOCAL","src/cli.py","thallybu","FINISHED","False","None","threshold","0.5133241604181743","250","True","ShallowAutoencoder","None","1024","/data/thallybu/cache","1e-06","0","emnist_digits_dinov2_vits14","0.09363073270361846","True","384","[32]","1","0.5133241604181743","","0.09363073270361846","2","0.002594765392496589","24","0.12164737095787309","5","","1.1001140983975435","1","0.032759225936108","2","1e-06","0.002594765392496589","5","24","10","4","0.12164737095787309","L","random","None","5","50","1.1001140983975435","threshold","1.0","42","10","[0.9, 0.1]","0.032759225936108","0.1","False","True","True","2","13","0.008750435896217823","424.5970458984375","0.3983963131904602","0.1301915943622589","0.4528137445449829","0.3220503032207489","0.454807311296463","0.3584896922111511","0.42329734563827515","0.4663885235786438","0.4060973525047302","0.41476792097091675","0.39383968710899353","0.45884087681770325","10","0.5133241415023804","0.0007524993270635605","0.005957107525318861","0.007180416956543922","0.004087458364665508","0.004385508131235838","0.007744570262730122","0.005737681407481432","0.0043000453151762486","0.006015208084136248","0.005587382707744837","0.004486775025725365","0.06040768697857857","0.06174343824386597","441","50","0","0.05548214167356491","90029","0","0.0031085864175111055","0.6834166646003723","0.6834166646003723","0","0.6860639452934265","0.6834166646003723","0.3165833353996277","9.29267406463623","0.948110818862915","0.11224672198295593","0.8174612522125244","ssl_emnist_digits_dino","88","OK"
"2026-03-29 17:06:59","25.6s","97985e3210294aaeaff999c83d677790","ssl_emnist_digits_dino_trial_0087","LOCAL","src/cli.py","thallybu","FINISHED","False","None","threshold","0.5099657614505476","250","True","ShallowAutoencoder","None","1024","/data/thallybu/cache","1e-06","0","emnist_digits_dinov2_vits14","0.10686088599295585","True","384","[32]","1","0.5099657614505476","","0.10686088599295585","2","0.002760396382953831","20","0.1599064786688829","5","","1.1705667141696552","1","0.02973016754422774","2","1e-06","0.002760396382953831","5","20","10","4","0.1599064786688829","L","random","None","5","50","1.1705667141696552","threshold","1.0","42","10","[0.9, 0.1]","0.02973016754422774","0.1","False","True","True","2","1","0.007909570820629597","0.2370370328426361","0","0","0","0","0","0","0","0","0","0","0","0","0.2275555580854416","0.5099657773971558","0.0006714125047437847","0.007358728442341089","0.006310886703431606","0.005381536670029163","0.0070997970178723335","0.009420718066394329","0.010861344635486603","0.0064965179190039635","0.007086524274200201","0.011603722348809242","0.007709209807217121","0.006390952039510012","0.0016837150324136019","0","50","0","0.0018089574296027422","50","0","0.0026457884814590216","0.7381250262260437","0.7381250262260437","0","0.718521773815155","0.7381250262260437","0.2618750035762787","4.1744065284729","0.8605579137802124","0.18467484414577484","0.3994050621986389","ssl_emnist_digits_dino","87","FAILED"
"2026-03-29 17:03:38","8.4min","8f74617389b44d4ba7fe5acd5ab8574b","ssl_emnist_digits_dino_trial_0086","LOCAL","src/cli.py","thallybu","FINISHED","False","None","threshold","0.5002418885411279","250","True","ShallowAutoencoder","None","1024","/data/thallybu/cache","1e-06","0","emnist_digits_dinov2_vits14","0.10659769809041049","True","384","[32]","1","0.5002418885411279","","0.10659769809041049","2","0.0026303224916828607","20","0.153104390080239","5","","1.1282896342981168","1","0.030503793700211085","2","1e-06","0.0026303224916828607","5","20","10","4","0.153104390080239","L","random","None","5","50","1.1282896342981168","threshold","1.0","42","10","[0.9, 0.1]","0.030503793700211085","0.1","False","True","True","2","10","0.00749427592381835","382.7232666015625","0.36556270718574524","0.12189165502786636","0.30446064472198486","0.29125645756721497","0.4402042031288147","0.41324755549430847","0.3930525481700897","0.4275999665260315","0.43279749155044556","0.3970852196216583","0.3888538181781769","0.40873005986213684","10","0.5002418756484985","0.0008641053573228419","0.005300242453813553","0.006634427234530449","0.005080747418105602","0.004064240958541632","0.006374104414135218","0.003991676494479179","0.005232526920735836","0.005853417795151472","0.00565971527248621","0.0044243671000003815","0.0575638972222805","0.05845750868320465","599","50","0","0.05261548236012459","81351","0","0.0029369068797677755","0.7295833230018616","0.7295833230018616","0","0.7299768924713135","0.7295833230018616","0.2704166769981384","5.5331830978393555","0.7986368536949158","0.07260791957378387","0.5154905319213867","ssl_emnist_digits_dino","86","OK"
"2026-03-29 17:03:03","34.2s","2e1209174bd5412194bf03ce0ac79117","ssl_emnist_digits_dino_trial_0085","LOCAL","src/cli.py","thallybu","FINISHED","False","None","threshold","0.49823157633293097","250","True","ShallowAutoencoder","None","1024","/data/thallybu/cache","1e-06","0","emnist_digits_dinov2_vits14","0.057566635230547974","True","384","[32]","1","0.49823157633293097","","0.057566635230547974","2","0.00014622501652277955","22","0.1329491721760357","3","2","","0","0.019919608636620952","3","1e-06","0.00014622501652277955","5","22","10","4","0.1329491721760357","L","random","None","3","100","1.2","fixed_k","1.0","42","10","[0.9, 0.1]","0.019919608636620952","0.1","False","True","True","3","1","0.015674885362386703","0.14222222566604614","0","0","0","0","0","0","0","0","0","0","0","0","0.14222222566604614","0.49823158979415894","0.00146281230263412","0.012838006019592285","0.014379769563674927","0.01742098107933998","0.018294867128133774","0.014384527690708637","0.013559237122535706","0.013314423151314259","0.013031465001404285","0.016155539080500603","0.01831870526075363","0.005704252980649471","0.0026306877844035625","0","30","0","0.002157476032152772","30","0","0","0.48912501335144043","0.48912501335144043","0","0.46582239866256714","0.48912501335144043","0.5108749866485596","2.105118751525879","0.999458909034729","0.47487300634384155","0.19931019842624664","ssl_emnist_digits_dino","85","FAILED"
"2026-03-29 17:02:13","11.8min","53bb650a222b4c8d9e48062d1ae9f277","ssl_emnist_digits_dino_trial_0084","LOCAL","src/cli.py","thallybu","FINISHED","False","None","threshold","0.40673402541998255","250","True","ShallowAutoencoder","None","1024","/data/thallybu/cache","1e-06","0","emnist_digits_dinov2_vits14","0.01366427325610696","True","384","[16]","1","0.40673402541998255","","0.01366427325610696","1","0.00015643807956275047","22","0.13155109570077111","3","1","","0","0.020257525273746708","3","1e-06","0.00015643807956275047","5","22","10","4","0.13155109570077111","L","random","None","3","50","1.2","fixed_k","1.0","42","10","[0.9, 0.1]","0.020257525273746708","0.1","False","True","True","3","15","0.008750483393669128","267.62164306640625","0.31339171528816223","0.08674769103527069","0.3161187767982483","0.27313604950904846","0.3331640660762787","0.3194834589958191","0.3382679522037506","0.32863256335258484","0.34080150723457336","0.33164554834365845","0.3303348124027252","0.295671284198761","9.985777854919434","0.40673401951789856","0.0005635660490952432","0.005392436403781176","0.0060032508336007595","0.003667558776214719","0.004200067836791277","0.006150179076939821","0.0045526763424277306","0.0037694289349019527","0.004918273538351059","0.005449592135846615","0.003118863794952631","0.05027206614613533","0.049865249544382095","836","30","500","0.047161780297756195","56802","5251","0.0013956044567748904","0.684499979019165","0.684499979019165","0","0.6808794736862183","0.684499979019165","0.3154999911785126","8.266658782958984","0.9217312932014465","0.08840727806091309","0.7541608810424805","ssl_emnist_digits_dino","84","OK"
"2026-03-29 17:01:44","28.4s","b57974660ef04cbcb4e7653c5127ff9f","ssl_emnist_digits_dino_trial_0083","LOCAL","src/cli.py","thallybu","FINISHED","False","None","threshold","0.5295422875461423","250","True","ShallowAutoencoder","None","1024","/data/thallybu/cache","1e-06","0","emnist_digits_dinov2_vits14","0.09665032938171343","True","384","[32]","1","0.5295422875461423","","0.09665032938171343","2","0.0036887767158631877","27","0.1643549226785788","5","","1.5001213892685101","1","0.0401405707300204","2","1e-06","0.0036887767158631877","5","27","10","4","0.1643549226785788","L","random","None","5","50","1.5001213892685101","threshold","1.0","42","10","[0.9, 0.1]","0.0401405707300204","0.1","False","True","True","2","1","0.008228425867855549","0.2370370328426361","0","0","0","0","0","0","0","0","0","0","0","0","0.2275555580854416","0.5295422673225403","0.0006716357311233878","0.005924961529672146","0.007567414548248053","0.005982152186334133","0.00812531728297472","0.005374009720981121","0.005978352390229702","0.00880027562379837","0.00944468192756176","0.01181007083505392","0.007451542653143406","0.009175673127174377","0.0022831643000245094","0","50","0","0.0017587904585525393","50","0","0.0053928629495203495","0.5442500114440918","0.5442500114440918","0","0.5139399170875549","0.5442500114440918","0.4557499885559082","4.996950626373291","1.055698037147522","0.2385154664516449","0.48491525650024414","ssl_emnist_digits_dino","83","FAILED"
"2026-03-29 17:01:39","8.4min","d466a0c1ef794761a0ba3feaa12e967b","ssl_emnist_digits_dino_trial_0082","LOCAL","src/cli.py","thallybu","FINISHED","False","None","threshold","0.5266173500117367","250","True","ShallowAutoencoder","None","1024","/data/thallybu/cache","1e-06","0","emnist_digits_dinov2_vits14","0.04422021405052928","True","384","[32]","1","0.5266173500117367","","0.04422021405052928","2","0.004255103978620265","27","0.11466144955510103","5","","1.4885075107860974","1","0.041990862917119794","1","1e-06","0.004255103978620265","5","27","10","4","0.11466144955510103","L","random","None","5","50","1.4885075107860974","threshold","1.0","42","10","[0.9, 0.1]","0.041990862917119794","0.1","False","True","True","1","10","0.008603569120168686","417.343994140625","0.40083709359169006","0.13445384800434113","0.4011877179145813","0.3166351020336151","0.46175968647003174","0.4365173876285553","0.3982312083244324","0.39139625430107117","0.44800275564193726","0.4197685718536377","0.41208434104919434","0.4496415853500366","10","0.5266173481941223","0.0009274834301322699","0.006505667231976986","0.006783380638808012","0.004794076085090637","0.00566886505112052","0.006546825170516968","0.004732011817395687","0.004904908128082752","0.006118639837950468","0.005593772046267986","0.004476538859307766","0.062239233404397964","0.06490054726600647","1039","50","0","0.056124698370695114","89095","0","0.004200557712465525","0.6665833592414856","0.6665833592414856","0","0.6668503880500793","0.6665833592414856","0.3334166705608368","6.907911777496338","0.933540940284729","0.103643499314785","0.6847925186157227","ssl_emnist_digits_dino","82","OK"
"2026-03-29 17:01:11","27.3s","6e4c8aeee89a4ba3ae46f1f2d53df0e7","ssl_emnist_digits_dino_trial_0081","LOCAL","src/cli.py","thallybu","FINISHED","False","None","threshold","0.5805825076622804","250","True","ShallowAutoencoder","None","1024","/data/thallybu/cache","1e-06","0","emnist_digits_dinov2_vits14","0.08476012325948196","True","384","[16]","1","0.5805825076622804","","0.08476012325948196","1","0.0024142847265411988","19","0.15474942307722167","4","","1.1274982995341631","1","0.09557207325514082","5","1e-06","0.0024142847265411988","5","19","10","4","0.15474942307722167","L","random","None","4","50","1.1274982995341631","threshold","1.0","42","10","[0.9, 0.1]","0.09557207325514082","0.1","False","True","True","5","1","0.007557060569524765","0.18962962925434113","0","0","0","0","0","0","0","0","0","0","0","0","0.18962962925434113","0.5805824995040894","0.0003909713705070317","0.0077525293454527855","0.008027727715671062","0.004933842457830906","0.00747254304587841","0.009845351800322533","0.010609596036374569","0.009368235245347023","0.005972373299300671","0.010443255305290222","0.00769987003877759","0.0031177622731775045","0.0012567518278956413","0","40","0","0.0015573396813124418","40","0","0","0.6202916502952576","0.6202916502952576","0","0.6187992691993713","0.6202916502952576","0.37970831990242004","5.321564674377441","0.9943957328796387","0.23701521754264832","0.4088277220726013","ssl_emnist_digits_dino","81","FAILED"
"2026-03-29 16:58:39","8.3min","91a10f8e3ca849b9807d589f5c0e5291","ssl_emnist_digits_dino_trial_0080","LOCAL","src/cli.py","thallybu","FINISHED","False","None","threshold","0.5807692784177644","250","True","ShallowAutoencoder","None","1024","/data/thallybu/cache","1e-06","0","emnist_digits_dinov2_vits14","0.013489418276847794","True","384","[16]","1","0.5807692784177644","","0.013489418276847794","1","0.00015855003220168354","19","0.1522719160192328","4","","1.1283587272180373","1","0.04030290467408044","2","1e-06","0.00015855003220168354","5","19","10","4","0.1522719160192328","L","random","None","4","50","1.1283587272180373","threshold","1.0","42","10","[0.9, 0.1]","0.04030290467408044","0.1","False","True","True","2","10","0.007224205415695906","430.7383728027344","0.44176775217056274","0.1377010941505432","0.4199632704257965","0.3823838233947754","0.5475388169288635","0.44925105571746826","0.4877641797065735","0.5159679651260376","0.48229289054870605","0.4658208191394806","0.3973206579685211","0.44657254219055176","10","0.5807693004608154","0.0006346475565806031","0.00606964947655797","0.00857257004827261","0.005014258902519941","0.004032323136925697","0.00752973323687911","0.005292536225169897","0.0046992520801723","0.006577720865607262","0.006019522435963154","0.004364130552858114","0.06270439177751541","0.06392281502485275","1111","40","0","0.05817170813679695","91996","0","0.002797988709062338","0.6675000190734863","0.6675000190734863","0","0.6733779907226562","0.6675000190734863","0.33250001072883606","6.778026580810547","0.9319782853126526","0.13186463713645935","0.637508749961853","ssl_emnist_digits_dino","80","OK"
"2026-03-29 16:58:33","8.5min","673f1e699bf14ab0908b515c92c59dec","ssl_emnist_digits_dino_trial_0079","LOCAL","src/cli.py","thallybu","FINISHED","False","None","threshold","0.5843226867271469","250","True","ShallowAutoencoder","None","1024","/data/thallybu/cache","1e-06","0","emnist_digits_dinov2_vits14","0.043693723749241666","True","384","[32]","1","0.5843226867271469","","0.043693723749241666","2","0.0018543922368288684","19","0.14144308872908862","4","","1.5038598735187976","1","0.08750646488726839","2","1e-06","0.0018543922368288684","5","19","10","4","0.14144308872908862","L","random","None","4","50","1.5038598735187976","threshold","1.0","42","10","[0.9, 0.1]","0.08750646488726839","0.1","False","True","True","2","10","0.007873762398958206","445.7454833984375","0.44962945580482483","0.13869063556194305","0.3929014801979065","0.4189338684082031","0.4881967604160309","0.40785184502601624","0.5512656569480896","0.5033212900161743","0.5198593139648438","0.41693201661109924","0.4211829900741577","0.5312662720680237","10","0.5843226909637451","0.0008701513870619237","0.005834896583110094","0.008371381089091301","0.005649870727211237","0.004234994295984507","0.007580657489597797","0.004286219831556082","0.005628885701298714","0.005709489807486534","0.006048560608178377","0.005261469632387161","0.06829110532999039","0.06669563800096512","4409","40","0","0.058606404811143875","98462","0","0.007700859569013119","0.6710833311080933","0.6710833311080933","0","0.6805397272109985","0.6710833311080933","0.32891666889190674","8.006781578063965","0.9056597948074341","0.12971526384353638","0.5985025763511658","ssl_emnist_digits_dino","79","OK"
"2026-03-29 16:58:05","32.4s","6ccbe3179c9e4cf8b93551a869021daf","ssl_emnist_digits_dino_trial_0078","LOCAL","src/cli.py","thallybu","FINISHED","False","None","threshold","0.6017153291217336","250","True","ShallowAutoencoder","None","1024","/data/thallybu/cache","1e-06","0","emnist_digits_dinov2_vits14","0.0732097406271651","True","384","[32]","1","0.6017153291217336","","0.0732097406271651","2","0.0017443050065755349","24","0.1407987897689781","4","","1.2051064188197944","1","0.048391845776741965","2","1e-06","0.0017443050065755349","5","24","10","4","0.1407987897689781","L","random","None","4","50","1.2051064188197944","threshold","1.0","42","10","[0.9, 0.1]","0.048391845776741965","0.1","False","True","True","2","1","0.007916075177490711","0.18962962925434113","0","0","0","0","0","0","0","0","0","0","0","0","0.18962962925434113","0.6017153263092041","0.0007484336965717375","0.008573205210268497","0.01651224121451378","0.010380180552601814","0.004449556581676006","0.012699391692876816","0.008165978826582432","0.008313804864883423","0.004316210746765137","0.008755596354603767","0.00676923431456089","0.0035494863986968994","0.001552623463794589","0","40","0","0.0016864786157384515","40","0","0","0.6337083578109741","0.6337083578109741","0","0.625066339969635","0.6337083578109741","0.36629167199134827","5.277461528778076","0.9576320052146912","0.17292560636997223","0.44135239720344543","ssl_emnist_digits_dino","78","FAILED"
"2026-03-29 16:58:04","27.4s","46a234129b6b4ed6902c5f1b62a8f1be","ssl_emnist_digits_dino_trial_0077","LOCAL","src/cli.py","thallybu","FINISHED","False","None","threshold","0.6054625398045628","250","True","ShallowAutoencoder","None","1024","/data/thallybu/cache","1e-06","0","emnist_digits_dinov2_vits14","0.07138271492645488","True","384","[32]","1","0.6054625398045628","","0.07138271492645488","2","0.003780361853568671","25","0.11550521232166117","4","","1.1948822526861302","1","0.05304552396557005","2","1e-06","0.003780361853568671","5","25","10","4","0.11550521232166117","L","random","None","4","50","1.1948822526861302","threshold","1.0","42","10","[0.9, 0.1]","0.05304552396557005","0.1","False","True","True","2","1","0.007819204591214657","0.18962962925434113","0","0","0","0","0","0","0","0","0","0","0","0","0.18962962925434113","0.6054625511169434","0.0005980174173600972","0.008048303425312042","0.004985031206160784","0.008795047178864479","0.004975438583642244","0.00550378393381834","0.004767933394759893","0.004892320372164249","0.008326489478349686","0.008169799111783504","0.006859377026557922","0.0027399039827287197","0.03504960983991623","0","40","0","0.0012387275928631425","40","0","0","0.5722083449363708","0.5722083449363708","0","0.5531570911407471","0.5722083449363708","0.42779165506362915","11.469337463378906","1.2837772369384766","0.1569061279296875","1.2050327062606812","ssl_emnist_digits_dino","77","FAILED"
"2026-03-29 16:56:38","17.7min","42219d7e7ad747da807d598d645d90ee","ssl_emnist_digits_dino_trial_0076","LOCAL","src/cli.py","thallybu","FINISHED","False","None","threshold","0.5892795287292935","250","True","ShallowAutoencoder","None","1024","/data/thallybu/cache","1e-06","0","emnist_digits_dinov2_vits14","0.07237010804642349","True","384","[32]","1","0.5892795287292935","","0.07237010804642349","2","0.003990340957703722","25","0.11731079174859582","4","","1.1931148633329756","1","0.04934622280474934","2","1e-06","0.003990340957703722","5","25","10","4","0.11731079174859582","L","random","None","4","50","1.1931148633329756","threshold","1.0","42","10","[0.9, 0.1]","0.04934622280474934","0.1","False","True","True","2","20","0.007297844626009464","518.5872802734375","0.43465855717658997","0.15519730746746063","0.38167428970336914","0.308052122592926","0.5296114087104797","0.48273220658302307","0.4517567753791809","0.5262240767478943","0.48562711477279663","0.5158334970474243","0.4164270758628845","0.47831037640571594","10","0.5892795324325562","0.0011664734920486808","0.00543552078306675","0.006880883127450943","0.005823461804538965","0.0047363704070448875","0.007430880330502987","0.004587279632687569","0.004863459151238203","0.006122826132923365","0.005839610937982798","0.004573078826069832","0.06313017010688782","0.06528432667255402","215","40","0","0.056293368339538574","109636","0","0.004814211279153824","0.699958324432373","0.699958324432373","0","0.6995972990989685","0.699958324432373","0.30004167556762695","6.750734806060791","0.8517723083496094","0.08429165184497833","0.5913757681846619","ssl_emnist_digits_dino","76","OK"
"2026-03-29 16:55:58","38.4s","e7c726d7985049d4877536268f793bd2","ssl_emnist_digits_dino_trial_0075","LOCAL","src/cli.py","thallybu","FINISHED","False","None","threshold","0.4701385444917761","250","True","ShallowAutoencoder","None","1024","/data/thallybu/cache","1e-06","0","emnist_digits_dinov2_vits14","0.047419890793745825","True","384","[32]","1","0.4701385444917761","","0.047419890793745825","2","0.00020650376602917043","25","0.18044055195921282","4","1","","0","0.02643846597769443","1","1e-06","0.00020650376602917043","5","25","10","4","0.18044055195921282","L","random","None","4","50","1.2","fixed_k","1.0","42","10","[0.9, 0.1]","0.02643846597769443","0.1","False","True","True","1","1","0.01364922896027565","0.18962962925434113","0","0","0","0","0","0","0","0","0","0","0","0","0.18962962925434113","0.4701385498046875","0.0014486148720607162","0.014091809280216694","0.010562377981841564","0.011267894878983498","0.019110962748527527","0.008459914475679398","0.010079337283968925","0.012417871505022049","0.013797312043607235","0.017752433195710182","0.015272267162799835","0.006430001929402351","0.0025282297283411026","0","40","0","0.0025185125414282084","40","0","0","0.596750020980835","0.596750020980835","0","0.572443425655365","0.596750020980835","0.4032500088214874","2.943514823913574","0.9518600702285767","0.35916668176651","0.27491024136543274","ssl_emnist_digits_dino","75","FAILED"
"2026-03-29 16:53:01","17.8min","b0805500230f4f3091d6b70183400980","ssl_emnist_digits_dino_trial_0074","LOCAL","src/cli.py","thallybu","FINISHED","False","None","threshold","0.481634426116575","250","True","ShallowAutoencoder","None","1024","/data/thallybu/cache","1e-06","0","emnist_digits_dinov2_vits14","0.04627197243638537","True","384","[32]","1","0.481634426116575","","0.04627197243638537","2","0.00023366550345514772","25","0.11330530493307862","4","1","","0","0.026440046098893024","1","1e-06","0.00023366550345514772","5","25","10","4","0.11330530493307862","L","random","None","4","50","1.2","fixed_k","1.0","42","10","[0.9, 0.1]","0.026440046098893024","0.1","False","True","True","1","20","0.006966002751141787","341.9810485839844","0.344440221786499","0.10627816617488861","0.3153277337551117","0.294273316860199","0.41358113288879395","0.3685477674007416","0.32417652010917664","0.46294233202934265","0.3761182725429535","0.3752157986164093","0.33541369438171387","0.37073391675949097","9.995259284973145","0.4816344380378723","0.0012827601749449968","0.00463562598451972","0.00606543431058526","0.005001082085072994","0.0037984149530529976","0.005715030245482922","0.004000803921371698","0.004026371520012617","0.005006316117942333","0.0049469140358269215","0.003689807839691639","0.05115247145295143","0.052578046917915344","499","40","500","0.04686211049556732","72156","7043","0.002218342386186123","0.6945416927337646","0.6945416927337646","0","0.6939588785171509","0.6945416927337646","0.30545833706855774","5.9635009765625","0.8470073342323303","0.07101050019264221","0.5816910266876221","ssl_emnist_digits_dino","74","OK"
"2026-03-29 16:52:55","8.8min","f9060782a138492184f02a88bc38b465","ssl_emnist_digits_dino_trial_0073","LOCAL","src/cli.py","thallybu","FINISHED","False","None","threshold","0.48147686576938553","250","True","ShallowAutoencoder","None","1024","/data/thallybu/cache","1e-06","0","emnist_digits_dinov2_vits14","0.045468907240078606","True","384","[32]","1","0.48147686576938553","","0.045468907240078606","2","0.00020772772244554018","25","0.11397911983014988","2","","1.5014097812004543","1","0.0270634172100497","1","1e-06","0.00020772772244554018","5","25","10","4","0.11397911983014988","L","random","None","2","50","1.5014097812004543","threshold","1.0","42","10","[0.9, 0.1]","0.0270634172100497","0.1","False","True","True","1","10","0.007165903691202402","360.8930358886719","0.3696824908256531","0.11623293906450272","0.3626140356063843","0.32447126507759094","0.4339977204799652","0.3430754840373993","0.37834036350250244","0.4426555335521698","0.39592957496643066","0.42219945788383484","0.37883713841438293","0.3992636501789093","10","0.48147687315940857","0.0008633444085717201","0.005145255941897631","0.006918713450431824","0.0068254354409873486","0.0046970294788479805","0.006319865118712187","0.005029223393648863","0.004249243065714836","0.00539951678365469","0.005240054801106453","0.003974054474383593","0.057305265218019485","0.05643489956855774","43","20","0","0.053798381239175797","76190","0","0.0018267767736688256","0.6322500109672546","0.6322500109672546","0","0.624382495880127","0.6322500109672546","0.36774998903274536","8.083280563354492","1.0220075845718384","0.10994918644428253","0.8361748456954956","ssl_emnist_digits_dino","73","OK"
"2026-03-29 16:52:35","25.5s","555dd8aea2464a578dc7775eb1072b9c","ssl_emnist_digits_dino_trial_0072","LOCAL","src/cli.py","thallybu","FINISHED","False","None","threshold","0.6240064555492062","250","True","ShallowAutoencoder","None","1024","/data/thallybu/cache","1e-06","0","emnist_digits_dinov2_vits14","0.13571502868449997","True","384","[32]","1","0.6240064555492062","","0.13571502868449997","2","0.00037318654855525","21","0.16335313391655204","2","","1.4590635423146925","1","0.032880348748198236","1","1e-06","0.00037318654855525","5","21","10","4","0.16335313391655204","L","random","None","2","50","1.4590635423146925","threshold","1.0","42","10","[0.9, 0.1]","0.032880348748198236","0.1","False","True","True","1","1","0.009985930286347866","0.09481481462717056","0","0","0","0","0","0","0","0","0","0","0","0","0.09481481462717056","0.624006450176239","0.0012341414112597704","0.005952463485300541","0.00356932426802814","0.0053622545674443245","0.009057944640517235","0.010179311037063599","0.004589051939547062","0.010966370813548565","0.017410654574632645","0.0067906687036156654","0.01270824484527111","0.00368634145706892","0.001861635479144752","0","20","0","0.0008209662046283484","20","0","0","0.6583750247955322","0.6583750247955322","0","0.661644458770752","0.6583750247955322","0.34162500500679016","4.773026466369629","0.9251760244369507","0.16028140485286713","0.3917599320411682","ssl_emnist_digits_dino","72","FAILED"
"2026-03-29 16:52:27","10.6min","5eac38ba26384ce59a1385c62ef5f75e","ssl_emnist_digits_dino_trial_0071","LOCAL","src/cli.py","thallybu","FINISHED","False","None","threshold","0.624728730167764","250","True","ShallowAutoencoder","None","1024","/data/thallybu/cache","1e-06","0","emnist_digits_dinov2_vits14","0.04900402142412961","True","384","[128, 64]","1","0.624728730167764","","0.04900402142412961","4","0.0005438329882036105","19","0.11280112703731518","2","","1.4619286972768404","1","0.025662404256791147","1","1e-06","0.0005438329882036105","5","19","10","4","0.11280112703731518","L","random","None","2","50","1.4619286972768404","threshold","1.0","42","10","[0.9, 0.1]","0.025662404256791147","0.1","False","True","True","1","10","0.005381185561418533","647.291259765625","0.4599776566028595","0.17476153373718262","0.3710315525531769","0.3543938994407654","0.5322023630142212","0.5356529951095581","0.49780333042144775","0.48906901478767395","0.5656585693359375","0.540943443775177","0.418528288602829","0.4805244207382202","10","0.6247287392616272","0.002212027320638299","0.00464259646832943","0.006060237064957619","0.006496959365904331","0.004110506735742092","0.0055763572454452515","0.0042659565806388855","0.004469363484531641","0.00532246008515358","0.005089682526886463","0.004318653605878353","0.054897211492061615","0.053477510809898376","4272","20","0","0.05035277456045151","140847","0","0.0017254059202969074","0.6573749780654907","0.6573749780654907","0","0.6564568281173706","0.6573749780654907","0.3426249921321869","9.279836654663086","0.9936084151268005","0.04625004529953003","0.871019721031189","ssl_emnist_digits_dino","71","OK"
"2026-03-29 16:52:21","32.9s","03588455fe924614b4ede883a8b9fe9c","ssl_emnist_digits_dino_trial_0070","LOCAL","src/cli.py","thallybu","FINISHED","False","None","threshold","0.6287128281673464","250","True","ShallowAutoencoder","None","1024","/data/thallybu/cache","1e-06","0","emnist_digits_dinov2_vits14","0.13893933605211653","True","384","[128, 64]","1","0.6287128281673464","","0.13893933605211653","4","5.299909309296956e-05","21","0.1467578258035396","3","","1.4354871147395893","1","0.022458389116782072","2","1e-06","5.299909309296956e-05","5","21","10","4","0.1467578258035396","L","random","None","3","50","1.4354871147395893","threshold","1.0","42","10","[0.9, 0.1]","0.022458389116782072","0.1","False","True","True","2","1","0.015345759689807892","0.14222222566604614","0","0","0","0","0","0","0","0","0","0","0","0","0.14222222566604614","0.6287128329277039","0.005740738939493895","0.01351540070027113","0.016393311321735382","0.01512050349265337","0.016105761751532555","0.013970042578876019","0.017850803211331367","0.013279479928314686","0.01629173755645752","0.015664977952837944","0.013099973089993","0.010144553147256374","0.007247270084917545","0","30","0","0.0021517083514481783","30","0","0","0.5098333358764648","0.5098333358764648","0","0.4726082384586334","0.5098333358764648","0.49016666412353516","1.5729995965957642","0.9911283850669861","0.710483193397522","0.11440049111843109","ssl_emnist_digits_dino","70","FAILED"
"2026-03-29 16:52:08","9.0min","8700a034238a438bb75df6d7a8f08f5e","ssl_emnist_digits_dino_trial_0069","LOCAL","src/cli.py","thallybu","FINISHED","False","None","fixed_k","0.9","50","True","ShallowAutoencoder","None","1024","/data/thallybu/cache","1e-06","0","emnist_digits_dinov2_vits14","0.14434691787292048","True","384","[32]","0","","1","0.14434691787292048","2","0.0005114405478281989","21","0.1470883519076861","3","","1.4396427074576288","1","0.022727506998122253","2","1e-06","0.0005114405478281989","5","21","10","4","0.1470883519076861","L","random","None","3","50","1.4396427074576288","threshold","1.0","42","10","[0.9, 0.1]","0.022727506998122253","0.1","False","True","True","2","13","0.008226282894611359","23.83822250366211","0.2052566409111023","0.07413806021213531","0.14559626579284668","0.15425798296928406","0.2795948386192322","0.21456240117549896","0.22544892132282257","0.32199782133102417","0.1906060129404068","0.17980033159255981","0.15482549369335175","0.18587623536586761","9.118518829345703","","0.0006865386385470629","0.002591256983578205","0.003257007570937276","0.002953942399471998","0.0020023563411086798","0.0035458579659461975","0.003215438686311245","0.0026144685689359903","0.0033774080220609903","0.002906782552599907","0.002219033194705844","0.029388276860117912","0.03197138383984566","500","30","0","0.026200314983725548","5530","0","0.0012914321850985289","0.6577083468437195","0.6577083468437195","0","0.6729263067245483","0.6577083468437195","0.3422916531562805","5.317598342895508","0.8965739011764526","0.06932313740253448","0.5148589611053467","ssl_emnist_digits_dino","69","OK"
"2026-03-29 16:51:59","26.9s","ff362cb663694c2ea5bef5bc9db45d04","ssl_emnist_digits_dino_trial_0068","LOCAL","src/cli.py","thallybu","FINISHED","False","None","fixed_k","0.9","50","True","ShallowAutoencoder","None","1024","/data/thallybu/cache","1e-06","0","emnist_digits_dinov2_vits14","0.02910805191523856","True","384","[32]","0","","1","0.02910805191523856","2","0.0012228723521676718","23","0.1482347776591155","3","","1.4130980986143733","1","0.022412525834942344","2","1e-06","0.0012228723521676718","5","23","10","4","0.1482347776591155","L","random","None","3","50","1.4130980986143733","threshold","1.0","42","10","[0.9, 0.1]","0.022412525834942344","0.1","False","True","True","2","1","0.006634615361690521","0.14222222566604614","0","0","0","0","0","0","0","0","0","0","0","0","0.1374814808368683","","0.0008199678850360215","0.006095952820032835","0.002211230807006359","0.00537076173350215","0.00794430822134018","0.004684985149651766","0.006782788783311844","0.004543504677712917","0.006834729108959436","0.0047508408315479755","0.008361595682799816","0.005197585094720125","0.001213663606904447","0","30","0","0.0008084424771368504","30","0","0.0025856925640255213","0.6289166808128357","0.6289166808128357","0","0.6340600252151489","0.6289166808128357","0.3710833191871643","5.335510730743408","0.9204847812652588","0.09964116662740707","0.4469006359577179","ssl_emnist_digits_dino","68","FAILED"
"2026-03-29 16:51:35","31.7s","df0346869cc84047acc5a4f2276dc73c","ssl_emnist_digits_dino_trial_0067","LOCAL","src/cli.py","thallybu","FINISHED","False","None","threshold","0.8604429107946645","250","True","ShallowAutoencoder","None","1024","/data/thallybu/cache","1e-06","0","emnist_digits_dinov2_vits14","0.030554981267239052","True","384","[32]","1","0.8604429107946645","","0.030554981267239052","2","0.001148931080585631","23","0.054580603741793424","3","","1.3922827697423987","1","0.12213214293243124","2","1e-06","0.001148931080585631","5","23","10","4","0.054580603741793424","L","random","None","3","50","1.3922827697423987","threshold","1.0","42","10","[0.9, 0.1]","0.12213214293243124","0.1","False","True","True","2","1","0.008209473453462124","0.14222222566604614","0","0","0","0","0","0","0","0","0","0","0","0","0.1374814808368683","0.8604429364204407","0.0007192697376012802","0.006926853209733963","0.004883731249719858","0.005756508093327284","0.009698144160211086","0.00807905662804842","0.008282000198960304","0.005054511595517397","0.006585357245057821","0.007213676813989878","0.010514299385249615","0.003253016620874405","0.0032643992453813553","0","30","0","0.0010149864247068763","30","0","0.0010706830071285367","0.5894166827201843","0.5894166827201843","0","0.5966047048568726","0.5894166827201843","0.4105833172798157","4.73057746887207","0.9488657116889954","0.13285556435585022","0.41534215211868286","ssl_emnist_digits_dino","67","FAILED"
"2026-03-29 16:50:07","20.9min","f1bfd1b11c75480fb404d979163c875a","ssl_emnist_digits_dino_trial_0066","LOCAL","src/cli.py","thallybu","FINISHED","False","None","threshold","0.6416166055641523","250","True","ShallowAutoencoder","None","1024","/data/thallybu/cache","1e-06","0","emnist_digits_dinov2_vits14","0.028870032518862755","True","384","[32]","1","0.6416166055641523","","0.028870032518862755","2","0.0011587569429020804","23","0.1470055011452874","3","","1.4086092441219589","1","0.12794896485097293","2","1e-06","0.0011587569429020804","5","23","10","4","0.1470055011452874","L","random","None","3","50","1.4086092441219589","threshold","1.0","42","10","[0.9, 0.1]","0.12794896485097293","0.1","False","True","True","2","22","0.005524494219571352","683.1866455078125","0.48422566056251526","0.19301196932792664","0.3777742385864258","0.3007696568965912","0.7206336259841919","0.5253846049308777","0.5492540001869202","0.5878953337669373","0.5777410864830017","0.4850221872329712","0.4908829629421234","0.5235425233840942","10","0.6416165828704834","0.003043481381610036","0.004589459393173456","0.005891151260584593","0.005069312173873186","0.003774149576202035","0.006934535689651966","0.004610645119100809","0.005241855978965759","0.005431075114756823","0.0049821664579212666","0.0039955852553248405","0.06288275122642517","0.06289306282997131","387","30","0","0.05051993206143379","144537","0","0.008507221937179565","0.7476666569709778","0.7476666569709778","0","0.7425779700279236","0.7476666569709778","0.2523333430290222","6.217816352844238","0.7789736986160278","0.0481046661734581","0.5195029377937317","ssl_emnist_digits_dino","66","OK"
"2026-03-29 16:47:39","10.4min","5b69c0b006c94d99a755bda9bf05423d","ssl_emnist_digits_dino_trial_0065","LOCAL","src/cli.py","thallybu","FINISHED","False","None","fixed_k","0.9","50","True","ShallowAutoencoder","None","1024","/data/thallybu/cache","1e-06","0","emnist_digits_dinov2_vits14","0.1356199433005937","True","384","[128, 64]","0","","1","0.1356199433005937","4","0.0011809953693318086","12","0.07346469609059207","4","","1.2153928584144107","1","0.11979257339511412","2","1e-06","0.0011809953693318086","5","12","10","4","0.07346469609059207","L","random","None","4","50","1.2153928584144107","threshold","1.0","42","10","[0.9, 0.1]","0.11979257339511412","0.1","False","True","True","2","13","0.007765020243823528","23.88888931274414","0.19855661690235138","0.07332075387239456","0.1553885042667389","0.11985905468463898","0.25332117080688477","0.31517940759658813","0.18205463886260986","0.1636917144060135","0.2105170488357544","0.17150741815567017","0.1979510486125946","0.21609623730182648","9.15674114227295","","0.0007195724756456912","0.0028840869199484587","0.0027499713469296694","0.0028937051538378","0.004663550760596991","0.003021430689841509","0.0026411882136017084","0.0026127886958420277","0.003035969100892544","0.0030523210298269987","0.0025768575724214315","0.033383794128894806","0.03237498179078102","500","40","0","0.02760889381170273","5540","0","0.004484887700527906","0.6339166760444641","0.6339166760444641","0","0.642345130443573","0.6339166760444641","0.3660833239555359","5.639585494995117","0.934541642665863","0.0713336169719696","0.592001736164093","ssl_emnist_digits_dino","65","OK"
"2026-03-29 16:45:07","7.2min","f87884031f4347088d54bd641d90af2f","ssl_emnist_digits_dino_trial_0064","LOCAL","src/cli.py","thallybu","FINISHED","False","None","fixed_k","0.9","500","True","ShallowAutoencoder","None","1024","/data/thallybu/cache","1e-06","0","emnist_digits_dinov2_vits14","0.0910976861158017","True","384","[32]","0","","4","0.0910976861158017","2","0.003944843070163677","28","0.058902717534774676","4","","1.231085937008864","1","0.07313358650343633","3","1e-06","0.003944843070163677","5","28","10","4","0.058902717534774676","L","random","None","4","50","1.231085937008864","threshold","1.0","42","10","[0.9, 0.1]","0.07313358650343633","0.1","False","True","True","3","10","0.009473465383052826","142.3659210205078","0.35521411895751953","0.13996124267578125","0.2825385332107544","0.23985035717487335","0.5042746067047119","0.3058178126811981","0.3368540406227112","0.5108019113540649","0.4184161424636841","0.32142165303230286","0.33708012104034424","0.29508620500564575","10","","0.0008657693397253752","0.004130677320063114","0.004935745615512133","0.005721673369407654","0.004902394022792578","0.005612294655293226","0.00683883111923933","0.004280443768948317","0.00502977566793561","0.004981669597327709","0.0027822901029139757","0.05830821767449379","0.059265125542879105","5000","40","0","0.04921580106019974","35040","0","0.007668657694011927","0.6380833387374878","0.6380833387374878","0","0.6388159990310669","0.6380833387374878","0.3619166612625122","7.960938930511475","0.985225260257721","0.08490370959043503","0.7370445132255554","ssl_emnist_digits_dino","64","OK"
"2026-03-29 16:44:37","27.4s","55ad98dd16d248d4a519c2e6f1e5678a","ssl_emnist_digits_dino_trial_0063","LOCAL","src/cli.py","thallybu","FINISHED","False","None","fixed_k","0.9","500","True","ShallowAutoencoder","None","1024","/data/thallybu/cache","1e-06","0","emnist_digits_dinov2_vits14","0.06483910502119482","True","384","[128, 64]","0","","4","0.06483910502119482","4","0.0005558091125516503","16","0.16261485627091635","3","","1.3075724251331888","1","0.16866961363738103","3","1e-06","0.0005558091125516503","5","16","10","4","0.16261485627091635","L","random","None","3","50","1.3075724251331888","threshold","1.0","42","10","[0.9, 0.1]","0.16866961363738103","0.1","False","True","True","3","1","0.006608298048377037","0.14222222566604614","0","0","0","0","0","0","0","0","0","0","0","0","0.14222222566604614","","0.003193043638020754","0.008222794160246849","0.005667436867952347","0.009598021395504475","0.008531078696250916","0.004262984264642","0.004387566354125738","0.006207566242665052","0.006319569423794746","0.0077051459811627865","0.0025591065641492605","0.005170213058590889","0.0026741281617432833","0","30","0","0.000902560364920646","30","0","0","0.6299999952316284","0.6299999952316284","0","0.599255383014679","0.6299999952316284","0.3700000047683716","6.581916809082031","1.0127978324890137","0.1183384507894516","0.6481252312660217","ssl_emnist_digits_dino","63","FAILED"
"2026-03-29 16:44:13","8.4min","0a1768ac4c0348e5882b53947038cfbd","ssl_emnist_digits_dino_trial_0062","LOCAL","src/cli.py","thallybu","FINISHED","False","None","fixed_k","0.9","500","True","ShallowAutoencoder","None","1024","/data/thallybu/cache","1e-06","0","emnist_digits_dinov2_vits14","0.10959716911773343","True","384","[128, 64]","0","","4","0.10959716911773343","4","0.0005476509677503625","16","0.05495065336006821","3","","1.301110237951422","1","0.16371986716099393","3","1e-06","0.0005476509677503625","5","16","10","4","0.05495065336006821","L","random","None","3","50","1.301110237951422","threshold","1.0","42","10","[0.9, 0.1]","0.16371986716099393","0.1","False","True","True","3","10","0.007239996455609798","142.32769775390625","0.3043299615383148","0.10945377498865128","0.2363356351852417","0.23166553676128387","0.4530896246433258","0.43233639001846313","0.31725481152534485","0.298478364944458","0.29412588477134705","0.2649182975292206","0.2612335681915283","0.25386157631874084","10","","0.0009459895663894713","0.00416326941922307","0.004761784803122282","0.006852191407233477","0.005277388729155064","0.005334028974175453","0.003342872252687812","0.0035592636559158564","0.0038850288838148117","0.004298254381865263","0.002842457266524434","0.05447179824113846","0.05786994472146034","5000","30","0","0.044316522777080536","35030","0","0.00881141982972622","0.6353750228881836","0.6353750228881836","0","0.6434332132339478","0.6353750228881836","0.3646250069141388","9.67220687866211","0.9445271492004395","0.07522409409284592","0.6602140069007874","ssl_emnist_digits_dino","62","OK"
"2026-03-29 16:43:38","34.2s","ffd25374fc364667a67b3ea7ec65eaac","ssl_emnist_digits_dino_trial_0061","LOCAL","src/cli.py","thallybu","FINISHED","False","None","threshold","0.5486252717316618","250","True","ShallowAutoencoder","None","1024","/data/thallybu/cache","1e-06","0","emnist_digits_dinov2_vits14","0.11406990968284748","True","384","[8]","1","0.5486252717316618","","0.11406990968284748","0","0.000901010289216334","22","0.1249528391989628","2","","1.3358720414475214","1","0.024140586603549653","4","1e-06","0.000901010289216334","5","22","10","4","0.1249528391989628","L","random","None","2","50","1.3358720414475214","threshold","1.0","42","10","[0.9, 0.1]","0.024140586603549653","0.1","False","True","True","4","1","0.009957910515367985","0.09481481462717056","0","0","0","0","0","0","0","0","0","0","0","0","0.0900740772485733","0.5486252903938293","0.00031534963636659086","0.004611369222402573","0.02032257616519928","0.004460305441170931","0.003292422741651535","0.010637911036610603","0.007693813182413578","0.005399015732109547","0.018384749069809914","0.010747263208031654","0.016584428027272224","0.002443749224767089","0.0008806890691630542","0","20","0","0.0008812228916212916","20","0","0.000002907667067120201","0.5833749771118164","0.5833749771118164","0","0.5752852559089661","0.5833749771118164","0.4166249930858612","5.777425289154053","1.0285093784332275","0.16807880997657776","0.48881179094314575","ssl_emnist_digits_dino","61","FAILED"
"2026-03-29 16:43:34","8.4min","6c2379db9aa846219ba4b7951393d35f","ssl_emnist_digits_dino_trial_0060","LOCAL","src/cli.py","thallybu","FINISHED","False","None","threshold","0.5586983389738217","250","True","ShallowAutoencoder","None","1024","/data/thallybu/cache","1e-06","0","emnist_digits_dinov2_vits14","0.11435085081181125","True","384","[8]","1","0.5586983389738217","","0.11435085081181125","0","0.0009462540056787727","30","0.1828819885080118","4","","1.2987857184188782","1","0.16216902885024817","3","1e-06","0.0009462540056787727","5","30","10","4","0.1828819885080118","L","random","None","4","50","1.2987857184188782","threshold","1.0","42","10","[0.9, 0.1]","0.16216902885024817","0.1","False","True","True","3","11","0.008104042150080204","413.44354248046875","0.444723904132843","0.12624987959861755","0.43578797578811646","0.4154132306575775","0.4949100613594055","0.45995643734931946","0.4451287090778351","0.4957598149776459","0.4737261235713959","0.42811107635498047","0.4010695219039917","0.48175325989723206","10","0.5586983561515808","0.00039711096906103194","0.005675096996128559","0.008834588341414928","0.0048232246190309525","0.0042345039546489716","0.00801880657672882","0.00433693453669548","0.004426347091794014","0.00599463377147913","0.005741556640714407","0.006246346980333328","0.0753178820014","0.07632116228342056","1527","40","0","0.05833202600479126","88762","0","0.015106678009033203","0.674916684627533","0.674916684627533","0","0.6783078908920288","0.674916684627533","0.32508331537246704","8.516654968261719","0.9645886421203613","0.12027018517255783","0.7972978353500366","ssl_emnist_digits_dino","60","OK"
"2026-03-29 16:42:59","31.1s","ddded04b467a46ca9c9181bbfaf36895","ssl_emnist_digits_dino_trial_0059","LOCAL","src/cli.py","thallybu","FINISHED","False","None","threshold","0.43931062492944234","250","True","ShallowAutoencoder","None","1024","/data/thallybu/cache","1e-06","0","emnist_digits_dinov2_vits14","0.12429210155139434","True","384","[32]","1","0.43931062492944234","","0.12429210155139434","2","0.0007487438481602061","14","0.10813380874564191","2","","1.1441820622746333","1","0.07009856259771857","3","1e-06","0.0007487438481602061","5","14","10","4","0.10813380874564191","L","random","None","2","50","1.1441820622746333","threshold","1.0","42","10","[0.9, 0.1]","0.07009856259771857","0.1","False","True","True","3","1","0.007118545938283205","0.09481481462717056","0","0","0","0","0","0","0","0","0","0","0","0","0.09481481462717056","0.43931061029434204","0.0008320226334035397","0.00846152938902378","0.005614863242954016","0.0060530370101332664","0.010506002232432365","0.006318540312349796","0.0020537294913083315","0.007575207855552435","0.0051450058817863464","0.00526299886405468","0.003089883830398321","0.0021714328322559595","0.00083580007776618","0","20","0","0.0005696549778804183","20","0","0","0.4989166557788849","0.4989166557788849","0","0.48245522379875183","0.4989166557788849","0.5010833144187927","4.865132808685303","1.1147536039352417","0.18750692903995514","0.5464080572128296","ssl_emnist_digits_dino","59","FAILED"
"2026-03-29 16:37:04","7.5min","70db30befe454439b631febd1d6be0af","ssl_emnist_digits_dino_trial_0058","LOCAL","src/cli.py","thallybu","FINISHED","False","None","threshold","0.43340592406271417","250","True","ShallowAutoencoder","None","1024","/data/thallybu/cache","1e-06","0","emnist_digits_dinov2_vits14","0.046456287099277495","True","384","[8]","1","0.43340592406271417","","0.046456287099277495","0","0.0008131810340679744","30","0.12623873496802773","2","","1.1440221806858935","1","0.014208608492144175","4","1e-06","0.0008131810340679744","5","30","10","4","0.12623873496802773","L","random","None","2","50","1.1440221806858935","threshold","1.0","42","10","[0.9, 0.1]","0.014208608492144175","0.1","False","True","True","4","11","0.007042102050036192","215.87258911132812","0.3460080325603485","0.09092360734939575","0.33845677971839905","0.32393455505371094","0.38135749101638794","0.363951712846756","0.36304593086242676","0.38707998394966125","0.36402711272239685","0.3442464768886566","0.3174712061882019","0.3680592179298401","10","0.43340593576431274","0.0003493725089356303","0.005129947792738676","0.007080826908349991","0.0038273651152849197","0.003253457834944129","0.006559149362146854","0.0035828182008117437","0.004059222526848316","0.005295934155583382","0.005083856638520956","0.0044623506255447865","0.050824616104364395","0.04911400005221367","991","20","0","0.048334937542676926","46540","0","0.001251340378075838","0.6765416860580444","0.6765416860580444","0","0.6835933327674866","0.6765416860580444","0.32345834374427795","5.471038341522217","0.88092041015625","0.09978070855140686","0.5291504263877869","ssl_emnist_digits_dino","58","OK"
"2026-03-29 16:36:47","14.8min","ffdc1695dc8641d8bde11c69e8ef4b0c","ssl_emnist_digits_dino_trial_0057","LOCAL","src/cli.py","thallybu","FINISHED","False","None","threshold","0.6560276532169184","250","True","ShallowAutoencoder","None","1024","/data/thallybu/cache","1e-06","0","emnist_digits_dinov2_vits14","0.023415111541678486","True","384","[8]","1","0.6560276532169184","","0.023415111541678486","0","0.0008676032611158556","18","0.12887985737916155","4","","1.1529619453040236","1","0.19557702938836632","4","1e-06","0.0008676032611158556","5","18","10","4","0.12887985737916155","L","random","None","4","50","1.1529619453040236","threshold","1.0","42","10","[0.9, 0.1]","0.19557702938836632","0.1","False","True","True","4","18","0.006969571579247713","574.8565673828125","0.48683908581733704","0.15025204420089722","0.409353107213974","0.4406720995903015","0.5671093463897705","0.4917278587818146","0.5563948750495911","0.590916633605957","0.5487160682678223","0.45283886790275574","0.44666069746017456","0.5666688084602356","10","0.6560276746749878","0.0007195628131739795","0.005439277272671461","0.009047925472259521","0.007972179912030697","0.004782508593052626","0.007702765520662069","0.005194321274757385","0.005093225743621588","0.00602971576154232","0.005661885719746351","0.006208174396306276","0.07973747700452805","0.07896558195352554","1081","40","0","0.06313198804855347","122374","0","0.014987684786319733","0.684583306312561","0.684583306312561","0","0.6752484440803528","0.684583306312561","0.3154166638851166","6.037884712219238","0.8989823460578918","0.11408080160617828","0.6234455704689026","ssl_emnist_digits_dino","57","OK"
"2026-03-29 16:36:15","31.7s","f4699d1bada74e24a9f70a17d13f0b20","ssl_emnist_digits_dino_trial_0056","LOCAL","src/cli.py","thallybu","FINISHED","False","None","threshold","0.521434196403936","250","True","ShallowAutoencoder","None","1024","/data/thallybu/cache","1e-06","0","emnist_digits_dinov2_vits14","0.09182777773317767","True","384","[128]","1","0.521434196403936","","0.09182777773317767","3","0.000317077456825533","28","0.20819284025320614","1","","1.3969065725727936","1","0.10997758385681825","3","1e-06","0.000317077456825533","5","28","10","4","0.20819284025320614","L","random","None","1","50","1.3969065725727936","threshold","1.0","42","10","[0.9, 0.1]","0.10997758385681825","0.1","False","True","True","3","1","0.0037260570097714663","0.04740740731358528","0","0","0","0","0","0","0","0","0","0","0","0","0.04740740731358528","0.5214341878890991","0.003273520851507783","0.0008670365205034614","0.005935188382863998","0.002389519475400448","0.0006803038413636386","0.0005064635770395398","0.0030829047318547964","0.0013047902612015605","0.00025954400189220905","0.000380366895115003","0.013582753017544746","0.004186688922345638","0.0019547685515135527","0","10","0","0.0001374287239741534","10","0","0","0.5274583101272583","0.5274583101272583","0","0.531745195388794","0.5274583101272583","0.4725416600704193","5.5221076011657715","1.0560903549194336","0.1383049041032791","0.49883124232292175","ssl_emnist_digits_dino","56","FAILED"
"2026-03-29 16:36:14","49.9s","d98a2ba897f7449aab8a8a7c7eab5964","ssl_emnist_digits_dino_trial_0055","LOCAL","src/cli.py","thallybu","FINISHED","False","None","threshold","0.4818574720659744","250","True","ShallowAutoencoder","None","1024","/data/thallybu/cache","1e-06","0","emnist_digits_dinov2_vits14","0.023021550395196613","True","384","[128]","1","0.4818574720659744","","0.023021550395196613","3","0.0003066680919068554","18","0.20668749083950183","1","2","","0","0.19035035358220279","0","1e-06","0.0003066680919068554","5","18","10","4","0.20668749083950183","L","random","None","1","100","1.2","fixed_k","1.0","42","10","[0.9, 0.1]","0.19035035358220279","0.1","False","True","True","0","1","0.00273699383251369","0.04740740731358528","0.3868401050567627","0.07546033710241318","0.4285060167312622","0.3512245714664459","0.23549064993858337","0.41279974579811096","0.38997822999954224","0.44054290652275085","0.42407354712486267","0.4000980854034424","0.3924768567085266","0.43592435121536255","0.04740740731358528","0.4818574786186218","0.002916978904977441","0.0010703790467232466","0.000530577264726162","0.00011199554137419909","0.00026355672162026167","0.0011106099700555205","0.000013203767593950033","0.00010462060163263232","0.00014668871881440282","0.0004164318961557001","0.0011721220798790455","0.0035061012022197247","0.05908557027578354","15783","10","0","0.00002342014340683818","15793","0","0","0.5406666398048401","0.5406666398048401","0","0.5278518795967102","0.5406666398048401","0.4593333303928375","7.69734525680542","1.165306806564331","0.07019764930009842","0.7687980532646179","ssl_emnist_digits_dino","55","FAILED"
"2026-03-29 16:35:51","7.1min","58f6fdca317a4c1589cd70973e97a45b","ssl_emnist_digits_dino_trial_0054","LOCAL","src/cli.py","thallybu","FINISHED","False","None","threshold","0.6705079320854497","250","True","ShallowAutoencoder","None","1024","/data/thallybu/cache","1e-06","0","emnist_digits_dinov2_vits14","0.019972563234258334","True","384","[128]","1","0.6705079320854497","","0.019972563234258334","3","0.00031085346391855596","18","0.2063354340368281","1","","1.3635745352559692","1","0.014464799577499939","4","1e-06","0.00031085346391855596","5","18","10","4","0.2063354340368281","L","random","None","1","50","1.3635745352559692","threshold","1.0","42","10","[0.9, 0.1]","0.014464799577499939","0.1","False","True","True","4","10","0.005310347303748131","565.42431640625","0.49714282155036926","0.168998122215271","0.4844834804534912","0.3635321855545044","0.6669526696205139","0.44946473836898804","0.4663706123828888","0.5889807939529419","0.6384422779083252","0.5712553858757019","0.4906409680843353","0.598724901676178","10","0.6705079078674316","0.0008136482792906463","0.005432043224573135","0.006584019400179386","0.00733269564807415","0.004838724620640278","0.007061919663101435","0.005259441211819649","0.006205848418176174","0.006775551475584507","0.005977199878543615","0.0058039394207298756","0.06476546078920364","0.06375446915626526","5768","10","0","0.06127140298485756","125069","0","0.0015847106697037816","0.5901666879653931","0.5901666879653931","0","0.5718744993209839","0.5901666879653931","0.4098333418369293","16.13250160217285","1.2990530729293823","0.05381929874420166","1.393646478652954","ssl_emnist_digits_dino","54","OK"
"2026-03-29 16:35:47","20.2min","4be1afcd529148bc851f4a1633c1dce1","ssl_emnist_digits_dino_trial_0053","LOCAL","src/cli.py","thallybu","FINISHED","False","None","threshold","0.6614087720144797","250","True","ShallowAutoencoder","None","1024","/data/thallybu/cache","1e-06","0","emnist_digits_dinov2_vits14","0.027193695188162205","True","384","[128]","1","0.6614087720144797","","0.027193695188162205","3","0.0003086068335202658","18","0.20737246663130346","2","","1.3711330364103085","1","0.10832477362063123","0","1e-06","0.0003086068335202658","5","18","10","4","0.20737246663130346","L","random","None","2","50","1.3711330364103085","threshold","1.0","42","10","[0.9, 0.1]","0.10832477362063123","0.1","False","True","True","0","20","0.004455315414816141","695.3552856445312","0.47257477045059204","0.18498875200748444","0.3892157971858978","0.3280867338180542","0.6053155660629272","0.46885696053504944","0.45603322982788086","0.6390162110328674","0.5819934606552124","0.45390817523002625","0.4121885597705841","0.5968426465988159","10","0.6614087820053101","0.004481496289372444","0.004328627604991198","0.005677748471498489","0.005117632914334536","0.003920419607311487","0.005575902760028839","0.0040670461021363735","0.005272011738270521","0.005163075868040323","0.004547574557363987","0.004465029574930668","0.060493528842926025","0.060366999357938766","1594","20","0","0.048135049641132355","148312","0","0.006953021511435509","0.7074166536331177","0.7074166536331177","0","0.7073007225990295","0.7074166536331177","0.29258331656455994","7.2156805992126465","0.8589011430740356","0.05809652432799339","0.6632767915725708","ssl_emnist_digits_dino","53","OK"
"2026-03-29 16:35:44","22.3min","483b5eb83c59406f8211c951af6b7623","ssl_emnist_digits_dino_trial_0052","LOCAL","src/cli.py","thallybu","FINISHED","False","None","threshold","0.663523842221906","250","True","ShallowAutoencoder","None","1024","/data/thallybu/cache","1e-06","0","emnist_digits_dinov2_vits14","0.1248225702503562","True","384","[128]","1","0.663523842221906","","0.1248225702503562","3","5.365219639866889e-05","28","0.1832944442715232","4","","1.146361509476531","1","0.05221434456233953","3","1e-06","5.365219639866889e-05","5","28","10","4","0.1832944442715232","L","random","None","4","50","1.146361509476531","threshold","1.0","42","10","[0.9, 0.1]","0.05221434456233953","0.1","False","True","True","3","25","0.006880511064082384","580.1771850585938","0.48039403557777405","0.15746614336967468","0.4357042610645294","0.3596731126308441","0.5806888341903687","0.5538216829299927","0.4715423285961151","0.5514979362487793","0.5421457886695862","0.5264608860015869","0.4422314763069153","0.49881118535995483","10","0.6635238528251648","0.0027921502478420734","0.005978566128760576","0.007152914069592953","0.0062253293581306934","0.004749520681798458","0.007323605474084616","0.004685843829065561","0.005287990905344486","0.006901763845235109","0.006235626991838217","0.004634628538042307","0.06686612218618393","0.06439048796892166","500","40","0","0.05917578935623169","122915","0","0.00363702024333179","0.737458348274231","0.737458348274231","0","0.7366724014282227","0.737458348274231","0.26254165172576904","6.69339656829834","0.7991423010826111","0.0992613360285759","0.48739176988601685","ssl_emnist_digits_dino","52","OK"
"2026-03-29 16:35:40","7.9min","48961682524c4005902e710f536f2339","ssl_emnist_digits_dino_trial_0051","LOCAL","src/cli.py","thallybu","FINISHED","False","None","threshold","0.6659497545653079","250","True","ShallowAutoencoder","None","1024","/data/thallybu/cache","1e-06","0","emnist_digits_dinov2_vits14","0.12712243433690465","True","384","[128]","1","0.6659497545653079","","0.12712243433690465","3","0.00294540729199783","30","0.1042163240509256","4","","1.2648353797664227","1","0.05105989797691069","3","1e-06","0.00294540729199783","5","30","10","4","0.1042163240509256","L","random","None","4","50","1.2648353797664227","threshold","1.0","42","10","[0.9, 0.1]","0.05105989797691069","0.1","False","True","True","3","10","0.008262427523732185","622.8992309570312","0.5166299939155579","0.168405219912529","0.43924933671951294","0.43851903080940247","0.6332354545593262","0.4786798655986786","0.4737556576728821","0.6160832047462463","0.5358337759971619","0.5257159471511841","0.4940964877605438","0.5922933220863342","10","0.6659497618675232","0.0016055840533226728","0.005948810838162899","0.008485183119773865","0.005698543973267078","0.005003119353204966","0.0063126892782747746","0.006347455084323883","0.006991550792008638","0.007001600693911314","0.0066033317707479","0.006658575497567654","0.07224898785352707","0.07138717174530029","1490","40","0","0.06505086272954941","132919","0","0.004731462802737951","0.5827500224113464","0.5827500224113464","0","0.5787129402160645","0.5827500224113464","0.41725000739097595","5.510016441345215","1.0568598508834839","0.11623137444257736","0.7284191846847534","ssl_emnist_digits_dino","51","OK"
"2026-03-29 16:35:15","35.0s","2d6613efb1c8401f9dc10ccf3c076a95","ssl_emnist_digits_dino_trial_0050","LOCAL","src/cli.py","thallybu","FINISHED","False","None","threshold","0.6660924354949277","250","True","ShallowAutoencoder","None","1024","/data/thallybu/cache","1e-06","0","emnist_digits_dinov2_vits14","0.1267148921157006","True","384","[32]","1","0.6660924354949277","","0.1267148921157006","2","0.0025687126217785686","30","0.18423102833455776","5","","1.252302132061257","1","0.06113754108653585","2","1e-06","0.0025687126217785686","5","30","10","4","0.18423102833455776","L","random","None","5","50","1.252302132061257","threshold","1.0","42","10","[0.9, 0.1]","0.06113754108653585","0.1","False","True","True","2","1","0.008302299305796623","0.2370370328426361","0","0","0","0","0","0","0","0","0","0","0","0","0.23229630291461945","0.6660924553871155","0.0007312652305699885","0.0078160110861063","0.012999951839447021","0.007246401160955429","0.006588405929505825","0.010310645215213299","0.01126166246831417","0.007150748278945684","0.007161869667470455","0.009155483916401863","0.0052587129175662994","0.006546018645167351","0.0021874187514185905","0","50","0","0.0019702233839780092","50","0","0.002314992481842637","0.5974166393280029","0.5974166393280029","0","0.5892170667648315","0.5974166393280029","0.4025833308696747","6.206196308135986","0.9581381678581238","0.177572563290596","0.4204471707344055","ssl_emnist_digits_dino","50","FAILED"
"2026-03-29 16:35:09","34.7s","ff2487eb3f8b4d398cc07492b4bbb56d","ssl_emnist_digits_dino_trial_0049","LOCAL","src/cli.py","thallybu","FINISHED","False","None","threshold","0.5789402283782081","250","True","ShallowAutoencoder","None","1024","/data/thallybu/cache","1e-06","0","emnist_digits_dinov2_vits14","0.06643066556532964","True","384","[32]","1","0.5789402283782081","","0.06643066556532964","2","0.003162119809269497","25","0.10604810325679492","4","","1.2639541055337213","1","0.05810717702901876","2","1e-06","0.003162119809269497","5","25","10","4","0.10604810325679492","L","random","None","4","50","1.2639541055337213","threshold","1.0","42","10","[0.9, 0.1]","0.05810717702901876","0.1","False","True","True","2","1","0.007322443649172783","0.18962962925434113","0","0","0","0","0","0","0","0","0","0","0","0","0.18962962925434113","0.578940212726593","0.0006125298095867038","0.007601924240589142","0.005346721038222313","0.007133403792977333","0.005210318602621555","0.007319370284676552","0.004994397051632404","0.004838589578866959","0.008353810757398605","0.009287547320127487","0.00796015840023756","0.0026794204022735357","0.0013895342126488686","0","40","0","0.001290358486585319","40","0","0","0.5732083320617676","0.5732083320617676","0","0.5312058925628662","0.5732083320617676","0.4267916679382324","6.908781051635742","1.0578866004943848","0.1571759134531021","0.6158244609832764","ssl_emnist_digits_dino","49","FAILED"
"2026-03-29 16:34:45","12.9min","7c7f3578c18f4a67b298bb520af20473","ssl_emnist_digits_dino_trial_0048","LOCAL","src/cli.py","thallybu","FINISHED","False","None","threshold","0.5840416172878984","250","True","ShallowAutoencoder","None","1024","/data/thallybu/cache","1e-06","0","emnist_digits_dinov2_vits14","0.12836903456065252","True","384","[32]","1","0.5840416172878984","","0.12836903456065252","2","0.0031096981641913837","26","0.13277462947163193","4","","1.1588515223183389","1","0.05682922168415572","3","1e-06","0.0031096981641913837","5","26","10","4","0.13277462947163193","L","random","None","4","50","1.1588515223183389","threshold","1.0","42","10","[0.9, 0.1]","0.05682922168415572","0.1","False","True","True","3","15","0.007258188910782337","486.0619201660156","0.455913782119751","0.1332153081893921","0.3971273899078369","0.41860535740852356","0.5089622139930725","0.4850577116012573","0.46039366722106934","0.5467702150344849","0.49634721875190735","0.4502023160457611","0.42261287569999695","0.4511242210865021","10","0.5840415954589844","0.0006035496480762959","0.006033287383615971","0.008717546239495277","0.006053476594388485","0.004278417676687241","0.007360578048974276","0.0049996390007436275","0.004921724088490009","0.006297396961599588","0.006091655232012272","0.00418375339359045","0.06623610854148865","0.06820020824670792","91","40","0","0.05893746390938759","102648","0","0.005731391720473766","0.7152916789054871","0.7152916789054871","0","0.7214901447296143","0.7152916789054871","0.28470832109451294","6.564410209655762","0.8475548624992371","0.12095653265714645","0.5469768047332764","ssl_emnist_digits_dino","48","OK"
"2026-03-29 16:34:13","31.5s","b2d8524caadb47eb9cab78b96bdbf1a5","ssl_emnist_digits_dino_trial_0047","LOCAL","src/cli.py","thallybu","FINISHED","False","None","threshold","0.5046288683914643","250","True","ShallowAutoencoder","None","1024","/data/thallybu/cache","1e-06","0","emnist_digits_dinov2_vits14","0.10180710686018099","True","384","[32]","1","0.5046288683914643","","0.10180710686018099","2","0.003160505141458583","16","0.13316408450947553","4","","1.2098660647301742","1","0.02491468062422406","3","1e-06","0.003160505141458583","5","16","10","4","0.13316408450947553","L","random","None","4","50","1.2098660647301742","threshold","1.0","42","10","[0.9, 0.1]","0.02491468062422406","0.1","False","True","True","3","1","0.007918188348412514","0.18962962925434113","0","0","0","0","0","0","0","0","0","0","0","0","0.18488888442516327","0.5046288967132568","0.0005624979385174811","0.010168438777327538","0.006728159263730049","0.007655716501176357","0.00576051976531744","0.0085868239402771","0.005850763991475105","0.005722802132368088","0.007995229214429855","0.00752287358045578","0.006234849337488413","0.0036844154819846153","0.0015216111205518246","0","40","0","0.001337725785560906","40","0","0.0007297730771824718","0.6739583611488342","0.6739583611488342","0","0.6621279716491699","0.6739583611488342","0.32604166865348816","3.5787465572357178","0.8656436800956726","0.12684838473796844","0.38268864154815674","ssl_emnist_digits_dino","47","FAILED"
"2026-03-29 16:21:11","14.5min","c2e949654a1447c19223d1136243beb6","ssl_emnist_digits_dino_trial_0046","LOCAL","src/cli.py","thallybu","FINISHED","False","None","threshold","0.5615213765732935","250","True","ShallowAutoencoder","None","1024","/data/thallybu/cache","1e-06","0","emnist_digits_dinov2_vits14","0.10060173811320358","True","384","[32]","1","0.5615213765732935","","0.10060173811320358","2","0.003290982422480306","26","0.13677930641106237","4","","1.1674499275425827","1","0.056080916389747645","3","1e-06","0.003290982422480306","5","26","10","4","0.13677930641106237","L","random","None","4","50","1.1674499275425827","threshold","1.0","42","10","[0.9, 0.1]","0.056080916389747645","0.1","False","True","True","3","17","0.007427196949720383","466.9022216796875","0.4393744170665741","0.13404318690299988","0.38638168573379517","0.40153345465660095","0.4851491153240204","0.48673155903816223","0.4115825891494751","0.5099042654037476","0.5065692663192749","0.44143491983413696","0.38719359040260315","0.47124913334846497","10","0.5615213513374329","0.0007607843144796789","0.005898446310311556","0.008370405063033104","0.0070821805857121944","0.0041762953624129295","0.006677736062556505","0.004569292534142733","0.00487816147506237","0.006215142086148262","0.005819709971547127","0.004436158575117588","0.0653422474861145","0.06447596848011017","221","40","0","0.05812352895736694","98735","0","0.005442062392830849","0.6980000138282776","0.6980000138282776","0","0.7008255124092102","0.6980000138282776","0.3019999861717224","7.312990188598633","0.8739880919456482","0.11586485803127289","0.6059887409210205","ssl_emnist_digits_dino","46","OK"
"2026-03-29 16:13:38","21.6min","3d68fae862b34d46b881f976e3ca9ef5","ssl_emnist_digits_dino_trial_0045","LOCAL","src/cli.py","thallybu","FINISHED","False","None","threshold","0.5744809270876906","250","True","ShallowAutoencoder","None","1024","/data/thallybu/cache","1e-06","0","emnist_digits_dinov2_vits14","0.10474641324879799","True","384","[32]","1","0.5744809270876906","","0.10474641324879799","2","0.0006612877166856946","26","0.13761407004545267","4","","1.173723618597855","1","0.036557324736469214","3","1e-06","0.0006612877166856946","5","26","10","4","0.13761407004545267","L","random","None","4","50","1.173723618597855","threshold","1.0","42","10","[0.9, 0.1]","0.036557324736469214","0.1","False","True","True","3","25","0.005806565284729004","572.0340576171875","0.4099055528640747","0.15218597650527954","0.3366328775882721","0.2976037859916687","0.517478883266449","0.435819149017334","0.46591588854789734","0.50227952003479","0.5016185641288757","0.4186892509460449","0.3788527548313141","0.42773959040641785","10","0.5744809508323669","0.002556893741711974","0.004461224656552076","0.006202758755534887","0.005254641640931368","0.0036220853216946125","0.006368251517415047","0.004258716478943825","0.004319626837968826","0.005239448975771666","0.005105435382574797","0.003875208320096135","0.05490675941109657","0.05487146973609924","1862","40","0","0.048707425594329834","122559","0","0.002843387657776475","0.7644583582878113","0.7644583582878113","0","0.7679650187492371","0.7644583582878113","0.2355416715145111","7.879016876220703","0.7596855163574219","0.05745275691151619","0.5702949166297913","ssl_emnist_digits_dino","45","OK"
"2026-03-29 16:13:21","21.8min","673ad7289b044b18b20fef7f6cbb2942","ssl_emnist_digits_dino_trial_0044","LOCAL","src/cli.py","thallybu","FINISHED","False","None","threshold","0.7274124589596234","250","True","ShallowAutoencoder","None","1024","/data/thallybu/cache","1e-06","0","emnist_digits_dinov2_vits14","0.10230838863658129","True","384","[32]","1","0.7274124589596234","","0.10230838863658129","2","0.0006308668518740475","26","0.1364676006700007","3","","1.185729685187355","1","0.035820784132858705","3","1e-06","0.0006308668518740475","5","26","10","4","0.1364676006700007","L","random","None","3","50","1.185729685187355","threshold","1.0","42","10","[0.9, 0.1]","0.035820784132858705","0.1","False","True","True","3","24","0.005281840451061726","779.0367431640625","0.5373601317405701","0.19945493340492249","0.455171674489975","0.33792683482170105","0.6925000548362732","0.610837459564209","0.4981224536895752","0.5960673093795776","0.5504158139228821","0.5865910649299622","0.44821104407310486","0.6814959049224854","10","0.7274124622344971","0.0024029682390391827","0.005491158924996853","0.00674855662509799","0.0055064125917851925","0.005064431112259626","0.0067872279323637486","0.004554007202386856","0.00492880679666996","0.006527506280690432","0.005546770989894867","0.0054609403014183044","0.06250248849391937","0.0620974600315094","747","30","0","0.05661582946777344","165120","0","0.002762885531410575","0.7002916932106018","0.7002916932106018","0","0.7060659527778625","0.7002916932106018","0.2997083365917206","7.129250526428223","0.8598503470420837","0.060893602669239044","0.6045042872428894","ssl_emnist_digits_dino","44","OK"
"2026-03-29 16:13:06","30.5s","e92cadbe66e34de6875cd066ae9121b3","ssl_emnist_digits_dino_trial_0043","LOCAL","src/cli.py","thallybu","FINISHED","False","None","threshold","0.7552599441591976","250","True","ShallowAutoencoder","None","1024","/data/thallybu/cache","1e-06","0","emnist_digits_dinov2_vits14","0.035615640996154566","True","384","[32]","1","0.7552599441591976","","0.035615640996154566","2","0.0014748279880587713","19","0.16963565574385694","3","0","","0","0.042169065815610404","4","1e-06","0.0014748279880587713","5","19","10","4","0.16963565574385694","L","random","None","3","25","1.2","fixed_k","1.0","42","10","[0.9, 0.1]","0.042169065815610404","0.1","False","True","True","4","1","0.006705916952341795","0.14192593097686768","0","0","0","0","0","0","0","0","0","0","0","0","0.14192593097686768","0.7552599310874939","0.0007463155779987574","0.010744113475084305","0.0033698133192956448","0.006045845802873373","0.006406752858310938","0.0031161170918494463","0.0060933311469852924","0.006201798561960459","0.006112560164183378","0.01025801245123148","0.0058561451733112335","0.0027960112784057856","0.0013913738075643778","0","30","0","0.0009121320326812565","30","0","0","0.6666250228881836","0.6666250228881836","0","0.675439715385437","0.6666250228881836","0.3333750069141388","5.8784589767456055","0.9094294309616089","0.11734931170940399","0.4056263566017151","ssl_emnist_digits_dino","43","FAILED"
"2026-03-29 16:12:51","30.0s","b8b03318960b4190aa317ea11d70fa1e","ssl_emnist_digits_dino_trial_0042","LOCAL","src/cli.py","thallybu","FINISHED","False","None","threshold","0.7446135139207171","250","True","ShallowAutoencoder","None","1024","/data/thallybu/cache","1e-06","0","emnist_digits_dinov2_vits14","0.03769748255033916","True","384","[32]","1","0.7446135139207171","","0.03769748255033916","2","0.001528424581123509","20","0.17113987638188843","3","0","","0","0.04512876785964127","4","1e-06","0.001528424581123509","5","20","10","4","0.17113987638188843","L","random","None","3","25","1.2","fixed_k","1.0","42","10","[0.9, 0.1]","0.04512876785964127","0.1","False","True","True","4","1","0.006408120971173048","0.14222222566604614","0","0","0","0","0","0","0","0","0","0","0","0","0.14222222566604614","0.744613528251648","0.0007766515482217073","0.00739246467128396","0.003165138652548194","0.00397656112909317","0.005373405758291483","0.010437317192554474","0.01251789927482605","0.006109999027103186","0.006785627454519272","0.005799801554530859","0.006232851650565863","0.0028374751564115286","0.0013065207749605179","0","30","0","0.0009641395299695432","30","0","0","0.6641250252723694","0.6641250252723694","0","0.6443508267402649","0.6641250252723694","0.335875004529953","4.517457008361816","0.9126505255699158","0.13668815791606903","0.43588194251060486","ssl_emnist_digits_dino","42","FAILED"
"2026-03-29 16:12:31","8.7min","55901da44b5e42e6b2a7438e4ba761a1","ssl_emnist_digits_dino_trial_0041","LOCAL","src/cli.py","thallybu","FINISHED","False","None","threshold","0.7254776243040693","250","True","ShallowAutoencoder","None","1024","/data/thallybu/cache","1e-06","0","emnist_digits_dinov2_vits14","0.007620793146842934","True","384","[32]","1","0.7254776243040693","","0.007620793146842934","2","0.0015748481867279074","20","0.1704665525837307","3","0","","0","0.035839944140791134","4","1e-06","0.0015748481867279074","5","20","10","4","0.1704665525837307","L","random","None","3","25","1.2","fixed_k","1.0","42","10","[0.9, 0.1]","0.035839944140791134","0.1","False","True","True","4","11","0.005822099279612303","697.9801635742188","0.5421587228775024","0.18996933102607727","0.4571596682071686","0.35713693499565125","0.585884690284729","0.5379096865653992","0.5909556746482849","0.6484360694885254","0.6273972392082214","0.6223700642585754","0.5861648321151733","0.5901477336883545","10","0.7254776358604431","0.0017215526895597577","0.005353542044758797","0.006997769232839346","0.005908573511987925","0.004161100834608078","0.007171614561229944","0.005074528511613607","0.005383888725191355","0.006897200830280781","0.005128259304910898","0.004689277149736881","0.06256458908319473","0.0625552237033844","5101","30","250","0.05676574632525444","152122","1515","0.003084809286519885","0.684374988079071","0.684374988079071","0","0.688089907169342","0.684374988079071","0.31562498211860657","7.173576831817627","0.8951351046562195","0.08613661676645279","0.6102948188781738","ssl_emnist_digits_dino","41","OK"
"2026-03-29 16:11:57","22.3min","80e1cec1d1e242aaa9d214333b334b81","ssl_emnist_digits_dino_trial_0040","LOCAL","src/cli.py","thallybu","FINISHED","False","None","threshold","0.5612500818016403","250","True","ShallowAutoencoder","None","1024","/data/thallybu/cache","1e-06","0","emnist_digits_dinov2_vits14","0.09856662459608717","True","384","[32]","1","0.5612500818016403","","0.09856662459608717","2","0.002185324150595659","20","0.1412541984537846","3","","1.1687890411281017","1","0.03772743942965046","2","1e-06","0.002185324150595659","5","20","10","4","0.1412541984537846","L","random","None","3","50","1.1687890411281017","threshold","1.0","42","10","[0.9, 0.1]","0.03772743942965046","0.1","False","True","True","2","25","0.006316096521914005","527.8969116210938","0.40352001786231995","0.14688251912593842","0.34173840284347534","0.3289113938808441","0.5198243856430054","0.3819451332092285","0.49089515209198","0.5085683465003967","0.49987828731536865","0.4134901463985443","0.42714667320251465","0.4989584684371948","10","0.5612500905990601","0.0013980461517348886","0.005484749563038349","0.006917898543179035","0.005062376148998737","0.004524706397205591","0.0071697174571454525","0.0049524870701134205","0.0046506645157933235","0.00578283192589879","0.005828337278217077","0.004702490754425526","0.06069877743721008","0.0601329579949379","165","30","0","0.055076271295547485","111549","0","0.0033322733361274004","0.7213333249092102","0.7213333249092102","0","0.7145580649375916","0.7213333249092102","0.2786666750907898","8.004509925842285","0.8473809957504272","0.09639392048120499","0.6805211305618286","ssl_emnist_digits_dino","40","OK"
"2026-03-29 15:56:17","15.6min","ba328683910149f892f798ec9080eb67","ssl_emnist_digits_dino_trial_0039","LOCAL","src/cli.py","thallybu","FINISHED","False","None","threshold","0.5242975415897925","250","True","ShallowAutoencoder","None","1024","/data/thallybu/cache","1e-06","0","emnist_digits_dinov2_vits14","0.10131420920304715","True","384","[32]","1","0.5242975415897925","","0.10131420920304715","2","0.001923379812232213","20","0.14707535785680778","3","","1.1811017219335738","1","0.03428213844344618","2","1e-06","0.001923379812232213","5","20","10","4","0.14707535785680778","L","random","None","3","50","1.1811017219335738","threshold","1.0","42","10","[0.9, 0.1]","0.03428213844344618","0.1","False","True","True","2","18","0.006159722339361906","506.60089111328125","0.40435341000556946","0.14582271873950958","0.358172744512558","0.295573890209198","0.45495665073394775","0.5035179853439331","0.4066944122314453","0.46224114298820496","0.43495264649391174","0.43632787466049194","0.3812654912471771","0.4033462405204773","10","0.5242975354194641","0.0014917366206645966","0.005334808491170406","0.006786732468754053","0.005910717416554689","0.0048292637802660465","0.006584876216948032","0.004327345173805952","0.00436575710773468","0.005939274560660124","0.005274736322462559","0.0040465728379786015","0.058661606162786484","0.057420480996370316","511","30","0","0.05340006947517395","107401","0","0.0028638315852731466","0.721916675567627","0.721916675567627","0","0.7192712426185608","0.721916675567627","0.27808332443237305","7.850475311279297","0.8222314119338989","0.08330663293600082","0.584808349609375","ssl_emnist_digits_dino","39","OK"
"2026-03-29 15:39:45","16.5min","46e32d5179d8418984cd820a67eac89c","ssl_emnist_digits_dino_trial_0038","LOCAL","src/cli.py","thallybu","FINISHED","False","None","threshold","0.5008428119316627","250","True","ShallowAutoencoder","None","1024","/data/thallybu/cache","1e-06","0","emnist_digits_dinov2_vits14","0.09709429867749451","True","384","[32]","1","0.5008428119316627","","0.09709429867749451","2","0.002988918470760017","21","0.14612768371274487","5","","1.1001321189117366","1","0.031205468767244816","2","1e-06","0.002988918470760017","5","21","10","4","0.14612768371274487","L","random","None","5","50","1.1001321189117366","threshold","1.0","42","10","[0.9, 0.1]","0.031205468767244816","0.1","False","True","True","2","19","0.009041349403560162","389.116455078125","0.3922969400882721","0.11239200085401535","0.3731509745121002","0.39687681198120117","0.48588088154792786","0.3597748279571533","0.43167898058891296","0.446249395608902","0.40987056493759155","0.3946623206138611","0.382438063621521","0.3733898401260376","10","0.500842809677124","0.0006719802040606737","0.0057404907420277596","0.008057784289121628","0.004335641860961914","0.004106737673282623","0.00631476566195488","0.005206868052482605","0.004520287271589041","0.005502565763890743","0.005551119800657034","0.003687710501253605","0.05805270001292229","0.05734929069876671","87","50","0","0.053023990243673325","82189","0","0.00303558143787086","0.687666654586792","0.687666654586792","0","0.6896669864654541","0.687666654586792","0.3123333156108856","10.72329044342041","0.9371047019958496","0.11707968264818192","0.7996326088905334","ssl_emnist_digits_dino","38","OK"
"2026-03-29 15:39:11","33.9min","412fb044d8124c8993103e797c8ab659","ssl_emnist_digits_dino_trial_0037","LOCAL","src/cli.py","thallybu","FINISHED","False","None","threshold","0.5200155158002447","250","True","ShallowAutoencoder","None","1024","/data/thallybu/cache","1e-06","0","emnist_digits_dinov2_vits14","0.0033965956230719505","True","384","[32]","1","0.5200155158002447","","0.0033965956230719505","2","0.0019713132103135974","22","0.22205108992093153","5","","1.1088172636895908","1","0.032452629934985475","2","1e-06","0.0019713132103135974","5","22","10","4","0.22205108992093153","L","random","None","5","50","1.1088172636895908","threshold","1.0","42","10","[0.9, 0.1]","0.032452629934985475","0.1","False","True","True","2","37","0.0059884898364543915","600.758544921875","0.4498431384563446","0.17847059667110443","0.378364622592926","0.3203277587890625","0.4678129553794861","0.39959391951560974","0.439435750246048","0.6413203477859497","0.5349632501602173","0.3989967405796051","0.4731128215789795","0.47490164637565613","10","0.5200155377388","0.002792224520817399","0.004856746178120375","0.005962567403912544","0.005293860565871","0.003016255097463727","0.005536686163395643","0.0040861740708351135","0.0040627955459058285","0.004326373338699341","0.005225706845521927","0.003485701745375991","0.05254759266972542","0.051686935126781464","134","50","0","0.04585288092494011","126892","0","0.002572768134996295","0.7677916884422302","0.7677916884422302","0","0.7712261080741882","0.7677916884422302","0.23220832645893097","8.68248176574707","0.7705665826797485","0.052895113825798035","0.5585519075393677","ssl_emnist_digits_dino","37","OK"
"2026-03-29 15:36:47","36.1min","204a5abb696c41c0ba91a5745ed88d53","ssl_emnist_digits_dino_trial_0036","LOCAL","src/cli.py","thallybu","FINISHED","False","None","threshold","0.5365283967950936","250","True","ShallowAutoencoder","None","1024","/data/thallybu/cache","1e-06","0","emnist_digits_dinov2_vits14","7.224062584417629e-05","True","384","[32]","1","0.5365283967950936","","7.224062584417629e-05","2","0.0003637457581064195","21","0.1509654392603328","3","","1.420473377617053","1","0.03038278232747612","2","1e-06","0.0003637457581064195","5","21","10","4","0.1509654392603328","L","random","None","3","50","1.420473377617053","threshold","1.0","42","10","[0.9, 0.1]","0.03038278232747612","0.1","False","True","True","2","41","0.004877754487097263","507.1887512207031","0.38591381907463074","0.14813615381717682","0.33452215790748596","0.26476341485977173","0.5378369688987732","0.4248957633972168","0.41631942987442017","0.5521069765090942","0.4707162380218506","0.4375022351741791","0.38786888122558594","0.40334150195121765","10","0.5365284085273743","0.0022696058731526136","0.004126883577555418","0.004811374470591545","0.003917247988283634","0.003326461184769869","0.005336286965757608","0.004120414610952139","0.0038857462350279093","0.004669552203267813","0.004683691076934338","0.003267936408519745","0.04811445623636246","0.047006167471408844","508","30","0","0.042145613580942154","107522","0","0.0029628919437527657","0.7568749785423279","0.7568749785423279","0","0.7514939308166504","0.7568749785423279","0.24312499165534973","6.107446670532227","0.7422436475753784","0.0504540391266346","0.48763272166252136","ssl_emnist_digits_dino","36","OK"
"2026-03-29 15:36:17","29.0s","41c8a54789d944478c32846427f7b020","ssl_emnist_digits_dino_trial_0035","LOCAL","src/cli.py","thallybu","FINISHED","False","None","threshold","0.546195108409576","250","True","ShallowAutoencoder","None","1024","/data/thallybu/cache","1e-06","0","emnist_digits_dinov2_vits14","0.03865025290958076","True","384","[32]","1","0.546195108409576","","0.03865025290958076","2","0.000642162193934308","22","0.15678199223639744","4","","1.2378219589358472","1","0.027536251680708664","2","1e-06","0.000642162193934308","5","22","10","4","0.15678199223639744","L","random","None","4","50","1.2378219589358472","threshold","1.0","42","10","[0.9, 0.1]","0.027536251680708664","0.1","False","True","True","2","1","0.009228949435055256","0.18962962925434113","0","0","0","0","0","0","0","0","0","0","0","0","0.18962962925434113","0.5461950898170471","0.0010386735666543245","0.007872771471738815","0.011753441765904427","0.010423882864415646","0.007114456035196781","0.009176244027912617","0.006784872151911259","0.007869319058954716","0.007693173363804817","0.012334982864558697","0.010140317492187023","0.004214337095618248","0.0017636155243963003","0","40","0","0.0017287293449044228","40","0","0","0.6297500133514404","0.6297500133514404","0","0.6126440763473511","0.6297500133514404","0.37024998664855957","3.2912518978118896","0.9234663844108582","0.16421948373317719","0.38687947392463684","ssl_emnist_digits_dino","35","FAILED"
"2026-03-29 15:33:08","39.4min","157aad81d5c64eb0907420a8051bbd4a","ssl_emnist_digits_dino_trial_0034","LOCAL","src/cli.py","thallybu","FINISHED","False","None","threshold","0.588462253608695","250","True","ShallowAutoencoder","None","1024","/data/thallybu/cache","1e-06","0","emnist_digits_dinov2_vits14","0.03940545850950012","True","384","[32]","1","0.588462253608695","","0.03940545850950012","2","0.0006594821071216879","23","0.1540508269885093","4","","1.1009354390748067","1","0.02786248090701643","2","1e-06","0.0006594821071216879","5","23","10","4","0.1540508269885093","L","random","None","4","50","1.1009354390748067","threshold","1.0","42","10","[0.9, 0.1]","0.02786248090701643","0.1","False","True","True","2","41","0.005487670190632343","659.162353515625","0.43979066610336304","0.168479323387146","0.3779453635215759","0.3072640001773834","0.4795168936252594","0.5586273670196533","0.47795188426971436","0.5398553609848022","0.5205016732215881","0.44001951813697815","0.38187411427497864","0.47338658571243286","10","0.588462233543396","0.0032014590688049793","0.004590141121298075","0.005773825105279684","0.004139161668717861","0.003541248384863138","0.005876971874386072","0.0038784798234701157","0.004697516094893217","0.0049765086732804775","0.004321051761507988","0.003680628724396229","0.05189633369445801","0.05106417089700699","157","40","0","0.04547552764415741","139236","0","0.002373953815549612","0.7987499833106995","0.7987499833106995","0","0.7992036938667297","0.7987499833106995","0.20125000178813934","6.166977882385254","0.7069147229194641","0.06278140097856522","0.4741703271865845","ssl_emnist_digits_dino","34","OK"
"2026-03-29 15:31:38","1.3h","55352e2bfa574c2db65db826b5f8de01","ssl_emnist_digits_dino_trial_0033","LOCAL","src/cli.py","thallybu","FINISHED","False","None","threshold","0.6275752765087638","250","True","ShallowAutoencoder","None","1024","/data/thallybu/cache","1e-06","0","emnist_digits_dinov2_vits14","0.035986753866129394","True","384","[32]","1","0.6275752765087638","","0.035986753866129394","2","0.0005642806933063125","22","0.15141358380241104","3","","1.4139996371669978","1","0.0249379152398264","2","1e-06","0.0005642806933063125","5","22","10","4","0.15141358380241104","L","random","None","3","50","1.4139996371669978","threshold","1.0","42","10","[0.9, 0.1]","0.0249379152398264","0.1","False","True","True","2","83","0.005527789238840342","724.6100463867188","0.4696781635284424","0.19682960212230682","0.34921330213546753","0.26257574558258057","0.5906635522842407","0.4792880415916443","0.4880908727645874","0.6362156271934509","0.5436024069786072","0.5045065879821777","0.4407641291618347","0.5377869009971619","10","0.6275752782821655","0.0034298954997211695","0.00397687079384923","0.005083091557025909","0.0045973313972353935","0.0036071427166461945","0.0061524249613285065","0.003988529555499554","0.004248437006026506","0.005233862437307835","0.005166955292224884","0.0037221487145870924","0.052338697016239166","0.05260685086250305","85","30","0","0.04577677696943283","152975","0","0.0022950288839638233","0.7856249809265137","0.7856249809265137","0","0.7863309383392334","0.7856249809265137","0.21437500417232513","7.869828701019287","0.7365186810493469","0.05699846148490906","0.5347962379455566","ssl_emnist_digits_dino","33","OK"
"2026-03-29 15:28:45","11.0min","a6a82d971594410dba8737b999fc9ef6","ssl_emnist_digits_dino_trial_0032","LOCAL","src/cli.py","thallybu","FINISHED","False","None","threshold","0.594192276010975","250","True","ShallowAutoencoder","None","1024","/data/thallybu/cache","1e-06","0","emnist_digits_dinov2_vits14","0.06653965483461598","True","384","[16]","1","0.594192276010975","","0.06653965483461598","1","0.00022153261688406085","23","0.23244163786274952","4","","1.4625341413186346","1","0.019915228923285504","2","1e-06","0.00022153261688406085","5","23","10","4","0.23244163786274952","L","random","None","4","50","1.4625341413186346","threshold","1.0","42","10","[0.9, 0.1]","0.019915228923285504","0.1","False","True","True","2","12","0.008640442043542862","513.5599975585938","0.4496611952781677","0.1346612274646759","0.417937695980072","0.4378221333026886","0.5359383225440979","0.43931540846824646","0.4705255627632141","0.47737160325050354","0.506531298160553","0.47128385305404663","0.4351029098033905","0.4530426263809204","10","0.5941922664642334","0.0006526975193992257","0.006364044733345509","0.008830353617668152","0.00491133239120245","0.005068143829703331","0.006721797399222851","0.007270128466188908","0.005869581364095211","0.006062932778149843","0.006200694479048252","0.004718830343335867","0.06610796600580215","0.06631889939308167","67","40","0","0.06201783940196037","108427","0","0.001429028226993978","0.6776250004768372","0.6776250004768372","0","0.6709482073783875","0.6776250004768372","0.32237499952316284","10.47734260559082","1.0079166889190674","0.11456437408924103","0.9878891706466675","ssl_emnist_digits_dino","32","OK"
"2026-03-29 15:28:21","24.2s","2f6953bc099c4e588d79f435c8e3896a","ssl_emnist_digits_dino_trial_0031","LOCAL","src/cli.py","thallybu","FINISHED","False","None","threshold","0.6141380960028165","250","True","ShallowAutoencoder","None","1024","/data/thallybu/cache","1e-06","0","emnist_digits_dinov2_vits14","0.05857730549877058","True","384","[16]","1","0.6141380960028165","","0.05857730549877058","1","0.00044140540901137134","27","0.24256097038464308","5","","1.118903169132432","1","0.016452131471164443","1","1e-06","0.00044140540901137134","5","27","10","4","0.24256097038464308","L","random","None","5","50","1.118903169132432","threshold","1.0","42","10","[0.9, 0.1]","0.016452131471164443","0.1","False","True","True","1","1","0.012282069772481918","0.2370370328426361","0","0","0","0","0","0","0","0","0","0","0","0","0.2370370328426361","0.6141380667686462","0.0007437860476784408","0.008933225646615028","0.015958070755004883","0.012290527112782001","0.013938559219241142","0.01200701855123043","0.013410566374659538","0.013065824285149574","0.008708877488970757","0.009099883958697319","0.012145628221333027","0.006556907203048468","0.0027251620776951313","0","50","0","0.0028339719865471125","50","0","0","0.6414583325386047","0.6414583325386047","0","0.6371424794197083","0.6414583325386047","0.35854166746139526","3.6363961696624756","0.9103639125823975","0.19796711206436157","0.40152207016944885","ssl_emnist_digits_dino","31","FAILED"
"2026-03-29 15:25:37","1.2h","e7a3323385f947229fffba0a8f3e5890","ssl_emnist_digits_dino_trial_0030","LOCAL","src/cli.py","thallybu","FINISHED","False","None","threshold","0.6076225080559925","250","True","ShallowAutoencoder","None","1024","/data/thallybu/cache","1e-06","0","emnist_digits_dinov2_vits14","0.0534442072392674","True","384","[16]","1","0.6076225080559925","","0.0534442072392674","1","0.00010136441660984502","26","0.15688435419625704","5","","1.1134030506223063","1","0.017309807788455416","1","1e-06","0.00010136441660984502","5","26","10","4","0.15688435419625704","L","random","None","5","50","1.1134030506223063","threshold","1.0","42","10","[0.9, 0.1]","0.017309807788455416","0.1","False","True","True","1","75","0.0066702053882181644","624.2752685546875","0.46286270022392273","0.16454441845417023","0.4179958403110504","0.3519030213356018","0.5782835483551025","0.5057046413421631","0.5041221380233765","0.5173510313034058","0.5324916243553162","0.47203758358955383","0.4136956036090851","0.4735758900642395","10","0.607622504234314","0.0016030824044719338","0.005077237728983164","0.006656321231275797","0.006231195293366909","0.004888738971203566","0.006221622694283724","0.004383557941764593","0.004701163154095411","0.005422184243798256","0.005178383551537991","0.004162972792983055","0.05738287419080734","0.05583881214261055","162","50","0","0.05292337015271187","131881","0","0.0018099757144227624","0.7147083282470703","0.7147083282470703","0","0.7167033553123474","0.7147083282470703","0.2852916717529297","10.30211353302002","0.8842002153396606","0.0824655219912529","0.7296529412269592","ssl_emnist_digits_dino","30","OK"
"2026-03-29 15:24:28","11.8min","66cbd68d0e7a480d8837abb63982b9f4","ssl_emnist_digits_dino_trial_0029","LOCAL","src/cli.py","thallybu","FINISHED","False","None","threshold","0.6391055046328546","250","True","ShallowAutoencoder","None","1024","/data/thallybu/cache","1e-06","0","emnist_digits_dinov2_vits14","0.0883615472988726","True","384","[16]","1","0.6391055046328546","","0.0883615472988726","1","9.528487922077699e-05","8","0.23736858411908973","4","","1.145469358016447","1","0.019183312850692774","2","1e-06","9.528487922077699e-05","5","8","10","4","0.23736858411908973","L","random","None","4","50","1.145469358016447","threshold","1.0","42","10","[0.9, 0.1]","0.019183312850692774","0.1","False","True","True","2","14","0.007921069860458374","556.0263671875","0.46395766735076904","0.14008095860481262","0.44149211049079895","0.3950684666633606","0.5209128260612488","0.4541262984275818","0.46952295303344727","0.5268179178237915","0.5292596220970154","0.47849616408348083","0.4519466757774353","0.5276439785957336","10","0.639105498790741","0.000677199917845428","0.006051164586097002","0.008260156027972698","0.005055244080722332","0.005472447257488966","0.007760919164866209","0.006977030076086521","0.006733066868036985","0.00610828772187233","0.006279826629906893","0.00589999882504344","0.06845895946025848","0.06702179461717606","761","40","0","0.06459813565015793","118079","0","0.0013034133007749915","0.5995833277702332","0.5995833277702332","0","0.6065568923950195","0.5995833277702332","0.40041667222976685","7.4244537353515625","1.0768890380859375","0.12690706551074982","0.8423904776573181","ssl_emnist_digits_dino","29","OK"
"2026-03-29 15:24:05","22.1s","0bb797c45cc14a4dbabb27ec5eceedbd","ssl_emnist_digits_dino_trial_0028","LOCAL","src/cli.py","thallybu","FINISHED","False","None","threshold","0.4492550745174525","250","True","ShallowAutoencoder","None","1024","/data/thallybu/cache","1e-06","0","emnist_digits_dinov2_vits14","0.08234102544956762","True","384","[16]","1","0.4492550745174525","","0.08234102544956762","1","0.0004249385632379615","24","0.09443413475934456","4","","1.457768773906024","1","0.02888338120938159","1","1e-06","0.0004249385632379615","5","24","10","4","0.09443413475934456","L","random","None","4","50","1.457768773906024","threshold","1.0","42","10","[0.9, 0.1]","0.02888338120938159","0.1","False","True","True","1","1","0.012264491058886051","0.18933333456516266","0","0","0","0","0","0","0","0","0","0","0","0","0.18933333456516266","0.4492550790309906","0.0006987556116655469","0.007723742630332708","0.011220529675483704","0.015808559954166412","0.010598082095384598","0.009344716556370258","0.010926096700131893","0.015374639071524143","0.010773262940347195","0.012836471199989319","0.011562692001461983","0.004056521691381931","0.0014396762708202004","0","40","0","0.002199579495936632","40","0","0","0.596875011920929","0.596875011920929","0","0.5621091723442078","0.596875011920929","0.40312498807907104","3.9388978481292725","0.951798141002655","0.18131661415100098","0.35366615653038025","ssl_emnist_digits_dino","28","FAILED"
"2026-03-29 15:23:14","9.9min","36ff9cdcc93b4608a7aff2d6a51c8c5d","ssl_emnist_digits_dino_trial_0027","LOCAL","src/cli.py","thallybu","FINISHED","False","None","threshold","0.46158034366730083","250","True","ShallowAutoencoder","None","1024","/data/thallybu/cache","1e-06","0","emnist_digits_dinov2_vits14","0.0826758225641278","True","384","[16]","1","0.46158034366730083","","0.0826758225641278","1","0.0004471283882913682","23","0.1567244247207819","4","","1.1091345816836187","1","0.026619762073122055","1","1e-06","0.0004471283882913682","5","23","10","4","0.1567244247207819","L","random","None","4","50","1.1091345816836187","threshold","1.0","42","10","[0.9, 0.1]","0.026619762073122055","0.1","False","True","True","1","11","0.008409880101680756","326.1638488769531","0.3574180006980896","0.1023014560341835","0.3142838180065155","0.37575623393058777","0.41328853368759155","0.3436506390571594","0.3506881296634674","0.3935391306877136","0.4106231927871704","0.3772222399711609","0.36928892135620117","0.38001513481140137","9.995259284973145","0.4615803360939026","0.0006133576389402151","0.0052467756904661655","0.0072896722704172134","0.004034908954054117","0.004664781037718058","0.0054747420363128185","0.005772572010755539","0.004821519833058119","0.005170771852135658","0.005252010654658079","0.004099964629858732","0.05578494444489479","0.05580686405301094","550","40","0","0.051800359040498734","69369","0","0.0020532060880213976","0.6812499761581421","0.6812499761581421","0","0.6755227446556091","0.6812499761581421","0.3187499940395355","10.187858581542969","0.9738046526908875","0.08920390158891678","0.9057379961013794","ssl_emnist_digits_dino","27","OK"
"2026-03-29 15:22:52","21.5s","0af592369dcc4145aea5de2120a61d92","ssl_emnist_digits_dino_trial_0026","LOCAL","src/cli.py","thallybu","FINISHED","False","None","threshold","0.40601375374635984","250","True","ShallowAutoencoder","None","1024","/data/thallybu/cache","1e-06","0","emnist_digits_dinov2_vits14","0.07944894288820536","True","384","[16]","1","0.40601375374635984","","0.07944894288820536","1","0.004643927389627761","24","0.0887754557987542","5","","1.5857865614312434","1","0.021946457725727397","1","1e-06","0.004643927389627761","5","24","10","4","0.0887754557987542","L","random","None","5","50","1.5857865614312434","threshold","1.0","42","10","[0.9, 0.1]","0.021946457725727397","0.1","False","True","True","1","1","0.009642167948186398","0.23674073815345764","0","0","0","0","0","0","0","0","0","0","0","0","0.23674073815345764","0.40601375699043274","0.00033234807779081166","0.016231095418334007","0.007076899986714125","0.012504823505878448","0.010571355000138283","0.017803212627768517","0.008810102008283138","0.009844401851296425","0.011759581044316292","0.007895780727267265","0.007681565824896097","0.003797885961830616","0.0012523892801254988","0","50","0","0.002609549555927515","50","0","0","0.5881666541099548","0.5881666541099548","0","0.5490460395812988","0.5881666541099548","0.4118333160877228","6.344451904296875","1.1116834878921509","0.11111318320035934","0.7017742395401001","ssl_emnist_digits_dino","26","FAILED"
"2026-03-29 15:22:16","16.9min","1388bf8e3f7b41a1a49f533a19c4eda9","ssl_emnist_digits_dino_trial_0025","LOCAL","src/cli.py","thallybu","FINISHED","False","None","threshold","0.4064577628816318","250","True","ShallowAutoencoder","None","1024","/data/thallybu/cache","1e-06","0","emnist_digits_dinov2_vits14","0.07560134777921736","True","384","[16]","1","0.4064577628816318","","0.07560134777921736","1","0.0048533995114096356","24","0.24598952805099228","5","","1.1051825909526503","1","0.021961264792718767","1","1e-06","0.0048533995114096356","5","24","10","4","0.24598952805099228","L","random","None","5","50","1.1051825909526503","threshold","1.0","42","10","[0.9, 0.1]","0.021961264792718767","0.1","False","True","True","1","19","0.009044740349054337","280.9443054199219","0.3195052146911621","0.11091997474431992","0.33746904134750366","0.24610857665538788","0.34691447019577026","0.3501512110233307","0.36916711926460266","0.39657723903656006","0.3607845902442932","0.327659010887146","0.33309921622276306","0.3450529873371124","9.990518569946289","0.4064577519893646","0.00099657429382205","0.0052469950169324875","0.005998632404953241","0.003611341118812561","0.003809046931564808","0.005989305209368467","0.004120834171772003","0.0036326393019407988","0.00541457487270236","0.0052837287075817585","0.0033971345983445644","0.05188332870602608","0.05249901860952377","268","50","0","0.04646756872534752","59546","0","0.002194262808188796","0.6776666641235352","0.6776666641235352","0","0.6773450970649719","0.6776666641235352","0.32233333587646484","5.662866115570068","0.8543316721916199","0.07461724430322647","0.559674859046936","ssl_emnist_digits_dino","25","OK"
"2026-03-29 15:22:03","9.6min","65e1652ec0e34e418757b897ccf245fe","ssl_emnist_digits_dino_trial_0024","LOCAL","src/cli.py","thallybu","FINISHED","False","None","threshold","0.5204977452724251","250","True","ShallowAutoencoder","None","1024","/data/thallybu/cache","1e-06","0","emnist_digits_dinov2_vits14","0.04082539214389982","True","384","[32]","1","0.5204977452724251","","0.04082539214389982","2","0.0005896050058342968","19","0.14860556153680504","4","","1.1833725652732086","1","0.024818401874161164","2","1e-06","0.0005896050058342968","5","19","10","4","0.14860556153680504","L","random","None","4","50","1.1833725652732086","threshold","1.0","42","10","[0.9, 0.1]","0.024818401874161164","0.1","False","True","True","2","11","0.006799939088523388","404.3979187011719","0.37739166617393494","0.12779219448566437","0.3330395519733429","0.2936127483844757","0.5439344644546509","0.3917132616043091","0.3874940276145935","0.45902353525161743","0.4657208025455475","0.4364241659641266","0.3500506579875946","0.4099595844745636","10","0.520497739315033","0.0012158968020230532","0.0049135759472846985","0.006202922202646732","0.004823078401386738","0.00390049465931952","0.005862470716238022","0.0038532621692866087","0.00459597073495388","0.005989524070173502","0.005120482761412859","0.003916215617209673","0.053468696773052216","0.0530555434525013","898","40","0","0.049177974462509155","86223","0","0.0020643214229494333","0.7258750200271606","0.7258750200271606","0","0.7247053384780884","0.7258750200271606","0.27412500977516174","5.6011457443237305","0.805895984172821","0.07896935939788818","0.5190804600715637","ssl_emnist_digits_dino","24","OK"
"2026-03-29 15:20:59","7.4min","3457053c5a2345aab33835e291e11951","ssl_emnist_digits_dino_trial_0023","LOCAL","src/cli.py","thallybu","FINISHED","False","None","fixed_k","0.9","250","True","ShallowAutoencoder","None","1024","/data/thallybu/cache","1e-06","0","emnist_digits_dinov2_vits14","0.14062884197173395","True","384","[128, 64]","0","","3","0.14062884197173395","4","0.0001047212424254917","18","0.08178058841872538","3","","1.1873243065200436","1","0.045381235911903586","5","1e-06","0.0001047212424254917","5","18","10","4","0.08178058841872538","L","random","None","3","50","1.1873243065200436","threshold","1.0","42","10","[0.9, 0.1]","0.045381235911903586","0.1","False","True","True","5","10","0.007795883342623711","47.5359992980957","0.24707888066768646","0.11087723076343536","0.15644635260105133","0.1035018041729927","0.32814037799835205","0.17088298499584198","0.2833622097969055","0.36462706327438354","0.3989044427871704","0.2462276965379715","0.23383288085460663","0.18486325442790985","9.90992546081543","","0.002632702933624387","0.0028573370072990656","0.002660701982676983","0.004033433273434639","0.0025940826162695885","0.004032821394503117","0.004810969810932875","0.006702645681798458","0.0037894751876592636","0.003991969395428896","0.0023506309371441603","0.043089788407087326","0.04527702182531357","2500","30","0","0.03749334439635277","12530","0","0.002326193731278181","0.5684999823570251","0.5684999823570251","0","0.5705337524414062","0.5684999823570251","0.43149998784065247","7.946829319000244","1.0272279977798462","0.040829289704561234","0.6818515658378601","ssl_emnist_digits_dino","23","OK"
"2026-03-29 15:18:34","5.5min","8c4cac6fae70440ea84edadda5471fd2","ssl_emnist_digits_dino_trial_0022","LOCAL","src/cli.py","thallybu","FINISHED","False","None","fixed_k","0.9","100","True","ShallowAutoencoder","None","1024","/data/thallybu/cache","1e-06","0","emnist_digits_dinov2_vits14","0.1494744468718771","True","384","[8]","0","","2","0.1494744468718771","0","0.004676337180687508","15","0.1751859505562247","2","1","","0","0.09322869643653925","5","1e-06","0.004676337180687508","5","15","10","4","0.1751859505562247","L","random","None","2","50","1.2","fixed_k","1.0","42","10","[0.9, 0.1]","0.09322869643653925","0.1","False","True","True","5","10","0.008287020958960056","11.943703651428223","0.20162275433540344","0.059405069798231125","0.15355169773101807","0.1161624938249588","0.2574387490749359","0.1986560970544815","0.24733366072177887","0.20402419567108154","0.24962136149406433","0.24346396327018738","0.1437673717737198","0.2022077441215515","7.241481304168701","","0.0008707760716788471","0.0025276890955865383","0.0025651671458035707","0.0034579839557409286","0.0024252794682979584","0.004657406359910965","0.0023761873599141836","0.0038995067588984966","0.0031795334070920944","0.0025125620886683464","0.004260175861418247","0.028331860899925232","0.039587244391441345","1000","20","500","0.02310633659362793","3020","1181","0.00290296389721334","0.5417500138282776","0.5417500138282776","0","0.5478284358978271","0.5417500138282776","0.4582499861717224","9.578756332397461","1.1327041387557983","0.06780444085597992","0.8166286945343018","ssl_emnist_digits_dino","22","OK"
"2026-03-29 15:16:24","1.3h","731c8f412f5d467ca9c113a2d9f61024","ssl_emnist_digits_dino_trial_0021","LOCAL","src/cli.py","thallybu","FINISHED","False","None","threshold","0.4740866266218505","250","True","ShallowAutoencoder","None","1024","/data/thallybu/cache","1e-06","0","emnist_digits_dinov2_vits14","0.07412358029509968","True","384","[128, 64]","1","0.4740866266218505","","0.07412358029509968","4","0.00011016979260343241","5","0.24371865669050757","2","0","","0","0.0190019681057288","2","1e-06","0.00011016979260343241","5","5","10","4","0.24371865669050757","L","random","None","2","25","1.2","fixed_k","1.0","42","10","[0.9, 0.1]","0.0190019681057288","0.1","False","True","True","2","79","0.004192423075437546","479.86309814453125","0.3073277771472931","0.11497122794389725","0.27798688411712646","0.22107413411140442","0.5051993131637573","0.3828544616699219","0.3149884343147278","0.32406267523765564","0.40619203448295593","0.33021432161331177","0.3248812258243561","0.31947553157806396","9.871999740600586","0.47408661246299744","0.0024140269961208105","0.003371221013367176","0.004093362018465996","0.0035089312586933374","0.005287773907184601","0.004454418551176786","0.0030420131515711546","0.003341853618621826","0.0035730567760765553","0.004049531649798155","0.0027981377206742764","0.04167340323328972","0.04650271311402321","380","20","250","0.03684346005320549","101379","12495","0.0013941582292318344","0.6937500238418579","0.6937500238418579","0","0.6777524948120117","0.6937500238418579","0.3062500059604645","35.92619323730469","1.2884199619293213","0.04684291407465935","2.169074773788452","ssl_emnist_digits_dino","21","OK"
"2026-03-29 15:15:46","6.3min","54af1633c0d44efa9f997ce201f7e1a8","ssl_emnist_digits_dino_trial_0020","LOCAL","src/cli.py","thallybu","FINISHED","False","None","fixed_k","0.9","250","True","ShallowAutoencoder","None","1024","/data/thallybu/cache","1e-06","0","emnist_digits_dinov2_vits14","0.08213422625744216","True","384","[16]","0","","3","0.08213422625744216","1","0.0011133081794284599","11","0.11955459178669006","4","","1.543623306625405","1","0.13308634524230809","5","1e-06","0.0011133081794284599","5","11","10","4","0.11955459178669006","L","random","None","4","50","1.543623306625405","threshold","1.0","42","10","[0.9, 0.1]","0.13308634524230809","0.1","False","True","True","5","10","0.008543718606233597","59.43288803100586","0.24490703642368317","0.08401300013065338","0.18896302580833435","0.1729535609483719","0.3295091390609741","0.2241809219121933","0.31988173723220825","0.32818493247032166","0.24317196011543274","0.2186015546321869","0.22300885617733002","0.20061464607715607","9.971555709838867","","0.0004955964395776391","0.003051050938665867","0.0040253265760838985","0.0039856284856796265","0.002501643029972911","0.00602462375536561","0.0034870468080043793","0.002945810090750456","0.0037336868699640036","0.003551437985152006","0.002208133926615119","0.048663634806871414","0.04861930385231972","2500","40","0","0.035419147461652756","15040","0","0.011727452278137207","0.6573333144187927","0.6573333144187927","0","0.6683060526847839","0.6573333144187927","0.3426666557788849","6.39621639251709","0.8989669680595398","0.06353495270013809","0.5596454739570618","ssl_emnist_digits_dino","20","OK"
"2026-03-29 15:09:21","11.6min","847fd99db7054497be91e83f5199bdc1","ssl_emnist_digits_dino_trial_0014","LOCAL","src/cli.py","thallybu","FINISHED","False","None","fixed_k","0.9","50","True","ShallowAutoencoder","None","1024","/data/thallybu/cache","1e-06","0","emnist_digits_dinov2_vits14","0.12064976110840961","True","384","[128]","0","","1","0.12064976110840961","3","0.0009904464995415263","11","0.058851773756091214","5","","1.3110242285749423","1","0.06397974082631101","5","1e-06","0.0009904464995415263","5","11","10","4","0.058851773756091214","L","random","None","5","50","1.3110242285749423","threshold","1.0","42","10","[0.9, 0.1]","0.06397974082631101","0.1","False","True","True","5","17","0.008913202211260796","28.673480987548828","0.19547231495380402","0.07288335263729095","0.20294561982154846","0.11248871684074402","0.2815331816673279","0.22917306423187256","0.22218775749206543","0.20421293377876282","0.21502016484737396","0.18255223333835602","0.1633993536233902","0.14121019840240479","9.473777770996094","","0.0006858782144263387","0.002997394884005189","0.0025615731719881296","0.004876191262155771","0.0031080739572644234","0.00400502560660243","0.002805224619805813","0.0032349771354347467","0.002727371407672763","0.002925526350736618","0.002075711963698268","0.03486393392086029","0.03319333493709564","500","50","0","0.02966221608221531","6550","0","0.003991292789578438","0.6357083320617676","0.6357083320617676","0","0.6476907730102539","0.6357083320617676","0.3642916679382324","9.47443962097168","0.9450348019599915","0.04967634752392769","0.642717182636261","ssl_emnist_digits_dino","14","OK"
"2026-03-29 15:09:20","6.4min","a4b0329b49c14962addc461d3c118106","ssl_emnist_digits_dino_trial_0016","LOCAL","src/cli.py","thallybu","FINISHED","False","None","fixed_k","0.9","250","True","ShallowAutoencoder","None","1024","/data/thallybu/cache","1e-06","0","emnist_digits_dinov2_vits14","0.05489849576765322","True","384","[32]","0","","3","0.05489849576765322","2","0.0008716577431336737","6","0.12047861360749833","3","1","","0","0.19107313516659566","5","1e-06","0.0008716577431336737","5","6","10","4","0.12047861360749833","L","random","None","3","50","1.2","fixed_k","1.0","42","10","[0.9, 0.1]","0.19107313516659566","0.1","False","True","True","5","10","0.007891816087067127","49.90666580200195","0.22166313230991364","0.08128638565540314","0.13745833933353424","0.1303434669971466","0.2631494700908661","0.20987749099731445","0.2558216452598572","0.32111018896102905","0.32472503185272217","0.2185955047607422","0.16282829642295837","0.1927216798067093","9.94785213470459","","0.0006050257361494005","0.0030491577927023172","0.0028304525185376406","0.003049951046705246","0.002463121898472309","0.004710485693067312","0.005566099192947149","0.005647795274853706","0.0035188673064112663","0.0032572909258306026","0.0024759965017437935","0.053206466138362885","0.05031585693359375","2500","30","500","0.03636614605784416","12530","1398","0.015284507535398006","0.5660416483879089","0.5660416483879089","0","0.5795857906341553","0.5660416483879089","0.4339583218097687","8.140159606933594","1.1008412837982178","0.05465156212449074","0.8670523166656494","ssl_emnist_digits_dino","16","OK"
"2026-03-29 15:09:20","12.9min","4f065b2cff7145b0ac18265ea3e46b9b","ssl_emnist_digits_dino_trial_0019","LOCAL","src/cli.py","thallybu","FINISHED","False","None","threshold","0.814449388283195","250","True","ShallowAutoencoder","None","1024","/data/thallybu/cache","1e-06","0","emnist_digits_dinov2_vits14","0.016783366379123258","True","384","[8]","1","0.814449388283195","","0.016783366379123258","0","0.0002637483577699123","32","0.19117492322616636","2","","1.365438647883113","1","0.0818862730610101","0","1e-06","0.0002637483577699123","5","32","10","4","0.19117492322616636","L","random","None","2","50","1.365438647883113","threshold","1.0","42","10","[0.9, 0.1]","0.0818862730610101","0.1","False","True","True","0","12","0.007580596953630447","850.89453125","0.6131932735443115","0.19215071201324463","0.5724309682846069","0.460712730884552","0.7328293919563293","0.6972488164901733","0.713289201259613","0.5717257857322693","0.6595901846885681","0.6954653263092041","0.5733475685119629","0.649362325668335","10","0.8144493699073792","0.0004210550105199218","0.00699661485850811","0.009215894155204296","0.008322564885020256","0.008570832200348377","0.009398428723216057","0.0059437076561152935","0.006586110219359398","0.007239807862788439","0.007392363157123327","0.005973611958324909","0.08302461355924606","0.08011971414089203","132","20","0","0.07563994824886322","179667","0","0.005514384713023901","0.48108333349227905","0.48108333349227905","0","0.4687232971191406","0.48108333349227905","0.518916666507721","6.550303936004639","1.2246474027633667","0.15303325653076172","0.8198358416557312","ssl_emnist_digits_dino","19","OK"
"2026-03-29 15:09:20","1.4h","6a7d8c453734403398e93ff23a37a1f3","ssl_emnist_digits_dino_trial_0013","LOCAL","src/cli.py","thallybu","FINISHED","False","None","threshold","0.4570060338949789","250","True","ShallowAutoencoder","None","1024","/data/thallybu/cache","1e-06","0","emnist_digits_dinov2_vits14","0.08513914648014047","True","384","[16]","1","0.4570060338949789","","0.08513914648014047","1","0.0004962268590697266","22","0.2312107247175092","2","","1.4077158665652132","1","0.14649765928065675","4","1e-06","0.0004962268590697266","5","22","10","4","0.2312107247175092","L","random","None","2","50","1.4077158665652132","threshold","1.0","42","10","[0.9, 0.1]","0.14649765928065675","0.1","False","True","True","4","99","0.004203523974865675","434.62371826171875","0.33462294936180115","0.1167377233505249","0.31069910526275635","0.25599291920661926","0.4511200785636902","0.3513393700122833","0.345948725938797","0.44738078117370605","0.39634403586387634","0.3805825412273407","0.30582013726234436","0.4073842763900757","10","0.45700603723526","0.0035294336266815662","0.00460230465978384","0.0055642034858465195","0.0035192647483199835","0.003412012243643403","0.00545307993888855","0.0041341823525726795","0.003927564714103937","0.004866796545684338","0.004468052182346582","0.003590754931792617","0.05705849081277847","0.056599125266075134","69","20","0","0.043538227677345276","91774","0","0.00901893712580204","0.749708354473114","0.749708354473114","0","0.7469188570976257","0.749708354473114","0.2502916753292084","7.499144077301025","0.7874443531036377","0.054132360965013504","0.6218602657318115","ssl_emnist_digits_dino","13","OK"
"2026-03-29 15:09:20","9.2min","05205be9207e414f8bd525db564cc9fc","ssl_emnist_digits_dino_trial_0015","LOCAL","src/cli.py","thallybu","FINISHED","False","None","fixed_k","0.9","100","True","ShallowAutoencoder","None","1024","/data/thallybu/cache","1e-06","0","emnist_digits_dinov2_vits14","0.1140924854309657","True","384","[128, 64]","0","","2","0.1140924854309657","4","0.00013949555210586472","13","0.0705606416120455","3","2","","0","0.013058413753769727","3","1e-06","0.00013949555210586472","5","13","10","4","0.0705606416120455","L","random","None","3","100","1.2","fixed_k","1.0","42","10","[0.9, 0.1]","0.013058413753769727","0.1","False","True","True","3","12","0.009518633596599102","4.881481647491455","0.13417857885360718","0.04965456575155258","0.11587881296873093","0.07807289808988571","0.20894864201545715","0.12675344944000244","0.15455548465251923","0.13258665800094604","0.10581405460834503","0.11083469539880753","0.11370084434747696","0.19464029371738434","3.9051852226257324","","0.0021547561045736074","0.002908209804445505","0.0022307652980089188","0.0034023537300527096","0.002006285823881626","0.0037324733566492796","0.0021398146636784077","0.0017715978901833296","0.0021046793553978205","0.0024262862280011177","0.0040219249203801155","0.013372289948165417","0.016320617869496346","1000","30","1000","0.010431744158267975","1030","1326","0.00011415107292123139","0.6076250076293945","0.6076250076293945","0","0.6074190735816956","0.6076250076293945","0.39237499237060547","9.91696834564209","0.9974269270896912","0.06855235248804092","0.6528924703598022","ssl_emnist_digits_dino","15","OK"
"2026-03-29 15:09:20","7.1min","31c3b75ddb7a4fcc9cded90be2e6678a","ssl_emnist_digits_dino_trial_0017","LOCAL","src/cli.py","thallybu","FINISHED","False","None","fixed_k","0.9","25","True","ShallowAutoencoder","None","1024","/data/thallybu/cache","1e-06","0","emnist_digits_dinov2_vits14","0.1125744625828591","True","384","[32]","0","","0","0.1125744625828591","2","0.002042956125035306","15","0.11902787799359403","2","","1.5332968102692408","1","0.010089917435794475","5","1e-06","0.002042956125035306","5","15","10","4","0.11902787799359403","L","random","None","2","50","1.5332968102692408","threshold","1.0","42","10","[0.9, 0.1]","0.010089917435794475","0.1","False","True","True","5","12","0.00789621565490961","8.389333724975586","0.17240773141384125","0.07292646914720535","0.10652045905590057","0.0926198661327362","0.24690154194831848","0.17051969468593597","0.2118605524301529","0.2377890795469284","0.1667926162481308","0.1892721951007843","0.15577158331871033","0.14602969586849213","5.668740749359131","","0.0006577159510925412","0.002035361248999834","0.0024987405631691217","0.003310522297397256","0.0018796701915562153","0.00435358053073287","0.002806010888889432","0.002294088713824749","0.004323925357311964","0.0029463504906743765","0.0019355108961462975","0.017988046631217003","0.009231414645910263","250","20","0","0.016156621277332306","2020","0","0.00023383872758131474","0.5642083287239075","0.5642083287239075","0","0.5775635242462158","0.5642083287239075","0.43579167127609253","9.251320838928223","1.0579068660736084","0.04768379405140877","0.7118750214576721","ssl_emnist_digits_dino","17","OK"
"2026-03-29 15:09:18","13.5min","9fa88473db374788b7de33abeb07018f","ssl_emnist_digits_dino_trial_0018","LOCAL","src/cli.py","thallybu","FINISHED","False","None","fixed_k","0.9","25","True","ShallowAutoencoder","None","1024","/data/thallybu/cache","1e-06","0","emnist_digits_dinov2_vits14","0.04724849666921981","True","384","[128]","0","","0","0.04724849666921981","3","0.001080003107054363","17","0.11766095880075687","1","","1.2162203630792248","1","0.054624089288966414","4","1e-06","0.001080003107054363","5","17","10","4","0.11766095880075687","L","random","None","1","50","1.2162203630792248","threshold","1.0","42","10","[0.9, 0.1]","0.054624089288966414","0.1","False","True","True","4","20","0.0036435492802411318","17.818073272705078","0.19488681852817535","0.06832586228847504","0.13666680455207825","0.12293723970651627","0.20915158092975616","0.20177322626113892","0.25742581486701965","0.21569228172302246","0.1942097395658493","0.19382460415363312","0.20100337266921997","0.21618345379829407","8.32711124420166","","0.0004917207406833768","0.0024380418471992016","0.0028906427323818207","0.0025018085725605488","0.002271265722811222","0.00590487290173769","0.0025715739466249943","0.002561270259320736","0.003379612695425749","0.003108691656962037","0.0027018492110073566","0.028282927349209785","0.03204542398452759","250","10","0","0.025226905941963196","4010","0","0.0021356046199798584","0.5287916660308838","0.5287916660308838","0","0.5307786464691162","0.5287916660308838","0.4712083339691162","11.876741409301758","1.1306865215301514","0.06322803348302841","0.8337766528129578","ssl_emnist_digits_dino","18","OK"
"2026-03-29 15:09:18","16.3min","f6c8ba3cc7c942b699823292860c3395","ssl_emnist_digits_dino_trial_0012","LOCAL","src/cli.py","thallybu","FINISHED","False","None","fixed_k","0.9","250","True","ShallowAutoencoder","None","1024","/data/thallybu/cache","1e-06","0","emnist_digits_dinov2_vits14","0.053903906397934354","True","384","[16]","0","","3","0.053903906397934354","1","0.0004886019951718984","28","0.19423301851523622","2","","1.5088038498494964","1","0.010951922198494408","1","1e-06","0.0004886019951718984","5","28","10","4","0.19423301851523622","L","random","None","2","50","1.5088038498494964","threshold","1.0","42","10","[0.9, 0.1]","0.010951922198494408","0.1","False","True","True","1","19","0.0077495998702943325","213.3712615966797","0.36623749136924744","0.14395064115524292","0.28023457527160645","0.27357375621795654","0.5129906535148621","0.2340991348028183","0.34942421317100525","0.5543043613433838","0.46775397658348083","0.38064712285995483","0.3151051700115204","0.2942418158054352","10","","0.0005443574627861381","0.003915517590939999","0.005811548326164484","0.005856215488165617","0.00303331739269197","0.005675081163644791","0.008001867681741714","0.004881307017058134","0.004626255016773939","0.004558131564408541","0.003440018743276596","0.052948154509067535","0.05200590193271637","2500","20","0","0.049799270927906036","47520","0","0.0010993079049512744","0.6676250100135803","0.6676250100135803","0","0.6618096232414246","0.6676250100135803","0.3323749899864197","11.146147727966309","0.9808733463287354","0.07265129685401917","0.8185897469520569","ssl_emnist_digits_dino","12","OK"
