"Start Time","Duration","Run ID","Name","Source Type","Source Name","User","Status","anneal_assignment_threshold","anneal_threshold_epochs","assignment_mode","assignment_threshold","assignments_per_epoch","auto_select_prototypes","autoencoder_class","autoencoder_kwargs/conv_channels","autoencoder_kwargs/image_shape","batch_size","cosine_lr_min","cosine_lr_warmup_epochs","dataset_name","dropout","emnist_split","enable_pruning","feature_dim","flatten","hidden_dims","hpo/model.init_args.assignment_mode","hpo/model.init_args.assignment_threshold","hpo/model.init_args.assignments_per_epoch","hpo/model.init_args.autoencoder_kwargs.conv_channels","hpo/model.init_args.dropout","hpo/model.init_args.learning_rate","hpo/model.init_args.n_components","hpo/model.init_args.prototype_anchor_weight","hpo/model.init_args.prototypes_per_class","hpo/model.init_args.prune_per_epoch","hpo/model.init_args.prune_threshold","hpo/model.init_args.pruning_mode","hpo/model.init_args.umap_loss_weight","hpo/model.init_args.warmup_epochs","img_mode","img_size","l2_reg","learning_rate","min_samples_for_training","n_components","norm_mean","norm_std","num_classes","num_workers","pin_memory","prototype_anchor_weight","prototype_img_mode","prototype_selection","prototype_source","prototypes_per_class","prune_per_epoch","prune_threshold","pruning_mode","raw_pixels","rer_threshold","root_dir","seed","top_n_per_class","train_val_split","umap_loss_weight","umap_min_dist","use_cosine_lr","use_prototype_anchoring","use_umap_loss","warmup_epochs","epoch","train/anchor_loss","train/assigned_in_batch","train/assignment_rer_mean","train/assignment_rer_std","train/avg_rer_class_0","train/avg_rer_class_1","train/avg_rer_class_2","train/avg_rer_class_3","train/avg_rer_class_4","train/avg_rer_class_5","train/avg_rer_class_6","train/avg_rer_class_7","train/avg_rer_class_8","train/avg_rer_class_9","train/classes_with_samples","train/effective_assignment_threshold","train/l2_loss","train/loss_class_0","train/loss_class_1","train/loss_class_2","train/loss_class_3","train/loss_class_4","train/loss_class_5","train/loss_class_6","train/loss_class_7","train/loss_class_8","train/loss_class_9","train/loss_epoch","train/loss_step","train/new_assignments_this_epoch","train/prototype_count","train/pruned_this_epoch","train/recon_loss","train/total_assigned","train/total_unassigned","train/umap_loss","val/accuracy","val/accuracy_step","val/assignment_agreement","val/f1_macro","val/f1_micro","val/frac_above_1","val/rer_max","val/rer_mean","val/rer_min","val/rer_std","hpo_study","hpo_trial","hpo_status"
"2026-03-27 09:16:17","1.3h","a9ab7afc542a4c7988a7fa1d965e759a","ssl_emnist_digits_conv_trial_0349","LOCAL","src/cli.py","thallybu","FINISHED","False","None","threshold","0.6915232767461349","25","True","ShallowConvAutoencoder","[16, 32]","[1, 28, 28]","2048","1e-06","0","EMNIST","0.13468293896362268","digits","True","784","True","None","1","0.6915232767461349","0","4","0.13468293896362268","0.002496281467822924","7","0.21642194080630278","2","1","1.3931184370638707","0","0.026412139234542886","2","L","(224, 224)","1e-06","0.002496281467822924","5","7","None","None","10","4","False","0.21642194080630278","L","random","None","2","50","1.3931184370638707","fixed_k","True","1.0","/data/thallybu/datasets/EMNIST","42","10","[0.9, 0.1]","0.026412139234542886","0.1","False","True","True","2","74","0.007529499940574169","1861.1893310546875","0.34856539964675903","0.16453079879283905","0.31366288661956787","0.1681704968214035","0.40698763728141785","0.4023778736591339","0.3775658905506134","0.43055757880210876","0.2548045516014099","0.3827943801879883","0.3821038007736206","0.41221341490745544","10","0.6915232539176941","0.014803222380578518","0.014311274513602257","0.004760410636663437","0.026838788762688637","0.023698877543210983","0.01775258220732212","0.018526101484894753","0.014704183675348759","0.011010942049324512","0.021515997126698494","0.014121413230895996","0.1901635080575943","0.18678073585033417","516","20","500","0.16724054515361786","196784","12653","0.0064901853911578655","0.9210000038146973","0.9210000038146973","0","0.9198030233383179","0.9210000038146973","0.07899999618530273","13.186081886291504","0.4997733533382416","0.03084178827702999","0.5978507399559021","ssl_emnist_digits_conv","349","OK"
"2026-03-27 08:31:00","1.2h","0461e71ab12d45a4bb4abbfced13badd","ssl_emnist_digits_conv_trial_0339","LOCAL","src/cli.py","thallybu","FINISHED","False","None","threshold","0.6733344052591603","250","True","ShallowConvAutoencoder","[16, 32]","[1, 28, 28]","2048","1e-06","0","EMNIST","0.12510994448703097","digits","True","784","True","None","1","0.6733344052591603","3","4","0.12510994448703097","0.0013814220946479403","7","0.2424371912509385","2","1","1.4585633926262245","0","0.020456840487897032","2","L","(224, 224)","1e-06","0.0013814220946479403","5","7","None","None","10","4","False","0.2424371912509385","L","random","None","2","50","1.4585633926262245","fixed_k","True","1.0","/data/thallybu/datasets/EMNIST","42","10","[0.9, 0.1]","0.020456840487897032","0.1","False","True","True","2","74","0.006741602439433336","1820.1668701171875","0.3168987035751343","0.15782713890075684","0.23542985320091248","0.15890681743621826","0.3329007029533386","0.37693196535110474","0.3756972849369049","0.3785790503025055","0.23273499310016632","0.3162330389022827","0.3751862049102783","0.45999059081077576","10","0.6733344197273254","0.013146140612661839","0.013091880828142166","0.004832583013921976","0.023604607209563255","0.022634051740169525","0.01832062564790249","0.01828194223344326","0.01356133259832859","0.010175471194088459","0.019954858347773552","0.012514046393334866","0.17766797542572021","0.1728975921869278","509","20","500","0.15697142481803894","192435","13901","0.005916008725762367","0.9210000038146973","0.9210000038146973","0","0.9205449223518372","0.9210000038146973","0.07899999618530273","8.99573802947998","0.481020987033844","0.019881466403603554","0.59055495262146","ssl_emnist_digits_conv","339","OK"
"2026-03-27 09:12:13","1.3h","c3cf8162c8be4697ae7ecf9435e1adf1","ssl_emnist_digits_conv_trial_0348","LOCAL","src/cli.py","thallybu","FINISHED","False","None","threshold","0.6953259845881287","25","True","ShallowConvAutoencoder","[16, 32]","[1, 28, 28]","2048","1e-06","0","EMNIST","0.1342061929434075","digits","True","784","True","None","1","0.6953259845881287","0","4","0.1342061929434075","0.0026912165451901406","7","0.22222423677541944","2","2","1.3948693318053267","0","0.09025202834002916","0","L","(224, 224)","1e-06","0.0026912165451901406","5","7","None","None","10","4","False","0.22222423677541944","L","random","None","2","100","1.3948693318053267","fixed_k","True","1.0","/data/thallybu/datasets/EMNIST","42","10","[0.9, 0.1]","0.09025202834002916","0.1","False","True","True","0","74","0.008831195533275604","1817.651611328125","0.3351207375526428","0.1599055528640747","0.2541857361793518","0.1814539134502411","0.355351060628891","0.3953325152397156","0.39518269896507263","0.3859618008136749","0.2847273051738739","0.32242351770401","0.4017079472541809","0.44402560591697693","10","0.6953259706497192","0.017897922545671463","0.014392482116818428","0.006235615815967321","0.025398466736078262","0.023366719484329224","0.01918729394674301","0.019647682085633278","0.016960913315415382","0.01155240647494793","0.022419076412916183","0.013139737769961357","0.20145153999328613","0.20087459683418274","1197","20","1000","0.17230039834976196","192354","15605","0.009290715679526329","0.9177916646003723","0.9177916646003723","0","0.9178998470306396","0.9177916646003723","0.08220833539962769","9.564958572387695","0.48606565594673157","0.030201606452465057","0.5270827412605286","ssl_emnist_digits_conv","348","OK"
"2026-03-27 05:50:15","1.1h","1e6da855528b40b0af809bbc842bebe2","ssl_emnist_digits_conv_trial_0257","LOCAL","src/cli.py","thallybu","FINISHED","False","None","threshold","0.6910178622905135","250","True","ShallowConvAutoencoder","[16, 32]","[1, 28, 28]","2048","1e-06","0","EMNIST","0.13179949731832646","digits","True","784","True","None","1","0.6910178622905135","3","4","0.13179949731832646","0.001192685356816337","7","0.23064561512105297","2","1","1.1085439650398894","0","0.02518819464786427","2","L","(224, 224)","1e-06","0.001192685356816337","5","7","None","None","10","4","False","0.23064561512105297","L","random","None","2","50","1.1085439650398894","fixed_k","True","1.0","/data/thallybu/datasets/EMNIST","42","10","[0.9, 0.1]","0.02518819464786427","0.1","False","True","True","2","74","0.0079346289858222","1807.296630859375","0.33920350670814514","0.16631890833377838","0.2361723780632019","0.16428232192993164","0.4174872636795044","0.40095892548561096","0.36088618636131287","0.41838371753692627","0.25097596645355225","0.36060458421707153","0.3688116669654846","0.47757211327552795","10","0.6910178661346436","0.012735439464449883","0.013698793016374111","0.0044592018239200115","0.028060628101229668","0.02396509237587452","0.019012633711099625","0.0196661576628685","0.014401787891983986","0.010216082446277142","0.0206837709993124","0.013769706711173058","0.1886553168296814","0.1844184249639511","580","20","500","0.16793382167816162","191147","13758","0.006155901122838259","0.9156666398048401","0.9156666398048401","0","0.9158182740211487","0.9156666398048401","0.08433333039283752","7.684837818145752","0.48621776700019836","0.022502342239022255","0.4969049394130707","ssl_emnist_digits_conv","257","OK"
"2026-03-27 03:13:34","1.1h","60f35e7c99664928a5351a83f46321ca","ssl_emnist_digits_conv_trial_0218","LOCAL","src/cli.py","thallybu","FINISHED","False","None","threshold","0.6982608353035537","250","True","ShallowConvAutoencoder","[16, 32]","[1, 28, 28]","2048","1e-06","0","EMNIST","0.11973179521624523","digits","True","784","True","None","1","0.6982608353035537","3","4","0.11973179521624523","0.0012989574736616222","7","0.2434252112117731","2","1","1.4506971880409998","0","0.027687426446091082","2","L","(224, 224)","1e-06","0.0012989574736616222","5","7","None","None","10","4","False","0.2434252112117731","L","random","None","2","50","1.4506971880409998","fixed_k","True","1.0","/data/thallybu/datasets/EMNIST","42","10","[0.9, 0.1]","0.027687426446091082","0.1","False","True","True","2","74","0.007315678987652063","1831.4322509765625","0.3398330807685852","0.16592662036418915","0.26427707076072693","0.16625772416591644","0.4014945328235626","0.39842188358306885","0.3651299476623535","0.3928591012954712","0.255511611700058","0.32173529267311096","0.3888677656650543","0.4791974425315857","10","0.6982608437538147","0.013392025604844093","0.013557561673223972","0.004340288694947958","0.026912285014986992","0.02293545939028263","0.01816762611269951","0.01904754340648651","0.014094725251197815","0.010349464602768421","0.02032802253961563","0.014292672276496887","0.18550802767276764","0.18175289034843445","623","20","500","0.1640256643295288","193743","12898","0.00630953349173069","0.9146249890327454","0.9146249890327454","0","0.9145333766937256","0.9146249890327454","0.08537499606609344","7.803526401519775","0.4923955798149109","0.03021540492773056","0.538079559803009","ssl_emnist_digits_conv","218","OK"
"2026-03-27 06:36:58","1.3h","9789dbd954e543899b0845f4601cdea0","ssl_emnist_digits_conv_trial_0271","LOCAL","src/cli.py","thallybu","FINISHED","False","None","threshold","0.6851396218090331","250","True","ShallowConvAutoencoder","[16, 32]","[1, 28, 28]","2048","1e-06","0","EMNIST","0.12346592485922182","digits","True","784","True","None","1","0.6851396218090331","3","4","0.12346592485922182","0.0012788156054202467","7","0.2319894278021962","2","2","1.4313603484769408","0","0.02496897524677094","2","L","(224, 224)","1e-06","0.0012788156054202467","5","7","None","None","10","4","False","0.2319894278021962","L","random","None","2","100","1.4313603484769408","fixed_k","True","1.0","/data/thallybu/datasets/EMNIST","42","10","[0.9, 0.1]","0.02496897524677094","0.1","False","True","True","2","74","0.008180912584066391","1795.3333740234375","0.3265742063522339","0.16012319922447205","0.2316872477531433","0.14272964000701904","0.3410850465297699","0.386717289686203","0.36849769949913025","0.3592436611652374","0.25518494844436646","0.4235375225543976","0.3697771430015564","0.4360508918762207","10","0.6851395964622498","0.013210494071245193","0.013488092459738255","0.0037130624987185","0.024211488664150238","0.022616375237703323","0.017948724329471588","0.018382603302598","0.014676753431558609","0.010928626172244549","0.019606811925768852","0.014945900067687035","0.1818588376045227","0.17746734619140625","1053","20","1000","0.16051846742630005","189854","16451","0.006231983192265034","0.9082499742507935","0.9082499742507935","0","0.9091604948043823","0.9082499742507935","0.09174999594688416","8.142560005187988","0.5002127885818481","0.022709250450134277","0.5742093324661255","ssl_emnist_digits_conv","271","OK"
"2026-03-27 08:31:27","1.2h","ad62a7db26654bbca4f469c066168af2","ssl_emnist_digits_conv_trial_0340","LOCAL","src/cli.py","thallybu","FINISHED","False","None","threshold","0.6731393317091582","250","True","ShallowConvAutoencoder","[16, 32]","[1, 28, 28]","2048","1e-06","0","EMNIST","0.13381297265989459","digits","True","784","True","None","1","0.6731393317091582","3","4","0.13381297265989459","0.001393142240414358","7","0.21907337611194566","2","1","1.4618962766311714","1","0.024948431766583654","2","L","(224, 224)","1e-06","0.001393142240414358","5","7","None","None","10","4","False","0.21907337611194566","L","random","None","2","50","1.4618962766311714","threshold","True","1.0","/data/thallybu/datasets/EMNIST","42","10","[0.9, 0.1]","0.024948431766583654","0.1","False","True","True","2","74","0.008618016727268696","1902.17919921875","0.38496479392051697","0.20915868878364563","0.2624127268791199","0.20027324557304382","0.4899429678916931","0.4611552357673645","0.3860742151737213","0.42979952692985535","0.29340511560440063","0.39552539587020874","0.4393795132637024","0.5281794667243958","10","0.6731393337249756","0.012938935309648514","0.015127834863960743","0.005940358620136976","0.029740789905190468","0.02307216078042984","0.018798327073454857","0.01958358846604824","0.015245137736201286","0.011721111834049225","0.022990813478827477","0.01439855806529522","0.19744472205638885","0.19256408512592316","108","20","0","0.17661865055561066","201205","0","0.0059991395100951195","0.9081666469573975","0.9081666469573975","0","0.9070188999176025","0.9081666469573975","0.09183333069086075","10.465657234191895","0.5247573852539062","0.020566092804074287","0.5978516936302185","ssl_emnist_digits_conv","340","OK"
"2026-03-27 06:02:04","1.3h","bce35d2aa1f7473c95fbd8421127aa2f","ssl_emnist_digits_conv_trial_0259","LOCAL","src/cli.py","thallybu","FINISHED","False","None","threshold","0.6940142158253397","250","True","ShallowConvAutoencoder","[16, 32]","[1, 28, 28]","2048","1e-06","0","EMNIST","0.13082110171454064","digits","True","784","True","None","1","0.6940142158253397","3","4","0.13082110171454064","0.0011927267075152177","7","0.22562835918665983","2","1","1.4274784811175496","0","0.02595739263186298","2","L","(224, 224)","1e-06","0.0011927267075152177","5","7","None","None","10","4","False","0.22562835918665983","L","random","None","2","50","1.4274784811175496","fixed_k","True","1.0","/data/thallybu/datasets/EMNIST","42","10","[0.9, 0.1]","0.02595739263186298","0.1","False","True","True","2","74","0.008110369555652142","1809.790283203125","0.34031084179878235","0.1642310917377472","0.3048512041568756","0.1655513048171997","0.35164856910705566","0.42782577872276306","0.361542284488678","0.38658270239830017","0.2503790855407715","0.31878259778022766","0.3807252049446106","0.48827528953552246","10","0.6940141916275024","0.013071347028017044","0.015976380556821823","0.004400525242090225","0.025088181719183922","0.023131633177399635","0.01893051527440548","0.01900600828230381","0.014133014716207981","0.01054783258587122","0.02025153860449791","0.014843562617897987","0.18743368983268738","0.18041662871837616","564","20","500","0.1663092076778412","191394","14221","0.006223183590918779","0.9067083597183228","0.9067083597183228","0","0.9065970778465271","0.9067083597183228","0.09329166263341904","9.879670143127441","0.5057037472724915","0.030364351347088814","0.5513448715209961","ssl_emnist_digits_conv","259","OK"
"2026-03-27 04:37:46","1.2h","8f08d1eec7a44a0dbd7e206e180d69d4","ssl_emnist_digits_conv_trial_0243","LOCAL","src/cli.py","thallybu","FINISHED","False","None","threshold","0.6941113270214","250","True","ShallowConvAutoencoder","[16, 32]","[1, 28, 28]","2048","1e-06","0","EMNIST","0.12986409624944623","digits","True","784","True","None","1","0.6941113270214","3","4","0.12986409624944623","0.0012025905441579714","7","0.203615940977914","2","1","1.4188870845274424","0","0.02384813183270822","2","L","(224, 224)","1e-06","0.0012025905441579714","5","7","None","None","10","4","False","0.203615940977914","L","random","None","2","50","1.4188870845274424","fixed_k","True","1.0","/data/thallybu/datasets/EMNIST","42","10","[0.9, 0.1]","0.02384813183270822","0.1","False","True","True","2","74","0.008459958247840405","1804.6204833984375","0.33350861072540283","0.16326439380645752","0.27184826135635376","0.1860412359237671","0.354786217212677","0.43035149574279785","0.3559207618236542","0.39656272530555725","0.2620794475078583","0.27627792954444885","0.3696576952934265","0.5028524994850159","10","0.6941113471984863","0.012880845926702023","0.01519034244120121","0.00400159927085042","0.025649918243288994","0.022808099165558815","0.018839258700609207","0.018893854692578316","0.014121048152446747","0.010581453330814838","0.020080890506505966","0.014224703423678875","0.18508128821849823","0.18171942234039307","594","20","500","0.16439120471477509","190883","14024","0.006086698733270168","0.9053750038146973","0.9053750038146973","0","0.9051368832588196","0.9053750038146973","0.09462499618530273","8.031618118286133","0.5022371411323547","0.02523414045572281","0.550301730632782","ssl_emnist_digits_conv","243","OK"
"2026-03-27 03:17:20","1.3h","b86d5667bba54c62a42d40581f4c2654","ssl_emnist_digits_conv_trial_0220","LOCAL","src/cli.py","thallybu","FINISHED","False","None","threshold","0.7025161672117397","250","True","ShallowConvAutoencoder","[16, 32]","[1, 28, 28]","2048","1e-06","0","EMNIST","0.12554288683874415","digits","True","784","True","None","1","0.7025161672117397","3","4","0.12554288683874415","0.0011615652126901752","7","0.24270480483798845","2","1","1.4305329322685003","0","0.02558937265931069","2","L","(224, 224)","1e-06","0.0011615652126901752","5","7","None","None","10","4","False","0.24270480483798845","L","random","None","2","50","1.4305329322685003","fixed_k","True","1.0","/data/thallybu/datasets/EMNIST","42","10","[0.9, 0.1]","0.02558937265931069","0.1","False","True","True","2","74","0.007791377138346434","1808.316162109375","0.3506612181663513","0.16660983860492706","0.25818580389022827","0.17549782991409302","0.3835495412349701","0.39946720004081726","0.3744768500328064","0.4103756844997406","0.2738201320171356","0.42459413409233093","0.4066149890422821","0.47390425205230713","10","0.7025161385536194","0.012936919927597046","0.014165926724672318","0.004193725995719433","0.026666944846510887","0.0230474341660738","0.019409479573369026","0.019148731604218483","0.014166410081088543","0.010230797342956066","0.020894942805171013","0.014036783017218113","0.18709605932235718","0.1821288913488388","523","20","500","0.1659611612558365","191197","15094","0.006306977942585945","0.9050833582878113","0.9050833582878113","0","0.904515266418457","0.9050833582878113","0.09491666406393051","8.537177085876465","0.527275800704956","0.03278988227248192","0.5958986878395081","ssl_emnist_digits_conv","220","OK"
"2026-03-27 11:00:03","1.0h","3c143210e8874fa592aaa2da3407fc99","ssl_emnist_digits_conv_trial_0392","LOCAL","src/cli.py","thallybu","FINISHED","False","None","threshold","0.6834102106559956","250","True","ShallowConvAutoencoder","[16, 32]","[1, 28, 28]","2048","1e-06","0","EMNIST","0.1250488128645702","digits","True","784","True","None","1","0.6834102106559956","3","4","0.1250488128645702","0.0017408511121495267","7","0.23691649748698748","2","1","1.3769377444688662","0","0.026707779702239906","2","L","(224, 224)","1e-06","0.0017408511121495267","5","7","None","None","10","4","False","0.23691649748698748","L","random","None","2","50","1.3769377444688662","fixed_k","True","1.0","/data/thallybu/datasets/EMNIST","42","10","[0.9, 0.1]","0.026707779702239906","0.1","False","True","True","2","64","0.0077871656976640224","1803.1214599609375","0.3544752597808838","0.17929315567016602","0.2606063485145569","0.1778089851140976","0.33185672760009766","0.5040473937988281","0.36688464879989624","0.3907080590724945","0.26335662603378296","0.3122832775115967","0.510249674320221","0.46347564458847046","10","0.6834102272987366","0.013597561977803707","0.014241449534893036","0.00430305628105998","0.02399211749434471","0.019848838448524475","0.018402783200144768","0.017800597473978996","0.015726767480373383","0.010989927686750889","0.026718316599726677","0.012904931791126728","0.18668031692504883","0.1888488382101059","493","20","500","0.16492880880832672","190617","13822","0.006309146992862225","0.9036666750907898","0.9036666750907898","0","0.9052817821502686","0.9036666750907898","0.0963333323597908","8.589816093444824","0.5219368934631348","0.025341683998703957","0.5685092210769653","ssl_emnist_digits_conv","392","OK"
"2026-03-27 05:47:44","1.2h","a93fb96924564591810a4d17990aac4a","ssl_emnist_digits_conv_trial_0256","LOCAL","src/cli.py","thallybu","FINISHED","False","None","threshold","0.6970663765192655","250","True","ShallowConvAutoencoder","[16, 32]","[1, 28, 28]","2048","1e-06","0","EMNIST","0.1317225851944099","digits","True","784","True","None","1","0.6970663765192655","3","4","0.1317225851944099","0.0012190799946740485","7","0.23712954891670424","2","1","1.4177917219849028","0","0.0253067435788776","2","L","(224, 224)","1e-06","0.0012190799946740485","5","7","None","None","10","4","False","0.23712954891670424","L","random","None","2","50","1.4177917219849028","fixed_k","True","1.0","/data/thallybu/datasets/EMNIST","42","10","[0.9, 0.1]","0.0253067435788776","0.1","False","True","True","2","74","0.007818950340151787","1808.048828125","0.35644999146461487","0.17918410897254944","0.25601527094841003","0.15101005136966705","0.4809778928756714","0.4560205340385437","0.36282792687416077","0.40982601046562195","0.254141628742218","0.31660473346710205","0.4124113619327545","0.47374284267425537","10","0.6970663666725159","0.012876122258603573","0.013470147736370564","0.004291713237762451","0.03070054203271866","0.02317495085299015","0.018650446087121964","0.01916845515370369","0.014412454329431057","0.010401109233498573","0.019933005794882774","0.014292849227786064","0.18941420316696167","0.18354934453964233","569","20","500","0.16849568486213684","191218","13730","0.006188266910612583","0.8995833396911621","0.8995833396911621","0","0.8993963599205017","0.8995833396911621","0.10041666775941849","7.700551986694336","0.5205894708633423","0.03289911150932312","0.5352432131767273","ssl_emnist_digits_conv","256","OK"
"2026-03-27 01:56:03","1.1h","22b638d050bc492b9a48e28d76876cdd","ssl_emnist_digits_conv_trial_0205","LOCAL","src/cli.py","thallybu","FINISHED","False","None","threshold","0.6969318192275452","250","True","ShallowConvAutoencoder","[16, 32]","[1, 28, 28]","2048","1e-06","0","EMNIST","0.1202630706394133","digits","True","784","True","None","1","0.6969318192275452","3","4","0.1202630706394133","0.0013196971268602557","7","0.22706767498890174","2","1","1.4364058508184099","0","0.026055529924512908","2","L","(224, 224)","1e-06","0.0013196971268602557","5","7","None","None","10","4","False","0.22706767498890174","L","random","None","2","50","1.4364058508184099","fixed_k","True","1.0","/data/thallybu/datasets/EMNIST","42","10","[0.9, 0.1]","0.026055529924512908","0.1","False","True","True","2","74","0.007648828439414501","1805.374755859375","0.33638060092926025","0.1679745465517044","0.23497115075588226","0.16561079025268555","0.42694464325904846","0.40115824341773987","0.3758707344532013","0.4260282516479492","0.25700634717941284","0.30365440249443054","0.38728588819503784","0.47943490743637085","10","0.6969318389892578","0.013136599212884903","0.013526949100196362","0.004199177958071232","0.03046111762523651","0.023136712610721588","0.01913243718445301","0.019005395472049713","0.014499806798994541","0.010521331802010536","0.02031824178993702","0.012799394316971302","0.18868577480316162","0.1848403662443161","542","20","500","0.16760055720806122","190901","15083","0.0062118517234921455","0.8976666927337646","0.8976666927337646","0","0.8974670767784119","0.8976666927337646","0.10233332961797714","9.600067138671875","0.5314235091209412","0.024947721511125565","0.6439211368560791","ssl_emnist_digits_conv","205","OK"
"2026-03-27 09:06:50","52.9min","3dad5bd09dd54ee090440464320ccc08","ssl_emnist_digits_conv_trial_0347","LOCAL","src/cli.py","thallybu","FINISHED","False","None","threshold","0.6990747876271534","25","True","ShallowConvAutoencoder","[16, 32]","[1, 28, 28]","2048","1e-06","0","EMNIST","0.13894300197695775","digits","True","784","True","None","1","0.6990747876271534","0","4","0.13894300197695775","0.0027066303209514185","7","0.22074884136370096","2","2","1.4274834168076889","0","0.030216645412397717","0","L","(224, 224)","1e-06","0.0027066303209514185","5","7","None","None","10","4","False","0.22074884136370096","L","random","None","2","100","1.4274834168076889","fixed_k","True","1.0","/data/thallybu/datasets/EMNIST","42","10","[0.9, 0.1]","0.030216645412397717","0.1","False","True","True","0","56","0.007289745379239321","1799.005615234375","0.34962770342826843","0.1712775081396103","0.2737029492855072","0.3110174238681793","0.38139578700065613","0.396249920129776","0.39749059081077576","0.3829282522201538","0.25253933668136597","0.3197326064109802","0.38027718663215637","0.5073865056037903","10","0.6990748047828674","0.014782238751649857","0.013732529245316982","0.009579222649335861","0.02440236322581768","0.022883201017975807","0.018770232796669006","0.01980842836201191","0.014715486206114292","0.011125230230391026","0.02098013646900654","0.012521724216639996","0.1919533908367157","0.1919650435447693","999","20","1000","0.1685185432434082","190182","17530","0.0070433844812214375","0.8959166407585144","0.8959166407585144","0","0.8975968360900879","0.8959166407585144","0.10408332943916321","9.429821014404297","0.5357751846313477","0.02224588766694069","0.6144245862960815","ssl_emnist_digits_conv","347","OK"
"2026-03-27 05:08:23","1.2h","df314e99a97d4c7692884307856f6730","ssl_emnist_digits_conv_trial_0248","LOCAL","src/cli.py","thallybu","FINISHED","False","None","threshold","0.6923642230853622","250","True","ShallowConvAutoencoder","[16, 32]","[1, 28, 28]","2048","1e-06","0","EMNIST","0.12177666512105875","digits","True","784","True","None","1","0.6923642230853622","3","4","0.12177666512105875","0.0019135549119607153","7","0.22429075232827791","2","1","1.42977396704417","0","0.023997727725798192","2","L","(224, 224)","1e-06","0.0019135549119607153","5","7","None","None","10","4","False","0.22429075232827791","L","random","None","2","50","1.42977396704417","fixed_k","True","1.0","/data/thallybu/datasets/EMNIST","42","10","[0.9, 0.1]","0.023997727725798192","0.1","False","True","True","2","74","0.0071302298456430435","1816.0809326171875","0.3588704764842987","0.17348234355449677","0.34575018286705017","0.15089917182922363","0.3685862720012665","0.420747309923172","0.36229437589645386","0.4577673375606537","0.28204628825187683","0.3962870240211487","0.3876913785934448","0.51575767993927","10","0.6923642158508301","0.014075989834964275","0.016921205446124077","0.004252012353390455","0.024157697334885597","0.022535497322678566","0.01858554221689701","0.018353721126914024","0.01336397510021925","0.01028335839509964","0.02097034454345703","0.013258540071547031","0.18454603850841522","0.17927934229373932","347","20","500","0.16268189251422882","191841","15679","0.006188864354044199","0.8921250104904175","0.8921250104904175","0","0.8905804753303528","0.8921250104904175","0.10787499696016312","12.965721130371094","0.5651019811630249","0.025137295946478844","0.6973991990089417","ssl_emnist_digits_conv","248","OK"
"2026-03-27 05:09:24","1.2h","ab12fba7499a41858e2f3ebb8e64eb31","ssl_emnist_digits_conv_trial_0249","LOCAL","src/cli.py","thallybu","FINISHED","False","None","threshold","0.6918568949727814","250","True","ShallowConvAutoencoder","[16, 32]","[1, 28, 28]","2048","1e-06","0","EMNIST","0.12212441299109505","digits","True","784","True","None","1","0.6918568949727814","3","4","0.12212441299109505","0.0013684276774156316","7","0.2341944271275867","2","1","1.421674207964711","0","0.024022103684225665","2","L","(224, 224)","1e-06","0.0013684276774156316","5","7","None","None","10","4","False","0.2341944271275867","L","random","None","2","50","1.421674207964711","fixed_k","True","1.0","/data/thallybu/datasets/EMNIST","42","10","[0.9, 0.1]","0.024022103684225665","0.1","False","True","True","2","74","0.007550929207354784","1773.1837158203125","0.3510466516017914","0.17418402433395386","0.242698535323143","0.18352849781513214","0.3848817050457001","0.40085554122924805","0.36848968267440796","0.4103013873100281","0.27423128485679626","0.4318998157978058","0.37622493505477905","0.5242714285850525","10","0.6918569207191467","0.013242824003100395","0.014670581556856632","0.005056979600340128","0.026486234739422798","0.02324678748846054","0.01847485452890396","0.018450185656547546","0.014951443299651146","0.010655534453690052","0.0203065425157547","0.013930704444646835","0.18733520805835724","0.1813383251428604","599","20","500","0.16622987389564514","187557","17525","0.006094150710850954","0.8900833129882812","0.8900833129882812","0","0.8902447819709778","0.8900833129882812","0.10991666465997696","8.799419403076172","0.5465173125267029","0.02612837217748165","0.6125333309173584","ssl_emnist_digits_conv","249","OK"
"2026-03-27 13:55:50","1.2h","6ee236f5431442ec8c5fbf8b20ee11d5","ssl_emnist_digits_conv_trial_0407","LOCAL","src/cli.py","thallybu","FINISHED","False","None","threshold","0.6877633377486405","250","True","ShallowConvAutoencoder","[16, 32]","[1, 28, 28]","2048","1e-06","0","EMNIST","0.12132320168621767","digits","True","784","True","None","1","0.6877633377486405","3","4","0.12132320168621767","0.0015892694646963694","7","0.2109872801723075","2","1","1.372525405458149","0","0.02382230041907225","2","L","(224, 224)","1e-06","0.0015892694646963694","5","7","None","None","10","4","False","0.2109872801723075","L","random","None","2","50","1.372525405458149","fixed_k","True","1.0","/data/thallybu/datasets/EMNIST","42","10","[0.9, 0.1]","0.02382230041907225","0.1","False","True","True","2","74","0.008223305456340313","1811.3875732421875","0.36364418268203735","0.18764013051986694","0.2651638686656952","0.15252862870693207","0.3745536804199219","0.39125898480415344","0.3661491870880127","0.4409715235233307","0.2421250343322754","0.484231561422348","0.39097878336906433","0.5748447179794312","10","0.6877633333206177","0.01333385705947876","0.012778278440237045","0.003863116493448615","0.026242036372423172","0.02256009727716446","0.018371712416410446","0.018595058470964432","0.013723544776439667","0.010233426466584206","0.02079768292605877","0.016165021806955338","0.18452534079551697","0.17810440063476562","455","20","500","0.16333001852035522","191454","15070","0.006126470398157835","0.8888333439826965","0.8888333439826965","0","0.8877276182174683","0.8888333439826965","0.11116666346788406","9.612103462219238","0.5538904070854187","0.018033362925052643","0.6225711107254028","ssl_emnist_digits_conv","407","OK"
"2026-03-27 07:46:43","1.2h","65dd1e2865734612bafb3ee8023212ac","ssl_emnist_digits_conv_trial_0318","LOCAL","src/cli.py","thallybu","FINISHED","False","None","threshold","0.6875364170263583","250","True","ShallowConvAutoencoder","[16, 32]","[1, 28, 28]","2048","1e-06","0","EMNIST","0.11318736830032856","digits","True","784","True","None","1","0.6875364170263583","3","4","0.11318736830032856","0.0021463610921693198","7","0.22633892381341","2","1","1.4714548355660524","0","0.030231374221477078","0","L","(224, 224)","1e-06","0.0021463610921693198","5","7","None","None","10","4","False","0.22633892381341","L","random","None","2","50","1.4714548355660524","fixed_k","True","1.0","/data/thallybu/datasets/EMNIST","42","10","[0.9, 0.1]","0.030231374221477078","0.1","False","True","True","0","74","0.006539682857692242","1813.74072265625","0.3511040210723877","0.182013601064682","0.2672766149044037","0.31778138875961304","0.35917553305625916","0.4012964367866516","0.4175085723400116","0.3733166456222534","0.24052566289901733","0.3294340968132019","0.3829834461212158","0.5288425087928772","10","0.6875364184379578","0.014893530867993832","0.013318485580384731","0.00997850764542818","0.02413634955883026","0.022393425926566124","0.017267292365431786","0.017968883737921715","0.013752327300608158","0.011151878163218498","0.02053987793624401","0.011984826065599918","0.18561305105686188","0.18680626153945923","547","20","500","0.1624918282032013","191791","15392","0.006747490726411343","0.8885833621025085","0.8885833621025085","0","0.8902196288108826","0.8885833621025085","0.11141666769981384","10.795279502868652","0.5504357814788818","0.02188272215425968","0.6588849425315857","ssl_emnist_digits_conv","318","OK"
"2026-03-27 12:19:53","1.2h","ba936a5b1da64ed5bb03457a20490a87","ssl_emnist_digits_conv_trial_0403","LOCAL","src/cli.py","thallybu","FINISHED","False","None","threshold","0.7059285367159845","250","True","ShallowConvAutoencoder","[16, 32]","[1, 28, 28]","2048","1e-06","0","EMNIST","0.12233475306344012","digits","True","784","True","None","1","0.7059285367159845","3","4","0.12233475306344012","0.001451527458849507","7","0.20901529693681703","2","1","1.3878971597450933","0","0.02116721706997984","2","L","(224, 224)","1e-06","0.001451527458849507","5","7","None","None","10","4","False","0.20901529693681703","L","random","None","2","50","1.3878971597450933","fixed_k","True","1.0","/data/thallybu/datasets/EMNIST","42","10","[0.9, 0.1]","0.02116721706997984","0.1","False","True","True","2","74","0.007796903140842915","1804.966552734375","0.35014766454696655","0.17306722700595856","0.3026643395423889","0.1633712649345398","0.3582395315170288","0.42105773091316223","0.4058278799057007","0.4065573811531067","0.247175395488739","0.38418471813201904","0.42403697967529297","0.4617483913898468","10","0.7059285640716553","0.01327155064791441","0.01394294761121273","0.0049699838273227215","0.024682290852069855","0.022108610719442368","0.019187452271580696","0.018226303160190582","0.013355955481529236","0.010431205853819847","0.020857982337474823","0.013919206336140633","0.18256875872612","0.1761792004108429","411","20","500","0.1616818904876709","190728","16409","0.0059855543076992035","0.887541651725769","0.887541651725769","0","0.8876041173934937","0.887541651725769","0.11245833337306976","8.535969734191895","0.5508280992507935","0.023687005043029785","0.6342846751213074","ssl_emnist_digits_conv","403","OK"
"2026-03-27 05:03:16","1.2h","0b9607546601479a975bd4b6855600fa","ssl_emnist_digits_conv_trial_0246","LOCAL","src/cli.py","thallybu","FINISHED","False","None","threshold","0.6952619244238786","250","True","ShallowConvAutoencoder","[16, 32]","[1, 28, 28]","2048","1e-06","0","EMNIST","0.12280957704186557","digits","True","784","True","None","1","0.6952619244238786","3","4","0.12280957704186557","0.0013719487792903666","7","0.23501006155660145","2","1","1.4280714326124013","0","0.02373067692441001","2","L","(224, 224)","1e-06","0.0013719487792903666","5","7","None","None","10","4","False","0.23501006155660145","L","random","None","2","50","1.4280714326124013","fixed_k","True","1.0","/data/thallybu/datasets/EMNIST","42","10","[0.9, 0.1]","0.02373067692441001","0.1","False","True","True","2","74","0.007534204050898552","1818.74462890625","0.36614319682121277","0.18962165713310242","0.2451382279396057","0.15079748630523682","0.37905561923980713","0.4160979390144348","0.3889569342136383","0.40182730555534363","0.2545488476753235","0.5627604722976685","0.376640647649765","0.5456242561340332","10","0.6952618956565857","0.01320732943713665","0.0135129913687706","0.003928974270820618","0.02589358575642109","0.022956637665629387","0.018069837242364883","0.018894590437412262","0.013968938030302525","0.010343899950385094","0.019855210557579994","0.015982545912265778","0.18452173471450806","0.1817450076341629","569","20","500","0.16340720653533936","192345","14713","0.006136569660156965","0.8862500190734863","0.8862500190734863","0","0.8853657245635986","0.8862500190734863","0.11374999582767487","15.396913528442383","0.5653757452964783","0.017172344028949738","0.6732019782066345","ssl_emnist_digits_conv","246","OK"
"2026-03-27 08:29:23","1.2h","0b7ff73f23e942c99b97f816cfb89a48","ssl_emnist_digits_conv_trial_0337","LOCAL","src/cli.py","thallybu","FINISHED","False","None","threshold","0.7294173762350026","250","True","ShallowConvAutoencoder","[16, 32]","[1, 28, 28]","2048","1e-06","0","EMNIST","0.13429508116929742","digits","True","784","True","None","1","0.7294173762350026","3","4","0.13429508116929742","0.0017081066733664013","7","0.24193984632321439","2","1","1.4396263215539569","0","0.02037959666639527","2","L","(224, 224)","1e-06","0.0017081066733664013","5","7","None","None","10","4","False","0.24193984632321439","L","random","None","2","50","1.4396263215539569","fixed_k","True","1.0","/data/thallybu/datasets/EMNIST","42","10","[0.9, 0.1]","0.02037959666639527","0.1","False","True","True","2","74","0.007046279963105917","1827.170654296875","0.393765389919281","0.1897890865802765","0.3155277967453003","0.2220439612865448","0.4778740406036377","0.41614919900894165","0.42748063802719116","0.4363613426685333","0.26483267545700073","0.4332326352596283","0.41736775636672974","0.5789313912391663","10","0.7294173836708069","0.013461707159876823","0.013401709496974945","0.006199044641107321","0.030801190063357353","0.022194448858499527","0.0181721281260252","0.018146200105547905","0.013943023979663849","0.010301665402948856","0.02237844094634056","0.014490866102278233","0.19111916422843933","0.18647180497646332","449","20","500","0.1700287163257599","193119","16510","0.005923909600824118","0.8862083554267883","0.8862083554267883","0","0.8848680257797241","0.8862083554267883","0.11379166692495346","8.1940336227417","0.5725889205932617","0.0226976927369833","0.5947373509407043","ssl_emnist_digits_conv","337","OK"
"2026-03-27 02:08:55","1.3h","59f05ded34ff44e6b223976324a8aa88","ssl_emnist_digits_conv_trial_0208","LOCAL","src/cli.py","thallybu","FINISHED","False","None","threshold","0.7500381872386598","250","True","ShallowConvAutoencoder","[16, 32]","[1, 28, 28]","2048","1e-06","0","EMNIST","0.12034593411720201","digits","True","784","True","None","1","0.7500381872386598","3","4","0.12034593411720201","0.0018682647759330304","7","0.22896838933699515","2","1","1.4388297191361974","0","0.026711330080970413","0","L","(224, 224)","1e-06","0.0018682647759330304","5","7","None","None","10","4","False","0.22896838933699515","L","random","None","2","50","1.4388297191361974","fixed_k","True","1.0","/data/thallybu/datasets/EMNIST","42","10","[0.9, 0.1]","0.026711330080970413","0.1","False","True","True","0","74","0.00664171576499939","1843.8927001953125","0.3853667974472046","0.19214601814746857","0.3229932487010956","0.2769162058830261","0.40698182582855225","0.45405450463294983","0.4725337624549866","0.42104148864746094","0.2687995433807373","0.35503560304641724","0.4445221424102783","0.5460240244865417","10","0.750038206577301","0.014339965768158436","0.015529070049524307","0.008091067895293236","0.024869784712791443","0.02242100238800049","0.018575118854641914","0.01834309659898281","0.013252940960228443","0.011529136449098587","0.021757930517196655","0.012505097314715385","0.18912677466869354","0.1884370744228363","526","20","500","0.16687427461147308","194957","16157","0.006391843315213919","0.8860416412353516","0.8860416412353516","0","0.884958803653717","0.8860416412353516","0.11395832896232605","7.887355327606201","0.5581854581832886","0.028060482814908028","0.5785684585571289","ssl_emnist_digits_conv","208","OK"
"2026-03-27 02:07:10","1.2h","14166d30a7ca42be93000dbb6ba16bb3","ssl_emnist_digits_conv_trial_0207","LOCAL","src/cli.py","thallybu","FINISHED","False","None","threshold","0.7452836660716367","250","True","ShallowConvAutoencoder","[16, 32]","[1, 28, 28]","2048","1e-06","0","EMNIST","0.11749148249043849","digits","True","784","True","None","1","0.7452836660716367","3","4","0.11749148249043849","0.0013071373878014835","7","0.24322250979924004","2","1","1.4327672176356543","0","0.022890777740518956","2","L","(224, 224)","1e-06","0.0013071373878014835","5","7","None","None","10","4","False","0.24322250979924004","L","random","None","2","50","1.4327672176356543","fixed_k","True","1.0","/data/thallybu/datasets/EMNIST","42","10","[0.9, 0.1]","0.022890777740518956","0.1","False","True","True","2","74","0.007080668117851019","1840.169189453125","0.3694950342178345","0.1835053414106369","0.2695673108100891","0.21029125154018402","0.41180920600891113","0.4435970187187195","0.38979753851890564","0.4724421203136444","0.273682177066803","0.30735963582992554","0.45130017399787903","0.5473816394805908","10","0.7452836632728577","0.013113895431160927","0.014171292074024677","0.005033384542912245","0.02743416093289852","0.022725163027644157","0.018436549231410027","0.018944213166832924","0.014220500364899635","0.011355822905898094","0.021682530641555786","0.016393177211284637","0.19138042628765106","0.1885092556476593","600","20","500","0.1703968495130539","194642","15160","0.006147491279989481","0.8858749866485596","0.8858749866485596","0","0.8856794834136963","0.8858749866485596","0.11412499845027924","7.154526233673096","0.5514376163482666","0.040672484785318375","0.5956618189811707","ssl_emnist_digits_conv","207","OK"
"2026-03-27 00:49:31","1.1h","a2b79940af1442c583b65f4282ccf28e","ssl_emnist_digits_conv_trial_0195","LOCAL","src/cli.py","thallybu","FINISHED","False","None","threshold","0.734238387476629","250","True","ShallowConvAutoencoder","[16, 32]","[1, 28, 28]","2048","1e-06","0","EMNIST","0.11124840643027174","digits","True","784","True","None","1","0.734238387476629","3","4","0.11124840643027174","0.0015516782015808676","7","0.2446199827242227","2","1","1.459819548816454","0","0.024669555510032908","2","L","(224, 224)","1e-06","0.0015516782015808676","5","7","None","None","10","4","False","0.2446199827242227","L","random","None","2","50","1.459819548816454","fixed_k","True","1.0","/data/thallybu/datasets/EMNIST","42","10","[0.9, 0.1]","0.024669555510032908","0.1","False","True","True","2","74","0.007614698261022568","1828.25244140625","0.3980249762535095","0.19513648748397827","0.2938099205493927","0.18590803444385529","0.39889517426490784","0.4751037359237671","0.40228816866874695","0.45099562406539917","0.2590041756629944","0.4416825771331787","0.4850146174430847","0.5991061925888062","10","0.7342383861541748","0.013629140332341194","0.013669594191014767","0.004164499696344137","0.026484545320272446","0.02199762687087059","0.018569787964224815","0.018406156450510025","0.013841347768902779","0.009966862387955189","0.02325986698269844","0.017725473269820213","0.18975892663002014","0.18312707543373108","385","20","500","0.1680857539176941","193176","15171","0.006181318312883377","0.8847083449363708","0.8847083449363708","0","0.8856074213981628","0.8847083449363708","0.11529166251420975","7.605524063110352","0.5690225958824158","0.02798956073820591","0.5603196024894714","ssl_emnist_digits_conv","195","OK"
"2026-03-27 02:38:23","1.2h","afe9ab0b43174ef4860bbc43e58e20dc","ssl_emnist_digits_conv_trial_0212","LOCAL","src/cli.py","thallybu","FINISHED","False","None","threshold","0.7612690611814755","250","True","ShallowConvAutoencoder","[16, 32]","[1, 28, 28]","2048","1e-06","0","EMNIST","0.11642048077987656","digits","True","784","True","None","1","0.7612690611814755","3","4","0.11642048077987656","0.0018602314387375853","7","0.24289222547629952","2","1","1.4505286978571836","0","0.02281620801752123","0","L","(224, 224)","1e-06","0.0018602314387375853","5","7","None","None","10","4","False","0.24289222547629952","L","random","None","2","50","1.4505286978571836","fixed_k","True","1.0","/data/thallybu/datasets/EMNIST","42","10","[0.9, 0.1]","0.02281620801752123","0.1","False","True","True","0","74","0.006410683039575815","1844.774169921875","0.4032842218875885","0.19806009531021118","0.31736403703689575","0.3031105101108551","0.44194185733795166","0.47602158784866333","0.4635315239429474","0.44559043645858765","0.2760554552078247","0.391694039106369","0.46973466873168945","0.5903657674789429","10","0.7612690329551697","0.01399850845336914","0.015291985124349594","0.008211719803512096","0.02637030929327011","0.022527100518345833","0.01804531365633011","0.01813858188688755","0.01333780400454998","0.011660551652312279","0.021070312708616257","0.013366383500397205","0.189812570810318","0.18896426260471344","683","20","500","0.1680200695991516","195216","16512","0.006236886139959097","0.8845000267028809","0.8845000267028809","0","0.883768618106842","0.8845000267028809","0.11549999564886093","7.5713019371032715","0.5703967809677124","0.01861732266843319","0.5660876035690308","ssl_emnist_digits_conv","212","OK"
"2026-03-27 11:02:38","1.1h","01f9120e34e1437a8737e98e66a4e1e7","ssl_emnist_digits_conv_trial_0393","LOCAL","src/cli.py","thallybu","FINISHED","False","None","threshold","0.717507447781482","250","True","ShallowConvAutoencoder","[16, 32]","[1, 28, 28]","2048","1e-06","0","EMNIST","0.1251966370290279","digits","True","784","True","None","1","0.717507447781482","3","4","0.1251966370290279","0.0014334351140457933","7","0.20808841134149764","2","1","1.4165735108612503","0","0.02191713398060986","2","L","(224, 224)","1e-06","0.0014334351140457933","5","7","None","None","10","4","False","0.20808841134149764","L","random","None","2","50","1.4165735108612503","fixed_k","True","1.0","/data/thallybu/datasets/EMNIST","42","10","[0.9, 0.1]","0.02191713398060986","0.1","False","True","True","2","74","0.007669297978281975","1827.338623046875","0.3660455048084259","0.18077006936073303","0.2906439006328583","0.16501519083976746","0.38151317834854126","0.4161595106124878","0.38955697417259216","0.41835641860961914","0.2657136023044586","0.39411136507987976","0.39787936210632324","0.5534563064575195","10","0.7175074219703674","0.013321127742528915","0.01417908538132906","0.004053747747093439","0.024057604372501373","0.022831717506051064","0.018975645303726196","0.018685339018702507","0.014218340627849102","0.010761192068457603","0.019799893721938133","0.016249295324087143","0.18478019535541534","0.18059413135051727","490","20","500","0.1638118475675583","193174","15042","0.006051300093531609","0.8844583630561829","0.8844583630561829","0","0.8853657841682434","0.8844583630561829","0.11554166674613953","8.249743461608887","0.5639868378639221","0.029338549822568893","0.6363778114318848","ssl_emnist_digits_conv","393","OK"
"2026-03-27 10:13:39","1.2h","f464028980694fad948c06b5bc1f20d7","ssl_emnist_digits_conv_trial_0371","LOCAL","src/cli.py","thallybu","FINISHED","False","None","threshold","0.7037783172183122","250","True","ShallowConvAutoencoder","[16, 32]","[1, 28, 28]","2048","1e-06","0","EMNIST","0.12904818357689096","digits","True","784","True","None","1","0.7037783172183122","3","4","0.12904818357689096","0.0031932448314336984","7","0.23091593391061885","2","1","1.4141732275567347","0","0.018573822144211057","3","L","(224, 224)","1e-06","0.0031932448314336984","5","7","None","None","10","4","False","0.23091593391061885","L","random","None","2","50","1.4141732275567347","fixed_k","True","1.0","/data/thallybu/datasets/EMNIST","42","10","[0.9, 0.1]","0.018573822144211057","0.1","False","True","True","3","74","0.008504808880388737","1803.6236572265625","0.40644457936286926","0.18102779984474182","0.3811965882778168","0.2372559905052185","0.38582396507263184","0.425858736038208","0.40998032689094543","0.4606848657131195","0.3718341588973999","0.5172144770622253","0.4582275152206421","0.4867107570171356","10","0.7037783265113831","0.014224830083549023","0.015168631449341774","0.007775647100061178","0.024462826550006866","0.022640999406576157","0.017175942659378052","0.01972869038581848","0.02445361576974392","0.010839862748980522","0.024694550782442093","0.0146879767999053","0.20409075915813446","0.20632191002368927","479","20","500","0.1816287487745285","190648","16902","0.00627327524125576","0.8839583396911621","0.8839583396911621","0","0.8834450840950012","0.8839583396911621","0.11604166775941849","12.330371856689453","0.5950559973716736","0.03247367963194847","0.6467773914337158","ssl_emnist_digits_conv","371","OK"
"2026-03-27 07:41:09","1.3h","e3a523e5d6784ccaaa0001214768d038","ssl_emnist_digits_conv_trial_0313","LOCAL","src/cli.py","thallybu","FINISHED","False","None","threshold","0.7679969000348289","250","True","ShallowConvAutoencoder","[16, 32]","[1, 28, 28]","2048","1e-06","0","EMNIST","0.1307490218158068","digits","True","784","True","None","1","0.7679969000348289","3","4","0.1307490218158068","0.002334374470883773","7","0.23238819120153745","2","2","1.4280562640012737","0","0.027769234343156767","0","L","(224, 224)","1e-06","0.002334374470883773","5","7","None","None","10","4","False","0.23238819120153745","L","random","None","2","100","1.4280562640012737","fixed_k","True","1.0","/data/thallybu/datasets/EMNIST","42","10","[0.9, 0.1]","0.027769234343156767","0.1","False","True","True","0","74","0.006704793777316809","1843.5985107421875","0.3959346115589142","0.18547473847866058","0.3648149371147156","0.32971057295799255","0.4244169592857361","0.4225653409957886","0.44106045365333557","0.4572141766548157","0.25982940196990967","0.38122594356536865","0.4162433445453644","0.5844517946243286","10","0.7679969072341919","0.015193183906376362","0.015007772482931614","0.009093943983316422","0.024452269077301025","0.022687848657369614","0.01825740933418274","0.01846087910234928","0.015220070257782936","0.012402312830090523","0.02085215225815773","0.013317340984940529","0.19325751066207886","0.19375640153884888","1141","20","1000","0.16975203156471252","195050","18207","0.006754222791641951","0.8829583525657654","0.8829583525657654","0","0.8829414248466492","0.8829583525657654","0.11704166233539581","9.546460151672363","0.5932921767234802","0.02692023292183876","0.6637465953826904","ssl_emnist_digits_conv","313","OK"
"2026-03-27 04:34:34","1.3h","e9ef698429924b989ec457bdb832ebff","ssl_emnist_digits_conv_trial_0242","LOCAL","src/cli.py","thallybu","FINISHED","False","None","threshold","0.697359108413874","250","True","ShallowConvAutoencoder","[16, 32]","[1, 28, 28]","2048","1e-06","0","EMNIST","0.12800202416221756","digits","True","784","True","None","1","0.697359108413874","3","4","0.12800202416221756","0.0012022287341322583","7","0.23736293093271754","2","1","1.4207554339278312","0","0.024006883853099164","2","L","(224, 224)","1e-06","0.0012022287341322583","5","7","None","None","10","4","False","0.23736293093271754","L","random","None","2","50","1.4207554339278312","fixed_k","True","1.0","/data/thallybu/datasets/EMNIST","42","10","[0.9, 0.1]","0.024006883853099164","0.1","False","True","True","2","74","0.007609984837472439","1792.392333984375","0.3567521274089813","0.17224377393722534","0.3471675515174866","0.15008880198001862","0.3589650094509125","0.44382092356681824","0.36164823174476624","0.4051644504070282","0.319937139749527","0.3513658046722412","0.3891303539276123","0.5004368424415588","10","0.6973590850830078","0.012818653136491776","0.018091101199388504","0.004324932582676411","0.024854516610503197","0.022835006937384605","0.018784144893288612","0.018535878509283066","0.013088406063616276","0.010254552587866783","0.020025692880153656","0.014285136945545673","0.18584682047367096","0.18077439069747925","516","20","500","0.16507938504219055","189510","15399","0.006142485421150923","0.8818749785423279","0.8818749785423279","0","0.8817180395126343","0.8818749785423279","0.11812499910593033","10.084416389465332","0.5696640014648438","0.026649173349142075","0.6609221696853638","ssl_emnist_digits_conv","242","OK"
"2026-03-27 03:44:06","1.2h","4e09b4b93e2845e699398253ed05745a","ssl_emnist_digits_conv_trial_0230","LOCAL","src/cli.py","thallybu","FINISHED","False","None","threshold","0.7698380140803396","250","True","ShallowConvAutoencoder","[16, 32]","[1, 28, 28]","2048","1e-06","0","EMNIST","0.11659414808607405","digits","True","784","True","None","1","0.7698380140803396","3","4","0.11659414808607405","0.002096632323508932","7","0.2350666273426234","2","1","1.4385788912423012","0","0.022768342220062843","2","L","(224, 224)","1e-06","0.002096632323508932","5","7","None","None","10","4","False","0.2350666273426234","L","random","None","2","50","1.4385788912423012","fixed_k","True","1.0","/data/thallybu/datasets/EMNIST","42","10","[0.9, 0.1]","0.022768342220062843","0.1","False","True","True","2","74","0.007081599906086922","1860.3111572265625","0.41337478160858154","0.19451454281806946","0.44047048687934875","0.2503032982349396","0.44334813952445984","0.44008246064186096","0.436264306306839","0.4534691572189331","0.28896862268447876","0.4125908315181732","0.44253379106521606","0.5766252279281616","10","0.7698380351066589","0.014190378598868847","0.015145568177103996","0.006527043879032135","0.02659556455910206","0.023105014115571976","0.018942324444651604","0.018388215452432632","0.016332779079675674","0.012246531434357166","0.021307481452822685","0.015066849067807198","0.1957213580608368","0.1918356567621231","507","20","500","0.1736573874950409","196676","15722","0.00620893994346261","0.8794583082199097","0.8794583082199097","0","0.8790135979652405","0.8794583082199097","0.12054166197776794","9.302505493164062","0.6029090881347656","0.02723587118089199","0.6480963230133057","ssl_emnist_digits_conv","230","OK"
"2026-03-27 07:44:04","1.3h","ec7fea0aa3654005936c5417bc5f51ca","ssl_emnist_digits_conv_trial_0314","LOCAL","src/cli.py","thallybu","FINISHED","False","None","threshold","0.7695134444671888","25","True","ShallowConvAutoencoder","[16, 32]","[1, 28, 28]","2048","1e-06","0","EMNIST","0.1312977747212243","digits","True","784","True","None","1","0.7695134444671888","0","4","0.1312977747212243","0.0023859732388772925","7","0.2256652723594755","2","2","1.429775413948907","0","0.08170635961981094","0","L","(224, 224)","1e-06","0.0023859732388772925","5","7","None","None","10","4","False","0.2256652723594755","L","random","None","2","100","1.429775413948907","fixed_k","True","1.0","/data/thallybu/datasets/EMNIST","42","10","[0.9, 0.1]","0.08170635961981094","0.1","False","True","True","0","74","0.008543112315237522","1820.76416015625","0.40404102206230164","0.1844504326581955","0.3537403345108032","0.29988500475883484","0.45314791798591614","0.4788825213909149","0.4417843818664551","0.4570785462856293","0.29386600852012634","0.4125833511352539","0.4272271394729614","0.5448939204216003","10","0.7695134282112122","0.01753547601401806","0.018766293302178383","0.00917147472500801","0.026200126856565475","0.024370891973376274","0.019673824310302734","0.02014159969985485","0.016178514808416367","0.012556014582514763","0.022128231823444366","0.013533631339669228","0.211155965924263","0.21288496255874634","1013","20","1000","0.18272057175636292","192502","19654","0.00897195003926754","0.8792083263397217","0.8792083263397217","0","0.8795620799064636","0.8792083263397217","0.12079166620969772","7.574740409851074","0.5810021162033081","0.037254322320222855","0.5530704259872437","ssl_emnist_digits_conv","314","OK"
"2026-03-27 01:59:08","1.1h","b1d2879dfbe840559cadad9edd602ffd","ssl_emnist_digits_conv_trial_0206","LOCAL","src/cli.py","thallybu","FINISHED","False","None","threshold","0.7540002285182739","250","True","ShallowConvAutoencoder","[16, 32]","[1, 28, 28]","2048","1e-06","0","EMNIST","0.11679844662883714","digits","True","784","True","None","1","0.7540002285182739","3","4","0.11679844662883714","0.0013097598622002484","7","0.24425728292299267","2","1","1.4336187028515555","0","0.026204743890590597","2","L","(224, 224)","1e-06","0.0013097598622002484","5","7","None","None","10","4","False","0.24425728292299267","L","random","None","2","50","1.4336187028515555","fixed_k","True","1.0","/data/thallybu/datasets/EMNIST","42","10","[0.9, 0.1]","0.026204743890590597","0.1","False","True","True","2","74","0.007073048502206802","1824.2794189453125","0.3921937346458435","0.1894262135028839","0.34382757544517517","0.24404259026050568","0.4138093590736389","0.45865651965141296","0.420551061630249","0.4715215861797333","0.2805089056491852","0.34721285104751587","0.4733346700668335","0.5887401103973389","10","0.7540002465248108","0.013330932706594467","0.016039609909057617","0.005965106654912233","0.025817953050136566","0.022629788145422935","0.018673334270715714","0.01897132396697998","0.013760904781520367","0.011047525331377983","0.022883223369717598","0.01510403398424387","0.19216638803482056","0.18984673917293549","535","20","500","0.17089278995990753","192899","17063","0.006214980501681566","0.8791666626930237","0.8791666626930237","0","0.8775327205657959","0.8791666626930237","0.12083332985639572","8.481368064880371","0.5890864729881287","0.027974899858236313","0.6337040066719055","ssl_emnist_digits_conv","206","OK"
"2026-03-27 03:57:41","1.2h","829fedb57c774e9099dccfcf63036349","ssl_emnist_digits_conv_trial_0236","LOCAL","src/cli.py","thallybu","FINISHED","False","None","threshold","0.749417121181382","250","True","ShallowConvAutoencoder","[16, 32]","[1, 28, 28]","2048","1e-06","0","EMNIST","0.11646196113625025","digits","True","784","True","None","1","0.749417121181382","3","4","0.11646196113625025","0.0018860514104612725","7","0.2347249296760314","2","1","1.4502166949990616","0","0.02727007807110122","0","L","(224, 224)","1e-06","0.0018860514104612725","5","7","None","None","10","4","False","0.2347249296760314","L","random","None","2","50","1.4502166949990616","fixed_k","True","1.0","/data/thallybu/datasets/EMNIST","42","10","[0.9, 0.1]","0.02727007807110122","0.1","False","True","True","0","74","0.006774047389626503","1839.463134765625","0.3803081214427948","0.19279414415359497","0.2771340608596802","0.24575431644916534","0.44360223412513733","0.4507465958595276","0.44589799642562866","0.4381852149963379","0.2627733051776886","0.3645321726799011","0.4445994794368744","0.559052586555481","10","0.7494171261787415","0.014435237273573875","0.014677473343908787","0.007532007992267609","0.027087781578302383","0.022752929478883743","0.018162665888667107","0.018150728195905685","0.014053150080144405","0.01142243854701519","0.0204920656979084","0.01372839231044054","0.19055669009685516","0.1887131780385971","499","20","500","0.1680596023797989","194466","16620","0.006471802480518818","0.8791249990463257","0.8791249990463257","0","0.8783991932868958","0.8791249990463257","0.12087500095367432","7.772803783416748","0.5754561424255371","0.027370896190404892","0.6359966397285461","ssl_emnist_digits_conv","236","OK"
"2026-03-26 19:25:48","1.3h","23244c186c55412c9f536d0b2997bbdb","ssl_emnist_digits_conv_trial_0112","LOCAL","src/cli.py","thallybu","FINISHED","False","None","threshold","0.7400992604838165","250","True","ShallowConvAutoencoder","[16, 32]","[1, 28, 28]","2048","1e-06","0","EMNIST","0.11681643544500488","digits","True","784","True","None","1","0.7400992604838165","3","4","0.11681643544500488","0.0022236160312122766","7","0.2495384657775496","2","1","1.4689039344856019","0","0.022845666405848772","0","L","(224, 224)","1e-06","0.0022236160312122766","5","7","None","None","10","4","False","0.2495384657775496","L","random","None","2","50","1.4689039344856019","fixed_k","True","1.0","/data/thallybu/datasets/EMNIST","42","10","[0.9, 0.1]","0.022845666405848772","0.1","False","True","True","0","74","0.006118986755609512","1845.2879638671875","0.39225003123283386","0.19595752656459808","0.3098985552787781","0.3538602590560913","0.41985177993774414","0.46332433819770813","0.4472121596336365","0.44318947196006775","0.2665347158908844","0.35135939717292786","0.4281742572784424","0.5204381942749023","10","0.7400992512702942","0.014712291769683361","0.016400881111621857","0.009675231762230396","0.023793987929821014","0.02255643531680107","0.01793776825070381","0.01808870956301689","0.013451891019940376","0.011500370688736439","0.019839102402329445","0.013449721038341522","0.18938101828098297","0.1901465803384781","440","20","500","0.16669408977031708","195024","16345","0.006447705905884504","0.8789166808128357","0.8789166808128357","0","0.8802096843719482","0.8789166808128357","0.1210833340883255","11.099623680114746","0.5824772119522095","0.038237083703279495","0.6468192934989929","ssl_emnist_digits_conv","112","OK"
"2026-03-27 08:39:58","1.3h","b0dd8a66981a4eb49d37c82c5195128c","ssl_emnist_digits_conv_trial_0342","LOCAL","src/cli.py","thallybu","FINISHED","False","None","threshold","0.7271412472292463","250","True","ShallowConvAutoencoder","[16, 32]","[1, 28, 28]","2048","1e-06","0","EMNIST","0.13805365101642214","digits","True","784","True","None","1","0.7271412472292463","3","4","0.13805365101642214","0.0013480269932787104","7","0.23688650947273804","2","1","1.4590650591216832","1","0.024528607063735514","2","L","(224, 224)","1e-06","0.0013480269932787104","5","7","None","None","10","4","False","0.23688650947273804","L","random","None","2","50","1.4590650591216832","threshold","True","1.0","/data/thallybu/datasets/EMNIST","42","10","[0.9, 0.1]","0.024528607063735514","0.1","False","True","True","2","74","0.007935181260108948","1942.6402587890625","0.42188528180122375","0.22565676271915436","0.3682425916194916","0.2454625368118286","0.5035001039505005","0.5346804261207581","0.4376879334449768","0.4555284380912781","0.3298434317111969","0.35167306661605835","0.4869060218334198","0.5758645534515381","10","0.727141261100769","0.012991117313504219","0.01913084276020527","0.00630068127065897","0.030245672911405563","0.024426648393273354","0.019421154633164406","0.01972375623881817","0.015133624896407127","0.012219474650919437","0.022820083424448967","0.014445318840444088","0.20470373332500458","0.20044787228107452","74","20","0","0.18386727571487427","205449","0","0.005965644493699074","0.8773750066757202","0.8773750066757202","0","0.8773254156112671","0.8773750066757202","0.12262500077486038","9.078126907348633","0.5784392952919006","0.02725490741431713","0.6181674003601074","ssl_emnist_digits_conv","342","OK"
"2026-03-27 01:11:20","1.2h","03214c18ed6e4e2d89526e3290331deb","ssl_emnist_digits_conv_trial_0202","LOCAL","src/cli.py","thallybu","FINISHED","False","None","threshold","0.7663061353383419","250","True","ShallowConvAutoencoder","[16, 32]","[1, 28, 28]","2048","1e-06","0","EMNIST","0.11599734739881541","digits","True","784","True","None","1","0.7663061353383419","3","4","0.11599734739881541","0.0015584926059615512","7","0.24404616024445094","2","1","1.4600838519507675","0","0.026688952872960782","0","L","(224, 224)","1e-06","0.0015584926059615512","5","7","None","None","10","4","False","0.24404616024445094","L","random","None","2","50","1.4600838519507675","fixed_k","True","1.0","/data/thallybu/datasets/EMNIST","42","10","[0.9, 0.1]","0.026688952872960782","0.1","False","True","True","0","74","0.006667192094027996","1847.39794921875","0.3906969428062439","0.195352241396904","0.3065531849861145","0.26220938563346863","0.4307785630226135","0.47320935130119324","0.44012752175331116","0.4283943176269531","0.3390471637248993","0.34985828399658203","0.4434073865413666","0.5919110774993896","10","0.7663061618804932","0.013721078634262085","0.017169641330838203","0.008384250104427338","0.024622958153486252","0.02259764075279236","0.019184941425919533","0.018240926787257195","0.014009939506649971","0.011746134608983994","0.021967295557260513","0.013251733034849167","0.1928595006465912","0.1948656439781189","461","20","500","0.17117547988891602","195267","16440","0.006335841957479715","0.8744583129882812","0.8744583129882812","0","0.8728781938552856","0.8744583129882812","0.12554167211055756","8.961881637573242","0.587448239326477","0.024825546890497208","0.6491427421569824","ssl_emnist_digits_conv","202","OK"
"2026-03-27 04:41:40","1.1h","b94c32cb78de49c184d5594126a05606","ssl_emnist_digits_conv_trial_0244","LOCAL","src/cli.py","thallybu","FINISHED","False","None","threshold","0.6934140075816021","250","True","ShallowConvAutoencoder","[16, 32]","[1, 28, 28]","2048","1e-06","0","EMNIST","0.12346745975915677","digits","True","784","True","None","1","0.6934140075816021","3","4","0.12346745975915677","0.001329037703593305","7","0.2344946316987555","2","1","1.4169379960840311","0","0.024020160846679","2","L","(224, 224)","1e-06","0.001329037703593305","5","7","None","None","10","4","False","0.2344946316987555","L","random","None","2","50","1.4169379960840311","fixed_k","True","1.0","/data/thallybu/datasets/EMNIST","42","10","[0.9, 0.1]","0.024020160846679","0.1","False","True","True","2","74","0.007506151683628559","1795.038818359375","0.35323092341423035","0.17535383999347687","0.3247809410095215","0.1465316265821457","0.3497696816921234","0.40539562702178955","0.3783833384513855","0.40145593881607056","0.2587200701236725","0.39798614382743835","0.3831970691680908","0.535548985004425","10","0.693414032459259","0.013160457834601402","0.015812451019883156","0.0037491151597350836","0.024188514798879623","0.023028844967484474","0.019420593976974487","0.018417520448565483","0.013421286828815937","0.010121618397533894","0.019290219992399216","0.01515976246446371","0.18366992473602295","0.17811176180839539","524","20","500","0.16260993480682373","189795","15205","0.006139358971267939","0.8742083311080933","0.8742083311080933","0","0.8750396370887756","0.8742083311080933","0.12579166889190674","10.159412384033203","0.5768462419509888","0.028633536770939827","0.6735593676567078","ssl_emnist_digits_conv","244","OK"
"2026-03-27 02:26:09","1.2h","0b50735ad3d14c83bea4b3eec0286a18","ssl_emnist_digits_conv_trial_0211","LOCAL","src/cli.py","thallybu","FINISHED","False","None","threshold","0.7485682499133397","250","True","ShallowConvAutoencoder","[16, 32]","[1, 28, 28]","2048","1e-06","0","EMNIST","0.11821041082673119","digits","True","784","True","None","1","0.7485682499133397","3","4","0.11821041082673119","0.0016253636290939292","7","0.23743253156832528","2","1","1.438116089508335","0","0.022984672983811086","0","L","(224, 224)","1e-06","0.0016253636290939292","5","7","None","None","10","4","False","0.23743253156832528","L","random","None","2","50","1.438116089508335","fixed_k","True","1.0","/data/thallybu/datasets/EMNIST","42","10","[0.9, 0.1]","0.022984672983811086","0.1","False","True","True","0","74","0.00663054408505559","1830.98779296875","0.40228262543678284","0.1914348304271698","0.3371134102344513","0.3357802927494049","0.4092554450035095","0.4584033489227295","0.4639173448085785","0.44963181018829346","0.3369898796081543","0.34905168414115906","0.43643632531166077","0.5625916123390198","10","0.7485682368278503","0.013808985240757465","0.016913680359721184","0.008864455856382847","0.024665169417858124","0.022005653008818626","0.01844150759279728","0.018131013959646225","0.012968790717422962","0.011078476905822754","0.020848127081990242","0.013501356355845928","0.1890297532081604","0.18915781378746033","473","20","500","0.1674181967973709","193544","17038","0.006228234618902206","0.8730833530426025","0.8730833530426025","0","0.8724398612976074","0.8730833530426025","0.12691666185855865","8.310355186462402","0.5978073477745056","0.025478340685367584","0.6197078824043274","ssl_emnist_digits_conv","211","OK"
"2026-03-27 03:56:38","1.2h","0278cf9da9c74881a178570c0b4cd664","ssl_emnist_digits_conv_trial_0235","LOCAL","src/cli.py","thallybu","FINISHED","False","None","threshold","0.7524286039325639","250","True","ShallowConvAutoencoder","[16, 32]","[1, 28, 28]","2048","1e-06","0","EMNIST","0.1156161402614874","digits","True","784","True","None","1","0.7524286039325639","3","4","0.1156161402614874","0.001873284054619161","7","0.23274574367328374","2","1","1.453498743746829","0","0.020950455127288128","0","L","(224, 224)","1e-06","0.001873284054619161","5","7","None","None","10","4","False","0.23274574367328374","L","random","None","2","50","1.453498743746829","fixed_k","True","1.0","/data/thallybu/datasets/EMNIST","42","10","[0.9, 0.1]","0.020950455127288128","0.1","False","True","True","0","74","0.006373310461640358","1832.89892578125","0.40268027782440186","0.1947973221540451","0.3653363287448883","0.27479636669158936","0.4572986662387848","0.47166162729263306","0.4706396758556366","0.4452418386936188","0.29105284810066223","0.38826051354408264","0.43432149291038513","0.5509015917778015","10","0.7524285912513733","0.01389435026794672","0.016493000090122223","0.00810709036886692","0.025797801092267036","0.02248038351535797","0.018206406384706497","0.018100697547197342","0.01262417808175087","0.011119048111140728","0.020302411168813705","0.012700135819613934","0.18743176758289337","0.18999159336090088","483","20","500","0.16593116521835327","193763","17266","0.0061228773556649685","0.871958315372467","0.871958315372467","0","0.8713425993919373","0.871958315372467","0.12804166972637177","8.73948860168457","0.5923431515693665","0.028098344802856445","0.6056667566299438","ssl_emnist_digits_conv","235","OK"
"2026-03-26 20:02:12","1.2h","5838fa70db384eabbe7f97472cb00bbd","ssl_emnist_digits_conv_trial_0116","LOCAL","src/cli.py","thallybu","FINISHED","False","None","threshold","0.741310069354896","250","True","ShallowConvAutoencoder","[16, 32]","[1, 28, 28]","2048","1e-06","0","EMNIST","0.10565854580761291","digits","True","784","True","None","1","0.741310069354896","3","4","0.10565854580761291","0.001479506960898394","7","0.24813750621758945","2","1","1.4655438506953815","0","0.025595432561518888","1","L","(224, 224)","1e-06","0.001479506960898394","5","7","None","None","10","4","False","0.24813750621758945","L","random","None","2","50","1.4655438506953815","fixed_k","True","1.0","/data/thallybu/datasets/EMNIST","42","10","[0.9, 0.1]","0.025595432561518888","0.1","False","True","True","1","74","0.007142259273678064","1812.908447265625","0.395283967256546","0.19045542180538177","0.3639894127845764","0.2159782201051712","0.48347580432891846","0.4593043923377991","0.44156894087791443","0.4545014500617981","0.2744933068752289","0.34851956367492676","0.47015511989593506","0.5572165250778198","10","0.7413100600242615","0.013303987681865692","0.01290589664131403","0.006216591224074364","0.03140271455049515","0.022080320864915848","0.01844869926571846","0.018405968323349953","0.013983304612338543","0.01114007830619812","0.022424405440688133","0.013814141973853111","0.1920621395111084","0.18743114173412323","559","20","500","0.17082209885120392","191720","18197","0.006163816433399916","0.8713333606719971","0.8713333606719971","0","0.8690162897109985","0.8713333606719971","0.12866666913032532","9.058662414550781","0.6133171916007996","0.020327944308519363","0.6812642216682434","ssl_emnist_digits_conv","116","OK"
"2026-03-27 00:50:05","1.2h","382a3efffc7a42568fd723d27cc2649a","ssl_emnist_digits_conv_trial_0196","LOCAL","src/cli.py","thallybu","FINISHED","False","None","threshold","0.7480757807542847","250","True","ShallowConvAutoencoder","[16, 32]","[1, 28, 28]","2048","1e-06","0","EMNIST","0.11071591737192628","digits","True","784","True","None","1","0.7480757807542847","3","4","0.11071591737192628","0.0015386123628704704","7","0.24521855791423075","2","1","1.4632121497667034","0","0.02492217915282633","0","L","(224, 224)","1e-06","0.0015386123628704704","5","7","None","None","10","4","False","0.24521855791423075","L","random","None","2","50","1.4632121497667034","fixed_k","True","1.0","/data/thallybu/datasets/EMNIST","42","10","[0.9, 0.1]","0.02492217915282633","0.1","False","True","True","0","74","0.007046017795801163","1824.9833984375","0.3779365122318268","0.19121882319450378","0.2884664833545685","0.2417496144771576","0.40700021386146545","0.45354872941970825","0.46682313084602356","0.4243886172771454","0.2949850559234619","0.34114861488342285","0.4419592320919037","0.5593282580375671","10","0.7480757832527161","0.013496726751327515","0.016308464109897614","0.007292941678315401","0.024030214175581932","0.022252118214964867","0.018733274191617966","0.01819281093776226","0.014247254468500614","0.011271839030086994","0.02136370912194252","0.014192386530339718","0.18937478959560394","0.19209612905979156","557","20","500","0.16788500547409058","192991","17060","0.006265232339501381","0.8712083101272583","0.8712083101272583","0","0.8690730929374695","0.8712083101272583","0.1287916600704193","7.594008445739746","0.5754008889198303","0.021132739260792732","0.6076893210411072","ssl_emnist_digits_conv","196","OK"
"2026-03-27 01:49:11","1.3h","9b292e45d0f04b7aaa922c8ee62c8dbe","ssl_emnist_digits_conv_trial_0204","LOCAL","src/cli.py","thallybu","FINISHED","False","None","threshold","0.7466736587525877","250","True","ShallowConvAutoencoder","[16, 32]","[1, 28, 28]","2048","1e-06","0","EMNIST","0.11717434197130386","digits","True","784","True","None","1","0.7466736587525877","3","4","0.11717434197130386","0.0013214509641733048","7","0.20518743864859007","2","1","1.4343137779326927","0","0.027198735933620037","2","L","(224, 224)","1e-06","0.0013214509641733048","5","7","None","None","10","4","False","0.20518743864859007","L","random","None","2","50","1.4343137779326927","fixed_k","True","1.0","/data/thallybu/datasets/EMNIST","42","10","[0.9, 0.1]","0.027198735933620037","0.1","False","True","True","2","74","0.008154518902301788","1842.216552734375","0.3755375146865845","0.1907299906015396","0.2801181674003601","0.17195062339305878","0.47564560174942017","0.42787134647369385","0.4251175820827484","0.4410313665866852","0.260487824678421","0.32901066541671753","0.4397124648094177","0.5647952556610107","10","0.7466736435890198","0.013226930052042007","0.014746367000043392","0.00481583783403039","0.029139887541532516","0.023284943774342537","0.01923169009387493","0.019032854586839676","0.014328924007713795","0.010834960266947746","0.020215876400470734","0.016832051798701286","0.19360582530498505","0.18904894590377808","552","20","500","0.17246340215206146","194811","14990","0.006242274306714535","0.8707500100135803","0.8707500100135803","0","0.8701665997505188","0.8707500100135803","0.12925000488758087","8.524210929870605","0.5869265794754028","0.033480219542980194","0.6607872843742371","ssl_emnist_digits_conv","204","OK"
"2026-03-27 01:47:21","1.2h","ade58295b86b4741869bfeb80a73d1ea","ssl_emnist_digits_conv_trial_0203","LOCAL","src/cli.py","thallybu","FINISHED","False","None","threshold","0.7496013873423278","250","True","ShallowConvAutoencoder","[16, 32]","[1, 28, 28]","2048","1e-06","0","EMNIST","0.11637716610222258","digits","True","784","True","None","1","0.7496013873423278","3","4","0.11637716610222258","0.0013596766330322562","7","0.24347447383332363","2","1","1.4354728688194593","0","0.027311442104828807","0","L","(224, 224)","1e-06","0.0013596766330322562","5","7","None","None","10","4","False","0.24347447383332363","L","random","None","2","50","1.4354728688194593","fixed_k","True","1.0","/data/thallybu/datasets/EMNIST","42","10","[0.9, 0.1]","0.027311442104828807","0.1","False","True","True","0","74","0.00711949123069644","1825.0328369140625","0.3936748802661896","0.18981719017028809","0.31222784519195557","0.24066419899463654","0.38596564531326294","0.4657374918460846","0.4729703366756439","0.4289438724517822","0.3542330861091614","0.3748840093612671","0.46672552824020386","0.559995710849762","10","0.7496013641357422","0.013370014727115631","0.016762681305408478","0.007118477486073971","0.025147756561636925","0.022564690560102463","0.019251184538006783","0.018436402082443237","0.013964534737169743","0.010733568109571934","0.022412419319152832","0.013182521797716618","0.19096098840236664","0.19318154454231262","452","20","500","0.16957423090934753","192896","17258","0.006283334922045469","0.8700833320617676","0.8700833320617676","0","0.8681479096412659","0.8700833320617676","0.12991666793823242","7.731299877166748","0.5957690477371216","0.01808827370405197","0.6357972621917725","ssl_emnist_digits_conv","203","OK"
"2026-03-27 05:43:38","1.2h","8562a9dd12424ad48fb990f2fa7bc9c7","ssl_emnist_digits_conv_trial_0254","LOCAL","src/cli.py","thallybu","FINISHED","False","None","threshold","0.7394241049293626","250","True","ShallowConvAutoencoder","[16, 32]","[1, 28, 28]","2048","1e-06","0","EMNIST","0.11496685076011669","digits","True","784","True","None","1","0.7394241049293626","3","4","0.11496685076011669","0.0025670575317524665","7","0.2322595401418912","2","1","1.1130907062900166","0","0.01995657849131599","0","L","(224, 224)","1e-06","0.0025670575317524665","5","7","None","None","10","4","False","0.2322595401418912","L","random","None","2","50","1.1130907062900166","fixed_k","True","1.0","/data/thallybu/datasets/EMNIST","42","10","[0.9, 0.1]","0.01995657849131599","0.1","False","True","True","0","74","0.006405259948223829","1839.424560546875","0.40815025568008423","0.19715793430805206","0.37323448061943054","0.35953211784362793","0.45887795090675354","0.42852655053138733","0.4769194722175598","0.4775218069553375","0.2625845670700073","0.3799499571323395","0.4505458176136017","0.5433549880981445","10","0.7394241094589233","0.014725049957633018","0.017086850479245186","0.009263300336897373","0.024507543072104454","0.022691695019602776","0.017442671582102776","0.017928175628185272","0.013065618462860584","0.010742493905127048","0.02042832225561142","0.012490763328969479","0.18821822106838226","0.1887776106595993","635","20","500","0.1656474620103836","194599","16253","0.006358037237077951","0.8695833086967468","0.8695833086967468","0","0.8693094849586487","0.8695833086967468","0.1304166615009308","10.062421798706055","0.6074556708335876","0.02810772880911827","0.6496784090995789","ssl_emnist_digits_conv","254","OK"
"2026-03-27 00:59:15","1.2h","d50a95485a394e4c8bd3fff5c11fb0d6","ssl_emnist_digits_conv_trial_0201","LOCAL","src/cli.py","thallybu","FINISHED","False","None","threshold","0.7483580146369122","250","True","ShallowConvAutoencoder","[16, 32]","[1, 28, 28]","2048","1e-06","0","EMNIST","0.11754320876486411","digits","True","784","True","None","1","0.7483580146369122","3","4","0.11754320876486411","0.0015163116919678957","7","0.24352981991091557","2","1","1.458209980195129","0","0.023915793704413144","0","L","(224, 224)","1e-06","0.0015163116919678957","5","7","None","None","10","4","False","0.24352981991091557","L","random","None","2","50","1.458209980195129","fixed_k","True","1.0","/data/thallybu/datasets/EMNIST","42","10","[0.9, 0.1]","0.023915793704413144","0.1","False","True","True","0","74","0.006911722477525473","1837.50634765625","0.38759341835975647","0.19070641696453094","0.31753110885620117","0.2874990999698639","0.40505725145339966","0.4458317756652832","0.4629519581794739","0.41471973061561584","0.3065720200538635","0.37902891635894775","0.42186927795410156","0.5648801326751709","10","0.7483580112457275","0.013416675850749016","0.017523664981126785","0.008699786849319935","0.024131733924150467","0.02225492335855961","0.019437136128544807","0.01794079877436161","0.013990506529808044","0.011014428921043873","0.02153526060283184","0.013129067607223988","0.19095861911773682","0.19370780885219574","568","20","500","0.16965726017951965","194335","16718","0.006201406475156546","0.8692499995231628","0.8692499995231628","0","0.8686849474906921","0.8692499995231628","0.13075000047683716","8.224893569946289","0.6023511290550232","0.03140994533896446","0.6798424124717712","ssl_emnist_digits_conv","201","OK"
"2026-03-27 03:59:15","1.3h","5e94ccf2bc2443659654398aaba25b29","ssl_emnist_digits_conv_trial_0237","LOCAL","src/cli.py","thallybu","FINISHED","False","None","threshold","0.7514410618286789","250","True","ShallowConvAutoencoder","[16, 32]","[1, 28, 28]","2048","1e-06","0","EMNIST","0.11605023898850708","digits","True","784","True","None","1","0.7514410618286789","3","4","0.11605023898850708","0.0017114509517438814","7","0.23896109810920615","2","1","1.4511498510187553","0","0.027689136028296046","0","L","(224, 224)","1e-06","0.0017114509517438814","5","7","None","None","10","4","False","0.23896109810920615","L","random","None","2","50","1.4511498510187553","fixed_k","True","1.0","/data/thallybu/datasets/EMNIST","42","10","[0.9, 0.1]","0.027689136028296046","0.1","False","True","True","0","74","0.006867676507681608","1833.21240234375","0.3936154842376709","0.19951140880584717","0.3161841332912445","0.24415640532970428","0.4318607747554779","0.44715502858161926","0.4838375747203827","0.43464475870132446","0.2687266170978546","0.4263414740562439","0.44532570242881775","0.5632545948028564","10","0.7514410614967346","0.014138659462332726","0.01581490784883499","0.007757820188999176","0.024283800274133682","0.02288709580898285","0.01967991515994072","0.018150003626942635","0.013592429459095001","0.0104684391990304","0.021373549476265907","0.014112748205661774","0.19033503532409668","0.19315733015537262","781","20","500","0.16812069714069366","194093","16952","0.006434553302824497","0.8690833449363708","0.8690833449363708","0","0.8691019415855408","0.8690833449363708","0.13091666996479034","7.485909461975098","0.5938655734062195","0.020797984674572945","0.6337569952011108","ssl_emnist_digits_conv","237","OK"
"2026-03-26 21:03:09","1.2h","7f4f817ba63645089725a98099aedf2a","ssl_emnist_digits_conv_trial_0123","LOCAL","src/cli.py","thallybu","FINISHED","False","None","threshold","0.7182451489188949","250","True","ShallowConvAutoencoder","[16, 32]","[1, 28, 28]","2048","1e-06","0","EMNIST","0.10735061616963176","digits","True","784","True","None","1","0.7182451489188949","3","4","0.10735061616963176","0.0011746343540851632","7","0.2483074479344176","2","1","1.4356843212741826","0","0.02516925557398635","1","L","(224, 224)","1e-06","0.0011746343540851632","5","7","None","None","10","4","False","0.2483074479344176","L","random","None","2","50","1.4356843212741826","fixed_k","True","1.0","/data/thallybu/datasets/EMNIST","42","10","[0.9, 0.1]","0.02516925557398635","0.1","False","True","True","1","74","0.007094277068972588","1819.7747802734375","0.3688198924064636","0.18004842102527618","0.31941595673561096","0.16636712849140167","0.4460919201374054","0.40640681982040405","0.4174991846084595","0.40270325541496277","0.271592915058136","0.4404238164424896","0.38110923767089844","0.554911732673645","10","0.7182451486587524","0.01268384326249361","0.013727589510381222","0.004022060427814722","0.02834049053490162","0.022584181278944016","0.018455984070897102","0.020321888849139214","0.014443817548453808","0.012265538796782494","0.021020548418164253","0.012970224022865295","0.18880054354667664","0.19080159068107605","427","20","500","0.1681523323059082","192309","16060","0.006202824413776398","0.8675416707992554","0.8675416707992554","0","0.8636632561683655","0.8675416707992554","0.13245832920074463","19.04532241821289","0.7354552149772644","0.02858358435332775","1.269363522529602","ssl_emnist_digits_conv","123","OK"
"2026-03-26 22:44:06","1.3h","4421181d49b149e58afd37c81bf7b04c","ssl_emnist_digits_conv_trial_0148","LOCAL","src/cli.py","thallybu","FINISHED","False","None","threshold","0.7373328016069832","250","True","ShallowConvAutoencoder","[16, 32]","[1, 28, 28]","2048","1e-06","0","EMNIST","0.10451233612518573","digits","True","784","True","None","1","0.7373328016069832","3","4","0.10451233612518573","0.0015882008768387174","7","0.24477231057126073","2","1","1.4536907486752868","0","0.021793518648526782","1","L","(224, 224)","1e-06","0.0015882008768387174","5","7","None","None","10","4","False","0.24477231057126073","L","random","None","2","50","1.4536907486752868","fixed_k","True","1.0","/data/thallybu/datasets/EMNIST","42","10","[0.9, 0.1]","0.021793518648526782","0.1","False","True","True","1","74","0.007054178509861231","1811.317626953125","0.39106112718582153","0.19119258224964142","0.36635497212409973","0.2147560566663742","0.3777519464492798","0.5031222105026245","0.4239139258861542","0.46319299936294556","0.2691318094730377","0.4189310669898987","0.46452370285987854","0.5838111639022827","10","0.737332820892334","0.013383793644607067","0.014135469682514668","0.005547217093408108","0.02435128390789032","0.022043561562895775","0.018056821078062057","0.018228933215141296","0.014038794673979282","0.011889726854860783","0.02289738692343235","0.012463905848562717","0.18477751314640045","0.18205584585666656","461","20","500","0.16365309059619904","191442","18667","0.006013909820467234","0.8671666383743286","0.8671666383743286","0","0.8623109459877014","0.8671666383743286","0.132833331823349","13.358728408813477","0.6696697473526001","0.021004250273108482","0.9204833507537842","ssl_emnist_digits_conv","148","OK"
"2026-03-26 21:27:50","1.1h","606a3cad5d1649bbb189a8c23ff25500","ssl_emnist_digits_conv_trial_0127","LOCAL","src/cli.py","thallybu","FINISHED","False","None","threshold","0.7174304554294203","250","True","ShallowConvAutoencoder","[16, 32]","[1, 28, 28]","2048","1e-06","0","EMNIST","0.10746880152906094","digits","True","784","True","None","1","0.7174304554294203","3","4","0.10746880152906094","0.001681562277501368","7","0.24976016358828068","2","1","1.447556371018438","0","0.025062140676417623","1","L","(224, 224)","1e-06","0.001681562277501368","5","7","None","None","10","4","False","0.24976016358828068","L","random","None","2","50","1.447556371018438","fixed_k","True","1.0","/data/thallybu/datasets/EMNIST","42","10","[0.9, 0.1]","0.025062140676417623","0.1","False","True","True","1","74","0.00707109784707427","1820.4556884765625","0.3929010033607483","0.18849726021289825","0.3333231806755066","0.2619900703430176","0.37407681345939636","0.5551415085792542","0.4048328995704651","0.4441123902797699","0.2600516974925995","0.3778311610221863","0.49115511775016785","0.536506712436676","10","0.7174304723739624","0.013543781824409962","0.012934215366840363","0.004905183799564838","0.024727432057261467","0.02099508047103882","0.018313497304916382","0.018130460754036903","0.013819803483784199","0.010535954497754574","0.025109777227044106","0.012737886980175972","0.1836443543434143","0.18454527854919434","524","20","500","0.16220928728580475","192481","16556","0.006125194486230612","0.8661666512489319","0.8661666512489319","0","0.8636999726295471","0.8661666512489319","0.13383333384990692","13.71869945526123","0.6948621273040771","0.03339527174830437","1.022150993347168","ssl_emnist_digits_conv","127","OK"
"2026-03-26 18:49:04","1.3h","338964158805483f83fa0480b60fea5b","ssl_emnist_digits_conv_trial_0110","LOCAL","src/cli.py","thallybu","FINISHED","False","None","threshold","0.7453188677919019","250","True","ShallowConvAutoencoder","[16, 32]","[1, 28, 28]","2048","1e-06","0","EMNIST","0.1131560738695173","digits","True","784","True","None","1","0.7453188677919019","3","4","0.1131560738695173","0.002227925474910005","7","0.2449738918176502","2","1","1.4970554998982066","0","0.02340519405323542","0","L","(224, 224)","1e-06","0.002227925474910005","5","7","None","None","10","4","False","0.2449738918176502","L","random","None","2","50","1.4970554998982066","fixed_k","True","1.0","/data/thallybu/datasets/EMNIST","42","10","[0.9, 0.1]","0.02340519405323542","0.1","False","True","True","0","74","0.006184197962284088","1839.85986328125","0.40977635979652405","0.20770323276519775","0.34789755940437317","0.3749987781047821","0.43997660279273987","0.46754539012908936","0.4738060534000397","0.43197861313819885","0.2623486816883087","0.36838027834892273","0.48252424597740173","0.5776195526123047","10","0.7453188896179199","0.014599687419831753","0.017631622031331062","0.01060801837593317","0.02383159101009369","0.02308489754796028","0.01758577674627304","0.017985204234719276","0.013121350668370724","0.011699434369802475","0.0199123565107584","0.01285842340439558","0.1908818781375885","0.19199730455875397","467","20","500","0.16831867396831512","194470","16532","0.0064485021866858006","0.8647916913032532","0.8647916913032532","0","0.8664719462394714","0.8647916913032532","0.1352083384990692","9.359498977661133","0.6008997559547424","0.028319263830780983","0.6115669012069702","ssl_emnist_digits_conv","110","OK"
"2026-03-26 21:16:39","1.2h","4452d327edbb4cf29afbded85f00257d","ssl_emnist_digits_conv_trial_0126","LOCAL","src/cli.py","thallybu","FINISHED","False","None","threshold","0.7173490599073381","250","True","ShallowConvAutoencoder","[16, 32]","[1, 28, 28]","2048","1e-06","0","EMNIST","0.10586834799856049","digits","True","784","True","None","1","0.7173490599073381","3","4","0.10586834799856049","0.0017341246948925772","7","0.2499227405642241","2","1","1.4392975899888583","0","0.025052094151171","1","L","(224, 224)","1e-06","0.0017341246948925772","5","7","None","None","10","4","False","0.2499227405642241","L","random","None","2","50","1.4392975899888583","fixed_k","True","1.0","/data/thallybu/datasets/EMNIST","42","10","[0.9, 0.1]","0.025052094151171","0.1","False","True","True","1","74","0.006965444888919592","1808.9588623046875","0.4000810384750366","0.2026972770690918","0.32383522391319275","0.2047131061553955","0.3794987201690674","0.5460447669029236","0.4573304355144501","0.5086722373962402","0.2497388869524002","0.34917011857032776","0.54262375831604","0.5470563173294067","10","0.7173490524291992","0.013499738648533821","0.012563617900013924","0.004904615692794323","0.024556202813982964","0.02099870890378952","0.018459562212228775","0.017692657187581062","0.01436428539454937","0.010530166327953339","0.026274986565113068","0.012520728632807732","0.1842530369758606","0.18217776715755463","525","20","500","0.1628655195236206","191262","17598","0.0061469245702028275","0.8640000224113464","0.8640000224113464","0","0.8610135912895203","0.8640000224113464","0.13599999248981476","13.322915077209473","0.6328412890434265","0.029002148658037186","0.738000750541687","ssl_emnist_digits_conv","126","OK"
"2026-03-26 20:42:19","1.2h","b35cc39a0b0f47648171375b69db2c43","ssl_emnist_digits_conv_trial_0121","LOCAL","src/cli.py","thallybu","FINISHED","False","None","threshold","0.7207099010385619","250","True","ShallowConvAutoencoder","[16, 32]","[1, 28, 28]","2048","1e-06","0","EMNIST","0.10973462381435545","digits","True","784","True","None","1","0.7207099010385619","3","4","0.10973462381435545","0.0018673181241606958","7","0.2484358752747711","2","1","1.4417808418243439","0","0.02588093889556056","1","L","(224, 224)","1e-06","0.0018673181241606958","5","7","None","None","10","4","False","0.2484358752747711","L","random","None","2","50","1.4417808418243439","fixed_k","True","1.0","/data/thallybu/datasets/EMNIST","42","10","[0.9, 0.1]","0.02588093889556056","0.1","False","True","True","1","74","0.006398595869541168","1809.0545654296875","0.38806265592575073","0.1894996464252472","0.35940903425216675","0.19261616468429565","0.3914089798927307","0.5115875601768494","0.43786028027534485","0.4353939890861511","0.2521933615207672","0.41275128722190857","0.4731806218624115","0.551021933555603","10","0.7207099199295044","0.013965701684355736","0.013049895875155926","0.005623575299978256","0.023934194818139076","0.021160582080483437","0.01880112662911415","0.018586089834570885","0.014368061907589436","0.011729991063475609","0.023670151829719543","0.011320414952933788","0.18402999639511108","0.18382146954536438","386","20","500","0.16224408149719238","191140","18368","0.006230545695871115","0.8636249899864197","0.8636249899864197","0","0.8585715889930725","0.8636249899864197","0.13637499511241913","14.667499542236328","0.7121869325637817","0.029524099081754684","1.1103250980377197","ssl_emnist_digits_conv","121","OK"
"2026-03-27 00:56:15","1.2h","c6edd2297ff0495a815b844d07f0cfe2","ssl_emnist_digits_conv_trial_0200","LOCAL","src/cli.py","thallybu","FINISHED","False","None","threshold","0.749232507748401","250","True","ShallowConvAutoencoder","[16, 32]","[1, 28, 28]","2048","1e-06","0","EMNIST","0.11719917999917126","digits","True","784","True","None","1","0.749232507748401","3","4","0.11719917999917126","0.0015812692501895066","7","0.24399793700204475","2","1","1.461001366729194","0","0.023950632251812442","0","L","(224, 224)","1e-06","0.0015812692501895066","5","7","None","None","10","4","False","0.24399793700204475","L","random","None","2","50","1.461001366729194","fixed_k","True","1.0","/data/thallybu/datasets/EMNIST","42","10","[0.9, 0.1]","0.023950632251812442","0.1","False","True","True","0","74","0.006997575517743826","1830.0313720703125","0.3984035849571228","0.1980472356081009","0.3240874409675598","0.2750793397426605","0.4234950840473175","0.4556293785572052","0.5011835694313049","0.4255172908306122","0.30630698800086975","0.41697919368743896","0.4298740029335022","0.5774933695793152","10","0.7492325305938721","0.013699110597372055","0.018277103081345558","0.00825225654989481","0.023892080411314964","0.02206672728061676","0.018794074654579163","0.017990943044424057","0.014019197784364223","0.010399720631539822","0.02154441736638546","0.013148662634193897","0.1900046318769455","0.1910647302865982","550","20","500","0.16838516294956207","193518","17396","0.006212996318936348","0.8628749847412109","0.8628749847412109","0","0.8621694445610046","0.8628749847412109","0.13712500035762787","8.133315086364746","0.612378716468811","0.020602717995643616","0.6639038324356079","ssl_emnist_digits_conv","200","OK"
"2026-03-27 08:40:03","56.0min","11edac63e8cc4f48b89b8271b86c922c","ssl_emnist_digits_conv_trial_0343","LOCAL","src/cli.py","thallybu","FINISHED","False","None","threshold","0.7283076826510066","250","True","ShallowConvAutoencoder","[16, 32]","[1, 28, 28]","2048","1e-06","0","EMNIST","0.12564944631665279","digits","True","784","True","None","1","0.7283076826510066","3","4","0.12564944631665279","0.001327171545084714","7","0.23698099261097536","2","1","1.4612937629836982","0","0.02480897155648554","0","L","(224, 224)","1e-06","0.001327171545084714","5","7","None","None","10","4","False","0.23698099261097536","L","random","None","2","50","1.4612937629836982","fixed_k","True","1.0","/data/thallybu/datasets/EMNIST","42","10","[0.9, 0.1]","0.02480897155648554","0.1","False","True","True","0","57","0.008393574506044388","1808.095458984375","0.39241141080856323","0.19088038802146912","0.3955826163291931","0.21743462979793549","0.3755025267601013","0.47073879837989807","0.4330279231071472","0.4333072006702423","0.38554447889328003","0.3543339967727661","0.41286909580230713","0.5469716787338257","10","0.7283076643943787","0.012256097979843616","0.02182024158537388","0.006164100021123886","0.024423765018582344","0.023983990773558617","0.01949983276426792","0.01935753785073757","0.014172070659697056","0.011197649873793125","0.02162063680589199","0.014101855456829071","0.19711019098758698","0.1987122744321823","483","20","500","0.17634166777133942","191130","15579","0.0065232617780566216","0.8608333468437195","0.8608333468437195","0","0.859433114528656","0.8608333468437195","0.1391666680574417","8.633660316467285","0.6081478595733643","0.021274877712130547","0.6415299773216248","ssl_emnist_digits_conv","343","OK"
"2026-03-26 21:11:53","1.1h","e0573bd4372e4ece97a3184c385e85cf","ssl_emnist_digits_conv_trial_0124","LOCAL","src/cli.py","thallybu","FINISHED","False","None","threshold","0.7210270709302324","250","True","ShallowConvAutoencoder","[16, 32]","[1, 28, 28]","2048","1e-06","0","EMNIST","0.10347923526811985","digits","True","784","True","None","1","0.7210270709302324","3","4","0.10347923526811985","0.0011162210727450658","7","0.24977628180529102","2","1","1.446994253856771","0","0.028895026538815333","1","L","(224, 224)","1e-06","0.0011162210727450658","5","7","None","None","10","4","False","0.24977628180529102","L","random","None","2","50","1.446994253856771","fixed_k","True","1.0","/data/thallybu/datasets/EMNIST","42","10","[0.9, 0.1]","0.028895026538815333","0.1","False","True","True","1","74","0.007901769131422043","1772.4237060546875","0.37835314869880676","0.1771453619003296","0.3735152781009674","0.17553001642227173","0.4183370769023895","0.43445152044296265","0.40712448954582214","0.4347306191921234","0.2978164255619049","0.3981587588787079","0.43102750182151794","0.5371518135070801","10","0.7210270762443542","0.012776692397892475","0.015119104646146297","0.004268677439540625","0.025259075686335564","0.02333430014550686","0.018777208402752876","0.018763698637485504","0.014861256815493107","0.011822830885648727","0.021582351997494698","0.012797247618436813","0.18769842386245728","0.18692103028297424","596","20","500","0.1665857583284378","187468","19229","0.006362272426486015","0.8576666712760925","0.8576666712760925","0","0.853693425655365","0.8576666712760925","0.14233332872390747","13.439276695251465","0.7062037587165833","0.020707830786705017","1.0434998273849487","ssl_emnist_digits_conv","124","OK"
"2026-03-26 21:15:55","1.1h","c6970c1024244594a7b9fff51a07dfb4","ssl_emnist_digits_conv_trial_0125","LOCAL","src/cli.py","thallybu","FINISHED","False","None","threshold","0.7174206656756384","250","True","ShallowConvAutoencoder","[16, 32]","[1, 28, 28]","2048","1e-06","0","EMNIST","0.10761663371399918","digits","True","784","True","None","1","0.7174206656756384","3","4","0.10761663371399918","0.0017006648313800995","7","0.24856889179497985","2","1","1.447287174616813","0","0.025261865465296303","1","L","(224, 224)","1e-06","0.0017006648313800995","5","7","None","None","10","4","False","0.24856889179497985","L","random","None","2","50","1.447287174616813","fixed_k","True","1.0","/data/thallybu/datasets/EMNIST","42","10","[0.9, 0.1]","0.025261865465296303","0.1","False","True","True","1","74","0.006717173382639885","1820.1715087890625","0.39605045318603516","0.19212555885314941","0.3163801431655884","0.23071743547916412","0.40294602513313293","0.4987269639968872","0.43794697523117065","0.4221888780593872","0.24798761308193207","0.47843584418296814","0.5001631379127502","0.5445802211761475","10","0.7174206376075745","0.01354246586561203","0.012591932900249958","0.004741530865430832","0.023574937134981155","0.020796209573745728","0.019541865214705467","0.018438151106238365","0.013469784520566463","0.009607343003153801","0.024885134771466255","0.011203517206013203","0.18021786212921143","0.1782166212797165","544","20","500","0.15885037183761597","192462","16433","0.006155380047857761","0.8567083477973938","0.8567083477973938","0","0.8546518087387085","0.8567083477973938","0.1432916671037674","13.027069091796875","0.6854080557823181","0.028004730120301247","0.9091193675994873","ssl_emnist_digits_conv","125","OK"
"2026-03-27 00:50:24","1.3h","990e37ab727c455db4b5b290bd7b9f5d","ssl_emnist_digits_conv_trial_0197","LOCAL","src/cli.py","thallybu","FINISHED","False","None","threshold","0.7287470962323823","250","True","ShallowConvAutoencoder","[16, 32]","[1, 28, 28]","2048","1e-06","0","EMNIST","0.11165871068093494","digits","True","784","True","None","1","0.7287470962323823","3","4","0.11165871068093494","0.0015397500314238114","7","0.244568328549921","2","1","1.4611550783203449","0","0.024687313628673564","0","L","(224, 224)","1e-06","0.0015397500314238114","5","7","None","None","10","4","False","0.244568328549921","L","random","None","2","50","1.4611550783203449","fixed_k","True","1.0","/data/thallybu/datasets/EMNIST","42","10","[0.9, 0.1]","0.024687313628673564","0.1","False","True","True","0","74","0.006765683647245169","1821.06640625","0.3636414110660553","0.18337593972682953","0.2549360692501068","0.3149803578853607","0.3812375068664551","0.41821354627609253","0.4462423324584961","0.4155624806880951","0.28026628494262695","0.31923896074295044","0.41134190559387207","0.5548210144042969","10","0.7287470698356628","0.013517696410417557","0.014847488142549992","0.009198102168738842","0.02418680116534233","0.022333631291985512","0.018071535974740982","0.018056929111480713","0.014129611663520336","0.010977397672832012","0.02082301303744316","0.01228600088506937","0.18628516793251038","0.18639180064201355","509","20","500","0.16491049528121948","192532","16267","0.006202289368957281","0.8565416932106018","0.8565416932106018","0","0.853682279586792","0.8565416932106018","0.14345833659172058","11.023001670837402","0.6300577521324158","0.02299538254737854","0.8040841221809387","ssl_emnist_digits_conv","197","OK"
"2026-03-26 20:05:45","1.1h","c714a72e667947a19499cd8ca1ed814a","ssl_emnist_digits_conv_trial_0117","LOCAL","src/cli.py","thallybu","FINISHED","False","None","threshold","0.7426530463916274","250","True","ShallowConvAutoencoder","[16, 32]","[1, 28, 28]","2048","1e-06","0","EMNIST","0.10677100782851096","digits","True","784","True","None","1","0.7426530463916274","3","4","0.10677100782851096","0.0014469802301935201","7","0.24896439972503517","2","1","1.4619360509900658","0","0.025254054029651963","1","L","(224, 224)","1e-06","0.0014469802301935201","5","7","None","None","10","4","False","0.24896439972503517","L","random","None","2","50","1.4619360509900658","fixed_k","True","1.0","/data/thallybu/datasets/EMNIST","42","10","[0.9, 0.1]","0.025254054029651963","0.1","False","True","True","1","74","0.007469698321074247","1798.3626708984375","0.4054993987083435","0.20063452422618866","0.36534616351127625","0.2125636786222458","0.4332101345062256","0.5502771735191345","0.417057067155838","0.4798877239227295","0.2709444761276245","0.40525195002555847","0.5131025910377502","0.6176162958145142","10","0.7426530718803406","0.013409445062279701","0.012980728410184383","0.005759743973612785","0.028174858540296555","0.021812034770846367","0.017681362107396126","0.018477855250239372","0.014467809349298477","0.013115718960762024","0.023816872388124466","0.014020916074514389","0.19176921248435974","0.19052259624004364","435","20","500","0.17030787467956543","190047","19234","0.006192189175635576","0.856333315372467","0.856333315372467","0","0.8508140444755554","0.856333315372467","0.14366666972637177","11.456954002380371","0.6849737763404846","0.02387983165681362","0.8817949891090393","ssl_emnist_digits_conv","117","OK"
"2026-03-26 19:16:50","1.2h","5959a51e6e9345c080c9704ff965550e","ssl_emnist_digits_conv_trial_0111","LOCAL","src/cli.py","thallybu","FINISHED","False","None","threshold","0.7460015408147969","250","True","ShallowConvAutoencoder","[16, 32]","[1, 28, 28]","2048","1e-06","0","EMNIST","0.1142759413572237","digits","True","784","True","None","1","0.7460015408147969","3","4","0.1142759413572237","0.001839655370316189","7","0.21620714433373642","2","1","1.4952215131401971","0","0.023460547085379556","0","L","(224, 224)","1e-06","0.001839655370316189","5","7","None","None","10","4","False","0.21620714433373642","L","random","None","2","50","1.4952215131401971","fixed_k","True","1.0","/data/thallybu/datasets/EMNIST","42","10","[0.9, 0.1]","0.023460547085379556","0.1","False","True","True","0","74","0.006774715147912502","1833.750244140625","0.3934163749217987","0.19915974140167236","0.33881616592407227","0.3446190357208252","0.42490920424461365","0.4351970851421356","0.4665122926235199","0.4258282780647278","0.25719597935676575","0.3637355864048004","0.44132086634635925","0.5564197301864624","10","0.7460015416145325","0.014209350571036339","0.01569576933979988","0.010958293452858925","0.025129448622465134","0.022454524412751198","0.018061917275190353","0.017836904153227806","0.01313869934529066","0.011238670907914639","0.01999337039887905","0.01365230605006218","0.19014044106006622","0.1916162222623825","496","20","500","0.16815990209579468","193861","17115","0.0063064442947506905","0.8541666865348816","0.8541666865348816","0","0.8552246689796448","0.8541666865348816","0.1458333283662796","10.325750350952148","0.6368200778961182","0.025058213621377945","0.7456592917442322","ssl_emnist_digits_conv","111","OK"
"2026-03-26 18:33:36","1.3h","821224f1184e434ca1c1f16040df2081","ssl_emnist_digits_conv_trial_0107","LOCAL","src/cli.py","thallybu","FINISHED","False","None","threshold","0.7449522264136901","250","True","ShallowConvAutoencoder","[16, 32]","[1, 28, 28]","2048","1e-06","0","EMNIST","0.11523546734601939","digits","True","784","True","None","1","0.7449522264136901","3","4","0.11523546734601939","0.0014450849390092249","7","0.2297428739023017","2","1","1.4853916807696497","0","0.023441703734255134","1","L","(224, 224)","1e-06","0.0014450849390092249","5","7","None","None","10","4","False","0.2297428739023017","L","random","None","2","50","1.4853916807696497","fixed_k","True","1.0","/data/thallybu/datasets/EMNIST","42","10","[0.9, 0.1]","0.023441703734255134","0.1","False","True","True","1","74","0.007499941624701023","1809.02197265625","0.40294358134269714","0.19365356862545013","0.39325591921806335","0.2618165612220764","0.3978784382343292","0.45344865322113037","0.4297676086425781","0.404531866312027","0.271928071975708","0.5093730092048645","0.4688299596309662","0.6420029997825623","10","0.7449522018432617","0.013329440727829933","0.013497249223291874","0.007866987027227879","0.02626396156847477","0.02188468724489212","0.017717959359288216","0.018536018207669258","0.014550933614373207","0.013575956225395203","0.02336045540869236","0.013131510466337204","0.19161342084407806","0.18954992294311523","393","20","500","0.1703856885433197","191134","18846","0.006175208371132612","0.8525000214576721","0.8525000214576721","0","0.8424522876739502","0.8525000214576721","0.14749999344348907","12.961091995239258","0.702984631061554","0.03325030207633972","0.9830761551856995","ssl_emnist_digits_conv","107","OK"
"2026-03-26 18:41:39","1.6h","31c6fe0a787040c589f7b9ffe9eae17a","ssl_emnist_digits_conv_trial_0109","LOCAL","src/cli.py","thallybu","FINISHED","False","None","threshold","0.7425674764035924","250","True","ShallowConvAutoencoder","[16, 32]","[1, 28, 28]","2048","1e-06","0","EMNIST","0.11796481091097051","digits","True","784","True","None","1","0.7425674764035924","3","4","0.11796481091097051","0.002286018117561711","11","0.24751903512866302","2","1","1.4949558111103516","0","0.023377597946184072","1","L","(224, 224)","1e-06","0.002286018117561711","5","11","None","None","10","4","False","0.24751903512866302","L","random","None","2","50","1.4949558111103516","fixed_k","True","1.0","/data/thallybu/datasets/EMNIST","42","10","[0.9, 0.1]","0.023377597946184072","0.1","False","True","True","1","60","0.005140992347151041","1879.1324462890625","0.41203010082244873","0.20271995663642883","0.2761049270629883","0.29008913040161133","0.3668356239795685","0.5168678760528564","0.4966868460178375","0.4694128930568695","0.2766869068145752","0.560185968875885","0.47352704405784607","0.5012694597244263","10","0.7425674796104431","0.015204265713691711","0.010286216624081135","0.005806782282888889","0.016025394201278687","0.01515980251133442","0.013173256069421768","0.016652459278702736","0.010409642942249775","0.007448893040418625","0.017480283975601196","0.012783932499587536","0.14839306473731995","0.1471995860338211","457","20","500","0.125226691365242","198610","13045","0.006689602974802256","0.8523333072662354","0.8523333072662354","0","0.8536067605018616","0.8523333072662354","0.14766666293144226","20.120574951171875","0.7193429470062256","0.03599149361252785","1.121595859527588","ssl_emnist_digits_conv","109","OK"
"2026-03-27 03:26:27","49.5min","2c70728ed59443f091af8fec9a2372bf","ssl_emnist_digits_conv_trial_0223","LOCAL","src/cli.py","thallybu","FINISHED","False","None","threshold","0.7115442036469197","100","True","ShallowConvAutoencoder","[16, 32]","[1, 28, 28]","2048","1e-06","0","EMNIST","0.1205189954388784","digits","True","784","True","None","1","0.7115442036469197","2","4","0.1205189954388784","0.0016048170342947414","7","0.2423578267932024","2","1","1.4349779422530349","0","0.03142587943209919","2","L","(224, 224)","1e-06","0.0016048170342947414","5","7","None","None","10","4","False","0.2423578267932024","L","random","None","2","50","1.4349779422530349","fixed_k","True","1.0","/data/thallybu/datasets/EMNIST","42","10","[0.9, 0.1]","0.03142587943209919","0.1","False","True","True","2","52","0.009288270957767963","1798.7413330078125","0.40156713128089905","0.20177820324897766","0.28591084480285645","0.17622192203998566","0.421735942363739","0.47724077105522156","0.38563138246536255","0.45723044872283936","0.28796645998954773","0.7305187582969666","0.46341171860694885","0.5451170206069946","10","0.7115442156791687","0.012746987864375114","0.015878980979323387","0.00488310307264328","0.028401656076312065","0.022963333874940872","0.01951165311038494","0.018116388469934464","0.01566280610859394","0.012018577195703983","0.025365326553583145","0.01526567991822958","0.19999757409095764","0.19748935103416443","511","20","500","0.17806747555732727","190181","14152","0.006932018790394068","0.8487499952316284","0.8487499952316284","0","0.8416642546653748","0.8487499952316284","0.15125000476837158","19.757238388061523","0.6959526538848877","0.029119497165083885","1.0127971172332764","ssl_emnist_digits_conv","223","OK"
"2026-03-27 04:15:57","48.0min","b4fd3cec303b44619eec49e3f74177af","ssl_emnist_digits_conv_trial_0239","LOCAL","src/cli.py","thallybu","FINISHED","False","None","threshold","0.7498030905152115","250","True","ShallowConvAutoencoder","[16, 32]","[1, 28, 28]","2048","1e-06","0","EMNIST","0.12430762956133243","digits","True","784","True","None","1","0.7498030905152115","3","4","0.12430762956133243","0.0017729139719419263","7","0.20267174876603308","2","1","1.4525666286292518","0","0.027452633120589744","0","L","(224, 224)","1e-06","0.0017729139719419263","5","7","None","None","10","4","False","0.20267174876603308","L","random","None","2","50","1.4525666286292518","fixed_k","True","1.0","/data/thallybu/datasets/EMNIST","42","10","[0.9, 0.1]","0.027452633120589744","0.1","False","True","True","0","49","0.007983553223311901","1845.9833984375","0.4008391499519348","0.20936262607574463","0.4173416197299957","0.2849270701408386","0.4239576458930969","0.4851110279560089","0.4595986008644104","0.4364210069179535","0.2683400809764862","0.33377885818481445","0.4354908764362335","0.5577214360237122","10","0.7498030662536621","0.013217245228588581","0.02163672260940075","0.009128289297223091","0.024143129587173462","0.024275576695799828","0.01964176818728447","0.01901465840637684","0.01363380253314972","0.012030449695885181","0.02141362801194191","0.014577055349946022","0.20133565366268158","0.1999129056930542","467","20","500","0.17949506640434265","195110","13246","0.007005336228758097","0.846708357334137","0.846708357334137","0","0.8463387489318848","0.846708357334137","0.15329167246818542","8.363962173461914","0.6288987398147583","0.02791663445532322","0.6838051676750183","ssl_emnist_digits_conv","239","OK"
"2026-03-26 20:35:32","52.3min","8165143395fd46beabc116f5929eb01d","ssl_emnist_digits_conv_trial_0120","LOCAL","src/cli.py","thallybu","FINISHED","False","None","threshold","0.7204047337955258","250","True","ShallowConvAutoencoder","[16, 32]","[1, 28, 28]","2048","1e-06","0","EMNIST","0.1076186527462449","digits","True","784","True","None","1","0.7204047337955258","3","4","0.1076186527462449","0.001359418628197726","7","0.24831980660108638","2","1","1.4514419266474767","0","0.024884394879033243","1","L","(224, 224)","1e-06","0.001359418628197726","5","7","None","None","10","4","False","0.24831980660108638","L","random","None","2","50","1.4514419266474767","fixed_k","True","1.0","/data/thallybu/datasets/EMNIST","42","10","[0.9, 0.1]","0.024884394879033243","0.1","False","True","True","1","56","0.007939031347632408","1791.8135986328125","0.4071929156780243","0.2030569165945053","0.3659868538379669","0.21477967500686646","0.360718309879303","0.5669752955436707","0.4337634742259979","0.40221038460731506","0.27619364857673645","0.4314977824687958","0.5433176159858704","0.6123486161231995","10","0.7204047441482544","0.01231682114303112","0.013401943258941174","0.005668861325830221","0.025382375344634056","0.022174345329403877","0.018937867134809494","0.018286380916833878","0.0149035369977355","0.013101963326334953","0.026197290048003197","0.012966681271791458","0.19182069599628448","0.19136060774326324","432","20","500","0.17102119326591492","189357","16848","0.006511233281344175","0.8451666831970215","0.8451666831970215","0","0.8395249843597412","0.8451666831970215","0.1548333317041397","12.577265739440918","0.730789840221405","0.04076885059475899","1.0297000408172607","ssl_emnist_digits_conv","120","OK"
"2026-03-27 00:55:15","52.1min","146159a7d283404e851931991dfb5072","ssl_emnist_digits_conv_trial_0199","LOCAL","src/cli.py","thallybu","FINISHED","False","None","threshold","0.7668622429673899","250","True","ShallowConvAutoencoder","[16, 32]","[1, 28, 28]","2048","1e-06","0","EMNIST","0.11284990769774969","digits","True","784","True","None","1","0.7668622429673899","3","4","0.11284990769774969","0.0015552041144468157","7","0.24454852047401143","2","1","1.4623428353823191","0","0.024206882607730948","0","L","(224, 224)","1e-06","0.0015552041144468157","5","7","None","None","10","4","False","0.24454852047401143","L","random","None","2","50","1.4623428353823191","fixed_k","True","1.0","/data/thallybu/datasets/EMNIST","42","10","[0.9, 0.1]","0.024206882607730948","0.1","False","True","True","0","55","0.007633322849869728","1847.5899658203125","0.41908136010169983","0.21295452117919922","0.36082661151885986","0.3122154474258423","0.45155540108680725","0.5012992024421692","0.5031153559684753","0.44465166330337524","0.3386840224266052","0.3717239499092102","0.4431007504463196","0.6018238067626953","10","0.7668622136116028","0.012758113443851471","0.01915649138391018","0.010140500962734222","0.024666214361786842","0.023762546479701996","0.020145315676927567","0.018561510369181633","0.014397583901882172","0.011622571386396885","0.021835852414369583","0.01519058458507061","0.2008301168680191","0.20431911945343018","400","20","500","0.17947916686534882","195222","15119","0.006726102437824011","0.8449166417121887","0.8449166417121887","0","0.8437886238098145","0.8449166417121887","0.1550833284854889","8.211674690246582","0.6414172053337097","0.02470916509628296","0.6706828474998474","ssl_emnist_digits_conv","199","OK"
"2026-03-26 21:37:51","56.8min","e686520f271841cc8085f9bfe1b392f9","ssl_emnist_digits_conv_trial_0129","LOCAL","src/cli.py","thallybu","FINISHED","False","None","threshold","0.6978616415183508","250","True","ShallowConvAutoencoder","[16, 32]","[1, 28, 28]","2048","1e-06","0","EMNIST","0.10832271836225404","digits","True","784","True","None","1","0.6978616415183508","3","4","0.10832271836225404","0.0011261341080065826","7","0.23661992983816402","2","1","1.4440253499470674","0","0.028390059356109717","1","L","(224, 224)","1e-06","0.0011261341080065826","5","7","None","None","10","4","False","0.23661992983816402","L","random","None","2","50","1.4440253499470674","fixed_k","True","1.0","/data/thallybu/datasets/EMNIST","42","10","[0.9, 0.1]","0.028390059356109717","0.1","False","True","True","1","55","0.008368308655917645","1779.2213134765625","0.3799413740634918","0.18530750274658203","0.36581671237945557","0.16322912275791168","0.41482803225517273","0.46062153577804565","0.42983511090278625","0.4333972930908203","0.2772572934627533","0.43615061044692993","0.39143186807632446","0.5545961856842041","10","0.6978616118431091","0.011830692179501057","0.01647569052875042","0.004005679860711098","0.02678920328617096","0.024251213297247887","0.019949255511164665","0.019141465425491333","0.01518218219280243","0.012438821606338024","0.020747721195220947","0.013373649679124355","0.1932210475206375","0.1909841001033783","438","20","500","0.17235489189624786","188028","15413","0.0070553426630795","0.8427083492279053","0.8427083492279053","0","0.8370604515075684","0.8427083492279053","0.15729166567325592","15.341917037963867","0.761012852191925","0.029585422948002815","1.1839245557785034","ssl_emnist_digits_conv","129","OK"
"2026-03-26 22:11:38","53.3min","52e2c1559f62451683649c99c0f64992","ssl_emnist_digits_conv_trial_0132","LOCAL","src/cli.py","thallybu","FINISHED","False","None","threshold","0.7348430949113132","250","True","ShallowConvAutoencoder","[16, 32]","[1, 28, 28]","2048","1e-06","0","EMNIST","0.10772381291588103","digits","True","784","True","None","1","0.7348430949113132","3","4","0.10772381291588103","0.0017101437043122963","7","0.2453897157656667","2","1","1.44763637799592","0","0.024217264117480257","1","L","(224, 224)","1e-06","0.0017101437043122963","5","7","None","None","10","4","False","0.2453897157656667","L","random","None","2","50","1.44763637799592","fixed_k","True","1.0","/data/thallybu/datasets/EMNIST","42","10","[0.9, 0.1]","0.024217264117480257","0.1","False","True","True","1","55","0.007690131664276123","1824.9075927734375","0.40675774216651917","0.20596972107887268","0.34405696392059326","0.20022864639759064","0.40981653332710266","0.5493502020835876","0.3956356644630432","0.4179404377937317","0.291076123714447","0.38990551233291626","0.5638852119445801","0.6203819513320923","10","0.7348430752754211","0.012664745561778545","0.013015743345022202","0.005063502583652735","0.025323688983917236","0.02140824869275093","0.018886392936110497","0.01891794241964817","0.015607760287821293","0.01220775954425335","0.0280386283993721","0.013612589798867702","0.19300608336925507","0.19012777507305145","431","20","500","0.17208226025104523","192857","15507","0.006371953524649143","0.840833306312561","0.840833306312561","0","0.8358674049377441","0.840833306312561","0.15916666388511658","14.282458305358887","0.7405505180358887","0.024327073246240616","1.0621050596237183","ssl_emnist_digits_conv","132","OK"
"2026-03-26 22:48:06","57.8min","ca687f2d941a45ac8d9cf349da4866ad","ssl_emnist_digits_conv_trial_0150","LOCAL","src/cli.py","thallybu","FINISHED","False","None","threshold","0.7566517004742014","250","True","ShallowConvAutoencoder","[16, 32]","[1, 28, 28]","2048","1e-06","0","EMNIST","0.10547570348090779","digits","True","784","True","None","1","0.7566517004742014","3","4","0.10547570348090779","0.0015738304104190991","7","0.24436719144231273","2","1","1.484788694877512","0","0.032235175489251366","1","L","(224, 224)","1e-06","0.0015738304104190991","5","7","None","None","10","4","False","0.24436719144231273","L","random","None","2","50","1.484788694877512","fixed_k","True","1.0","/data/thallybu/datasets/EMNIST","42","10","[0.9, 0.1]","0.032235175489251366","0.1","False","True","True","1","55","0.008266483433544636","1827.1756591796875","0.42602798342704773","0.2157100886106491","0.38728949427604675","0.23630645871162415","0.41426441073417664","0.5970494151115417","0.4240705966949463","0.45435553789138794","0.31371378898620605","0.3647661805152893","0.5912593603134155","0.641530454158783","10","0.7566516995429993","0.012987770140171051","0.014041470363736153","0.007727343123406172","0.026515020057559013","0.022772612050175667","0.01886996068060398","0.01992419734597206","0.015705714002251625","0.013714969158172607","0.02777494676411152","0.01400451734662056","0.20290908217430115","0.2012055516242981","490","20","500","0.18105073273181915","193160","15744","0.006850483827292919","0.840583324432373","0.840583324432373","0","0.8351830840110779","0.840583324432373","0.15941666066646576","11.779960632324219","0.7021488547325134","0.02364647574722767","0.8615343570709229","ssl_emnist_digits_conv","150","OK"
"2026-03-26 19:53:08","1.2h","d30ef6f7931143648f5b58debd032e6f","ssl_emnist_digits_conv_trial_0115","LOCAL","src/cli.py","thallybu","FINISHED","False","None","threshold","0.7456510920235894","250","True","ShallowConvAutoencoder","[16, 32]","[1, 28, 28]","2048","1e-06","0","EMNIST","0.11589055168346435","digits","True","784","True","None","1","0.7456510920235894","3","4","0.11589055168346435","0.001375883134595712","7","0.2464902239065468","2","1","1.4650975443708116","0","0.024588365628266103","1","L","(224, 224)","1e-06","0.001375883134595712","5","7","None","None","10","4","False","0.2464902239065468","L","random","None","2","50","1.4650975443708116","fixed_k","True","1.0","/data/thallybu/datasets/EMNIST","42","10","[0.9, 0.1]","0.024588365628266103","0.1","False","True","True","1","74","0.007070851046591997","1803.4234619140625","0.4105375409126282","0.19915542006492615","0.36375612020492554","0.18624147772789001","0.3997851312160492","0.5805315375328064","0.42111891508102417","0.43905165791511536","0.28019335865974426","0.49371325969696045","0.49538546800613403","0.6032654047012329","10","0.7456510663032532","0.013119332492351532","0.013872679322957993","0.005121366586536169","0.025344688445329666","0.021431557834148407","0.017764179036021233","0.018086010590195656","0.014681466855108738","0.013118289411067963","0.025003613904118538","0.013250008225440979","0.1886919140815735","0.19056062400341034","440","20","500","0.16767384111881256","190590","18965","0.00615588529035449","0.8399166464805603","0.8399166464805603","0","0.8350146412849426","0.8399166464805603","0.1600833386182785","16.39615821838379","0.8020929098129272","0.02882993407547474","1.2490874528884888","ssl_emnist_digits_conv","115","OK"
"2026-03-26 18:04:46","1.4h","6d5a487483c74270b851619ff75947f1","ssl_emnist_digits_conv_trial_0105","LOCAL","src/cli.py","thallybu","FINISHED","False","None","threshold","0.7484688311748492","250","True","ShallowConvAutoencoder","[16, 32]","[1, 28, 28]","2048","1e-06","0","EMNIST","0.11666641783376266","digits","True","784","True","None","1","0.7484688311748492","3","4","0.11666641783376266","0.0013907180088424012","7","0.24878996008877946","2","1","1.469251698557477","0","0.02294900850205785","1","L","(224, 224)","1e-06","0.0013907180088424012","5","7","None","None","10","4","False","0.24878996008877946","L","random","None","2","50","1.469251698557477","fixed_k","True","1.0","/data/thallybu/datasets/EMNIST","42","10","[0.9, 0.1]","0.02294900850205785","0.1","False","True","True","1","74","0.007169350981712341","1808.9505615234375","0.4094303250312805","0.19692960381507874","0.37582945823669434","0.22409847378730774","0.47504401206970215","0.4369363784790039","0.42139098048210144","0.443339467048645","0.2679148316383362","0.5523117184638977","0.4700382947921753","0.62827068567276","10","0.748468816280365","0.013004512526094913","0.013628917746245861","0.006477163638919592","0.027491938322782516","0.022214476019144058","0.018359331414103508","0.01859971508383751","0.014569230377674103","0.013343127444386482","0.022267695516347885","0.012664818204939365","0.1904890239238739","0.18884141743183136","456","20","500","0.1696164309978485","191190","18622","0.0060844034887850285","0.8362916707992554","0.8362916707992554","0","0.8271130323410034","0.8362916707992554","0.16370832920074463","13.317058563232422","0.7783769369125366","0.0333591029047966","1.1575884819030762","ssl_emnist_digits_conv","105","OK"
"2026-03-26 20:17:33","1.2h","761846197d5f47df851ffdf50a917cc3","ssl_emnist_digits_conv_trial_0118","LOCAL","src/cli.py","thallybu","FINISHED","False","None","threshold","0.7371237411461052","250","True","ShallowConvAutoencoder","[16, 32]","[1, 28, 28]","2048","1e-06","0","EMNIST","0.10807580307093784","digits","True","784","True","None","1","0.7371237411461052","3","4","0.10807580307093784","0.0014282913816932175","11","0.24997777013366676","2","1","1.4636434864921006","0","0.025906606974405284","1","L","(224, 224)","1e-06","0.0014282913816932175","5","11","None","None","10","4","False","0.24997777013366676","L","random","None","2","50","1.4636434864921006","fixed_k","True","1.0","/data/thallybu/datasets/EMNIST","42","10","[0.9, 0.1]","0.025906606974405284","0.1","False","True","True","1","74","0.005103400442749262","1868.8895263671875","0.40427345037460327","0.21388044953346252","0.27565816044807434","0.44789546728134155","0.35515910387039185","0.37171655893325806","0.4372951090335846","0.4304971992969513","0.2736697793006897","0.4876846969127655","0.4558801054954529","0.5581700205802917","10","0.7371237277984619","0.014966673217713833","0.010640517808496952","0.011404034681618214","0.015911320224404335","0.014938083477318287","0.0120016448199749","0.014029632322490215","0.010452941991388798","0.006422722712159157","0.015592406503856182","0.01260880846530199","0.14684522151947021","0.1442544162273407","482","20","500","0.1240021139383316","197560","13789","0.006600722670555115","0.8354583382606506","0.8354583382606506","0","0.8398812413215637","0.8354583382606506","0.16454166173934937","20.276330947875977","0.7277101874351501","0.032835062593221664","1.1766128540039062","ssl_emnist_digits_conv","118","OK"
"2026-03-26 18:23:19","1.5h","cd551353d50345278fbf55e03edec222","ssl_emnist_digits_conv_trial_0106","LOCAL","src/cli.py","thallybu","FINISHED","False","None","threshold","0.7907671840243579","250","True","ShallowConvAutoencoder","[16, 32]","[1, 28, 28]","2048","1e-06","0","EMNIST","0.11376687032054322","digits","True","784","True","None","1","0.7907671840243579","3","4","0.11376687032054322","0.0014813493911240679","7","0.2494530902927405","2","1","1.4765889127309324","0","0.031682620711788935","0","L","(224, 224)","1e-06","0.0014813493911240679","5","7","None","None","10","4","False","0.2494530902927405","L","random","None","2","50","1.4765889127309324","fixed_k","True","1.0","/data/thallybu/datasets/EMNIST","42","10","[0.9, 0.1]","0.031682620711788935","0.1","False","True","True","0","74","0.007237027864903212","1854.298095703125","0.4436868727207184","0.2140101194381714","0.36284518241882324","0.3685065507888794","0.48150384426116943","0.5052525401115417","0.5248439311981201","0.45464521646499634","0.3539270758628845","0.40915411710739136","0.5040895342826843","0.6268246173858643","10","0.7907671928405762","0.01417659129947424","0.018800456076860428","0.011527436785399914","0.02625284530222416","0.022754253819584846","0.01979510858654976","0.018554503098130226","0.014001351781189442","0.012205168604850769","0.020941725000739098","0.014968628995120525","0.20252296328544617","0.20579034090042114","396","20","500","0.17980149388313293","195934","16987","0.006739583797752857","0.8344166874885559","0.8344166874885559","0","0.833859384059906","0.8344166874885559","0.16558332741260529","7.622374057769775","0.6763103604316711","0.037779953330755234","0.6926128268241882","ssl_emnist_digits_conv","106","OK"
"2026-03-27 00:53:58","55.2min","fe9bcb3f244d4373b901cf7ed0189ab0","ssl_emnist_digits_conv_trial_0198","LOCAL","src/cli.py","thallybu","FINISHED","False","None","threshold","0.7675995621549788","250","True","ShallowConvAutoencoder","[16, 32]","[1, 28, 28]","2048","1e-06","0","EMNIST","0.11140966532330004","digits","True","784","True","None","1","0.7675995621549788","3","4","0.11140966532330004","0.0014848148316242305","7","0.24442540515524733","2","1","1.459527517925297","0","0.02395297294635972","0","L","(224, 224)","1e-06","0.0014848148316242305","5","7","None","None","10","4","False","0.24442540515524733","L","random","None","2","50","1.459527517925297","fixed_k","True","1.0","/data/thallybu/datasets/EMNIST","42","10","[0.9, 0.1]","0.02395297294635972","0.1","False","True","True","0","52","0.007549960166215897","1853.2977294921875","0.423312246799469","0.21021774411201477","0.36640608310699463","0.35220664739608765","0.4290411174297333","0.495390921831131","0.48295849561691284","0.4168452024459839","0.3823324143886566","0.37789660692214966","0.4514833092689514","0.598732590675354","10","0.7675995826721191","0.012510565109550953","0.01986994594335556","0.011326608248054981","0.024446086958050728","0.0241901446133852","0.020499391481280327","0.018716255202889442","0.01425886806100607","0.011877765879034996","0.02109876088798046","0.015066629275679588","0.20248503983020782","0.19827373325824738","519","20","500","0.18135051429271698","195943","14341","0.006778603419661522","0.8338333368301392","0.8338333368301392","0","0.8329864144325256","0.8338333368301392","0.16616666316986084","8.480447769165039","0.6670116186141968","0.031124617904424667","0.7149363160133362","ssl_emnist_digits_conv","198","OK"
"2026-03-27 04:01:23","36.4min","bb52ec1c9c2140dd996daaf30160b1f0","ssl_emnist_digits_conv_trial_0238","LOCAL","src/cli.py","thallybu","FINISHED","False","None","threshold","0.7457426883843656","250","True","ShallowConvAutoencoder","[16, 32]","[1, 28, 28]","2048","1e-06","0","EMNIST","0.1258178642045095","digits","True","784","True","None","1","0.7457426883843656","3","4","0.1258178642045095","0.0017568213822425761","7","0.2395726249713404","2","1","1.4534832879949533","0","0.0536030462036354","0","L","(224, 224)","1e-06","0.0017568213822425761","5","7","None","None","10","4","False","0.2395726249713404","L","random","None","2","50","1.4534832879949533","fixed_k","True","1.0","/data/thallybu/datasets/EMNIST","42","10","[0.9, 0.1]","0.0536030462036354","0.1","False","True","True","0","38","0.009916535578668118","1842.353515625","0.41259899735450745","0.21295982599258423","0.3640556335449219","0.27765506505966187","0.44129666686058044","0.4903373718261719","0.4935394823551178","0.4390987753868103","0.29071012139320374","0.38538026809692383","0.47789478302001953","0.6101874113082886","10","0.745742678642273","0.013294539414346218","0.020784759894013405","0.010223304852843285","0.026359999552369118","0.025976674631237984","0.022167475894093513","0.02037600800395012","0.016456644982099533","0.012265999801456928","0.024103904142975807","0.0147462273016572","0.21778632700443268","0.2150784283876419","476","20","500","0.19346104562282562","194742","10754","0.008655046112835407","0.8330833315849304","0.8330833315849304","0","0.8308814764022827","0.8330833315849304","0.16691666841506958","7.944167137145996","0.6562967300415039","0.02851092256605625","0.708794116973877","ssl_emnist_digits_conv","238","OK"
"2026-03-26 23:14:24","1.0h","34e19571101b455abaea2a34ad00eb2b","ssl_emnist_digits_conv_trial_0160","LOCAL","src/cli.py","thallybu","FINISHED","False","None","threshold","0.7173815032348787","250","True","ShallowConvAutoencoder","[16, 32]","[1, 28, 28]","2048","1e-06","0","EMNIST","0.11477746313750305","digits","True","784","True","None","1","0.7173815032348787","3","4","0.11477746313750305","0.0013151103774308346","7","0.23391639474928244","2","1","1.422854575662801","0","0.02599116444682822","1","L","(224, 224)","1e-06","0.0013151103774308346","5","7","None","None","10","4","False","0.23391639474928244","L","random","None","2","50","1.422854575662801","fixed_k","True","1.0","/data/thallybu/datasets/EMNIST","42","10","[0.9, 0.1]","0.02599116444682822","0.1","False","True","True","1","52","0.008710358291864395","1789.490966796875","0.38681602478027344","0.18954630196094513","0.3611021041870117","0.1753329336643219","0.3957206904888153","0.4717106819152832","0.42812496423721313","0.39540815353393555","0.2929777204990387","0.4722324311733246","0.44592368602752686","0.6009660363197327","10","0.717381477355957","0.01198569219559431","0.01529686152935028","0.005145118571817875","0.02659560553729534","0.024073181673884392","0.019520383328199387","0.01939753256738186","0.01522085815668106","0.012977303937077522","0.022445034235715866","0.012895405292510986","0.19440136849880219","0.1971937119960785","495","20","500","0.1735672503709793","189166","15593","0.006810902152210474","0.8324583172798157","0.8324583172798157","0","0.8250563740730286","0.8324583172798157","0.16754166781902313","14.476075172424316","0.7919397950172424","0.019617145881056786","1.25331449508667","ssl_emnist_digits_conv","160","OK"
"2026-03-26 23:02:52","53.3min","815b5935a1e64e0491433d906c8cc387","ssl_emnist_digits_conv_trial_0156","LOCAL","src/cli.py","thallybu","FINISHED","False","None","threshold","0.7562577128668595","250","True","ShallowConvAutoencoder","[16, 32]","[1, 28, 28]","2048","1e-06","0","EMNIST","0.1188449391939546","digits","True","784","True","None","1","0.7562577128668595","3","4","0.1188449391939546","0.0012235106058052251","7","0.2484064386455107","2","1","1.454908205234119","0","0.02663751232759997","1","L","(224, 224)","1e-06","0.0012235106058052251","5","7","None","None","10","4","False","0.2484064386455107","L","random","None","2","50","1.454908205234119","fixed_k","True","1.0","/data/thallybu/datasets/EMNIST","42","10","[0.9, 0.1]","0.02663751232759997","0.1","False","True","True","1","52","0.008630693890154362","1835.9185791015625","0.4155341386795044","0.20283344388008118","0.41841351985931396","0.16347232460975647","0.5157188773155212","0.486211895942688","0.44376787543296814","0.43641507625579834","0.3102401793003082","0.4451018273830414","0.4541805684566498","0.5825400352478027","10","0.7562577128410339","0.011919203214347363","0.016477154567837715","0.00514949718490243","0.032042764127254486","0.024669630452990532","0.020313477143645287","0.0195329412817955","0.016717271879315376","0.013928867876529694","0.022924885153770447","0.014287448488175869","0.20702512562274933","0.20890086889266968","489","20","500","0.18604396283626556","194088","14683","0.006918048951774836","0.8295416831970215","0.8295416831970215","0","0.8255580067634583","0.8295416831970215","0.1704583317041397","15.469470977783203","0.7946017384529114","0.023365305736660957","1.15608549118042","ssl_emnist_digits_conv","156","OK"
"2026-03-26 23:38:52","48.4min","84ea6d3adcd44ac29280bfb2f209273e","ssl_emnist_digits_conv_trial_0166","LOCAL","src/cli.py","thallybu","FINISHED","False","None","threshold","0.7793779683830048","250","True","ShallowConvAutoencoder","[16, 32]","[1, 28, 28]","2048","1e-06","0","EMNIST","0.11518168315523852","digits","True","784","True","None","1","0.7793779683830048","3","4","0.11518168315523852","0.001380078608169936","7","0.2412486444582323","2","1","1.4684332068749666","0","0.023027971157974756","1","L","(224, 224)","1e-06","0.001380078608169936","5","7","None","None","10","4","False","0.2412486444582323","L","random","None","2","50","1.4684332068749666","fixed_k","True","1.0","/data/thallybu/datasets/EMNIST","42","10","[0.9, 0.1]","0.023027971157974756","0.1","False","True","True","1","50","0.008352784439921379","1867.527099609375","0.47060292959213257","0.22404703497886658","0.3844090402126312","0.24049200117588043","0.4271504282951355","0.5634888410568237","0.4770129919052124","0.4893451929092407","0.3849722146987915","0.4679963290691376","0.6494888663291931","0.6688746809959412","10","0.7793779969215393","0.012113767676055431","0.01412283256649971","0.00772815803065896","0.026062212884426117","0.023245736956596375","0.019734324887394905","0.018638672307133675","0.017060935497283936","0.013978350907564163","0.03078504465520382","0.014509260654449463","0.20669402182102203","0.20239609479904175","331","20","500","0.18586552143096924","197260","13946","0.006699607707560062","0.8289166688919067","0.8289166688919067","0","0.8255070447921753","0.8289166688919067","0.17108333110809326","11.518060684204102","0.7569551467895508","0.025349682196974754","0.9384371042251587","ssl_emnist_digits_conv","166","OK"
"2026-03-27 05:03:56","26.0min","16f8a69d6ea7440a9f9776a90a2174b1","ssl_emnist_digits_conv_trial_0247","LOCAL","src/cli.py","thallybu","FINISHED","False","None","threshold","0.7596164384654408","250","True","ShallowConvAutoencoder","[16, 32]","[1, 28, 28]","2048","1e-06","0","EMNIST","0.12213062175634834","digits","True","784","True","None","1","0.7596164384654408","3","4","0.12213062175634834","0.0013204486661316315","7","0.23493543748405704","2","1","1.4311928354350147","0","0.023901370968953343","2","L","(224, 224)","1e-06","0.0013204486661316315","5","7","None","None","10","4","False","0.23493543748405704","L","random","None","2","50","1.4311928354350147","fixed_k","True","1.0","/data/thallybu/datasets/EMNIST","42","10","[0.9, 0.1]","0.023901370968953343","0.1","False","True","True","2","28","0.012480759993195534","1855.3321533203125","0.4417382478713989","0.21962447464466095","0.4617713987827301","0.20743563771247864","0.4849069118499756","0.535715639591217","0.4938630759716034","0.42590051889419556","0.32767096161842346","0.416927695274353","0.4769562780857086","0.6216166019439697","10","0.7596164345741272","0.00987296737730503","0.024664675816893578","0.00787013117223978","0.029990220442414284","0.026671694591641426","0.022480249404907227","0.021481802687048912","0.018473196774721146","0.012980691157281399","0.024293063208460808","0.018253594636917114","0.22906552255153656","0.23054185509681702","460","20","500","0.2071593552827835","196106","7628","0.009101050905883312","0.828208327293396","0.828208327293396","0","0.8272607326507568","0.828208327293396","0.1717916578054428","8.60311508178711","0.6776122450828552","0.03143909201025963","0.6891156435012817","ssl_emnist_digits_conv","247","OK"
"2026-03-26 20:28:13","47.7min","839c07785d544ca69c0b695a15be741f","ssl_emnist_digits_conv_trial_0119","LOCAL","src/cli.py","thallybu","FINISHED","False","None","threshold","0.7231223681553938","250","True","ShallowConvAutoencoder","[16, 32]","[1, 28, 28]","2048","1e-06","0","EMNIST","0.11234379182554351","digits","True","784","True","None","1","0.7231223681553938","3","4","0.11234379182554351","0.0022524463789672148","11","0.24857288570998734","2","1","1.463614046748354","0","0.024990081074600625","1","L","(224, 224)","1e-06","0.0022524463789672148","5","11","None","None","10","4","False","0.24857288570998734","L","random","None","2","50","1.463614046748354","fixed_k","True","1.0","/data/thallybu/datasets/EMNIST","42","10","[0.9, 0.1]","0.024990081074600625","0.1","False","True","True","1","54","0.005224382970482111","1851.1756591796875","0.4461575746536255","0.21271324157714844","0.5528120398521423","0.33617928624153137","0.3447137475013733","0.5441484451293945","0.4591705799102783","0.540732204914093","0.30476489663124084","0.4559558928012848","0.4461974799633026","0.4970524311065674","10","0.7231223583221436","0.015069358982145786","0.009234744124114513","0.0076002152636647224","0.015855327248573303","0.012960953637957573","0.012482095509767532","0.02040899731218815","0.010253190994262695","0.007248458918184042","0.01657557301223278","0.01133600901812315","0.147102952003479","0.1507778912782669","550","20","500","0.12395555526018143","195747","13286","0.006779397837817669","0.8276249766349792","0.8276249766349792","0","0.8322311639785767","0.8276249766349792","0.17237499356269836","13.428136825561523","0.7179028987884521","0.03431721404194832","0.8504466414451599","ssl_emnist_digits_conv","119","OK"
"2026-03-27 07:19:06","19.7min","e734f41959874020b012f23516ec3b5d","ssl_emnist_digits_conv_trial_0295","LOCAL","src/cli.py","thallybu","FINISHED","False","None","threshold","0.7964554455693149","250","True","ShallowConvAutoencoder","[16, 32]","[1, 28, 28]","2048","1e-06","0","EMNIST","0.12737826378894276","digits","True","784","True","None","1","0.7964554455693149","3","4","0.12737826378894276","0.0018875606040134978","7","0.21204876328065234","2","1","1.443551149033642","0","0.025750376958004174","2","L","(224, 224)","1e-06","0.0018875606040134978","5","7","None","None","10","4","False","0.21204876328065234","L","random","None","2","50","1.443551149033642","fixed_k","True","1.0","/data/thallybu/datasets/EMNIST","42","10","[0.9, 0.1]","0.025750376958004174","0.1","False","True","True","2","21","0.012655460275709629","1905.1953125","0.506746768951416","0.23093894124031067","0.4507327973842621","0.2967081367969513","0.5886189341545105","0.5761147737503052","0.5563876032829285","0.46868830919265747","0.39344432950019836","0.6369658708572388","0.553830623626709","0.6543987393379211","10","0.796455442905426","0.010271747596561909","0.019618762657046318","0.01136352401226759","0.0334690660238266","0.028090825304389","0.02524200640618801","0.022072145715355873","0.021830646321177483","0.015088168904185295","0.028850700706243515","0.01901923306286335","0.24648496508598328","0.24153251945972443","417","20","500","0.22464504837989807","201339","5650","0.008884597569704056","0.8240416646003723","0.8240416646003723","0","0.8222000002861023","0.8240416646003723","0.17595833539962769","8.454556465148926","0.7111400365829468","0.04036874324083328","0.653070330619812","ssl_emnist_digits_conv","295","OK"
"2026-03-27 07:46:20","19.7min","3c0f0259ea5b4db0bb4d27994226f7f8","ssl_emnist_digits_conv_trial_0316","LOCAL","src/cli.py","thallybu","FINISHED","False","None","threshold","0.7633635024274212","25","True","ShallowConvAutoencoder","[16, 32]","[1, 28, 28]","2048","1e-06","0","EMNIST","0.11347769587745024","digits","True","784","True","None","1","0.7633635024274212","0","4","0.11347769587745024","0.0021549338683557566","7","0.2257641438431411","2","1","1.4710614230808094","0","0.024176923702370054","0","L","(224, 224)","1e-06","0.0021549338683557566","5","7","None","None","10","4","False","0.2257641438431411","L","random","None","2","50","1.4710614230808094","fixed_k","True","1.0","/data/thallybu/datasets/EMNIST","42","10","[0.9, 0.1]","0.024176923702370054","0.1","False","True","True","0","20","0.010672482661902905","1894.4307861328125","0.4372984766960144","0.23209063708782196","0.3932119309902191","0.3642527461051941","0.45993688702583313","0.5367947816848755","0.4999680519104004","0.42128702998161316","0.3269639015197754","0.377795547246933","0.4787055253982544","0.6622955799102783","10","0.7633634805679321","0.010824169963598251","0.022844690829515457","0.013261479325592518","0.027224157005548477","0.02688680961728096","0.02296929620206356","0.021041791886091232","0.01845848187804222","0.014169271104037762","0.02375124953687191","0.017039211466908455","0.22977466881275177","0.22352513670921326","488","20","500","0.2076464146375656","200263","6015","0.008894598111510277","0.8237500190734863","0.8237500190734863","0","0.8208937048912048","0.8237500190734863","0.17624999582767487","8.590076446533203","0.6713108420372009","0.03693947196006775","0.7109641432762146","ssl_emnist_digits_conv","316","OK"
"2026-03-26 22:12:27","41.6min","1b92b09c895f45efa97f7d099a6217a3","ssl_emnist_digits_conv_trial_0133","LOCAL","src/cli.py","thallybu","FINISHED","False","None","threshold","0.7316108826569889","250","True","ShallowConvAutoencoder","[16, 32]","[1, 28, 28]","2048","1e-06","0","EMNIST","0.10448292936033776","digits","True","784","True","None","1","0.7316108826569889","3","4","0.10448292936033776","0.001656637531917556","7","0.24475441536418202","2","1","1.4358245386661386","0","0.02427259801847374","1","L","(224, 224)","1e-06","0.001656637531917556","5","7","None","None","10","4","False","0.24475441536418202","L","random","None","2","50","1.4358245386661386","fixed_k","True","1.0","/data/thallybu/datasets/EMNIST","42","10","[0.9, 0.1]","0.02427259801847374","0.1","False","True","True","1","43","0.008729624561965466","1816.5665283203125","0.4208105802536011","0.21413449943065643","0.34695276618003845","0.2476017028093338","0.45548567175865173","0.6029029488563538","0.4289917051792145","0.4347452223300934","0.2734338939189911","0.4704796075820923","0.5040206909179688","0.6668586730957031","10","0.731610894203186","0.011993978172540665","0.013614707626402378","0.007105829659849405","0.030839569866657257","0.02340012975037098","0.01883932761847973","0.018758416175842285","0.01515297032892704","0.014290408231317997","0.0261343065649271","0.013486175797879696","0.20256298780441284","0.20058006048202515","413","20","500","0.18162183463573456","191946","14092","0.006810590159147978","0.8205000162124634","0.8205000162124634","0","0.8083375096321106","0.8205000162124634","0.17949999868869781","17.18092155456543","0.8501893877983093","0.026093659922480583","1.3638217449188232","ssl_emnist_digits_conv","133","OK"
"2026-03-27 07:46:22","19.1min","c12edac6efb949c5a5675e8f5654f4d8","ssl_emnist_digits_conv_trial_0317","LOCAL","src/cli.py","thallybu","FINISHED","False","None","threshold","0.7562928050296281","25","True","ShallowConvAutoencoder","[16, 32]","[1, 28, 28]","2048","1e-06","0","EMNIST","0.11383808699327555","digits","True","784","True","None","1","0.7562928050296281","0","4","0.11383808699327555","0.0023006206213792364","7","0.2247905279685403","2","1","1.4736765471421989","0","0.069603756647898","0","L","(224, 224)","1e-06","0.0023006206213792364","5","7","None","None","10","4","False","0.2247905279685403","L","random","None","2","50","1.4736765471421989","fixed_k","True","1.0","/data/thallybu/datasets/EMNIST","42","10","[0.9, 0.1]","0.069603756647898","0.1","False","True","True","0","19","0.013315604999661446","1857.8536376953125","0.4550601840019226","0.22155478596687317","0.44978654384613037","0.3477606177330017","0.5390366911888123","0.5215458869934082","0.5197257995605469","0.42506593465805054","0.3490770161151886","0.41230136156082153","0.5121622681617737","0.5923425555229187","10","0.7562928199768066","0.011757011525332928","0.022167306393384933","0.013327444903552532","0.03252306580543518","0.028810113668441772","0.023221727460622787","0.023160787299275398","0.021708469837903976","0.01632106676697731","0.027496520429849625","0.016564786434173584","0.2512090802192688","0.24598750472068787","694","20","500","0.22530128061771393","196607","5521","0.011157535016536713","0.8201249837875366","0.8201249837875366","0","0.8196735978126526","0.8201249837875366","0.17987500131130219","8.754822731018066","0.6855141520500183","0.03456775099039078","0.6634321212768555","ssl_emnist_digits_conv","317","OK"
"2026-03-26 20:46:02","51.8min","a755936f6c5a408491c2e34c5ff0889c","ssl_emnist_digits_conv_trial_0122","LOCAL","src/cli.py","thallybu","FINISHED","False","None","threshold","0.7170100453081067","250","True","ShallowConvAutoencoder","[16, 32]","[1, 28, 28]","2048","1e-06","0","EMNIST","0.10557147271062353","digits","True","784","True","None","1","0.7170100453081067","3","4","0.10557147271062353","0.0018428346616444935","7","0.24954170186967792","2","1","1.486293396898166","0","0.02576974825074516","1","L","(224, 224)","1e-06","0.0018428346616444935","5","7","None","None","10","4","False","0.24954170186967792","L","random","None","2","50","1.486293396898166","fixed_k","True","1.0","/data/thallybu/datasets/EMNIST","42","10","[0.9, 0.1]","0.02576974825074516","0.1","False","True","True","1","50","0.007635879330337048","1787.0296630859375","0.4285306930541992","0.2135939747095108","0.5441953539848328","0.19975672662258148","0.49207714200019836","0.4967958331108093","0.47049787640571594","0.4835095703601837","0.3395432233810425","0.3890557289123535","0.4940283000469208","0.558198094367981","10","0.7170100212097168","0.012710360810160637","0.012750559486448765","0.006184854079037905","0.027495017275214195","0.0226986575871706","0.018868563696742058","0.0190835390239954","0.01645096018910408","0.012130897492170334","0.023454513400793076","0.012439711950719357","0.19285523891448975","0.19034238159656525","360","20","500","0.17155729234218597","188773","16381","0.006682145409286022","0.8199999928474426","0.8199999928474426","0","0.8143412470817566","0.8199999928474426","0.17999999225139618","14.340144157409668","0.7591232657432556","0.031274035573005676","0.995873212814331","ssl_emnist_digits_conv","122","OK"
"2026-03-27 05:47:41","22.6min","1a69f43df23c46e380d93f55e0090354","ssl_emnist_digits_conv_trial_0255","LOCAL","src/cli.py","thallybu","FINISHED","False","None","threshold","0.737449303625038","250","True","ShallowConvAutoencoder","[16, 32]","[1, 28, 28]","2048","1e-06","0","EMNIST","0.11803907534884156","digits","True","784","True","None","1","0.737449303625038","3","4","0.11803907534884156","0.0015111982727638975","7","0.2282808337206209","2","1","1.429392970074107","0","0.025754904447342904","0","L","(224, 224)","1e-06","0.0015111982727638975","5","7","None","None","10","4","False","0.2282808337206209","L","random","None","2","50","1.429392970074107","fixed_k","True","1.0","/data/thallybu/datasets/EMNIST","42","10","[0.9, 0.1]","0.025754904447342904","0.1","False","True","True","0","21","0.01223832555115223","1833.49658203125","0.43163105845451355","0.22081218659877777","0.3584294319152832","0.34904706478118896","0.51069575548172","0.5217186212539673","0.5194478631019592","0.4124651253223419","0.30926769971847534","0.38159358501434326","0.5012151002883911","0.6113883852958679","10","0.7374492883682251","0.00954116228967905","0.02038961835205555","0.01312047615647316","0.031446587294340134","0.02695421315729618","0.02302507869899273","0.021560747176408768","0.017846625298261642","0.013715307228267193","0.024460265412926674","0.015991540625691414","0.23121590912342072","0.2292047142982483","647","20","500","0.20851045846939087","193981","5907","0.01037047989666462","0.8170416951179504","0.8170416951179504","0","0.8142435550689697","0.8170416951179504","0.18295833468437195","8.794891357421875","0.697845995426178","0.03600494563579559","0.7592488527297974","ssl_emnist_digits_conv","255","OK"
"2026-03-26 15:29:04","52.2min","2f7d35d07cff4994b83b131ca924b4bc","ssl_emnist_digits_conv_trial_0052","LOCAL","src/cli.py","thallybu","FINISHED","False","None","threshold","0.8363219349991855","500","True","ShallowConvAutoencoder","[16, 32]","[1, 28, 28]","2048","1e-06","0","EMNIST","0.1326237214686066","digits","True","784","True","None","1","0.8363219349991855","4","4","0.1326237214686066","0.003330395204870983","8","0.23441797961237232","3","2","1.3361548480068928","1","0.026701249930429497","1","L","(224, 224)","1e-06","0.003330395204870983","5","8","None","None","10","4","False","0.23441797961237232","L","random","None","3","100","1.3361548480068928","threshold","True","1.0","/data/thallybu/datasets/EMNIST","42","10","[0.9, 0.1]","0.026701249930429497","0.1","False","True","True","1","54","0.009268520399928093","2029.952880859375","0.5615615248680115","0.2410944104194641","0.5900493264198303","0.4717230498790741","0.5350658297538757","0.5477587580680847","0.5823475122451782","0.6446145176887512","0.45367613434791565","0.498149573802948","0.6138731837272644","0.6807045340538025","10","0.8363219499588013","0.015308267436921597","0.012562982738018036","0.01188929844647646","0.027714412659406662","0.020027995109558105","0.023530468344688416","0.023632731288671494","0.015565069392323494","0.011771397665143013","0.023884139955043793","0.017116762697696686","0.21226051449775696","0.20950305461883545","25","30","0","0.18769526481628418","214630","0","0.007084276992827654","0.8142916560173035","0.8142916560173035","0","0.8191170692443848","0.8142916560173035","0.18570832908153534","11.484158515930176","0.7303217649459839","0.04435887187719345","0.6275948882102966","ssl_emnist_digits_conv","52","OK"
"2026-03-26 23:05:05","41.2min","2992a5cecc824db3a314320745957a18","ssl_emnist_digits_conv_trial_0158","LOCAL","src/cli.py","thallybu","FINISHED","False","None","threshold","0.7565337387460264","250","True","ShallowConvAutoencoder","[16, 32]","[1, 28, 28]","2048","1e-06","0","EMNIST","0.11836887493525418","digits","True","784","True","None","1","0.7565337387460264","3","4","0.11836887493525418","0.0012135880259369894","7","0.2494503406074919","2","1","1.4574449506026854","0","0.026252683372071157","1","L","(224, 224)","1e-06","0.0012135880259369894","5","7","None","None","10","4","False","0.2494503406074919","L","random","None","2","50","1.4574449506026854","fixed_k","True","1.0","/data/thallybu/datasets/EMNIST","42","10","[0.9, 0.1]","0.026252683372071157","0.1","False","True","True","1","40","0.009866205975413322","1851.359375","0.43407729268074036","0.2120385617017746","0.46761927008628845","0.19576288759708405","0.49244576692581177","0.4688439667224884","0.48423629999160767","0.45147019624710083","0.31729161739349365","0.5568875670433044","0.4237878620624542","0.5798304080963135","10","0.7565337419509888","0.011120134964585304","0.020664019510149956","0.007318293210119009","0.03032483346760273","0.02546391636133194","0.02099599875509739","0.020079590380191803","0.01641402579843998","0.015382997691631317","0.02324325405061245","0.015126992017030716","0.2162712961435318","0.21260252594947815","347","20","500","0.19501391053199768","195574","11836","0.007676125969737768","0.8129166960716248","0.8129166960716248","0","0.8075129985809326","0.8129166960716248","0.18708333373069763","13.241226196289062","0.8438689112663269","0.023275231942534447","1.2082213163375854","ssl_emnist_digits_conv","158","OK"
"2026-03-26 16:27:38","42.0min","42b75de952e5492eb3fbd43c461a3fba","ssl_emnist_digits_conv_trial_0084","LOCAL","src/cli.py","thallybu","FINISHED","False","None","threshold","0.7535514624242716","250","True","ShallowConvAutoencoder","[16, 32]","[1, 28, 28]","2048","1e-06","0","EMNIST","0.14259694020035732","digits","True","784","True","None","1","0.7535514624242716","3","4","0.14259694020035732","0.002620532313284791","7","0.23131298232250336","2","0","1.5469804680660761","0","0.01689455671339543","1","L","(224, 224)","1e-06","0.002620532313284791","5","7","None","None","10","4","False","0.23131298232250336","L","random","None","2","25","1.5469804680660761","fixed_k","True","1.0","/data/thallybu/datasets/EMNIST","42","10","[0.9, 0.1]","0.01689455671339543","0.1","False","True","True","1","39","0.008525294251739979","1910.3822021484375","0.47058191895484924","0.23116154968738556","0.4697283208370209","0.3137538433074951","0.4860132336616516","0.4947982132434845","0.5311095714569092","0.4599573314189911","0.37936022877693176","0.4918312132358551","0.6015031337738037","0.565212070941925","10","0.7535514831542969","0.012373051606118679","0.014514935202896595","0.011067814193665981","0.025647802278399467","0.022635051980614662","0.02082548290491104","0.020712105557322502","0.018430937081575394","0.010804947465658188","0.02921203523874283","0.013530666939914227","0.20810407400131226","0.20852206647396088","212","20","250","0.18738175928592682","201930","6465","0.006377233657985926","0.8129166960716248","0.8129166960716248","0","0.8168022036552429","0.8129166960716248","0.18708333373069763","15.47735595703125","0.7639114260673523","0.02483721263706684","0.9220452904701233","ssl_emnist_digits_conv","84","OK"
"2026-03-27 07:48:34","16.7min","0562e9be5ab444dfae8c15d08f43f115","ssl_emnist_digits_conv_trial_0319","LOCAL","src/cli.py","thallybu","FINISHED","False","None","threshold","0.7586262036845122","250","True","ShallowConvAutoencoder","[16, 32]","[1, 28, 28]","2048","1e-06","0","EMNIST","0.07215549345503311","digits","True","784","True","None","1","0.7586262036845122","3","4","0.07215549345503311","0.0014114793044827537","7","0.22437097602528597","2","1","1.1315385131549354","0","0.02998174212387365","0","L","(224, 224)","1e-06","0.0014114793044827537","5","7","None","None","10","4","False","0.22437097602528597","L","random","None","2","50","1.1315385131549354","fixed_k","True","1.0","/data/thallybu/datasets/EMNIST","42","10","[0.9, 0.1]","0.02998174212387365","0.1","False","True","True","0","17","0.013119898736476898","1843.091552734375","0.46689680218696594","0.2338155210018158","0.40153735876083374","0.35785311460494995","0.5625644326210022","0.5738350749015808","0.5654264688491821","0.43681177496910095","0.34136638045310974","0.39587998390197754","0.5176578164100647","0.6562548279762268","10","0.7586262226104736","0.008025574497878551","0.022564692422747612","0.013232128694653511","0.035193637013435364","0.028304336592555046","0.02367905154824257","0.023247333243489265","0.019275134429335594","0.014008318074047565","0.0278774444013834","0.018222959712147713","0.249052494764328","0.24547305703163147","904","20","500","0.2256050705909729","195259","4284","0.012478201650083065","0.812375009059906","0.812375009059906","0","0.8107740879058838","0.812375009059906","0.187624990940094","6.780107021331787","0.6892854571342468","0.03642018884420395","0.6358359456062317","ssl_emnist_digits_conv","319","OK"
"2026-03-26 17:59:02","1.7h","8f799b667f75464680c4d2dc727f1dbe","ssl_emnist_digits_conv_trial_0103","LOCAL","src/cli.py","thallybu","FINISHED","False","None","threshold","0.7472588862414102","250","True","ShallowConvAutoencoder","[16, 32]","[1, 28, 28]","2048","1e-06","0","EMNIST","0.11369927678929712","digits","True","784","True","None","1","0.7472588862414102","3","4","0.11369927678929712","0.0027930363231207576","9","0.22906648547238903","2","1","1.4668137160652766","0","0.02635040151248636","0","L","(224, 224)","1e-06","0.0027930363231207576","5","9","None","None","10","4","False","0.22906648547238903","L","random","None","2","50","1.4668137160652766","fixed_k","True","1.0","/data/thallybu/datasets/EMNIST","42","10","[0.9, 0.1]","0.02635040151248636","0.1","False","True","True","0","74","0.005942888092249632","1841.2613525390625","0.4361490309238434","0.20881296694278717","0.3955841064453125","0.2708244025707245","0.3873939514160156","0.489984393119812","0.45383378863334656","0.4351079761981964","0.34290164709091187","0.5310908555984497","0.4569588005542755","0.66535484790802","10","0.7472589015960693","0.015811383724212646","0.014129512012004852","0.003603485645726323","0.017764996737241745","0.018629835918545723","0.017164677381515503","0.016039159148931503","0.01103192288428545","0.012361313216388226","0.016767412424087524","0.010336404666304588","0.16174878180027008","0.16364815831184387","401","20","500","0.13782872259616852","194555","16732","0.006747359875589609","0.8090000152587891","0.8090000152587891","0","0.8059476017951965","0.8090000152587891","0.19099999964237213","16.1790828704834","0.8037176132202148","0.03967020660638809","1.1112624406814575","ssl_emnist_digits_conv","103","OK"
"2026-03-27 00:42:05","29.2min","bc1b69976ef14893aa9cd44e6f1a9283","ssl_emnist_digits_conv_trial_0193","LOCAL","src/cli.py","thallybu","FINISHED","False","None","threshold","0.7339442761497996","250","True","ShallowConvAutoencoder","[16, 32]","[1, 28, 28]","2048","1e-06","0","EMNIST","0.11175276657333189","digits","True","784","True","None","1","0.7339442761497996","3","4","0.11175276657333189","0.0010537310800787234","9","0.2497766179826202","2","1","1.4806285972491933","0","0.024186437002659343","1","L","(224, 224)","1e-06","0.0010537310800787234","5","9","None","None","10","4","False","0.2497766179826202","L","random","None","2","50","1.4806285972491933","fixed_k","True","1.0","/data/thallybu/datasets/EMNIST","42","10","[0.9, 0.1]","0.024186437002659343","0.1","False","True","True","1","31","0.00935227982699871","1837.1318359375","0.43665775656700134","0.2164827436208725","0.3401544690132141","0.3129030466079712","0.46836769580841064","0.5119879841804504","0.44792404770851135","0.48741480708122253","0.31547659635543823","0.500636100769043","0.4857800602912903","0.6501792669296265","10","0.733944296836853","0.01029029581695795","0.013155879452824593","0.00813845731317997","0.025915656238794327","0.023853149265050888","0.019613509997725487","0.01939360424876213","0.014829851686954498","0.014325108379125595","0.021494098007678986","0.012472347356379032","0.1954742968082428","0.1925075501203537","388","20","500","0.17319166660308838","194107","8738","0.00965630542486906","0.8073333501815796","0.8073333501815796","0","0.8006711006164551","0.8073333501815796","0.1926666647195816","12.442333221435547","0.7365253567695618","0.02915206179022789","0.8392228484153748","ssl_emnist_digits_conv","193","OK"
"2026-03-26 22:45:16","32.2min","836e344c77004b10a3498e950615d2ef","ssl_emnist_digits_conv_trial_0149","LOCAL","src/cli.py","thallybu","FINISHED","False","None","threshold","0.7566401294826447","250","True","ShallowConvAutoencoder","[16, 32]","[1, 28, 28]","2048","1e-06","0","EMNIST","0.11042106339330061","digits","True","784","True","None","1","0.7566401294826447","3","4","0.11042106339330061","0.0012512156094058957","7","0.2455051205934421","2","1","1.4837189451638568","0","0.02251327574145276","1","L","(224, 224)","1e-06","0.0012512156094058957","5","7","None","None","10","4","False","0.2455051205934421","L","random","None","2","50","1.4837189451638568","fixed_k","True","1.0","/data/thallybu/datasets/EMNIST","42","10","[0.9, 0.1]","0.02251327574145276","0.1","False","True","True","1","37","0.00893267523497343","1846.1934814453125","0.44648975133895874","0.210534006357193","0.4794101417064667","0.2382010966539383","0.42706653475761414","0.5079970955848694","0.44874265789985657","0.41921526193618774","0.33747291564941406","0.5686233043670654","0.5338214039802551","0.5953633785247803","10","0.7566401362419128","0.010909361764788628","0.018657604232430458","0.007236128207296133","0.026001742109656334","0.024886270985007286","0.020539507269859314","0.020076030865311623","0.016978124156594276","0.0151571836322546","0.02730068378150463","0.014824357815086842","0.21250027418136597","0.2117799073457718","373","20","500","0.1916576474905014","195044","11068","0.007740246132016182","0.8055416941642761","0.8055416941642761","0","0.7968306541442871","0.8055416941642761","0.19445833563804626","15.547880172729492","0.8643149137496948","0.033599305897951126","1.2238174676895142","ssl_emnist_digits_conv","149","OK"
"2026-03-27 03:17:43","16.9min","3cf6b3736cb542a18bfcf13906abbf35","ssl_emnist_digits_conv_trial_0221","LOCAL","src/cli.py","thallybu","FINISHED","False","None","threshold","0.7527659538431255","250","True","ShallowConvAutoencoder","[16, 32]","[1, 28, 28]","2048","1e-06","0","EMNIST","0.123548759190339","digits","True","784","True","None","1","0.7527659538431255","3","4","0.123548759190339","0.0013059169184852736","7","0.19031414687280135","2","1","1.386202084377918","0","0.025509655877955992","2","L","(224, 224)","1e-06","0.0013059169184852736","5","7","None","None","10","4","False","0.19031414687280135","L","random","None","2","50","1.386202084377918","fixed_k","True","1.0","/data/thallybu/datasets/EMNIST","42","10","[0.9, 0.1]","0.025509655877955992","0.1","False","True","True","2","19","0.015154051594436169","1837.129150390625","0.4548715353012085","0.22320832312107086","0.3502383828163147","0.19138583540916443","0.5438182950019836","0.5338738560676575","0.5245727896690369","0.45275646448135376","0.35220110416412354","0.5326594710350037","0.502427875995636","0.6419907808303833","10","0.752765953540802","0.007834653370082378","0.020136388018727303","0.007368714082986116","0.034045759588479996","0.028378108516335487","0.025882156565785408","0.024576744064688683","0.02084200084209442","0.01522795855998993","0.027663668617606163","0.020353158935904503","0.2476535141468048","0.24770715832710266","760","20","500","0.22447475790977478","194475","4545","0.0124601349234581","0.8043333292007446","0.8043333292007446","0","0.8042368292808533","0.8043333292007446","0.19566667079925537","7.1508073806762695","0.7079646587371826","0.030084265395998955","0.6833102703094482","ssl_emnist_digits_conv","221","OK"
"2026-03-26 21:28:18","44.8min","3cfb1a3279cc459884267d7200a0ee23","ssl_emnist_digits_conv_trial_0128","LOCAL","src/cli.py","thallybu","FINISHED","False","None","threshold","0.7134530390632332","250","True","ShallowConvAutoencoder","[16, 32]","[1, 28, 28]","2048","1e-06","0","EMNIST","0.10784339310070362","digits","True","784","True","None","1","0.7134530390632332","3","4","0.10784339310070362","0.0012496860210553028","7","0.24971988216639596","2","1","1.4377642722855488","0","0.02888231578309542","1","L","(224, 224)","1e-06","0.0012496860210553028","5","7","None","None","10","4","False","0.24971988216639596","L","random","None","2","50","1.4377642722855488","fixed_k","True","1.0","/data/thallybu/datasets/EMNIST","42","10","[0.9, 0.1]","0.02888231578309542","0.1","False","True","True","1","48","0.009220626205205917","1769.9410400390625","0.418764591217041","0.20520371198654175","0.41810524463653564","0.17295706272125244","0.4252929389476776","0.5596761107444763","0.4081065058708191","0.42609259486198425","0.3026215732097626","0.504145622253418","0.4935718774795532","0.5584343075752258","10","0.7134530544281006","0.011632222682237625","0.01868772879242897","0.005056076683104038","0.026964733377099037","0.02298126369714737","0.020576372742652893","0.018662551417946815","0.015321928076446056","0.01388219092041254","0.02675284445285797","0.01446427870541811","0.2045971006155014","0.2060006558895111","488","20","500","0.18334996700286865","187104","14844","0.007312362547963858","0.8029999732971191","0.8029999732971191","0","0.7983323931694031","0.8029999732971191","0.19699999690055847","16.47675132751465","0.8607869148254395","0.027349961921572685","1.2720091342926025","ssl_emnist_digits_conv","128","OK"
"2026-03-26 16:21:19","1.6h","8d0e8ce6dc1d430ebb8a27ebd980c804","ssl_emnist_digits_conv_trial_0080","LOCAL","src/cli.py","thallybu","FINISHED","False","None","threshold","0.7713472606035422","250","True","ShallowConvAutoencoder","[16, 32]","[1, 28, 28]","2048","1e-06","0","EMNIST","0.14212939507429237","digits","True","784","True","None","1","0.7713472606035422","3","4","0.14212939507429237","0.0030430218723940246","11","0.11587552578402392","2","0","1.528867143905697","0","0.02161485250143107","0","L","(224, 224)","1e-06","0.0030430218723940246","5","11","None","None","10","4","False","0.11587552578402392","L","random","None","2","25","1.528867143905697","fixed_k","True","1.0","/data/thallybu/datasets/EMNIST","42","10","[0.9, 0.1]","0.02161485250143107","0.1","False","True","True","0","74","0.006442836485803127","1937.3887939453125","0.4744712710380554","0.22913479804992676","0.5574772953987122","0.3801799714565277","0.4488614499568939","0.45058757066726685","0.5762961506843567","0.4996197521686554","0.29117438197135925","0.6080946326255798","0.5085393786430359","0.5757814645767212","10","0.7713472843170166","0.01616581529378891","0.010008729062974453","0.006624778266996145","0.018464429304003716","0.01681862398982048","0.012141254730522633","0.01652934029698372","0.010747275315225124","0.007846358232200146","0.016678549349308014","0.011962425895035267","0.15152105689048767","0.15003769099712372","218","20","250","0.12782175838947296","204787","8616","0.006786893121898174","0.8010833263397217","0.8010833263397217","0","0.8010993599891663","0.8010833263397217","0.19891665875911713","26.03499984741211","0.8352015018463135","0.03014151006937027","1.2172045707702637","ssl_emnist_digits_conv","80","OK"
"2026-03-26 23:04:57","33.9min","0f69aa186567415d954d53c364cfe1ac","ssl_emnist_digits_conv_trial_0157","LOCAL","src/cli.py","thallybu","FINISHED","False","None","threshold","0.7543599202287935","250","True","ShallowConvAutoencoder","[16, 32]","[1, 28, 28]","2048","1e-06","0","EMNIST","0.1176217108556381","digits","True","784","True","None","1","0.7543599202287935","3","4","0.1176217108556381","0.0012372966076027133","7","0.24938272621892704","2","1","1.4559795984554644","0","0.02614153121568089","1","L","(224, 224)","1e-06","0.0012372966076027133","5","7","None","None","10","4","False","0.24938272621892704","L","random","None","2","50","1.4559795984554644","fixed_k","True","1.0","/data/thallybu/datasets/EMNIST","42","10","[0.9, 0.1]","0.02614153121568089","0.1","False","True","True","1","31","0.010751658119261265","1837.7318115234375","0.455961674451828","0.22500470280647278","0.42088064551353455","0.20365877449512482","0.5904104113578796","0.5446740984916687","0.49336880445480347","0.4114305078983307","0.3296552300453186","0.5823067426681519","0.43401455879211426","0.5975637435913086","10","0.7543599009513855","0.010196682065725327","0.017929472029209137","0.00738350348547101","0.03442199528217316","0.02629980444908142","0.022530268877744675","0.02116568386554718","0.01817162148654461","0.016792183741927147","0.02336881496012211","0.015298241749405861","0.22484570741653442","0.2226673811674118","356","20","500","0.20336158573627472","194142","8996","0.00860608834773302","0.800000011920929","0.800000011920929","0","0.7932458519935608","0.800000011920929","0.20000000298023224","16.131296157836914","0.8447317481040955","0.030533695593476295","1.153249740600586","ssl_emnist_digits_conv","157","OK"
"2026-03-26 14:01:33","55.1min","c610d49a25314f62ac89883672704319","ssl_emnist_digits_conv_trial_0018","LOCAL","src/cli.py","thallybu","FINISHED","False","None","fixed_k","0.5867120873668767","100","True","ShallowConvAutoencoder","[16, 32]","[1, 28, 28]","2048","1e-06","0","EMNIST","0.10918169990110338","digits","True","784","True","None","0","0.5867120873668767","2","4","0.10918169990110338","0.002724329079934837","12","0.20714349242018154","2","1","1.4524199128579198","0","0.02017104893060454","3","L","(224, 224)","1e-06","0.002724329079934837","5","12","None","None","10","4","False","0.20714349242018154","L","random","None","2","50","1.4524199128579198","fixed_k","True","1.0","/data/thallybu/datasets/EMNIST","42","10","[0.9, 0.1]","0.02017104893060454","0.1","False","True","True","3","74","0.004081951454281807","340.8077087402344","0.10892841964960098","0.03433102369308472","0.09622260183095932","0.07095243036746979","0.11952504515647888","0.11915278434753418","0.10564391314983368","0.143785297870636","0.08341697603464127","0.09565990418195724","0.1458020806312561","0.1091231256723404","10","","0.011788167990744114","0.0075133549980819225","0.001948402263224125","0.009863770566880703","0.008681366220116615","0.008391755633056164","0.009678779169917107","0.0061821904964745045","0.004727930761873722","0.009805750101804733","0.0056852540001273155","0.09108704328536987","0.09167180955410004","1000","20","500","0.07247857749462128","36520","9031","0.005974762607365847","0.7995416522026062","0.7995416522026062","0","0.8036943674087524","0.7995416522026062","0.2004583328962326","11.51853084564209","0.6200196743011475","0.03374866768717766","0.6306307315826416","ssl_emnist_digits_conv","18","OK"
"2026-03-27 07:19:49","14.8min","abaa61ac3b8d4e4f803a14580de0122a","ssl_emnist_digits_conv_trial_0297","LOCAL","src/cli.py","thallybu","FINISHED","False","None","threshold","0.6964089353763772","250","True","ShallowConvAutoencoder","[16, 32]","[1, 28, 28]","2048","1e-06","0","EMNIST","0.12767587650087447","digits","True","784","True","None","1","0.6964089353763772","3","4","0.12767587650087447","0.0018532520111578356","8","0.22221756533302414","3","1","1.4456374826185014","0","0.025537370244038696","2","L","(224, 224)","1e-06","0.0018532520111578356","5","8","None","None","10","4","False","0.22221756533302414","L","random","None","3","50","1.4456374826185014","fixed_k","True","1.0","/data/thallybu/datasets/EMNIST","42","10","[0.9, 0.1]","0.025537370244038696","0.1","False","True","True","2","15","0.016443194821476936","1707.184326171875","0.4716727137565613","0.1934596747159958","0.4878769814968109","0.3036592900753021","0.45125389099121094","0.511900782585144","0.4904172718524933","0.545275866985321","0.4855200946331024","0.3703114092350006","0.5189389586448669","0.513547956943512","10","0.6964089274406433","0.008235902525484562","0.01406585332006216","0.007060496602207422","0.03044964000582695","0.022031234577298164","0.022797847166657448","0.027338912710547447","0.017967579886317253","0.014667563140392303","0.026906082406640053","0.017732316628098488","0.22704872488975525","0.21547582745552063","3106","30","500","0.20101749897003174","183084","3430","0.014141300693154335","0.7963333129882812","0.7963333129882812","0","0.8014876246452332","0.7963333129882812","0.20366665720939636","10.152153968811035","0.8092910647392273","0.08378124982118607","0.8658667206764221","ssl_emnist_digits_conv","297","OK"
"2026-03-27 00:19:29","30.9min","c2a90ad23a244a8a93fd4dd058613d27","ssl_emnist_digits_conv_trial_0181","LOCAL","src/cli.py","thallybu","FINISHED","False","None","threshold","0.7416756500366456","250","True","ShallowConvAutoencoder","[16, 32]","[1, 28, 28]","2048","1e-06","0","EMNIST","0.10746345765911477","digits","True","784","True","None","1","0.7416756500366456","3","4","0.10746345765911477","0.0017295425247760737","9","0.24591875111621792","2","1","1.4454349112449398","0","0.028656510383925714","1","L","(224, 224)","1e-06","0.0017295425247760737","5","9","None","None","10","4","False","0.24591875111621792","L","random","None","2","50","1.4454349112449398","fixed_k","True","1.0","/data/thallybu/datasets/EMNIST","42","10","[0.9, 0.1]","0.028656510383925714","0.1","False","True","True","1","29","0.008399189449846745","1863.5860595703125","0.4643773138523102","0.22368234395980835","0.4559077322483063","0.2865893244743347","0.4214029610157013","0.506236732006073","0.4521218538284302","0.5203467011451721","0.3918161988258362","0.5514434576034546","0.47830405831336975","0.695323646068573","10","0.7416756749153137","0.011954405345022678","0.01906755194067955","0.00726084690541029","0.021547356620430946","0.023477889597415924","0.01818961277604103","0.018341775983572006","0.014971050433814526","0.016080761328339577","0.02014276757836342","0.012242348864674568","0.1941746175289154","0.19529929757118225","428","20","500","0.17132198810577393","196944","8494","0.00883273221552372","0.7954583168029785","0.7954583168029785","0","0.7922136783599854","0.7954583168029785","0.2045416682958603","13.480143547058105","0.7681542634963989","0.034658659249544144","0.8547967672348022","ssl_emnist_digits_conv","181","OK"
"2026-03-26 23:38:46","26.4min","5f7b4584fd4f46deb3f8d1f6fcf7324c","ssl_emnist_digits_conv_trial_0165","LOCAL","src/cli.py","thallybu","FINISHED","False","None","threshold","0.7763369067182997","250","True","ShallowConvAutoencoder","[16, 32]","[1, 28, 28]","2048","1e-06","0","EMNIST","0.10531356039318207","digits","True","784","True","None","1","0.7763369067182997","3","4","0.10531356039318207","0.0020247508264024526","7","0.22053192143023265","2","1","1.4707353367988674","0","0.025110962114449135","1","L","(224, 224)","1e-06","0.0020247508264024526","5","7","None","None","10","4","False","0.22053192143023265","L","random","None","2","50","1.4707353367988674","fixed_k","True","1.0","/data/thallybu/datasets/EMNIST","42","10","[0.9, 0.1]","0.025110962114449135","0.1","False","True","True","1","29","0.010934903286397457","1887.9561767578125","0.4940093159675598","0.2359938770532608","0.37307611107826233","0.31449779868125916","0.47253793478012085","0.6165477633476257","0.5765858292579651","0.4289356470108032","0.3337038457393646","0.6044949889183044","0.6180349588394165","0.6744273900985718","10","0.7763369083404541","0.011273715645074844","0.014133883640170097","0.01108807697892189","0.027094421908259392","0.024284807965159416","0.02351580187678337","0.021512236446142197","0.017188414931297302","0.017859240993857384","0.03189153969287872","0.014014855958521366","0.2240094095468521","0.22511343657970428","373","20","500","0.20258331298828125","199463","8233","0.007740915287286043","0.7940833568572998","0.7940833568572998","0","0.7857654094696045","0.7940833568572998","0.2059166580438614","12.960138320922852","0.8697801232337952","0.02901705913245678","1.1772239208221436","ssl_emnist_digits_conv","165","OK"
"2026-03-27 03:16:02","14.7min","aadbc510a4f8473294fc76bbca799357","ssl_emnist_digits_conv_trial_0219","LOCAL","src/cli.py","thallybu","FINISHED","False","None","threshold","0.7501835420897669","250","True","ShallowConvAutoencoder","[16, 32]","[1, 28, 28]","2048","1e-06","0","EMNIST","0.12450552402470144","digits","True","784","True","None","1","0.7501835420897669","3","4","0.12450552402470144","0.0011605413983467718","7","0.2432689913148395","2","1","1.431371396637119","0","0.025863835706385768","2","L","(224, 224)","1e-06","0.0011605413983467718","5","7","None","None","10","4","False","0.2432689913148395","L","random","None","2","50","1.431371396637119","fixed_k","True","1.0","/data/thallybu/datasets/EMNIST","42","10","[0.9, 0.1]","0.025863835706385768","0.1","False","True","True","2","17","0.015425189398229122","1772.07080078125","0.49442070722579956","0.21516816318035126","0.4905566871166229","0.23836973309516907","0.5550126433372498","0.5659018754959106","0.48766371607780457","0.46600309014320374","0.49484288692474365","0.5003816485404968","0.5478463768959045","0.6507235169410706","10","0.7501835227012634","0.006607632618397474","0.02427358739078045","0.00857976358383894","0.03463729843497276","0.02988751046359539","0.02698049321770668","0.027180781587958336","0.02077091671526432","0.01700068823993206","0.02941928617656231","0.021601935848593712","0.26736631989479065","0.25487539172172546","2178","20","500","0.2403322011232376","189008","3515","0.016673985868692398","0.7934166789054871","0.7934166789054871","0","0.7929297685623169","0.7934166789054871","0.20658333599567413","7.3128662109375","0.7401098608970642","0.056370850652456284","0.6341596245765686","ssl_emnist_digits_conv","219","OK"
"2026-03-26 18:40:18","1.4h","31a9e320ab284453a5d054522c95b9de","ssl_emnist_digits_conv_trial_0108","LOCAL","src/cli.py","thallybu","FINISHED","False","None","threshold","0.7498877433850388","250","True","ShallowConvAutoencoder","[16, 32]","[1, 28, 28]","2048","1e-06","0","EMNIST","0.11678355933880183","digits","True","784","True","None","1","0.7498877433850388","3","4","0.11678355933880183","0.001813468379059034","9","0.2480129785405621","2","1","1.4933195879637504","0","0.023363317660359283","0","L","(224, 224)","1e-06","0.001813468379059034","5","9","None","None","10","4","False","0.2480129785405621","L","random","None","2","50","1.4933195879637504","fixed_k","True","1.0","/data/thallybu/datasets/EMNIST","42","10","[0.9, 0.1]","0.023363317660359283","0.1","False","True","True","0","70","0.005783984903246164","1839.9173583984375","0.4619060158729553","0.20963764190673828","0.4029853343963623","0.28212496638298035","0.4013565480709076","0.45974966883659363","0.5181939601898193","0.4566952586174011","0.402431845664978","0.6151008605957031","0.4713186025619507","0.641446053981781","10","0.7498877644538879","0.014714013785123825","0.015070514753460884","0.0033881620038300753","0.01817489229142666","0.0182487852871418","0.018082065507769585","0.015596402809023857","0.010857105255126953","0.012530798092484474","0.016493480652570724","0.01015868503600359","0.16117951273918152","0.16219523549079895","475","20","500","0.13860087096691132","194483","16670","0.0064300536178052425","0.7873333096504211","0.7873333096504211","0","0.7861605882644653","0.7873333096504211","0.21266666054725647","13.060953140258789","0.8494929671287537","0.03480410575866699","1.068022608757019","ssl_emnist_digits_conv","108","OK"
"2026-03-27 10:09:10","13.1min","998f18cadaa74247ab5caec5f40d03f1","ssl_emnist_digits_conv_trial_0367","LOCAL","src/cli.py","thallybu","FINISHED","False","None","threshold","0.7035950561484441","25","True","ShallowConvAutoencoder","[16, 32]","[1, 28, 28]","2048","1e-06","0","EMNIST","0.12962956131463607","digits","True","784","True","None","1","0.7035950561484441","0","4","0.12962956131463607","0.003525904067020603","7","0.21732571382274035","2","2","1.4254225668210858","0","0.03239418825020208","2","L","(224, 224)","1e-06","0.003525904067020603","5","7","None","None","10","4","False","0.21732571382274035","L","random","None","2","100","1.4254225668210858","fixed_k","True","1.0","/data/thallybu/datasets/EMNIST","42","10","[0.9, 0.1]","0.03239418825020208","0.1","False","True","True","2","14","0.018666576594114304","1763.790771484375","0.40610066056251526","0.19203025102615356","0.4354530870914459","0.23118561506271362","0.43255335092544556","0.4689538776874542","0.3943431079387665","0.44541171193122864","0.4180315136909485","0.3630225360393524","0.5140507817268372","0.5130709409713745","10","0.7035950422286987","0.010184823535382748","0.023465899750590324","0.010267489589750767","0.029546469449996948","0.026736613363027573","0.0236581489443779","0.02398109994828701","0.023401672020554543","0.01504633016884327","0.0349099338054657","0.03793766349554062","0.2725624740123749","0.2701667845249176","2006","20","1000","0.24895133078098297","187476","6545","0.009369480423629284","0.7870416641235352","0.7870416641235352","0","0.7572386264801025","0.7870416641235352","0.21295833587646484","12.871452331542969","0.8988538384437561","0.02788558602333069","1.2213468551635742","ssl_emnist_digits_conv","367","OK"
"2026-03-26 19:40:06","55.4min","f5659549c7a9447280194ad5dbab83c5","ssl_emnist_digits_conv_trial_0113","LOCAL","src/cli.py","thallybu","FINISHED","False","None","threshold","0.7443441297181554","250","True","ShallowConvAutoencoder","[16, 32]","[1, 28, 28]","2048","1e-06","0","EMNIST","0.11312112444516566","digits","True","784","True","None","1","0.7443441297181554","3","4","0.11312112444516566","0.0014741415607838033","11","0.2293196234759634","2","1","1.4656874616030664","0","0.04144581243760838","0","L","(224, 224)","1e-06","0.0014741415607838033","5","11","None","None","10","4","False","0.2293196234759634","L","random","None","2","50","1.4656874616030664","fixed_k","True","1.0","/data/thallybu/datasets/EMNIST","42","10","[0.9, 0.1]","0.04144581243760838","0.1","False","True","True","0","52","0.0064883045852184296","1851.96826171875","0.4310203492641449","0.22346457839012146","0.31795695424079895","0.4765925705432892","0.3847648501396179","0.43873101472854614","0.47377344965934753","0.4455306828022003","0.28233253955841064","0.5033307075500488","0.44431212544441223","0.556812047958374","10","0.7443441152572632","0.015229986049234867","0.011614000424742699","0.012573272921144962","0.01764615625143051","0.017071468755602837","0.013453805819153786","0.016575269401073456","0.011310103349387646","0.00811535120010376","0.01818338967859745","0.01365282479673624","0.1648842841386795","0.16382229328155518","400","20","500","0.14019560813903809","195679","12978","0.007970720529556274","0.7851666808128357","0.7851666808128357","0","0.7852141261100769","0.7851666808128357","0.2148333340883255","23.23687744140625","0.8708730340003967","0.03668362274765968","1.4546679258346558","ssl_emnist_digits_conv","113","OK"
"2026-03-26 18:01:54","1.2h","8fb8a4e47eaf402b954c1174e8b76b4a","ssl_emnist_digits_conv_trial_0104","LOCAL","src/cli.py","thallybu","FINISHED","False","None","threshold","0.7411173420955701","250","True","ShallowConvAutoencoder","[16, 32]","[1, 28, 28]","2048","1e-06","0","EMNIST","0.11692913186902618","digits","True","784","True","None","1","0.7411173420955701","3","4","0.11692913186902618","0.0014667772434811734","9","0.23086820299997388","2","1","1.477762804231663","0","0.04406459231933568","0","L","(224, 224)","1e-06","0.0014667772434811734","5","9","None","None","10","4","False","0.23086820299997388","L","random","None","2","50","1.477762804231663","fixed_k","True","1.0","/data/thallybu/datasets/EMNIST","42","10","[0.9, 0.1]","0.04406459231933568","0.1","False","True","True","0","74","0.006652347277849913","1805.0228271484375","0.4344621002674103","0.20199143886566162","0.32934126257896423","0.25411543250083923","0.4418759047985077","0.4415464401245117","0.47671255469322205","0.5042475461959839","0.3666917383670807","0.5620157122612","0.4616795778274536","0.6053941249847412","10","0.7411173582077026","0.015320046804845333","0.013093654997646809","0.0037310542538762093","0.02162245847284794","0.020126335322856903","0.017352573573589325","0.017135927453637123","0.011360624805092812","0.012490885332226753","0.01728079840540886","0.010655120015144348","0.16884252429008484","0.167897567152977","361","20","500","0.14484943449497223","190685","18926","0.007137201260775328","0.7839583158493042","0.7839583158493042","0","0.780581533908844","0.7839583158493042","0.2160416692495346","19.019224166870117","0.8319644927978516","0.022570345550775528","1.0667062997817993","ssl_emnist_digits_conv","104","OK"
"2026-03-26 22:42:19","22.7min","bd8d59d65d914892a7455c937704588c","ssl_emnist_digits_conv_trial_0147","LOCAL","src/cli.py","thallybu","FINISHED","False","None","threshold","0.7364509196255499","250","True","ShallowConvAutoencoder","[16, 32]","[1, 28, 28]","2048","1e-06","0","EMNIST","0.11048375829903158","digits","True","784","True","None","1","0.7364509196255499","3","4","0.11048375829903158","0.002236822172790295","7","0.24296283858922685","2","1","1.4105293598940103","0","0.022064576781680736","1","L","(224, 224)","1e-06","0.002236822172790295","5","7","None","None","10","4","False","0.24296283858922685","L","random","None","2","50","1.4105293598940103","fixed_k","True","1.0","/data/thallybu/datasets/EMNIST","42","10","[0.9, 0.1]","0.022064576781680736","0.1","False","True","True","1","25","0.009523062035441399","1857.6705322265625","0.47103390097618103","0.22137311100959778","0.44547611474990845","0.3140172064304352","0.43593350052833557","0.5944816470146179","0.5006102919578552","0.4513690769672394","0.40843063592910767","0.6077977418899536","0.5350587368011475","0.6251332759857178","10","0.7364509105682373","0.011092672124505043","0.016229860484600067","0.010003268718719482","0.025720272213220596","0.022950168699026108","0.02088228426873684","0.020853547379374504","0.02169094979763031","0.013765823096036911","0.028813185170292854","0.013687944039702415","0.21590985357761383","0.21554724872112274","461","20","500","0.1945972591638565","196343","7421","0.007906141690909863","0.781125009059906","0.781125009059906","0","0.7693774104118347","0.781125009059906","0.218874990940094","18.096811294555664","0.9842914938926697","0.03190816938877106","1.4871829748153687","ssl_emnist_digits_conv","147","OK"
"2026-03-26 19:52:20","53.7min","7462517fd8e9492e8af94842acd5ae55","ssl_emnist_digits_conv_trial_0114","LOCAL","src/cli.py","thallybu","FINISHED","False","None","threshold","0.7459698863099988","250","True","ShallowConvAutoencoder","[16, 32]","[1, 28, 28]","2048","1e-06","0","EMNIST","0.113151006161101","digits","True","784","True","None","1","0.7459698863099988","3","4","0.113151006161101","0.0013616326748616219","11","0.24532631912062466","2","1","1.460783598243114","0","0.04461464530379992","0","L","(224, 224)","1e-06","0.0013616326748616219","5","11","None","None","10","4","False","0.24532631912062466","L","random","None","2","50","1.460783598243114","fixed_k","True","1.0","/data/thallybu/datasets/EMNIST","42","10","[0.9, 0.1]","0.04461464530379992","0.1","False","True","True","0","50","0.006117022130638361","1856.618408203125","0.4359745681285858","0.22227470576763153","0.35804444551467896","0.48664170503616333","0.3973139822483063","0.42859727144241333","0.4260560870170593","0.4230875074863434","0.2875048518180847","0.495864599943161","0.4688098728656769","0.5631580948829651","10","0.7459698915481567","0.014993367716670036","0.012255720794200897","0.014025593176484108","0.017714999616146088","0.01808762364089489","0.013594509102404118","0.015662794932723045","0.011515703052282333","0.008306936360895634","0.018531829118728638","0.01375536248087883","0.16822797060012817","0.16864483058452606","412","20","500","0.14345107972621918","196191","12429","0.008282897062599659","0.7785416841506958","0.7785416841506958","0","0.78017657995224","0.7785416841506958","0.2214583307504654","18.769058227539062","0.8278917670249939","0.05641204118728638","1.1502430438995361","ssl_emnist_digits_conv","114","OK"
"2026-03-26 17:09:43","55.0min","875fe580f29746e6859f42f7e6ff919d","ssl_emnist_digits_conv_trial_0093","LOCAL","src/cli.py","thallybu","FINISHED","False","None","threshold","0.7699757746926592","250","True","ShallowConvAutoencoder","[16, 32]","[1, 28, 28]","2048","1e-06","0","EMNIST","0.12209095694626808","digits","True","784","True","None","1","0.7699757746926592","3","4","0.12209095694626808","0.00241992306156687","5","0.23323190194113413","2","0","1.5096648770078123","0","0.01537652970168173","0","L","(224, 224)","1e-06","0.00241992306156687","5","5","None","None","10","4","False","0.23323190194113413","L","random","None","2","25","1.5096648770078123","fixed_k","True","1.0","/data/thallybu/datasets/EMNIST","42","10","[0.9, 0.1]","0.01537652970168173","0.1","False","True","True","0","49","0.010251340456306934","1888.5997314453125","0.469221293926239","0.23835767805576324","0.4134465157985687","0.289761483669281","0.4413496255874634","0.5327209830284119","0.5734922885894775","0.5357324481010437","0.30589377880096436","0.5282065272331238","0.5900778770446777","0.6127088069915771","10","0.7699757814407349","0.011873952113091946","0.02379029430449009","0.009555201046168804","0.028712468221783638","0.030581586062908173","0.023444104939699173","0.023671701550483704","0.02051447704434395","0.0195144210010767","0.028342457488179207","0.022281786426901817","0.2506347596645355","0.24983404576778412","208","20","250","0.23040848970413208","199618","8447","0.005961397662758827","0.7739999890327454","0.7739999890327454","0","0.7669867277145386","0.7739999890327454","0.22599999606609344","12.195740699768066","0.7562097311019897","0.03689105063676834","0.7638607025146484","ssl_emnist_digits_conv","93","OK"
"2026-03-26 17:48:40","51.6min","4fa3752d1934486e81bbd45ba7f9e991","ssl_emnist_digits_conv_trial_0100","LOCAL","src/cli.py","thallybu","FINISHED","False","None","threshold","0.7892702593320192","250","True","ShallowConvAutoencoder","[16, 32]","[1, 28, 28]","2048","1e-06","0","EMNIST","0.12176400800556247","digits","True","784","True","None","1","0.7892702593320192","3","4","0.12176400800556247","0.0029191724575746065","9","0.240167331216374","2","0","1.5189110346519252","0","0.01756219353905781","0","L","(224, 224)","1e-06","0.0029191724575746065","5","9","None","None","10","4","False","0.240167331216374","L","random","None","2","25","1.5189110346519252","fixed_k","True","1.0","/data/thallybu/datasets/EMNIST","42","10","[0.9, 0.1]","0.01756219353905781","0.1","False","True","True","0","45","0.006024259142577648","1951.91650390625","0.5057900547981262","0.2400224804878235","0.41690003871917725","0.27392706274986267","0.5087640881538391","0.5975803732872009","0.46433550119400024","0.5933374166488647","0.36920589208602905","0.6006187796592712","0.5291221737861633","0.7452521324157715","10","0.789270281791687","0.014124411158263683","0.014402651228010654","0.0040543875657022","0.02063511684536934","0.019782282412052155","0.017839306965470314","0.01857764832675457","0.012136191129684448","0.015006786212325096","0.01868908666074276","0.011699358001351357","0.1751432716846466","0.17739053070545197","207","20","250","0.15282279253005981","206313","6319","0.0067492155358195305","0.7630000114440918","0.7630000114440918","0","0.7592958807945251","0.7630000114440918","0.2370000034570694","15.72207260131836","0.8782933950424194","0.03746093809604645","1.076011300086975","ssl_emnist_digits_conv","100","OK"
"2026-03-27 00:22:11","19.9min","8d5048fae7e649b88f2e8dc94771939f","ssl_emnist_digits_conv_trial_0184","LOCAL","src/cli.py","thallybu","FINISHED","False","None","threshold","0.6861617892738925","250","True","ShallowConvAutoencoder","[16, 32]","[1, 28, 28]","2048","1e-06","0","EMNIST","0.10728837331170843","digits","True","784","True","None","1","0.6861617892738925","3","4","0.10728837331170843","0.0023742547405610852","4","0.23784103296124678","2","1","1.50107842217776","0","0.02829983080758728","0","L","(224, 224)","1e-06","0.0023742547405610852","5","4","None","None","10","4","False","0.23784103296124678","L","random","None","2","50","1.50107842217776","fixed_k","True","1.0","/data/thallybu/datasets/EMNIST","42","10","[0.9, 0.1]","0.02829983080758728","0.1","False","True","True","0","20","0.01778452843427658","1721.1019287109375","0.416122168302536","0.20590995252132416","0.293099045753479","0.19245311617851257","0.4630436301231384","0.4888322353363037","0.42283836007118225","0.40064138174057007","0.37113234400749207","0.42734184861183167","0.58820641040802","0.6562401056289673","10","0.6861618161201477","0.009169369004666805","0.020314890891313553","0.00949939712882042","0.03738723695278168","0.02995324321091175","0.027108097448945045","0.029164252802729607","0.026875048875808716","0.02097065933048725","0.029544128105044365","0.03705456480383873","0.2889021337032318","0.2886481285095215","942","20","500","0.2678714692592621","182390","6350","0.007631397806107998","0.7620000243186951","0.7620000243186951","0","0.7509345412254333","0.7620000243186951","0.23799999058246613","12.352890014648438","1.020216941833496","0.031415585428476334","1.4083832502365112","ssl_emnist_digits_conv","184","OK"
"2026-03-27 00:37:10","19.1min","2f147c60e09e4cb2aaa1e8fd786173d2","ssl_emnist_digits_conv_trial_0189","LOCAL","src/cli.py","thallybu","FINISHED","False","None","threshold","0.7353411465968203","250","True","ShallowConvAutoencoder","[16, 32]","[1, 28, 28]","2048","1e-06","0","EMNIST","0.10671733614207715","digits","True","784","True","None","1","0.7353411465968203","3","4","0.10671733614207715","0.0011070576780077164","9","0.24976603390360283","2","1","1.4831853424769847","0","0.029593311794355766","0","L","(224, 224)","1e-06","0.0011070576780077164","5","9","None","None","10","4","False","0.24976603390360283","L","random","None","2","50","1.4831853424769847","fixed_k","True","1.0","/data/thallybu/datasets/EMNIST","42","10","[0.9, 0.1]","0.029593311794355766","0.1","False","True","True","0","20","0.011382335796952248","1816.6290283203125","0.48818570375442505","0.2256731390953064","0.5101858377456665","0.3225048780441284","0.45740774273872375","0.5339869260787964","0.48137640953063965","0.5361692309379578","0.4074636995792389","0.5445830821990967","0.5840727090835571","0.7015402317047119","10","0.7353411316871643","0.00849202647805214","0.022906659170985222","0.009646158665418625","0.026423227041959763","0.02469365857541561","0.0223770122975111","0.0219196118414402","0.016906633973121643","0.017356671392917633","0.026494478806853294","0.015265434049069881","0.2299441546201706","0.22433216869831085","1052","20","500","0.20398956537246704","192607","4806","0.014619743451476097","0.7609166502952576","0.7609166502952576","0","0.7511117458343506","0.7609166502952576","0.23908333480358124","10.24320125579834","0.820820152759552","0.03341289982199669","0.8398522734642029","ssl_emnist_digits_conv","189","OK"
"2026-03-27 00:14:47","21.6min","700e13a91c4d4808a5296345cf8b8362","ssl_emnist_digits_conv_trial_0180","LOCAL","src/cli.py","thallybu","FINISHED","False","None","threshold","0.705326725638048","250","True","ShallowConvAutoencoder","[16, 32]","[1, 28, 28]","2048","1e-06","0","EMNIST","0.1080661426483609","digits","True","784","True","None","1","0.705326725638048","3","4","0.1080661426483609","0.0014676840731035533","4","0.24617070298183508","2","1","1.5036383588576931","0","0.02245024063315107","1","L","(224, 224)","1e-06","0.0014676840731035533","5","4","None","None","10","4","False","0.24617070298183508","L","random","None","2","50","1.5036383588576931","fixed_k","True","1.0","/data/thallybu/datasets/EMNIST","42","10","[0.9, 0.1]","0.02245024063315107","0.1","False","True","True","1","20","0.018871139734983444","1728.3857421875","0.4283926784992218","0.20869608223438263","0.3009280264377594","0.18229129910469055","0.47391989827156067","0.5041382312774658","0.4669892489910126","0.42322659492492676","0.3928428292274475","0.3946481943130493","0.5718652606010437","0.6860083341598511","10","0.7053267359733582","0.007284964434802532","0.020579185336828232","0.007849261164665222","0.03861631825566292","0.03130175545811653","0.028990918770432472","0.03011181950569153","0.02779305912554264","0.020646648481488228","0.030963772907853127","0.03873476758599281","0.296795129776001","0.29307878017425537","887","20","500","0.2755874693393707","183108","5764","0.009277165867388248","0.7597083449363708","0.7597083449363708","0","0.750816822052002","0.7597083449363708","0.24029166996479034","12.421706199645996","0.9154444336891174","0.03086676448583603","1.1355140209197998","ssl_emnist_digits_conv","180","OK"
"2026-03-27 11:26:08","10.2min","403f7388a53f4c4ca644f954c2e1b855","ssl_emnist_digits_conv_trial_0394","LOCAL","src/cli.py","thallybu","FINISHED","False","None","threshold","0.7167899292976612","250","True","ShallowConvAutoencoder","[8, 16]","[1, 28, 28]","2048","1e-06","0","EMNIST","0.13729412106477876","digits","True","784","True","None","1","0.7167899292976612","3","3","0.13729412106477876","0.0032887771928576414","6","0.21482907156375075","2","1","1.4165306685759698","0","0.017319135025258985","3","L","(224, 224)","1e-06","0.0032887771928576414","5","6","None","None","10","4","False","0.21482907156375075","L","random","None","2","50","1.4165306685759698","fixed_k","True","1.0","/data/thallybu/datasets/EMNIST","42","10","[0.9, 0.1]","0.017319135025258985","0.1","False","True","True","3","12","0.02595798671245575","1631.1324462890625","0.44899874925613403","0.2003573179244995","0.3078964948654175","0.25277507305145264","0.5005165338516235","0.5047937631607056","0.4806128442287445","0.49263817071914673","0.427632212638855","0.46681714057922363","0.5296533703804016","0.7792942523956299","10","0.7167899012565613","0.0051116314716637135","0.024347232654690742","0.012601207941770554","0.042378783226013184","0.04179307818412781","0.03307951241731644","0.035324301570653915","0.030539046972990036","0.024188058450818062","0.03606196865439415","0.0338590182363987","0.3397464454174042","0.3152278661727905","6882","20","500","0.31417226791381836","178832","2494","0.014886053279042244","0.7595833539962769","0.7595833539962769","0","0.7542282342910767","0.7595833539962769","0.24041666090488434","9.132941246032715","0.8463517427444458","0.04549623653292656","0.8979406356811523","ssl_emnist_digits_conv","394","OK"
"2026-03-27 10:45:59","10.0min","6db35ed73b5346e09f351f0e1773d8e2","ssl_emnist_digits_conv_trial_0388","LOCAL","src/cli.py","thallybu","FINISHED","False","None","threshold","0.6925097307207037","250","True","ShallowConvAutoencoder","[16, 32]","[1, 28, 28]","2048","1e-06","0","EMNIST","0.12547864002752787","digits","True","784","True","None","1","0.6925097307207037","3","4","0.12547864002752787","0.002779260167977181","7","0.22661581531043418","2","1","1.3427615309570737","0","0.024963550151603935","2","L","(224, 224)","1e-06","0.002779260167977181","5","7","None","None","10","4","False","0.22661581531043418","L","random","None","2","50","1.3427615309570737","fixed_k","True","1.0","/data/thallybu/datasets/EMNIST","42","10","[0.9, 0.1]","0.024963550151603935","0.1","False","True","True","2","12","0.018657533451914787","1723.3653564453125","0.42953863739967346","0.22013811767101288","0.3006037771701813","0.282367080450058","0.4315633177757263","0.6769440770149231","0.47262951731681824","0.39433491230010986","0.3408917784690857","0.3965606689453125","0.5912153720855713","0.7496193051338196","10","0.6925097107887268","0.008277987129986286","0.02044224552810192","0.010905662551522255","0.030049549415707588","0.02630426548421383","0.023417532444000244","0.024709012359380722","0.02256125956773758","0.01565159671008587","0.03240549564361572","0.037108492106199265","0.2674834132194519","0.2574380040168762","3508","20","500","0.24355508387088776","185208","2778","0.011422193609178066","0.7585416436195374","0.7585416436195374","0","0.7278606295585632","0.7585416436195374","0.24145832657814026","12.038703918457031","0.8763582110404968","0.04748471826314926","1.08529531955719","ssl_emnist_digits_conv","388","OK"
"2026-03-27 00:07:12","17.7min","b78769f6f5864849a4c86da43cd31ae4","ssl_emnist_digits_conv_trial_0175","LOCAL","src/cli.py","thallybu","FINISHED","False","None","threshold","0.7079677509576779","50","True","ShallowConvAutoencoder","[16, 32]","[1, 28, 28]","2048","1e-06","0","EMNIST","0.10189125295861917","digits","True","784","True","None","1","0.7079677509576779","1","4","0.10189125295861917","0.0017630498743064803","4","0.23241195890185848","2","1","1.4251698708259137","0","0.01851936917947077","1","L","(224, 224)","1e-06","0.0017630498743064803","5","4","None","None","10","4","False","0.23241195890185848","L","random","None","2","50","1.4251698708259137","fixed_k","True","1.0","/data/thallybu/datasets/EMNIST","42","10","[0.9, 0.1]","0.01851936917947077","0.1","False","True","True","1","20","0.019293926656246185","1729.6846923828125","0.4264536201953888","0.2062489241361618","0.32161980867385864","0.14587050676345825","0.47423672676086426","0.5201810002326965","0.4786556661128998","0.4839569628238678","0.35886716842651367","0.377434104681015","0.5446010231971741","0.6709416508674622","10","0.7079677581787109","0.007665271405130625","0.02175546996295452","0.00597370183095336","0.03843799605965614","0.03131162375211716","0.028726788237690926","0.033415380865335464","0.024849016219377518","0.01890311948955059","0.029667817056179047","0.038418881595134735","0.2918491065502167","0.2898229956626892","848","20","500","0.27145978808403015","183206","6258","0.008239845745265484","0.7574999928474426","0.7574999928474426","0","0.7476435899734497","0.7574999928474426","0.24249999225139618","16.384634017944336","1.0032552480697632","0.02920427918434143","1.3643081188201904","ssl_emnist_digits_conv","175","OK"
"2026-03-26 23:28:25","25.7min","046d388ffd754b528f9fd4229abe9948","ssl_emnist_digits_conv_trial_0164","LOCAL","src/cli.py","thallybu","FINISHED","False","None","threshold","0.7798652889296933","250","True","ShallowConvAutoencoder","[16, 32]","[1, 28, 28]","2048","1e-06","0","EMNIST","0.10506175839326184","digits","True","784","True","None","1","0.7798652889296933","3","4","0.10506175839326184","0.0014772026783174796","9","0.23524304075060506","2","1","1.4584714490354649","0","0.023799491481381628","1","L","(224, 224)","1e-06","0.0014772026783174796","5","9","None","None","10","4","False","0.23524304075060506","L","random","None","2","50","1.4584714490354649","fixed_k","True","1.0","/data/thallybu/datasets/EMNIST","42","10","[0.9, 0.1]","0.023799491481381628","0.1","False","True","True","1","20","0.010457106865942478","1895.0479736328125","0.5152846574783325","0.23367013037204742","0.5014676451683044","0.34550905227661133","0.45884019136428833","0.5724148154258728","0.5232537984848022","0.5692917108535767","0.5392674207687378","0.5638814568519592","0.5874044895172119","0.6297735571861267","10","0.7798652648925781","0.009452390484511852","0.021172896027565002","0.009442832320928574","0.02466241642832756","0.02411198616027832","0.019969286397099495","0.020991086959838867","0.018423376604914665","0.01728823222219944","0.024659251794219017","0.013913476839661598","0.21765337884426117","0.2190370112657547","560","20","500","0.1946348398923874","200407","4993","0.011106212623417377","0.753083348274231","0.753083348274231","0","0.7484460473060608","0.753083348274231","0.24691666662693024","9.00953197479248","0.8488200306892395","0.03200265392661095","0.8479480743408203","ssl_emnist_digits_conv","164","OK"
"2026-03-26 17:14:18","39.1min","ac3934d3468641df9d4f7aae3a2fbea5","ssl_emnist_digits_conv_trial_0095","LOCAL","src/cli.py","thallybu","FINISHED","False","None","threshold","0.7632321486250758","250","True","ShallowConvAutoencoder","[16, 32]","[1, 28, 28]","2048","1e-06","0","EMNIST","0.12313902532849842","digits","True","784","True","None","1","0.7632321486250758","3","4","0.12313902532849842","0.004682316131743203","5","0.23296757327448797","2","0","1.5248185046865943","0","0.03457330170268561","0","L","(224, 224)","1e-06","0.004682316131743203","5","5","None","None","10","4","False","0.23296757327448797","L","random","None","2","25","1.5248185046865943","fixed_k","True","1.0","/data/thallybu/datasets/EMNIST","42","10","[0.9, 0.1]","0.03457330170268561","0.1","False","True","True","0","37","0.011568346060812473","1904.285888671875","0.4853961169719696","0.23940935730934143","0.4232078790664673","0.29982471466064453","0.48794272541999817","0.5489399433135986","0.5963507890701294","0.522763192653656","0.33119893074035645","0.5031920671463013","0.5763936042785645","0.6625497341156006","10","0.7632321715354919","0.013697880320250988","0.024909602478146553","0.011126735247671604","0.03218111768364906","0.03195582702755928","0.026995360851287842","0.02752499282360077","0.02260897494852543","0.0193663090467453","0.0303590577095747","0.02522328682243824","0.27626362442970276","0.27485141158103943","174","20","250","0.2522512376308441","201240","6277","0.007619448471814394","0.7528749704360962","0.7528749704360962","0","0.740609884262085","0.7528749704360962","0.24712499976158142","10.37343978881836","0.8083129525184631","0.04512253776192665","0.8049699664115906","ssl_emnist_digits_conv","95","OK"
"2026-03-27 00:19:37","20.0min","a993c360d09941468abaa570f0a832cb","ssl_emnist_digits_conv_trial_0183","LOCAL","src/cli.py","thallybu","FINISHED","False","None","threshold","0.7433274551328495","250","True","ShallowConvAutoencoder","[16, 32]","[1, 28, 28]","2048","1e-06","0","EMNIST","0.10734870647794144","digits","True","784","True","None","1","0.7433274551328495","3","4","0.10734870647794144","0.002399964330726511","4","0.24963642998115573","2","1","1.5039269208500228","0","0.02928538119993045","0","L","(224, 224)","1e-06","0.002399964330726511","5","4","None","None","10","4","False","0.24963642998115573","L","random","None","2","50","1.5039269208500228","fixed_k","True","1.0","/data/thallybu/datasets/EMNIST","42","10","[0.9, 0.1]","0.02928538119993045","0.1","False","True","True","0","20","0.01849745772778988","1805.1380615234375","0.45256316661834717","0.21021513640880585","0.324457049369812","0.27095362544059753","0.4869917035102844","0.5155557990074158","0.48829320073127747","0.4528614282608032","0.3683888614177704","0.447589248418808","0.5973318815231323","0.6422668695449829","10","0.7433274388313293","0.009508593939244747","0.021016957238316536","0.010922564193606377","0.037160925567150116","0.03095797821879387","0.029628479853272438","0.03164641186594963","0.025795357301831245","0.020969752222299576","0.030572179704904556","0.03897111490368843","0.29931262135505676","0.2964625358581543","824","20","500","0.2776417136192322","191166","6364","0.007544730324298143","0.7524166703224182","0.7524166703224182","0","0.7436890006065369","0.7524166703224182","0.2475833296775818","11.038778305053711","0.9793352484703064","0.03682224825024605","1.2065926790237427","ssl_emnist_digits_conv","183","OK"
"2026-03-27 09:51:55","10.8min","af9513f6d7d94412b6201ee2eed14d2c","ssl_emnist_digits_conv_trial_0355","LOCAL","src/cli.py","thallybu","FINISHED","False","None","threshold","0.6581889554283812","25","True","ShallowConvAutoencoder","[16, 32]","[1, 28, 28]","2048","1e-06","0","EMNIST","0.13836458992897813","digits","True","784","True","None","1","0.6581889554283812","0","4","0.13836458992897813","0.002535378070491829","6","0.2218548478654977","2","2","1.4471857191127433","1","0.031056312601747665","2","L","(224, 224)","1e-06","0.002535378070491829","5","6","None","None","10","4","False","0.2218548478654977","L","random","None","2","100","1.4471857191127433","threshold","True","1.0","/data/thallybu/datasets/EMNIST","42","10","[0.9, 0.1]","0.031056312601747665","0.1","False","True","True","2","12","0.019637808203697205","1585.6204833984375","0.4132899343967438","0.20098258554935455","0.3639911115169525","0.23901541531085968","0.46074485778808594","0.4476616680622101","0.463268518447876","0.4752020835876465","0.3143637776374817","0.4649462103843689","0.4932195544242859","0.7420140504837036","10","0.6581889390945435","0.007772313430905342","0.02203838899731636","0.01002747006714344","0.03536992892622948","0.03205343708395958","0.028271159157156944","0.03245290741324425","0.021984044462442398","0.021778348833322525","0.030770394951105118","0.027057798579335213","0.28718477487564087","0.2689586579799652","4276","20","0","0.26180386543273926","171919","0","0.01325180847197771","0.7519999742507935","0.7519999742507935","0","0.7384029030799866","0.7519999742507935","0.24799999594688416","16.608543395996094","0.952903151512146","0.02702946774661541","1.2575874328613281","ssl_emnist_digits_conv","355","OK"
"2026-03-26 17:53:27","55.6min","26d9de7a105c4332a5ea4c500cb9e485","ssl_emnist_digits_conv_trial_0102","LOCAL","src/cli.py","thallybu","FINISHED","False","None","threshold","0.7839965359354351","250","True","ShallowConvAutoencoder","[16, 32]","[1, 28, 28]","2048","1e-06","0","EMNIST","0.12307204564286878","digits","True","784","True","None","1","0.7839965359354351","3","4","0.12307204564286878","0.002795725114365697","4","0.23981341068997933","2","1","1.52004413294737","0","0.02324336982286383","0","L","(224, 224)","1e-06","0.002795725114365697","5","4","None","None","10","4","False","0.23981341068997933","L","random","None","2","50","1.52004413294737","fixed_k","True","1.0","/data/thallybu/datasets/EMNIST","42","10","[0.9, 0.1]","0.02324336982286383","0.1","False","True","True","0","54","0.012766887433826923","1837.6826171875","0.47960659861564636","0.21324066817760468","0.35543420910835266","0.26516959071159363","0.4802166223526001","0.5261212587356567","0.4727323055267334","0.47960788011550903","0.40967488288879395","0.47961100935935974","0.6217246651649475","0.7138836979866028","10","0.7839965224266052","0.011997000314295292","0.019799182191491127","0.007504422217607498","0.0360003262758255","0.03015255369246006","0.02525988593697548","0.03129059821367264","0.02456376515328884","0.02061592787504196","0.02884387969970703","0.03871510922908783","0.2837860882282257","0.2832988202571869","381","20","500","0.2627456486225128","194165","14511","0.005981734488159418","0.7518749833106995","0.7518749833106995","0","0.7489533424377441","0.7518749833106995","0.24812500178813934","15.44249439239502","1.1131781339645386","0.026276813820004463","1.59767746925354","ssl_emnist_digits_conv","102","OK"
"2026-03-27 09:03:30","12.8min","70f7daed326245ca921adecb2993e0ce","ssl_emnist_digits_conv_trial_0346","LOCAL","src/cli.py","thallybu","FINISHED","False","None","threshold","0.6726246516619182","25","True","ShallowConvAutoencoder","[16, 32]","[1, 28, 28]","2048","1e-06","0","EMNIST","0.13334269962394282","digits","True","784","True","None","1","0.6726246516619182","0","4","0.13334269962394282","0.0023972169027912447","6","0.2202912696461467","2","2","1.4268562153670106","0","0.029913713484058968","0","L","(224, 224)","1e-06","0.0023972169027912447","5","6","None","None","10","4","False","0.2202912696461467","L","random","None","2","100","1.4268562153670106","fixed_k","True","1.0","/data/thallybu/datasets/EMNIST","42","10","[0.9, 0.1]","0.029913713484058968","0.1","False","True","True","0","12","0.016352282837033272","1643.451904296875","0.397693008184433","0.20174263417720795","0.33346450328826904","0.30293580889701843","0.43261298537254333","0.4417663514614105","0.49010977149009705","0.4302826225757599","0.29731664061546326","0.4560215473175049","0.4472503662109375","0.6676251888275146","10","0.6726246476173401","0.00851402711123228","0.021082758903503418","0.01247711107134819","0.03137177601456642","0.030362430959939957","0.02672126516699791","0.025443775579333305","0.01995372585952282","0.021686483174562454","0.02761630341410637","0.02100580744445324","0.2631250321865082","0.2515762448310852","3490","20","1000","0.23772142827510834","176234","6136","0.01328733004629612","0.7511249780654907","0.7511249780654907","0","0.7504192590713501","0.7511249780654907","0.2488749921321869","19.5423583984375","0.9605424404144287","0.036641836166381836","1.381832480430603","ssl_emnist_digits_conv","346","OK"
"2026-03-27 02:09:50","16.3min","32f90924ff8e42509ab378e69ade0307","ssl_emnist_digits_conv_trial_0209","LOCAL","src/cli.py","thallybu","FINISHED","False","None","threshold","0.748013551194308","250","True","ShallowConvAutoencoder","[16, 32]","[1, 28, 28]","2048","1e-06","0","EMNIST","0.12052127877328195","digits","True","784","True","None","1","0.748013551194308","3","4","0.12052127877328195","0.0015795190293244972","6","0.2300618399361622","2","1","1.4334373128367968","0","0.026304671710662916","0","L","(224, 224)","1e-06","0.0015795190293244972","5","6","None","None","10","4","False","0.2300618399361622","L","random","None","2","50","1.4334373128367968","fixed_k","True","1.0","/data/thallybu/datasets/EMNIST","42","10","[0.9, 0.1]","0.026304671710662916","0.1","False","True","True","0","17","0.01583397388458252","1841.4586181640625","0.47783029079437256","0.22457346320152283","0.46592438220977783","0.37837305665016174","0.4866054058074951","0.493396520614624","0.4890897274017334","0.5455987453460693","0.3475744128227234","0.5284442901611328","0.5570888519287109","0.666073203086853","10","0.7480135560035706","0.008577622473239899","0.021204616874456406","0.013978848233819008","0.0335257463157177","0.030700165778398514","0.02547343634068966","0.026414411142468452","0.02091086469590664","0.021295340731739998","0.028239985927939415","0.020139381289482117","0.26553046703338623","0.2617630660533905","847","20","500","0.2418828010559082","195025","4638","0.011427258141338825","0.7506250143051147","0.7506250143051147","0","0.7478623986244202","0.7506250143051147","0.24937500059604645","13.758404731750488","0.9905425310134888","0.04103993996977806","1.3430787324905396","ssl_emnist_digits_conv","209","OK"
"2026-03-27 00:05:13","17.9min","da51242a92cc476f8e0d7f876ab227d7","ssl_emnist_digits_conv_trial_0174","LOCAL","src/cli.py","thallybu","FINISHED","False","None","threshold","0.7228518135666112","50","True","ShallowConvAutoencoder","[16, 32]","[1, 28, 28]","2048","1e-06","0","EMNIST","0.10072543146633602","digits","True","784","True","None","1","0.7228518135666112","1","4","0.10072543146633602","0.001771482731855569","4","0.24144993696990436","2","1","1.423745165750384","0","0.036448065767669395","1","L","(224, 224)","1e-06","0.001771482731855569","5","4","None","None","10","4","False","0.24144993696990436","L","random","None","2","50","1.423745165750384","fixed_k","True","1.0","/data/thallybu/datasets/EMNIST","42","10","[0.9, 0.1]","0.036448065767669395","0.1","False","True","True","1","20","0.019994772970676422","1750.485595703125","0.4508128762245178","0.20953500270843506","0.30341875553131104","0.1886635720729828","0.49696171283721924","0.5185414552688599","0.5083387494087219","0.4718300402164459","0.40160539746284485","0.44342976808547974","0.5797101855278015","0.6783392429351807","10","0.7228518128395081","0.008253328502178192","0.02257898822426796","0.007250751834362745","0.03882710635662079","0.0325169675052166","0.029605820775032043","0.03326196223497391","0.028019439429044724","0.021386047825217247","0.030832676216959953","0.04002434015274048","0.3066118061542511","0.301848828792572","920","20","500","0.28430408239364624","185483","5883","0.009226583875715733","0.7489166855812073","0.7489166855812073","0","0.7422557473182678","0.7489166855812073","0.2510833442211151","17.80097770690918","0.9369968175888062","0.03544948250055313","1.1144006252288818","ssl_emnist_digits_conv","174","OK"
"2026-03-26 15:18:53","1.0h","998e928bee1f4577bbc4c8ac0fd095b8","ssl_emnist_digits_conv_trial_0048","LOCAL","src/cli.py","thallybu","FINISHED","False","None","fixed_k","0.7825876909911744","500","True","ShallowConvAutoencoder","[16, 32]","[1, 28, 28]","2048","1e-06","0","EMNIST","0.09065975559202359","digits","True","784","True","None","0","0.7825876909911744","4","4","0.09065975559202359","0.0032575715215005857","16","0.08127377782759486","1","0","1.5672313354661596","0","0.013730670989848258","2","L","(224, 224)","1e-06","0.0032575715215005857","5","16","None","None","10","4","False","0.08127377782759486","L","random","None","1","25","1.5672313354661596","fixed_k","True","1.0","/data/thallybu/datasets/EMNIST","42","10","[0.9, 0.1]","0.013730670989848258","0.1","False","True","True","2","68","0.004996448289602995","2043.1644287109375","0.48739972710609436","0.23588038980960846","0.3861779570579529","0.4913742244243622","0.44547605514526367","0.5024595856666565","0.43779999017715454","0.5133066773414612","0.3356749415397644","0.5382676124572754","0.5005038380622864","0.721632719039917","10","","0.016028212383389473","0.009429706260561943","0.004739380441606045","0.012128994800150394","0.013050555251538754","0.009967968799173832","0.012771396897733212","0.008570636622607708","0.008258000016212463","0.013728693127632141","0.010792559944093227","0.12600086629390717","0.1260697990655899","250","10","250","0.1034378632903099","216000","0","0.006128713488578796","0.7486666440963745","0.7486666440963745","0","0.7529473304748535","0.7486666440963745","0.2513333261013031","38.47293472290039","1.1988811492919922","0.06763699650764465","2.1764049530029297","ssl_emnist_digits_conv","48","OK"
"2026-03-27 05:29:57","13.7min","7482ead77f4e4b828b7100a6c865e689","ssl_emnist_digits_conv_trial_0252","LOCAL","src/cli.py","thallybu","FINISHED","False","None","threshold","0.7722004019470629","250","True","ShallowConvAutoencoder","[16, 32]","[1, 28, 28]","2048","1e-06","0","EMNIST","0.11439251572451972","digits","True","784","True","None","1","0.7722004019470629","3","4","0.11439251572451972","0.0021894090925767998","6","0.15321426113149286","2","1","1.4459947204788581","0","0.022959106734996945","0","L","(224, 224)","1e-06","0.0021894090925767998","5","6","None","None","10","4","False","0.15321426113149286","L","random","None","2","50","1.4459947204788581","fixed_k","True","1.0","/data/thallybu/datasets/EMNIST","42","10","[0.9, 0.1]","0.022959106734996945","0.1","False","True","True","0","14","0.01797901652753353","1872.594970703125","0.48470839858055115","0.2234123796224594","0.4632820188999176","0.37633073329925537","0.524347722530365","0.5058273673057556","0.515008807182312","0.4475092887878418","0.36564216017723083","0.5329617857933044","0.5512589812278748","0.7097126245498657","10","0.7722004055976868","0.0089982058852911","0.022960497066378593","0.012267504818737507","0.03416372835636139","0.03193838894367218","0.025701554492115974","0.023925894871354103","0.020363574847579002","0.02165229432284832","0.027625346556305885","0.022822817787528038","0.2651652693748474","0.2599259912967682","796","20","500","0.24342162907123566","198251","4066","0.009990791790187359","0.7482083439826965","0.7482083439826965","0","0.7456066608428955","0.7482083439826965","0.25179165601730347","19.40982437133789","1.0048413276672363","0.03900826722383499","1.4498788118362427","ssl_emnist_digits_conv","252","OK"
"2026-03-27 00:19:33","18.7min","e0041dbf05994f668aa1e7a998cc8c8f","ssl_emnist_digits_conv_trial_0182","LOCAL","src/cli.py","thallybu","FINISHED","False","None","threshold","0.742726919269958","250","True","ShallowConvAutoencoder","[16, 32]","[1, 28, 28]","2048","1e-06","0","EMNIST","0.10755677658403051","digits","True","784","True","None","1","0.742726919269958","3","4","0.10755677658403051","0.0023518937499037544","5","0.2497827589982622","2","1","1.4970241262786277","0","0.029721236685761276","0","L","(224, 224)","1e-06","0.0023518937499037544","5","5","None","None","10","4","False","0.2497827589982622","L","random","None","2","50","1.4970241262786277","fixed_k","True","1.0","/data/thallybu/datasets/EMNIST","42","10","[0.9, 0.1]","0.029721236685761276","0.1","False","True","True","0","19","0.015028548426926136","1831.8802490234375","0.459457129240036","0.22426746785640717","0.3967915177345276","0.3566628396511078","0.4286046028137207","0.4983361065387726","0.5648692846298218","0.43060341477394104","0.34873321652412415","0.4968496859073639","0.6204351782798767","0.592551052570343","10","0.7427269220352173","0.009967916645109653","0.02622365392744541","0.012820489704608917","0.03097202070057392","0.03281867131590843","0.02595905028283596","0.024527793750166893","0.024858558550477028","0.019211970269680023","0.03274664655327797","0.025334084406495094","0.2776552438735962","0.2772359251976013","649","20","500","0.25547295808792114","193812","5856","0.008460570126771927","0.7463333606719971","0.7463333606719971","0","0.7415708303451538","0.7463333606719971","0.2536666691303253","8.594603538513184","0.8337098956108093","0.0322146862745285","0.8699158430099487","ssl_emnist_digits_conv","182","OK"
"2026-03-26 13:45:52","1.1h","13ccd54fa9ed4231a9c1770f7d21f821","ssl_emnist_digits_conv_trial_0012","LOCAL","src/cli.py","thallybu","FINISHED","False","None","threshold","0.8782947909349362","250","True","ShallowConvAutoencoder","[16, 32]","[1, 28, 28]","2048","1e-06","0","EMNIST","0.07236609677049222","digits","True","784","True","None","1","0.8782947909349362","3","4","0.07236609677049222","0.000470554918494165","14","0.07014988737352795","5","0","1.2827368766743135","1","0.024399088887087885","4","L","(224, 224)","1e-06","0.000470554918494165","5","14","None","None","10","4","False","0.07014988737352795","L","random","None","5","25","1.2827368766743135","threshold","True","1.0","/data/thallybu/datasets/EMNIST","42","10","[0.9, 0.1]","0.024399088887087885","0.1","False","True","True","4","74","0.009997670538723469","2038.661376953125","0.560913622379303","0.23416198790073395","0.548176646232605","0.4589534401893616","0.491536945104599","0.5654711723327637","0.6082633137702942","0.5849962830543518","0.505622386932373","0.6179544925689697","0.6679793000221252","0.6405621767044067","10","0.8782947659492493","0.011241411790251732","0.010618059895932674","0.00909965019673109","0.017995739355683327","0.0174990464001894","0.01403272245079279","0.016753699630498886","0.013597664423286915","0.00921541452407837","0.017398403957486153","0.012044185772538185","0.158319354057312","0.16202378273010254","5","50","0","0.13825459778308868","215529","0","0.008122049272060394","0.7437499761581421","0.7437499761581421","0","0.7440590262413025","0.7437499761581421","0.2562499940395355","17.135417938232422","0.9735308289527893","0.06500782817602158","1.2086931467056274","ssl_emnist_digits_conv","12","OK"
"2026-03-27 00:36:25","17.5min","044d6a2537ae4ae3910a70d65e677ea7","ssl_emnist_digits_conv_trial_0188","LOCAL","src/cli.py","thallybu","FINISHED","False","None","threshold","0.7378577943415427","250","True","ShallowConvAutoencoder","[16, 32]","[1, 28, 28]","2048","1e-06","0","EMNIST","0.10766380606113052","digits","True","784","True","None","1","0.7378577943415427","3","4","0.10766380606113052","0.0014584813554018527","9","0.24994907542598266","2","1","1.4941897973022356","0","0.028362572837231717","1","L","(224, 224)","1e-06","0.0014584813554018527","5","9","None","None","10","4","False","0.24994907542598266","L","random","None","2","50","1.4941897973022356","fixed_k","True","1.0","/data/thallybu/datasets/EMNIST","42","10","[0.9, 0.1]","0.028362572837231717","0.1","False","True","True","1","17","0.011723716743290424","1815.0145263671875","0.5088127255439758","0.23284174501895905","0.5001161694526672","0.35187476873397827","0.4700409770011902","0.5299826860427856","0.5038808584213257","0.5900702476501465","0.496557354927063","0.5827606320381165","0.5810868144035339","0.6751214861869812","10","0.7378578186035156","0.00839771144092083","0.02260572463274002","0.010374491102993488","0.026523644104599953","0.025805342942476273","0.020681021735072136","0.022618940100073814","0.01783132739365101","0.018441729247570038","0.02653607539832592","0.01425124704837799","0.23171083629131317","0.22221922874450684","1256","20","500","0.2056695818901062","192637","3807","0.014713269658386707","0.7418749928474426","0.7418749928474426","0","0.7362696528434753","0.7418749928474426","0.2581250071525574","11.926639556884766","0.854925274848938","0.030251454561948776","0.8260325789451599","ssl_emnist_digits_conv","188","OK"
"2026-03-26 17:42:29","51.1min","2315f22b950e40cf8000e94c82c85acf","ssl_emnist_digits_conv_trial_0099","LOCAL","src/cli.py","thallybu","FINISHED","False","None","threshold","0.7957131535214695","250","True","ShallowConvAutoencoder","[16, 32]","[1, 28, 28]","2048","1e-06","0","EMNIST","0.12461159229279305","digits","True","784","True","None","1","0.7957131535214695","3","4","0.12461159229279305","0.0029179643358787197","9","0.23983204888229206","2","0","1.514083658396088","0","0.020086662577979728","1","L","(224, 224)","1e-06","0.0029179643358787197","5","9","None","None","10","4","False","0.23983204888229206","L","random","None","2","25","1.514083658396088","fixed_k","True","1.0","/data/thallybu/datasets/EMNIST","42","10","[0.9, 0.1]","0.020086662577979728","0.1","False","True","True","1","48","0.006901828572154045","1946.774169921875","0.5167452692985535","0.25062674283981323","0.4541129767894745","0.3125227391719818","0.5755409002304077","0.5859348177909851","0.48374226689338684","0.6657863259315491","0.37676504254341125","0.6019760370254517","0.5280821323394775","0.7531470060348511","10","0.7957131266593933","0.014459479600191116","0.014910649508237839","0.007358124945312738","0.0221399012953043","0.021765172481536865","0.0160696841776371","0.01899903081357479","0.016134293749928474","0.01619226485490799","0.018587173894047737","0.012254638597369194","0.18741458654403687","0.18558812141418457","146","20","250","0.16441093385219574","205707","6706","0.00688893161714077","0.7417500019073486","0.7417500019073486","0","0.7337419986724854","0.7417500019073486","0.25824999809265137","13.91553783416748","0.8890551924705505","0.021117912605404854","0.9954935908317566","ssl_emnist_digits_conv","99","OK"
"2026-03-27 00:39:39","15.6min","094f930c531d4350a52d4804e2024449","ssl_emnist_digits_conv_trial_0192","LOCAL","src/cli.py","thallybu","FINISHED","False","None","threshold","0.7316362170406026","250","True","ShallowConvAutoencoder","[16, 32]","[1, 28, 28]","2048","1e-06","0","EMNIST","0.11057608503832714","digits","True","784","True","None","1","0.7316362170406026","3","4","0.11057608503832714","0.0014568496261678728","9","0.2381913038026745","2","1","1.4777582140076604","0","0.024974389489173937","1","L","(224, 224)","1e-06","0.0014568496261678728","5","9","None","None","10","4","False","0.2381913038026745","L","random","None","2","50","1.4777582140076604","fixed_k","True","1.0","/data/thallybu/datasets/EMNIST","42","10","[0.9, 0.1]","0.024974389489173937","0.1","False","True","True","1","17","0.01129456702619791","1817.686279296875","0.5019093751907349","0.23002690076828003","0.4862487316131592","0.3012070059776306","0.46414220333099365","0.5367156267166138","0.47383376955986023","0.5925295352935791","0.5547018051147461","0.558506429195404","0.5680638551712036","0.6901313662528992","10","0.7316362261772156","0.008263235911726952","0.022777371108531952","0.008020585402846336","0.026179375126957893","0.025814473628997803","0.020793672651052475","0.02238510735332966","0.01822684332728386","0.0180671364068985","0.025515032932162285","0.014530769549310207","0.2276088148355484","0.22076039016246796","1254","20","500","0.20231036841869354","192912","3806","0.014344906434416771","0.7387083172798157","0.7387083172798157","0","0.7330642938613892","0.7387083172798157","0.26129165291786194","11.161931991577148","0.8715670704841614","0.03156069666147232","0.8677952885627747","ssl_emnist_digits_conv","192","OK"
"2026-03-27 10:34:09","10.2min","3284f901af1841c78b1149fd7388c500","ssl_emnist_digits_conv_trial_0382","LOCAL","src/cli.py","thallybu","FINISHED","False","None","threshold","0.6738786489752142","25","True","ShallowConvAutoencoder","[16, 32]","[1, 28, 28]","2048","1e-06","0","EMNIST","0.13546038960268358","digits","True","784","True","None","1","0.6738786489752142","0","4","0.13546038960268358","0.0030251512893590105","8","0.21917860561038713","2","1","1.3645849235742382","0","0.02058034152169603","2","L","(224, 224)","1e-06","0.0030251512893590105","5","8","None","None","10","4","False","0.21917860561038713","L","random","None","2","50","1.3645849235742382","fixed_k","True","1.0","/data/thallybu/datasets/EMNIST","42","10","[0.9, 0.1]","0.02058034152169603","0.1","False","True","True","2","11","0.015463244169950485","1648.8316650390625","0.41554152965545654","0.18834589421749115","0.3931425213813782","0.24440045654773712","0.3877701163291931","0.45404329895973206","0.4573870599269867","0.5504576563835144","0.3392333388328552","0.49031123518943787","0.4820374846458435","0.5229187607765198","10","0.6738786697387695","0.00895275641232729","0.016509557142853737","0.006781073287129402","0.028211385011672974","0.02257835865020752","0.023850204423069954","0.03102082386612892","0.02012365683913231","0.014162222854793072","0.027963921427726746","0.018339671194553375","0.23397059738636017","0.22577252984046936","4987","20","500","0.20954085886478424","178800","2552","0.012087729759514332","0.7385833263397217","0.7385833263397217","0","0.7297050952911377","0.7385833263397217","0.2614166736602783","15.342123031616211","1.0464887619018555","0.0465836338698864","1.4249427318572998","ssl_emnist_digits_conv","382","OK"
"2026-03-26 16:26:00","48.3min","f14ccd37be554dfe8244e6d851789e4b","ssl_emnist_digits_conv_trial_0083","LOCAL","src/cli.py","thallybu","FINISHED","False","None","threshold","0.7710235208814983","250","True","ShallowConvAutoencoder","[16, 32]","[1, 28, 28]","2048","1e-06","0","EMNIST","0.14062523278684763","digits","True","784","True","None","1","0.7710235208814983","3","4","0.14062523278684763","0.002509114240354563","6","0.2294351043936872","2","0","1.5282812248309066","0","0.01750239999334226","1","L","(224, 224)","1e-06","0.002509114240354563","5","6","None","None","10","4","False","0.2294351043936872","L","random","None","2","25","1.5282812248309066","fixed_k","True","1.0","/data/thallybu/datasets/EMNIST","42","10","[0.9, 0.1]","0.01750239999334226","0.1","False","True","True","1","48","0.009197563864290714","1916.1102294921875","0.4858871400356293","0.22942745685577393","0.6118468046188354","0.4229823052883148","0.44970932602882385","0.4882466197013855","0.5154673457145691","0.44266122579574585","0.34756243228912354","0.5974200367927551","0.46071887016296387","0.6621348261833191","10","0.7710235118865967","0.012747540138661861","0.028818633407354355","0.013140414841473103","0.02831556275486946","0.027808114886283875","0.02345135249197483","0.022183051332831383","0.017805082723498344","0.017262263223528862","0.024590114131569862","0.014741672202944756","0.239193394780159","0.23990488052368164","228","20","250","0.21811626851558685","202548","7457","0.006219371221959591","0.7384583353996277","0.7384583353996277","0","0.7325289249420166","0.7384583353996277","0.2615416646003723","18.91851043701172","1.0932358503341675","0.033062517642974854","1.6159707307815552","ssl_emnist_digits_conv","83","OK"
"2026-03-27 00:43:29","15.7min","a9b6fc981ace40258fcb1d4c3ab10615","ssl_emnist_digits_conv_trial_0194","LOCAL","src/cli.py","thallybu","FINISHED","False","None","threshold","0.7312513727067674","250","True","ShallowConvAutoencoder","[16, 32]","[1, 28, 28]","2048","1e-06","0","EMNIST","0.11081244526794427","digits","True","784","True","None","1","0.7312513727067674","3","4","0.11081244526794427","0.0015781975346414849","10","0.24494377562218844","2","1","1.4788434249017754","0","0.025322423735558184","1","L","(224, 224)","1e-06","0.0015781975346414849","5","10","None","None","10","4","False","0.24494377562218844","L","random","None","2","50","1.4788434249017754","fixed_k","True","1.0","/data/thallybu/datasets/EMNIST","42","10","[0.9, 0.1]","0.025322423735558184","0.1","False","True","True","1","17","0.00910980999469757","1812.83349609375","0.4806223511695862","0.21926142275333405","0.5293280482292175","0.2940951883792877","0.4228869676589966","0.5643505454063416","0.563967227935791","0.44332155585289","0.4812484085559845","0.4505113661289215","0.5209971070289612","0.4577467143535614","10","0.7312513589859009","0.009215044789016247","0.024102117866277695","0.006776447873562574","0.02293502166867256","0.019610410556197166","0.019072089344263077","0.019353702664375305","0.015139762312173843","0.01096223946660757","0.021764133125543594","0.0151619091629982","0.19836512207984924","0.19284310936927795","902","20","500","0.1748778522014618","192045","4402","0.012040819972753525","0.7377916574478149","0.7377916574478149","0","0.7387900352478027","0.7377916574478149","0.26220834255218506","23.030376434326172","1.0741465091705322","0.03324537351727486","1.5746604204177856","ssl_emnist_digits_conv","194","OK"
"2026-03-27 00:27:18","16.2min","fa4044ee98e245f6bb93fed02e7d0667","ssl_emnist_digits_conv_trial_0187","LOCAL","src/cli.py","thallybu","FINISHED","False","None","threshold","0.7373567000383484","250","True","ShallowConvAutoencoder","[16, 32]","[1, 28, 28]","2048","1e-06","0","EMNIST","0.10710529995321412","digits","True","784","True","None","1","0.7373567000383484","3","4","0.10710529995321412","0.0014482178541749158","5","0.23698192634015602","2","1","1.4916272460495517","0","0.0293516970957864","1","L","(224, 224)","1e-06","0.0014482178541749158","5","5","None","None","10","4","False","0.23698192634015602","L","random","None","2","50","1.4916272460495517","fixed_k","True","1.0","/data/thallybu/datasets/EMNIST","42","10","[0.9, 0.1]","0.0293516970957864","0.1","False","True","True","1","17","0.01931101642549038","1790.6676025390625","0.4666129946708679","0.2240045815706253","0.4046332538127899","0.38178393244743347","0.47491317987442017","0.49790892004966736","0.6327618360519409","0.44306567311286926","0.35531914234161377","0.4437404274940491","0.5721223950386047","0.6015022993087769","10","0.7373567223548889","0.007159976754337549","0.027610179036855698","0.01528960932046175","0.03457600623369217","0.03295085206627846","0.031437069177627563","0.0274721160531044","0.024212520569562912","0.017793215811252594","0.03364988788962364","0.028328988701105118","0.2977718412876129","0.2906075417995453","971","20","500","0.27332037687301636","189773","4164","0.01271507702767849","0.737625002861023","0.737625002861023","0","0.7291035652160645","0.737625002861023","0.26237499713897705","8.384293556213379","0.8578475117683411","0.046135276556015015","0.8655070066452026","ssl_emnist_digits_conv","187","OK"
"2026-03-26 17:12:26","49.5min","58db60bb30164b27bd3e7a6f75cb8030","ssl_emnist_digits_conv_trial_0094","LOCAL","src/cli.py","thallybu","FINISHED","False","None","threshold","0.767695973057048","250","True","ShallowConvAutoencoder","[16, 32]","[1, 28, 28]","2048","1e-06","0","EMNIST","0.12246351272389291","digits","True","784","True","None","1","0.767695973057048","3","4","0.12246351272389291","0.004481891759032786","5","0.23274552145175134","2","0","1.514332472482564","0","0.03156401790463282","0","L","(224, 224)","1e-06","0.004481891759032786","5","5","None","None","10","4","False","0.23274552145175134","L","random","None","2","25","1.514332472482564","fixed_k","True","1.0","/data/thallybu/datasets/EMNIST","42","10","[0.9, 0.1]","0.03156401790463282","0.1","False","True","True","0","48","0.011667422950267792","1907.5283203125","0.5046451687812805","0.2374371439218521","0.5793834328651428","0.2950551211833954","0.46588876843452454","0.509782612323761","0.575637698173523","0.46641919016838074","0.4475298821926117","0.5132048726081848","0.5572106838226318","0.6486618518829346","10","0.767695963382721","0.013957008719444275","0.02322128601372242","0.010491220280528069","0.031089723110198975","0.030683115124702454","0.026491573080420494","0.023879937827587128","0.023777194321155548","0.019202593713998795","0.03056327812373638","0.024555696174502373","0.267948716878891","0.2722942531108856","250","20","250","0.24395550787448883","201667","7480","0.0073205046355724335","0.737375020980835","0.737375020980835","0","0.727134108543396","0.737375020980835","0.2626250088214874","11.43181324005127","0.8482722640037537","0.03361613303422928","0.8441352844238281","ssl_emnist_digits_conv","94","OK"
"2026-03-27 02:22:47","15.6min","6926e6b126ad45eeba1ee67ba131b97f","ssl_emnist_digits_conv_trial_0210","LOCAL","src/cli.py","thallybu","FINISHED","False","None","threshold","0.7497694878145205","250","True","ShallowConvAutoencoder","[16, 32]","[1, 28, 28]","2048","1e-06","0","EMNIST","0.12101714827467373","digits","True","784","True","None","1","0.7497694878145205","3","4","0.12101714827467373","0.0015768250558671152","6","0.23899001691357613","2","1","1.4330741275044718","0","0.026848435567643734","0","L","(224, 224)","1e-06","0.0015768250558671152","5","6","None","None","10","4","False","0.23899001691357613","L","random","None","2","50","1.4330741275044718","fixed_k","True","1.0","/data/thallybu/datasets/EMNIST","42","10","[0.9, 0.1]","0.026848435567643734","0.1","False","True","True","0","16","0.015562416054308414","1843.9852294921875","0.48027801513671875","0.2287418097257614","0.41043105721473694","0.429830402135849","0.4976956248283386","0.503139853477478","0.5414894223213196","0.540012776851654","0.33498507738113403","0.5065202116966248","0.5659650564193726","0.7514109015464783","10","0.7497695088386536","0.008378153666853905","0.02241004817187786","0.015588006004691124","0.03315256908535957","0.030648143962025642","0.025933673605322838","0.026344425976276398","0.020816704258322716","0.021580375730991364","0.02859620936214924","0.02315707691013813","0.27258870005607605","0.26610538363456726","916","20","500","0.24822723865509033","195361","4301","0.012264025397598743","0.7361249923706055","0.7361249923706055","0","0.7310713529586792","0.7361249923706055","0.26387500762939453","16.630779266357422","1.0077959299087524","0.04676420986652374","1.371031641960144","ssl_emnist_digits_conv","210","OK"
"2026-03-26 17:17:38","1.4h","e7e99149e3364b139c65c7895bb8b461","ssl_emnist_digits_conv_trial_0097","LOCAL","src/cli.py","thallybu","FINISHED","False","None","threshold","0.7934257178644193","250","True","ShallowConvAutoencoder","[16, 32]","[1, 28, 28]","2048","1e-06","0","EMNIST","0.13386004944023233","digits","True","784","True","None","1","0.7934257178644193","3","4","0.13386004944023233","0.0046434833722864685","9","0.2421418728548254","2","0","1.5243954021962702","0","0.014753991531185503","0","L","(224, 224)","1e-06","0.0046434833722864685","5","9","None","None","10","4","False","0.2421418728548254","L","random","None","2","25","1.5243954021962702","fixed_k","True","1.0","/data/thallybu/datasets/EMNIST","42","10","[0.9, 0.1]","0.014753991531185503","0.1","False","True","True","0","46","0.006688687484711409","1965.6873779296875","0.5283606052398682","0.23871085047721863","0.5517924427986145","0.24238844215869904","0.5084114670753479","0.5821136236190796","0.4792952537536621","0.5811337232589722","0.3869399428367615","0.612725555896759","0.5224117636680603","0.7094576954841614","10","0.7934257388114929","0.014149477705359459","0.019859857857227325","0.0037759447004646063","0.021703528240323067","0.02139367163181305","0.01788790337741375","0.01943078637123108","0.01436452753841877","0.015748025849461555","0.01890965737402439","0.012041768059134483","0.18752673268318176","0.18363045156002045","232","20","250","0.16511563956737518","207792","5357","0.0066419802606105804","0.7318750023841858","0.7318750023841858","0","0.7361744046211243","0.7318750023841858","0.2681249976158142","22.491962432861328","1.0236080884933472","0.0303600262850523","1.5060091018676758","ssl_emnist_digits_conv","97","OK"
"2026-03-27 10:28:20","9.3min","25f14a5da6174576a960c83d8f85df44","ssl_emnist_digits_conv_trial_0379","LOCAL","src/cli.py","thallybu","FINISHED","False","None","threshold","0.6695285978299826","250","True","ShallowConvAutoencoder","[16, 32]","[1, 28, 28]","2048","1e-06","0","EMNIST","0.1340523135495625","digits","True","784","True","None","1","0.6695285978299826","3","4","0.1340523135495625","0.00228038386947905","7","0.24087716223668756","2","1","1.3711803779284697","0","0.13723862079194987","2","L","(224, 224)","1e-06","0.00228038386947905","5","7","None","None","10","4","False","0.24087716223668756","L","random","None","2","50","1.3711803779284697","fixed_k","True","1.0","/data/thallybu/datasets/EMNIST","42","10","[0.9, 0.1]","0.13723862079194987","0.1","False","True","True","2","11","0.03501538187265396","1296.8251953125","0.430388867855072","0.20411232113838196","0.3078348934650421","0.20564915239810944","0.46779343485832214","0.44842320680618286","0.5714309215545654","0.6965494751930237","0.4568195343017578","0.7039673328399658","0.4534825086593628","0.5474477410316467","10","0.669528603553772","0.00592774385586381","0.02428574673831463","0.011780813336372375","0.040634073317050934","0.035395991057157516","0.04574521631002426","0.04780327156186104","0.03224223107099533","0.03949820622801781","0.03520621731877327","0.03130601719021797","0.37752702832221985","0.34188753366470337","9032","20","500","0.3438977599143982","145629","2939","0.019267112016677856","0.7300416827201843","0.7300416827201843","0","0.7104875445365906","0.7300416827201843","0.2699583172798157","9.77224349975586","0.8089083433151245","0.044215127825737","0.7176703214645386","ssl_emnist_digits_conv","379","OK"
"2026-03-26 23:56:13","14.3min","26dfd68be0a44767915e1c46e4c82517","ssl_emnist_digits_conv_trial_0171","LOCAL","src/cli.py","thallybu","FINISHED","False","None","threshold","0.7230291367438483","250","True","ShallowConvAutoencoder","[16, 32]","[1, 28, 28]","2048","1e-06","0","EMNIST","0.1253658113071979","digits","True","784","True","None","1","0.7230291367438483","3","4","0.1253658113071979","0.001974652486613927","6","0.24155737907604044","2","1","1.471245157065637","0","0.018850392865160114","1","L","(224, 224)","1e-06","0.001974652486613927","5","6","None","None","10","4","False","0.24155737907604044","L","random","None","2","50","1.471245157065637","fixed_k","True","1.0","/data/thallybu/datasets/EMNIST","42","10","[0.9, 0.1]","0.018850392865160114","0.1","False","True","True","1","16","0.015050074085593224","1836.0396728515625","0.44831469655036926","0.21796448528766632","0.4175969064235687","0.41118094325065613","0.4430011212825775","0.4638809859752655","0.47918713092803955","0.45350053906440735","0.3758425712585449","0.5308341979980469","0.4441937208175659","0.70025235414505","10","0.7230291366577148","0.009051698260009289","0.02058660052716732","0.015487304888665676","0.032297566533088684","0.02996842935681343","0.025585759431123734","0.02355780638754368","0.01973407343029976","0.019023671746253967","0.02655339241027832","0.016502678394317627","0.2514626979827881","0.24847346544265747","938","20","500","0.22929725050926208","194545","4765","0.009478269144892693","0.7297083139419556","0.7297083139419556","0","0.7203664779663086","0.7297083139419556","0.27029165625572205","18.199281692504883","1.135593295097351","0.035694144666194916","1.6888195276260376","ssl_emnist_digits_conv","171","OK"
"2026-03-27 06:39:04","10.1min","205c223ba54940c290354fd7d8f24a8b","ssl_emnist_digits_conv_trial_0272","LOCAL","src/cli.py","thallybu","FINISHED","False","None","threshold","0.6812645245634873","250","True","ShallowConvAutoencoder","[16, 32]","[1, 28, 28]","2048","1e-06","0","EMNIST","0.122648256730116","digits","True","784","True","None","1","0.6812645245634873","3","4","0.122648256730116","0.001269470054114657","7","0.23485972301397318","2","1","1.4304036194759921","0","0.026016446888620596","2","L","(224, 224)","1e-06","0.001269470054114657","5","7","None","None","10","4","False","0.23485972301397318","L","random","None","2","50","1.4304036194759921","fixed_k","True","1.0","/data/thallybu/datasets/EMNIST","42","10","[0.9, 0.1]","0.026016446888620596","0.1","False","True","True","2","12","0.02833743207156658","1294.517578125","0.46373245120048523","0.22677357494831085","0.33450648188591003","0.20932066440582275","0.51113361120224","0.6396118402481079","0.48645004630088806","0.7728114128112793","0.5108748078346252","0.7534410953521729","0.5031588673591614","0.5235135555267334","10","0.6812645196914673","0.004065901972353458","0.024555737152695656","0.009931499138474464","0.03673249110579491","0.04303344339132309","0.03519240394234657","0.04804813116788864","0.032181333750486374","0.03261219710111618","0.03609360381960869","0.025986947119235992","0.35574233531951904","0.3110160827636719","10545","20","500","0.3243677616119385","146888","3006","0.0206533782184124","0.7289166450500488","0.7289166450500488","0","0.7129618525505066","0.7289166450500488","0.2710833251476288","9.516257286071777","0.8030148148536682","0.04579786956310272","0.6686553359031677","ssl_emnist_digits_conv","272","OK"
"2026-03-27 10:09:21","8.1min","73459631db0f4136911f646853075322","ssl_emnist_digits_conv_trial_0369","LOCAL","src/cli.py","thallybu","FINISHED","False","None","threshold","0.7035047214922848","25","True","ShallowConvAutoencoder","[16, 32]","[1, 28, 28]","2048","1e-06","0","EMNIST","0.1287298325736616","digits","True","784","True","None","1","0.7035047214922848","0","4","0.1287298325736616","0.0008314720149234458","7","0.2144599504521662","2","2","1.4105699639955214","0","0.04182623833749479","3","L","(224, 224)","1e-06","0.0008314720149234458","5","7","None","None","10","4","False","0.2144599504521662","L","random","None","2","100","1.4105699639955214","fixed_k","True","1.0","/data/thallybu/datasets/EMNIST","42","10","[0.9, 0.1]","0.04182623833749479","0.1","False","True","True","3","10","0.05579720437526703","971.19970703125","0.5299197435379028","0.14463013410568237","0.5224264860153198","0.3958936333656311","0.54329913854599","0.5692176818847656","0.5933207869529724","0.5788229703903198","0.533271312713623","0.6023236513137817","0.5899180769920349","0.5665717720985413","10","0.703504741191864","0.0019611623138189316","0.050992202013731","0.02873348817229271","0.05513371527194977","0.055066920816898346","0.05648588389158249","0.05074962601065636","0.04830270633101463","0.043219681829214096","0.0528312586247921","0.038377344608306885","0.49941185116767883","0.4902508854866028","3452","20","1000","0.47989287972450256","105126","5575","0.005591497756540775","0.7254166603088379","0.7254166603088379","0","0.724102795124054","0.7254166603088379","0.2745833396911621","5.0529093742370605","0.8124855160713196","0.09228433668613434","0.3879120647907257","ssl_emnist_digits_conv","369","OK"
"2026-03-27 03:06:01","11.8min","7b3c9f3b452f404982f7f720c59317c5","ssl_emnist_digits_conv_trial_0215","LOCAL","src/cli.py","thallybu","FINISHED","False","None","threshold","0.7013924614792426","250","True","ShallowConvAutoencoder","[8]","[1, 28, 28]","2048","1e-06","0","EMNIST","0.1251618224143147","digits","True","784","True","None","1","0.7013924614792426","3","1","0.1251618224143147","0.0018212469586757762","8","0.2427517019778809","2","1","1.4489635528370353","0","0.027098633703569904","0","L","(224, 224)","1e-06","0.0018212469586757762","5","8","None","None","10","4","False","0.2427517019778809","L","random","None","2","50","1.4489635528370353","fixed_k","True","1.0","/data/thallybu/datasets/EMNIST","42","10","[0.9, 0.1]","0.027098633703569904","0.1","False","True","True","0","15","0.03064345382153988","1197.3919677734375","0.5256009101867676","0.16951844096183777","0.3882185220718384","0.4477989673614502","0.577241063117981","0.6129934787750244","0.5118143558502197","0.6315053105354309","0.548926055431366","0.6044930815696716","0.5962674617767334","0.6132012605667114","10","0.7013924717903137","0.005610968917608261","0.034524496644735336","0.029345033690333366","0.05467245355248451","0.04971099644899368","0.04164229705929756","0.04996585473418236","0.03930995985865593","0.04037872701883316","0.047093991190195084","0.03504529222846031","0.45657315850257874","0.4362911581993103","4691","20","500","0.4216892719268799","130777","5755","0.02183421514928341","0.7249166369438171","0.7249166369438171","0","0.7157028913497925","0.7249166369438171","0.2750833332538605","6.244019985198975","0.8320833444595337","0.11443715542554855","0.49150821566581726","ssl_emnist_digits_conv","215","OK"
"2026-03-27 00:23:06","14.3min","30c151f2b99b45cd9692dea8ff90246e","ssl_emnist_digits_conv_trial_0185","LOCAL","src/cli.py","thallybu","FINISHED","False","None","threshold","0.6865377799280684","250","True","ShallowConvAutoencoder","[16, 32]","[1, 28, 28]","2048","1e-06","0","EMNIST","0.10751646516222907","digits","True","784","True","None","1","0.6865377799280684","3","4","0.10751646516222907","0.0024156036623569376","5","0.2360696065120909","2","1","1.4917121315400343","0","0.02979298647819971","0","L","(224, 224)","1e-06","0.0024156036623569376","5","5","None","None","10","4","False","0.2360696065120909","L","random","None","2","50","1.4917121315400343","fixed_k","True","1.0","/data/thallybu/datasets/EMNIST","42","10","[0.9, 0.1]","0.02979298647819971","0.1","False","True","True","0","15","0.018096407875418663","1699.4031982421875","0.42904070019721985","0.2135012000799179","0.38114699721336365","0.3273439109325409","0.4381910264492035","0.47069355845451355","0.5709711313247681","0.40488579869270325","0.3459891676902771","0.4298771917819977","0.5655799508094788","0.5799015760421753","10","0.6865378022193909","0.008672837167978287","0.025906652212142944","0.013582052662968636","0.03199632465839386","0.032890744507312775","0.02892596274614334","0.02422977425158024","0.024482492357492447","0.017471924424171448","0.032111261039972305","0.027198148891329765","0.2816624343395233","0.2790876626968384","1380","20","500","0.2587953209877014","180540","4393","0.0099222706630826","0.7244583368301392","0.7244583368301392","0","0.7178146839141846","0.7244583368301392","0.27554166316986084","11.953248977661133","0.8818097114562988","0.03840325400233269","0.9539862871170044","ssl_emnist_digits_conv","185","OK"
"2026-03-26 23:45:52","14.6min","98904432fa124cbf839b460079ea8d1f","ssl_emnist_digits_conv_trial_0167","LOCAL","src/cli.py","thallybu","FINISHED","False","None","threshold","0.7773439715421572","250","True","ShallowConvAutoencoder","[16, 32]","[1, 28, 28]","2048","1e-06","0","EMNIST","0.1278108640163395","digits","True","784","True","None","1","0.7773439715421572","3","4","0.1278108640163395","0.0019187781196005071","6","0.2411952375800191","2","1","1.4688858686198656","0","0.023360951084537215","1","L","(224, 224)","1e-06","0.0019187781196005071","5","6","None","None","10","4","False","0.2411952375800191","L","random","None","2","50","1.4688858686198656","fixed_k","True","1.0","/data/thallybu/datasets/EMNIST","42","10","[0.9, 0.1]","0.023360951084537215","0.1","False","True","True","1","15","0.015184135176241398","1899.7374267578125","0.49552643299102783","0.23106084764003754","0.5514025688171387","0.45948562026023865","0.44612911343574524","0.4994344711303711","0.5538468956947327","0.4718914031982422","0.39714276790618896","0.5175132751464844","0.48927369713783264","0.7141072154045105","10","0.7773439884185791","0.008897700347006321","0.02517077326774597","0.018400132656097412","0.03124314360320568","0.0303401630371809","0.028454510495066643","0.024569805711507797","0.021776938810944557","0.020928526297211647","0.02815200388431549","0.01866500824689865","0.2705312967300415","0.2663528621196747","656","20","500","0.24770092964172363","200996","4143","0.010270258411765099","0.7236250042915344","0.7236250042915344","0","0.7153071165084839","0.7236250042915344","0.2763749957084656","14.10841178894043","1.05512273311615","0.048873934894800186","1.3751354217529297","ssl_emnist_digits_conv","167","OK"
"2026-03-27 10:09:52","9.7min","59c5a14dab4f481a836188a0bf9b49e8","ssl_emnist_digits_conv_trial_0370","LOCAL","src/cli.py","thallybu","FINISHED","False","None","threshold","0.7036819557448453","250","True","ShallowConvAutoencoder","[16, 32]","[1, 28, 28]","2048","1e-06","0","EMNIST","0.12969045717877262","digits","True","784","True","None","1","0.7036819557448453","3","4","0.12969045717877262","0.001192168615959735","7","0.21521306284887187","2","1","1.4062055742836859","0","0.02218807638821142","2","L","(224, 224)","1e-06","0.001192168615959735","5","7","None","None","10","4","False","0.21521306284887187","L","random","None","2","50","1.4062055742836859","fixed_k","True","1.0","/data/thallybu/datasets/EMNIST","42","10","[0.9, 0.1]","0.02218807638821142","0.1","False","True","True","2","11","0.03241648152470589","1272.9754638671875","0.4861035943031311","0.22653284668922424","0.348040908575058","0.23063062131404877","0.4979436695575714","0.7595686316490173","0.535578727722168","0.6950423717498779","0.5641364455223083","0.595651388168335","0.5224013924598694","0.6149099469184875","10","0.7036819458007812","0.0033867715392261744","0.025951635092496872","0.011971259489655495","0.03796990588307381","0.05161338672041893","0.042090319097042084","0.049440979957580566","0.038621481508016586","0.03284607082605362","0.04022787883877754","0.03394528105854988","0.3947398066520691","0.33666568994522095","10970","20","500","0.36467814445495605","145050","2962","0.019698385149240494","0.7231666445732117","0.7231666445732117","0","0.7164667844772339","0.7231666445732117","0.27683332562446594","7.9367499351501465","0.8066598176956177","0.043381184339523315","0.6275574564933777","ssl_emnist_digits_conv","370","OK"
"2026-03-27 03:03:36","10.0min","b7c9da1e55604e8ab30024ae90da418a","ssl_emnist_digits_conv_trial_0214","LOCAL","src/cli.py","thallybu","FINISHED","False","None","threshold","0.7653493840069917","250","True","ShallowConvAutoencoder","[8]","[1, 28, 28]","2048","1e-06","0","EMNIST","0.1176854709722555","digits","True","784","True","None","1","0.7653493840069917","3","1","0.1176854709722555","0.001283478343950478","8","0.1973999704003303","2","1","1.4401069971976403","0","0.02748723732948171","0","L","(224, 224)","1e-06","0.001283478343950478","5","8","None","None","10","4","False","0.1973999704003303","L","random","None","2","50","1.4401069971976403","fixed_k","True","1.0","/data/thallybu/datasets/EMNIST","42","10","[0.9, 0.1]","0.02748723732948171","0.1","False","True","True","0","13","0.043324150145053864","1227.5513916015625","0.59722900390625","0.15732502937316895","0.5019938945770264","0.5287624001502991","0.6505265831947327","0.6532305479049683","0.6131029725074768","0.639229416847229","0.611970067024231","0.5908064246177673","0.6821959614753723","0.6149240732192993","10","0.7653493881225586","0.0040922886691987514","0.04855617880821228","0.03634188696742058","0.06441488862037659","0.05908634141087532","0.05306938663125038","0.054557766765356064","0.05105190724134445","0.04316745325922966","0.05382857844233513","0.04118897020816803","0.526863694190979","0.5214186906814575","1971","20","500","0.5052633881568909","131240","5428","0.008956022560596466","0.7227916717529297","0.7227916717529297","0","0.7209408283233643","0.7227916717529297","0.2772083282470703","5.706719875335693","0.8475580215454102","0.168044313788414","0.39866796135902405","ssl_emnist_digits_conv","214","OK"
"2026-03-26 16:24:11","39.4min","2f0258a433904032a5e69170470a7834","ssl_emnist_digits_conv_trial_0082","LOCAL","src/cli.py","thallybu","FINISHED","False","None","threshold","0.8090122958586119","250","True","ShallowConvAutoencoder","[16, 32]","[1, 28, 28]","2048","1e-06","0","EMNIST","0.13992491449270408","digits","True","784","True","None","1","0.8090122958586119","3","4","0.13992491449270408","0.003016182694625521","5","0.22266705485257546","2","0","1.5329657930859641","0","0.02673502307794749","0","L","(224, 224)","1e-06","0.003016182694625521","5","5","None","None","10","4","False","0.22266705485257546","L","random","None","2","25","1.5329657930859641","fixed_k","True","1.0","/data/thallybu/datasets/EMNIST","42","10","[0.9, 0.1]","0.02673502307794749","0.1","False","True","True","0","36","0.013271607458591461","1935.4678955078125","0.5343930721282959","0.2526281774044037","0.5028817653656006","0.3464372754096985","0.5388898849487305","0.5592044591903687","0.6295051574707031","0.617688775062561","0.42248719930648804","0.6061760187149048","0.6466848850250244","0.6890684962272644","10","0.8090122938156128","0.012577852234244347","0.02459852397441864","0.012063805013895035","0.031752925366163254","0.03150029480457306","0.0268950667232275","0.028252197429537773","0.025767583400011063","0.02388608641922474","0.03038514032959938","0.025336788967251778","0.2831401824951172","0.28348207473754883","200","20","250","0.2604385018348694","204568","5599","0.007168784271925688","0.7223333120346069","0.7223333120346069","0","0.7137570977210999","0.7223333120346069","0.2776666581630707","11.916714668273926","0.8599815964698792","0.031046168878674507","0.8238316774368286","ssl_emnist_digits_conv","82","OK"
"2026-03-26 22:36:58","11.1min","e76a92a083484694bcd434465ac247ae","ssl_emnist_digits_conv_trial_0144","LOCAL","src/cli.py","thallybu","FINISHED","False","None","threshold","0.673711237085846","250","True","ShallowConvAutoencoder","[4]","[1, 28, 28]","2048","1e-06","0","EMNIST","0.11004433056333532","digits","True","784","True","None","1","0.673711237085846","3","0","0.11004433056333532","0.0021646963492625852","10","0.23892606023655483","2","1","1.4988022218108885","0","0.022014312784151942","1","L","(224, 224)","1e-06","0.0021646963492625852","5","10","None","None","10","4","False","0.23892606023655483","L","random","None","2","50","1.4988022218108885","fixed_k","True","1.0","/data/thallybu/datasets/EMNIST","42","10","[0.9, 0.1]","0.022014312784151942","0.1","False","True","True","1","15","0.04092351719737053","896.3662109375","0.49059903621673584","0.1381775140762329","0.49845772981643677","0.37194567918777466","0.5566645264625549","0.5442480444908142","0.5558191537857056","0.5518720149993896","0.4891134202480316","0.45986711978912354","0.5805646181106567","0.5977771878242493","10","0.6737112402915955","0.004184821620583534","0.04955039173364639","0.027066925540566444","0.056538935750722885","0.04914231225848198","0.04754042625427246","0.04647493362426758","0.04284759238362312","0.036578219383955","0.04756080359220505","0.045237526297569275","0.4767666161060333","0.46863728761672974","3863","20","500","0.44853800535202026","98129","5241","0.014265958219766617","0.7202916741371155","0.7202916741371155","0","0.7169119119644165","0.7202916741371155","0.2797083258628845","4.259280204772949","0.8154029846191406","0.1606849879026413","0.4008497893810272","ssl_emnist_digits_conv","144","OK"
"2026-03-27 04:53:51","9.4min","5bf7e38a0a16499e892b894d20d2893e","ssl_emnist_digits_conv_trial_0245","LOCAL","src/cli.py","thallybu","FINISHED","False","None","threshold","0.777898994598085","250","True","ShallowConvAutoencoder","[16, 32]","[1, 28, 28]","2048","1e-06","0","EMNIST","0.1301111180231773","digits","True","784","True","None","1","0.777898994598085","3","4","0.1301111180231773","0.0020277220567353435","6","0.23084694067435985","2","1","1.4188180969188295","0","0.026067971672881274","2","L","(224, 224)","1e-06","0.0020277220567353435","5","6","None","None","10","4","False","0.23084694067435985","L","random","None","2","50","1.4188180969188295","fixed_k","True","1.0","/data/thallybu/datasets/EMNIST","42","10","[0.9, 0.1]","0.026067971672881274","0.1","False","True","True","2","11","0.020533272996544838","1843.757080078125","0.4881054759025574","0.22496472299098969","0.4688630998134613","0.36591091752052307","0.5266339182853699","0.5126993060112","0.5948079824447632","0.49588286876678467","0.3952504098415375","0.4765620529651642","0.5928277373313904","0.699467122554779","10","0.7778989672660828","0.006893928162753582","0.02416381426155567","0.016306383535265923","0.035241302102804184","0.03293019160628319","0.03222925215959549","0.031118938699364662","0.02475011721253395","0.023855848237872124","0.03302272781729698","0.042802028357982635","0.3218561112880707","0.30740001797676086","2223","20","500","0.2964205741882324","196645","2318","0.013801527209579945","0.7160000205039978","0.7160000205039978","0","0.6978440880775452","0.7160000205039978","0.2840000092983246","19.302160263061523","1.060146689414978","0.04287431016564369","1.3807384967803955","ssl_emnist_digits_conv","245","OK"
"2026-03-26 23:54:05","15.2min","4411820c9d1549b08221546d3d8e23e3","ssl_emnist_digits_conv_trial_0169","LOCAL","src/cli.py","thallybu","FINISHED","False","None","threshold","0.7216363901469511","250","True","ShallowConvAutoencoder","[16, 32]","[1, 28, 28]","2048","1e-06","0","EMNIST","0.12787103989221768","digits","True","784","True","None","1","0.7216363901469511","3","4","0.12787103989221768","0.0013775710863480576","6","0.24139867025952064","2","1","1.4677568483212462","0","0.019423730900338835","1","L","(224, 224)","1e-06","0.0013775710863480576","5","6","None","None","10","4","False","0.24139867025952064","L","random","None","2","50","1.4677568483212462","fixed_k","True","1.0","/data/thallybu/datasets/EMNIST","42","10","[0.9, 0.1]","0.019423730900338835","0.1","False","True","True","1","15","0.022122375667095184","1812.2113037109375","0.4322337508201599","0.21598850190639496","0.35661444067955017","0.417522132396698","0.4582248330116272","0.4721362888813019","0.4976395070552826","0.45856136083602905","0.3042590320110321","0.48062965273857117","0.4776451885700226","0.5690015554428101","10","0.7216364145278931","0.006742263212800026","0.022278759628534317","0.01737482100725174","0.03321719169616699","0.03186021372675896","0.028813479468226433","0.026369556784629822","0.020254695788025856","0.020023856312036514","0.028710870072245598","0.05434197187423706","0.3073851764202118","0.30070292949676514","1569","20","500","0.28324541449546814","192657","3626","0.012057142332196236","0.715749979019165","0.715749979019165","0","0.6894347071647644","0.715749979019165","0.2842499911785126","14.45266342163086","1.2579275369644165","0.049468640238046646","1.774994969367981","ssl_emnist_digits_conv","169","OK"
"2026-03-26 17:15:27","33.2min","ac45844f85b44808802367043a1458f8","ssl_emnist_digits_conv_trial_0096","LOCAL","src/cli.py","thallybu","FINISHED","False","None","threshold","0.8240438887777441","250","True","ShallowConvAutoencoder","[16, 32]","[1, 28, 28]","2048","1e-06","0","EMNIST","0.12360595502271089","digits","True","784","True","None","1","0.8240438887777441","3","4","0.12360595502271089","0.004320867017600412","5","0.24005960547395744","2","0","1.5142690338324551","0","0.014633891946980466","0","L","(224, 224)","1e-06","0.004320867017600412","5","5","None","None","10","4","False","0.24005960547395744","L","random","None","2","25","1.5142690338324551","fixed_k","True","1.0","/data/thallybu/datasets/EMNIST","42","10","[0.9, 0.1]","0.014633891946980466","0.1","False","True","True","0","28","0.011950577609241009","1966.277587890625","0.555561900138855","0.2525807023048401","0.5920273065567017","0.3251520097255707","0.5192826986312866","0.6349876523017883","0.6583671569824219","0.5545022487640381","0.46056121587753296","0.5475963354110718","0.6439882516860962","0.6955719590187073","10","0.824043869972229","0.011912898160517216","0.023066621273756027","0.011928691528737545","0.03231082111597061","0.03210987150669098","0.027077894657850266","0.026497475802898407","0.02415597252547741","0.021999970078468323","0.03172731027007103","0.024474550038576126","0.27686455845832825","0.28094467520713806","238","20","250","0.25534921884536743","207856","3981","0.00673363683745265","0.7147499918937683","0.7147499918937683","0","0.7076655030250549","0.7147499918937683","0.2852500081062317","7.041791915893555","0.8502493500709534","0.03216169774532318","0.7208832502365112","ssl_emnist_digits_conv","96","OK"
"2026-03-27 03:34:39","9.4min","3e0cb2c55b5e4e1db71a847b48e2a1d3","ssl_emnist_digits_conv_trial_0226","LOCAL","src/cli.py","thallybu","FINISHED","False","None","threshold","0.7114853185439456","250","True","ShallowConvAutoencoder","[16, 32]","[1, 28, 28]","2048","1e-06","0","EMNIST","0.1124927950674892","digits","True","784","True","None","1","0.7114853185439456","3","4","0.1124927950674892","0.0015259196986811242","6","0.2396729128150253","2","1","1.4289070837414142","0","0.022691400622121386","2","L","(224, 224)","1e-06","0.0015259196986811242","5","6","None","None","10","4","False","0.2396729128150253","L","random","None","2","50","1.4289070837414142","fixed_k","True","1.0","/data/thallybu/datasets/EMNIST","42","10","[0.9, 0.1]","0.022691400622121386","0.1","False","True","True","2","11","0.021270476281642914","1584.7332763671875","0.4941907525062561","0.21893411874771118","0.5505964159965515","0.36093804240226746","0.4758138656616211","0.49577853083610535","0.5305783152580261","0.5202904343605042","0.530656099319458","0.4912252426147461","0.5143684148788452","0.7947878837585449","10","0.7114853262901306","0.00538218766450882","0.027498262003064156","0.0158961433917284","0.03521434962749481","0.033769719302654266","0.030830565840005875","0.03383905813097954","0.024344202131032944","0.022168727591633797","0.033164579421281815","0.03232460841536522","0.3186574876308441","0.29366010427474976","8920","20","500","0.2890501916408539","175945","2267","0.019127188250422478","0.7144166827201843","0.7144166827201843","0","0.702379047870636","0.7144166827201843","0.2855833172798157","13.002943992614746","1.0290626287460327","0.046244800090789795","1.2159186601638794","ssl_emnist_digits_conv","226","OK"
"2026-03-26 16:23:19","49.1min","278b645fad1647f987dbd61e92fcb5d0","ssl_emnist_digits_conv_trial_0081","LOCAL","src/cli.py","thallybu","FINISHED","False","None","threshold","0.817398231871746","250","True","ShallowConvAutoencoder","[16, 32]","[1, 28, 28]","2048","1e-06","0","EMNIST","0.1395274282570228","digits","True","784","True","None","1","0.817398231871746","3","4","0.1395274282570228","0.003089992522854068","6","0.22358621728572692","2","0","1.546504117170955","0","0.021212652450799688","0","L","(224, 224)","1e-06","0.003089992522854068","5","6","None","None","10","4","False","0.22358621728572692","L","random","None","2","25","1.546504117170955","fixed_k","True","1.0","/data/thallybu/datasets/EMNIST","42","10","[0.9, 0.1]","0.021212652450799688","0.1","False","True","True","0","49","0.009371185675263405","1960.718505859375","0.5271773934364319","0.2359257936477661","0.5393312573432922","0.41877445578575134","0.47236281633377075","0.5684033632278442","0.5980497598648071","0.5255832076072693","0.49042052030563354","0.5944783091545105","0.5044044256210327","0.6910650730133057","10","0.8173982501029968","0.013855449855327606","0.019397655501961708","0.013968721963465214","0.028530044481158257","0.028362449258565903","0.023825455456972122","0.022365473210811615","0.01869371347129345","0.02005205862224102","0.024858100339770317","0.018689924851059914","0.24145877361297607","0.240269273519516","273","20","250","0.21874359250068665","207310","6363","0.006764436140656471","0.7141666412353516","0.7141666412353516","0","0.7138200998306274","0.7141666412353516","0.28583332896232605","24.318450927734375","1.146514654159546","0.03560122102499008","1.6767181158065796","ssl_emnist_digits_conv","81","OK"
"2026-03-27 07:09:45","10.1min","50d5852cdbf5408a9c6aff157faa7144","ssl_emnist_digits_conv_trial_0289","LOCAL","src/cli.py","thallybu","FINISHED","False","None","threshold","0.6789812450558781","250","True","ShallowConvAutoencoder","[16, 32]","[1, 28, 28]","2048","1e-06","0","EMNIST","0.132550050137675","digits","True","784","True","None","1","0.6789812450558781","3","4","0.132550050137675","0.001191827680031761","7","0.21103830319269995","2","1","1.4083369360835387","0","0.02312004246533387","2","L","(224, 224)","1e-06","0.001191827680031761","5","7","None","None","10","4","False","0.21103830319269995","L","random","None","2","50","1.4083369360835387","fixed_k","True","1.0","/data/thallybu/datasets/EMNIST","42","10","[0.9, 0.1]","0.02312004246533387","0.1","False","True","True","2","11","0.033726681023836136","1205.532470703125","0.475192666053772","0.21287328004837036","0.30986839532852173","0.25296497344970703","0.475076287984848","0.6966149210929871","0.502505362033844","0.6946021318435669","0.5241895318031311","0.658786952495575","0.5406398773193359","0.7158222198486328","10","0.6789812445640564","0.0032427762635052204","0.0246459748595953","0.014348219148814678","0.03866612911224365","0.05080470070242882","0.04056285694241524","0.04811624810099602","0.03679704666137695","0.03499920666217804","0.040651023387908936","0.03530023247003555","0.39428895711898804","0.3391905426979065","10676","20","500","0.3648916482925415","137628","2913","0.01903691329061985","0.7128333449363708","0.7128333449363708","0","0.694608211517334","0.7128333449363708","0.28716665506362915","8.060598373413086","0.8312695026397705","0.04603450372815132","0.6617689728736877","ssl_emnist_digits_conv","289","OK"
"2026-03-27 03:38:02","10.5min","c69c22db5be245e2a79f9fc86d8b6162","ssl_emnist_digits_conv_trial_0227","LOCAL","src/cli.py","thallybu","FINISHED","False","None","threshold","0.7111229727210884","250","True","ShallowConvAutoencoder","[16, 32]","[1, 28, 28]","2048","1e-06","0","EMNIST","0.11238108645038487","digits","True","784","True","None","1","0.7111229727210884","3","4","0.11238108645038487","0.0015985833851378775","6","0.24304384960710926","2","1","1.4391823055573059","0","0.022847176124711384","2","L","(224, 224)","1e-06","0.0015985833851378775","5","6","None","None","10","4","False","0.24304384960710926","L","random","None","2","50","1.4391823055573059","fixed_k","True","1.0","/data/thallybu/datasets/EMNIST","42","10","[0.9, 0.1]","0.022847176124711384","0.1","False","True","True","2","11","0.022995637729763985","1639.2557373046875","0.4699970483779907","0.21008461713790894","0.5081911683082581","0.3577220141887665","0.47285333275794983","0.4822864532470703","0.5394337177276611","0.6326078772544861","0.38163334131240845","0.5073007941246033","0.49878057837486267","0.7463706135749817","10","0.711122989654541","0.005516854114830494","0.0228564590215683","0.016418999060988426","0.03552384302020073","0.03243013471364975","0.03075936622917652","0.04125326871871948","0.02415885403752327","0.023015720769762993","0.03166048601269722","0.03931175917387009","0.3255186975002289","0.3035545349121094","6029","20","500","0.29738888144493103","178823","2412","0.01702398620545864","0.7117499709129333","0.7117499709129333","0","0.6856598258018494","0.7117499709129333","0.28824999928474426","14.661255836486816","1.0767961740493774","0.05798104777932167","1.34213125705719","ssl_emnist_digits_conv","227","OK"
"2026-03-27 09:01:26","10.8min","33fad44f4cf3407081f1bac6229fe5d2","ssl_emnist_digits_conv_trial_0345","LOCAL","src/cli.py","thallybu","FINISHED","False","None","threshold","0.6733026327834358","250","True","ShallowConvAutoencoder","[16, 32]","[1, 28, 28]","2048","1e-06","0","EMNIST","0.13930484763810858","digits","True","784","True","None","1","0.6733026327834358","3","4","0.13930484763810858","0.0022887346878955658","6","0.21886286076374767","2","2","1.4289642736469945","0","0.028905716359211065","0","L","(224, 224)","1e-06","0.0022887346878955658","5","6","None","None","10","4","False","0.21886286076374767","L","random","None","2","100","1.4289642736469945","fixed_k","True","1.0","/data/thallybu/datasets/EMNIST","42","10","[0.9, 0.1]","0.028905716359211065","0.1","False","True","True","0","10","0.02492981031537056","1563.0797119140625","0.39305225014686584","0.19577965140342712","0.3201833665370941","0.26632213592529297","0.41811975836753845","0.4710656702518463","0.5341622829437256","0.6051720380783081","0.3240852355957031","0.41443029046058655","0.4562807083129883","0.6591166853904724","10","0.6733026504516602","0.006653576157987118","0.02173645608127117","0.012539655901491642","0.03341006860136986","0.031648918986320496","0.02965438924729824","0.036070458590984344","0.021716317161917686","0.02259039506316185","0.02979796938598156","0.04183843359351158","0.3073481321334839","0.28810036182403564","5731","20","1000","0.28100311756134033","169977","5057","0.014235183596611023","0.7106666564941406","0.7106666564941406","0","0.6836126446723938","0.7106666564941406","0.2893333435058594","17.561105728149414","1.0649082660675049","0.03774379938840866","1.4302083253860474","ssl_emnist_digits_conv","345","OK"
"2026-03-27 10:04:22","9.3min","5627be344e694f1e8cfd181b7dd8e80f","ssl_emnist_digits_conv_trial_0365","LOCAL","src/cli.py","thallybu","FINISHED","False","None","threshold","0.6484244310688331","25","True","ShallowConvAutoencoder","[16, 32]","[1, 28, 28]","2048","1e-06","0","EMNIST","0.13069466516024214","digits","True","784","True","None","1","0.6484244310688331","0","4","0.13069466516024214","0.0010721028676061414","7","0.21265198392514903","2","2","1.4230427858422567","0","0.09131966817930659","2","L","(224, 224)","1e-06","0.0010721028676061414","5","7","None","None","10","4","False","0.21265198392514903","L","random","None","2","100","1.4230427858422567","fixed_k","True","1.0","/data/thallybu/datasets/EMNIST","42","10","[0.9, 0.1]","0.09131966817930659","0.1","False","True","True","2","10","0.05680011585354805","826.7626953125","0.48180902004241943","0.13820594549179077","0.4568054676055908","0.36212611198425293","0.5158488154411316","0.5287030339241028","0.5443976521492004","0.5310871005058289","0.49964648485183716","0.5308768153190613","0.553281843662262","0.5177028775215149","10","0.6484244465827942","0.00222308118827641","0.04643326252698898","0.025533827021718025","0.053686097264289856","0.05277283117175102","0.05320211499929428","0.0472831167280674","0.045893944799900055","0.03973521664738655","0.04863164201378822","0.03461171314120293","0.47118568420410156","0.46309420466423035","3409","20","1000","0.4477836489677429","89817","6568","0.009100154042243958","0.7074583172798157","0.7074583172798157","0","0.704902708530426","0.7074583172798157","0.29254165291786194","5.288615703582764","0.8330692648887634","0.08703722804784775","0.4320337772369385","ssl_emnist_digits_conv","365","OK"
"2026-03-27 07:38:08","8.6min","025dbea1adc04259802be356db1c4ec9","ssl_emnist_digits_conv_trial_0310","LOCAL","src/cli.py","thallybu","FINISHED","False","None","threshold","0.7087226725379377","25","True","ShallowConvAutoencoder","[16, 32]","[1, 28, 28]","2048","1e-06","0","EMNIST","0.11948559809927163","digits","True","784","True","None","1","0.7087226725379377","0","4","0.11948559809927163","0.0023350520909259866","6","0.23244715596674925","2","2","1.430862438053786","0","0.023804701623884386","2","L","(224, 224)","1e-06","0.0023350520909259866","5","6","None","None","10","4","False","0.23244715596674925","L","random","None","2","100","1.430862438053786","fixed_k","True","1.0","/data/thallybu/datasets/EMNIST","42","10","[0.9, 0.1]","0.023804701623884386","0.1","False","True","True","2","10","0.022778775542974472","1672.076171875","0.44577330350875854","0.20433427393436432","0.40115147829055786","0.30157047510147095","0.45008039474487305","0.46085262298583984","0.5142639875411987","0.7480080127716064","0.3516016900539398","0.4696357846260071","0.5338746905326843","0.7699263095855713","10","0.7087226510047913","0.006596113555133343","0.021296612918376923","0.012440033257007599","0.03442571684718132","0.03146743029356003","0.029352005571126938","0.04540819674730301","0.022981395944952965","0.02149343118071556","0.03249584510922432","0.029561873525381088","0.305850088596344","0.2824726700782776","4195","20","1000","0.280922532081604","179967","4654","0.013036556541919708","0.7073333263397217","0.7073333263397217","0","0.6819007992744446","0.7073333263397217","0.2926666736602783","15.07990550994873","1.0828992128372192","0.041201695799827576","1.381177544593811","ssl_emnist_digits_conv","310","OK"
"2026-03-27 05:27:09","9.6min","2b382ff0b01d4ba78399a94b152aef1c","ssl_emnist_digits_conv_trial_0251","LOCAL","src/cli.py","thallybu","FINISHED","False","None","threshold","0.7625433920106017","250","True","ShallowConvAutoencoder","[16, 32]","[1, 28, 28]","2048","1e-06","0","EMNIST","0.11936382422529185","digits","True","784","True","None","1","0.7625433920106017","3","4","0.11936382422529185","0.002154652386615413","6","0.2272662958525402","2","1","1.4463089490520398","0","0.02377415983424756","2","L","(224, 224)","1e-06","0.002154652386615413","5","6","None","None","10","4","False","0.2272662958525402","L","random","None","2","50","1.4463089490520398","fixed_k","True","1.0","/data/thallybu/datasets/EMNIST","42","10","[0.9, 0.1]","0.02377415983424756","0.1","False","True","True","2","10","0.02214951068162918","1767.296875","0.4962129294872284","0.22770702838897705","0.3963673412799835","0.39926379919052124","0.5184291005134583","0.50264972448349","0.569657564163208","0.7458629012107849","0.4287717342376709","0.5277780294418335","0.5602840185165405","0.809321939945221","10","0.7625433802604675","0.0064818644896149635","0.022124072536826134","0.015757471323013306","0.0363323874771595","0.034296371042728424","0.031230568885803223","0.04812872037291527","0.025807933881878853","0.023566436022520065","0.03259776160120964","0.030500615015625954","0.3256741762161255","0.30991610884666443","2923","20","500","0.30034229159355164","189258","2219","0.013816113583743572","0.7068750262260437","0.7068750262260437","0","0.6905238032341003","0.7068750262260437","0.2931250035762787","14.303336143493652","1.0746831893920898","0.04436194524168968","1.356977105140686","ssl_emnist_digits_conv","251","OK"
"2026-03-27 13:30:52","9.4min","6cca6403c36a411e9cd44b9baeaf5ddc","ssl_emnist_digits_conv_trial_0404","LOCAL","src/cli.py","thallybu","FINISHED","False","None","threshold","0.7207946502501927","250","True","ShallowConvAutoencoder","[16, 32]","[1, 28, 28]","2048","1e-06","0","EMNIST","0.12069643575998676","digits","True","784","True","None","1","0.7207946502501927","3","4","0.12069643575998676","0.0015476334920472936","6","0.20905057643657127","2","1","1.3650814496958763","0","0.022074268521142044","2","L","(224, 224)","1e-06","0.0015476334920472936","5","6","None","None","10","4","False","0.20905057643657127","L","random","None","2","50","1.3650814496958763","fixed_k","True","1.0","/data/thallybu/datasets/EMNIST","42","10","[0.9, 0.1]","0.022074268521142044","0.1","False","True","True","2","10","0.027102431282401085","1475.0281982421875","0.4910023510456085","0.21709932386875153","0.4641300439834595","0.31031137704849243","0.5109999775886536","0.5065242052078247","0.545116662979126","0.7412704825401306","0.4598280191421509","0.5102858543395996","0.5385820865631104","0.6882539391517639","10","0.720794677734375","0.004724906291812658","0.027513820677995682","0.013964400626718998","0.03629552200436592","0.03768795356154442","0.03311052545905113","0.04931733012199402","0.02803298830986023","0.023815307766199112","0.0347030870616436","0.030681295320391655","0.345737099647522","0.30649352073669434","12140","20","500","0.31512224674224854","167577","2117","0.02022418938577175","0.7067083120346069","0.7067083120346069","0","0.698654055595398","0.7067083120346069","0.2932916581630707","14.173518180847168","0.9789432883262634","0.049154870212078094","1.00910222530365","ssl_emnist_digits_conv","404","OK"
"2026-03-26 23:55:00","12.2min","81079e1e077c4b6d86507962c07f5cf2","ssl_emnist_digits_conv_trial_0170","LOCAL","src/cli.py","thallybu","FINISHED","False","None","threshold","0.7166863549405218","250","True","ShallowConvAutoencoder","[16, 32]","[1, 28, 28]","2048","1e-06","0","EMNIST","0.12885645093970258","digits","True","784","True","None","1","0.7166863549405218","3","4","0.12885645093970258","0.001964850257000189","6","0.24160597471153736","2","1","1.470385967352022","0","0.03618232187382195","1","L","(224, 224)","1e-06","0.001964850257000189","5","6","None","None","10","4","False","0.24160597471153736","L","random","None","2","50","1.470385967352022","fixed_k","True","1.0","/data/thallybu/datasets/EMNIST","42","10","[0.9, 0.1]","0.03618232187382195","0.1","False","True","True","1","14","0.016652880236506462","1768.14404296875","0.4675516188144684","0.22142979502677917","0.4919474422931671","0.3809044361114502","0.4498469829559326","0.48706385493278503","0.4950118958950043","0.4637892246246338","0.41813695430755615","0.4855126142501831","0.4913567304611206","0.7479310631752014","10","0.7166863679885864","0.008624138310551643","0.024971654638648033","0.01598961465060711","0.031959205865859985","0.031114138662815094","0.028260378167033195","0.0258780587464571","0.02162276580929756","0.019682101905345917","0.029942413792014122","0.01937863975763321","0.274222195148468","0.2630887031555176","1676","20","500","0.24879902601242065","188103","3726","0.012775602750480175","0.706416666507721","0.706416666507721","0","0.6984919905662537","0.706416666507721","0.29358333349227905","14.323052406311035","1.0481178760528564","0.04077858850359917","1.3002291917800903","ssl_emnist_digits_conv","170","OK"
"2026-03-26 13:45:52","52.6min","55264c4a30e94ce6a3594b531e4671b9","ssl_emnist_digits_conv_trial_0009","LOCAL","src/cli.py","thallybu","FINISHED","False","None","fixed_k","0.7354201267534296","50","True","ShallowConvAutoencoder","[8, 16]","[1, 28, 28]","2048","1e-06","0","EMNIST","0.04350561731929232","digits","True","784","True","None","0","0.7354201267534296","1","3","0.04350561731929232","0.0034732581539988565","13","0.08833371371169647","1","0","1.4057089305991477","0","0.019530043733551404","2","L","(224, 224)","1e-06","0.0034732581539988565","5","13","None","None","10","4","False","0.08833371371169647","L","random","None","1","25","1.4057089305991477","fixed_k","True","1.0","/data/thallybu/datasets/EMNIST","42","10","[0.9, 0.1]","0.019530043733551404","0.1","False","True","True","2","74","0.011684759519994259","172.7742156982422","0.09757301211357117","0.041967689990997314","0.08219096809625626","0.032964322715997696","0.12778201699256897","0.0976240485906601","0.11690399050712585","0.11686115711927414","0.06765232980251312","0.053038593381643295","0.13827629387378693","0.1424364149570465","10","","0.009580938145518303","0.007621439639478922","0.0017430315492674708","0.012206665240228176","0.00903574749827385","0.00898138526827097","0.010370973497629166","0.005883454345166683","0.0053109279833734035","0.010551009327173233","0.00946155283600092","0.09801580756902695","0.10750734061002731","500","10","250","0.08116617798805237","18510","6469","0.006236521992832422","0.706041693687439","0.706041693687439","0","0.7017837166786194","0.706041693687439","0.2939583361148834","34.98697280883789","0.7959479093551636","0.017390640452504158","0.7773155570030212","ssl_emnist_digits_conv","9","OK"
"2026-03-27 10:14:54","8.5min","12f0923eb96e41c98fa21727982eb1d6","ssl_emnist_digits_conv_trial_0372","LOCAL","src/cli.py","thallybu","FINISHED","False","None","threshold","0.7055435775584051","250","True","ShallowConvAutoencoder","[16, 32]","[1, 28, 28]","2048","1e-06","0","EMNIST","0.12969476325851778","digits","True","784","True","None","1","0.7055435775584051","3","4","0.12969476325851778","0.003511963613680372","6","0.22717923961853975","2","1","1.4087172617157482","0","0.03291334766441865","2","L","(224, 224)","1e-06","0.003511963613680372","5","6","None","None","10","4","False","0.22717923961853975","L","random","None","2","50","1.4087172617157482","fixed_k","True","1.0","/data/thallybu/datasets/EMNIST","42","10","[0.9, 0.1]","0.03291334766441865","0.1","False","True","True","2","10","0.020199380815029144","1629.5401611328125","0.447168231010437","0.20766200125217438","0.4837252199649811","0.23373335599899292","0.47591450810432434","0.4585040807723999","0.5536013245582581","0.5445632934570312","0.3710877001285553","0.4911212921142578","0.5169866681098938","0.5290901064872742","10","0.705543577671051","0.008709464222192764","0.025590358301997185","0.010461070574820042","0.034210000187158585","0.03276682272553444","0.034439511597156525","0.0336533822119236","0.0237409844994545","0.022904841229319572","0.031162647530436516","0.01946430839598179","0.293885737657547","0.278204083442688","5184","20","500","0.26839396357536316","176965","2485","0.0121934087947011","0.7044583559036255","0.7044583559036255","0","0.7038659453392029","0.7044583559036255","0.2955416738986969","14.337199211120605","1.0544283390045166","0.034061480313539505","1.2942959070205688","ssl_emnist_digits_conv","372","OK"
"2026-03-26 17:08:27","34.0min","364af963cd114ff995e854abfab1667f","ssl_emnist_digits_conv_trial_0092","LOCAL","src/cli.py","thallybu","FINISHED","False","None","threshold","0.7589892395764537","250","True","ShallowConvAutoencoder","[16, 32]","[1, 28, 28]","2048","1e-06","0","EMNIST","0.13310626689971","digits","True","784","True","None","1","0.7589892395764537","3","4","0.13310626689971","0.004463560264710621","5","0.059160311306083915","3","0","1.5193302454877862","0","0.014814013084262292","0","L","(224, 224)","1e-06","0.004463560264710621","5","5","None","None","10","4","False","0.059160311306083915","L","random","None","3","25","1.5193302454877862","fixed_k","True","1.0","/data/thallybu/datasets/EMNIST","42","10","[0.9, 0.1]","0.014814013084262292","0.1","False","True","True","0","31","0.0250833872705698","1890.2423095703125","0.49961599707603455","0.23214586079120636","0.4758511781692505","0.4488941729068756","0.45092588663101196","0.5815154314041138","0.5125071406364441","0.45597487688064575","0.33451005816459656","0.4924955666065216","0.6833651065826416","0.6379222273826599","10","0.7589892148971558","0.011313492432236671","0.024788714945316315","0.015907827764749527","0.0324544757604599","0.03688092902302742","0.026437202468514442","0.023003721609711647","0.01933642104268074","0.01991543173789978","0.031147995963692665","0.020077791064977646","0.26911383867263794","0.2689914405345917","292","30","250","0.24995048344135284","199871","5092","0.006365930661559105","0.7023749947547913","0.7023749947547913","0","0.7004799842834473","0.7023749947547913","0.29762500524520874","14.571706771850586","0.9452646374702454","0.045785799622535706","1.0571959018707275","ssl_emnist_digits_conv","92","OK"
"2026-03-27 06:26:56","8.4min","07fc7a2971a14c94898f15059b9173da","ssl_emnist_digits_conv_trial_0266","LOCAL","src/cli.py","thallybu","FINISHED","False","None","threshold","0.6625244049771002","250","True","ShallowConvAutoencoder","[16, 32]","[1, 28, 28]","2048","1e-06","0","EMNIST","0.13126190704801943","digits","True","784","True","None","1","0.6625244049771002","3","4","0.13126190704801943","0.0013911859623867632","6","0.22549428609475475","2","1","1.4136887474080682","0","0.022531677411412942","2","L","(224, 224)","1e-06","0.0013911859623867632","5","6","None","None","10","4","False","0.22549428609475475","L","random","None","2","50","1.4136887474080682","fixed_k","True","1.0","/data/thallybu/datasets/EMNIST","42","10","[0.9, 0.1]","0.022531677411412942","0.1","False","True","True","2","10","0.033558059483766556","1151.1158447265625","0.4226236343383789","0.21500226855278015","0.32568541169166565","0.22232717275619507","0.47572633624076843","0.6134840846061707","0.4667515456676483","0.6240949034690857","0.3772504925727844","0.479653000831604","0.5085067749023438","0.74349045753479","10","0.662524402141571","0.0036414649803191423","0.026611637324094772","0.014131506904959679","0.041905853897333145","0.048769306391477585","0.03562247380614281","0.04885285720229149","0.02983822301030159","0.029831137508153915","0.03873598575592041","0.041956860572099686","0.38667386770248413","0.33689084649086","12836","20","500","0.35625579953193665","134036","2371","0.0192093625664711","0.6987500190734863","0.6987500190734863","0","0.6823040843009949","0.6987500190734863","0.30125001072883606","13.014304161071777","0.8857237696647644","0.04219917580485344","0.8189465999603271","ssl_emnist_digits_conv","266","OK"
"2026-03-26 15:10:06","39.0min","6a7f2e15a3ee4a7ab83751ab8d563c08","ssl_emnist_digits_conv_trial_0042","LOCAL","src/cli.py","thallybu","FINISHED","False","None","fixed_k","0.6625474756170584","500","True","ShallowConvAutoencoder","[8]","[1, 28, 28]","2048","1e-06","0","EMNIST","0.14474202507110556","digits","True","784","True","None","0","0.6625474756170584","4","1","0.14474202507110556","0.0009041865047071041","16","0.13071455997483758","1","0","1.5989304879159996","0","0.015218563698073357","2","L","(224, 224)","1e-06","0.0009041865047071041","5","16","None","None","10","4","False","0.13071455997483758","L","random","None","1","25","1.5989304879159996","fixed_k","True","1.0","/data/thallybu/datasets/EMNIST","42","10","[0.9, 0.1]","0.015218563698073357","0.1","False","True","True","2","51","0.014077373780310154","1968.704833984375","0.6291685104370117","0.22390884160995483","0.47391095757484436","0.4896102845668793","0.662217915058136","0.5295422673225403","0.7255791425704956","0.7823982238769531","0.6959369778633118","0.6034358739852905","0.5909048318862915","0.8395366668701172","10","","0.013276666402816772","0.02517925389111042","0.0158773735165596","0.03734024986624718","0.028551839292049408","0.03164117783308029","0.03850476071238518","0.031184416264295578","0.024440061300992966","0.02336616814136505","0.0285017229616642","0.33243340253829956","0.33059078454971313","1472","10","250","0.284587025642395","209346","806","0.0327296257019043","0.6982916593551636","0.6982916593551636","0","0.6979143619537354","0.6982916593551636","0.3017083406448364","6.624707221984863","0.9575919508934021","0.09374283254146576","0.746566653251648","ssl_emnist_digits_conv","42","OK"
"2026-03-27 00:37:26","12.1min","f6cea5253c2c4a48a7385790c5441755","ssl_emnist_digits_conv_trial_0190","LOCAL","src/cli.py","thallybu","FINISHED","False","None","threshold","0.7346226309873216","250","True","ShallowConvAutoencoder","[16, 32]","[1, 28, 28]","2048","1e-06","0","EMNIST","0.10587698703479889","digits","True","784","True","None","1","0.7346226309873216","3","4","0.10587698703479889","0.0010683778607320006","9","0.24931653431173106","2","1","1.4877185643069475","0","0.027622422389043187","1","L","(224, 224)","1e-06","0.0010683778607320006","5","9","None","None","10","4","False","0.24931653431173106","L","random","None","2","50","1.4877185643069475","fixed_k","True","1.0","/data/thallybu/datasets/EMNIST","42","10","[0.9, 0.1]","0.027622422389043187","0.1","False","True","True","1","14","0.01858137920498848","1699.2615966796875","0.4971907138824463","0.23155629634857178","0.39023658633232117","0.3438607156276703","0.5526526570320129","0.4880070984363556","0.5051600337028503","0.7607727646827698","0.5093469023704529","0.47872117161750793","0.825573742389679","0.7937187552452087","10","0.7346226572990417","0.00546569749712944","0.020395584404468536","0.01296189520508051","0.032901689410209656","0.02911517582833767","0.02655763365328312","0.04041919484734535","0.020791849121451378","0.0186916533857584","0.049838948994874954","0.024481987580657005","0.3085882067680359","0.26899099349975586","3862","20","500","0.27615562081336975","183006","2878","0.022334305569529533","0.6972916722297668","0.6972916722297668","0","0.6619258522987366","0.6972916722297668","0.30270832777023315","9.82706356048584","0.9252721071243286","0.039579518139362335","0.9008386135101318","ssl_emnist_digits_conv","190","OK"
"2026-03-27 06:58:13","9.5min","d87cb014d7a648fc80f2ce6a1bf5eb56","ssl_emnist_digits_conv_trial_0281","LOCAL","src/cli.py","thallybu","FINISHED","False","None","threshold","0.7041002859449467","250","True","ShallowConvAutoencoder","[16, 32]","[1, 28, 28]","2048","1e-06","0","EMNIST","0.1299086585279046","digits","True","784","True","None","1","0.7041002859449467","3","4","0.1299086585279046","0.0012775569837983885","6","0.2284815287725437","2","1","1.4091872566525714","0","0.02836075161245284","2","L","(224, 224)","1e-06","0.0012775569837983885","5","6","None","None","10","4","False","0.2284815287725437","L","random","None","2","50","1.4091872566525714","fixed_k","True","1.0","/data/thallybu/datasets/EMNIST","42","10","[0.9, 0.1]","0.02836075161245284","0.1","False","True","True","2","10","0.034228771924972534","1250.113525390625","0.47185343503952026","0.22510573267936707","0.34162959456443787","0.2861769497394562","0.5518433451652527","0.6028001308441162","0.48455220460891724","0.669771134853363","0.43344780802726746","0.5809072852134705","0.6165527701377869","0.7550119757652283","10","0.7041003108024597","0.0033869189210236073","0.028561554849147797","0.018208811059594154","0.04955216497182846","0.050868332386016846","0.0369812548160553","0.05202322080731392","0.03590117767453194","0.03321165591478348","0.04385862872004509","0.035873278975486755","0.4165646433830261","0.35421469807624817","14054","20","500","0.38504013419151306","145718","2191","0.020317059010267258","0.6954583525657654","0.6954583525657654","0","0.6849195957183838","0.6954583525657654","0.304541677236557","14.633440017700195","0.9661381840705872","0.04946285858750343","0.9735310673713684","ssl_emnist_digits_conv","281","OK"
"2026-03-27 06:29:01","10.5min","9fe68bd0d0634d5985c65586bc4402be","ssl_emnist_digits_conv_trial_0268","LOCAL","src/cli.py","thallybu","FINISHED","False","None","threshold","0.6812029847495571","250","True","ShallowConvAutoencoder","[16, 32]","[1, 28, 28]","2048","1e-06","0","EMNIST","0.12585359636126683","digits","True","784","True","None","1","0.6812029847495571","3","4","0.12585359636126683","0.001079153844262488","7","0.2316965125388913","2","1","1.4235590327726273","0","0.02135115898124917","2","L","(224, 224)","1e-06","0.001079153844262488","5","7","None","None","10","4","False","0.2316965125388913","L","random","None","2","50","1.4235590327726273","fixed_k","True","1.0","/data/thallybu/datasets/EMNIST","42","10","[0.9, 0.1]","0.02135115898124917","0.1","False","True","True","2","11","0.03351243585348129","1243.224609375","0.47000616788864136","0.22037804126739502","0.28808316588401794","0.23502537608146667","0.4634755551815033","0.6742579936981201","0.45924362540245056","0.6621599197387695","0.6110377907752991","0.731741189956665","0.531152606010437","0.7087691426277161","10","0.6812030076980591","0.0030271231662482023","0.024465415626764297","0.014043951407074928","0.038005225360393524","0.047808751463890076","0.03716254234313965","0.0486229844391346","0.041761863976716995","0.040562111884355545","0.041948817670345306","0.035398636013269424","0.3996748626232147","0.34853678941726685","10354","20","500","0.36978039145469666","141284","2905","0.01910276710987091","0.6949999928474426","0.6949999928474426","0","0.6783078908920288","0.6949999928474426","0.3050000071525574","11.195225715637207","0.8873199224472046","0.05753988400101662","0.7729505896568298","ssl_emnist_digits_conv","268","OK"
"2026-03-27 10:17:09","9.2min","ce7686f992854def8da322f109944ee6","ssl_emnist_digits_conv_trial_0373","LOCAL","src/cli.py","thallybu","FINISHED","False","None","threshold","0.714948310666305","250","True","ShallowConvAutoencoder","[16, 32]","[1, 28, 28]","2048","1e-06","0","EMNIST","0.12785577870735182","digits","True","784","True","None","1","0.714948310666305","3","4","0.12785577870735182","0.002875353549395767","6","0.2300471294489378","2","1","1.4100819103575706","0","0.03363901255187477","2","L","(224, 224)","1e-06","0.002875353549395767","5","6","None","None","10","4","False","0.2300471294489378","L","random","None","2","50","1.4100819103575706","fixed_k","True","1.0","/data/thallybu/datasets/EMNIST","42","10","[0.9, 0.1]","0.03363901255187477","0.1","False","True","True","2","10","0.022716525942087173","1589.2939453125","0.4779813289642334","0.21472285687923431","0.463602215051651","0.3009650707244873","0.514598548412323","0.49317076802253723","0.4970134496688843","0.6277414560317993","0.4516925811767578","0.6253151893615723","0.5041494965553284","0.6142674684524536","10","0.714948296546936","0.007794191129505634","0.028857283294200897","0.011347983963787556","0.035399358719587326","0.032880160957574844","0.03058435767889023","0.04016350582242012","0.02411540411412716","0.024995096027851105","0.030124856159090996","0.02275029569864273","0.3077407479286194","0.29028627276420593","5187","20","500","0.2812183201313019","172710","2424","0.013502409681677818","0.6947916746139526","0.6947916746139526","0","0.6839458346366882","0.6947916746139526","0.30520832538604736","18.95752716064453","1.0958577394485474","0.04576792195439339","1.4064040184020996","ssl_emnist_digits_conv","373","OK"
"2026-03-27 06:29:45","9.3min","5470bd9622d94888b8662f697b985822","ssl_emnist_digits_conv_trial_0269","LOCAL","src/cli.py","thallybu","FINISHED","False","None","threshold","0.6861090844911023","250","True","ShallowConvAutoencoder","[16, 32]","[1, 28, 28]","2048","1e-06","0","EMNIST","0.12504631016464757","digits","True","784","True","None","1","0.6861090844911023","3","4","0.12504631016464757","0.0010593961941566833","7","0.22667334842102987","2","2","1.4281555457926283","0","0.021286377872755707","2","L","(224, 224)","1e-06","0.0010593961941566833","5","7","None","None","10","4","False","0.22667334842102987","L","random","None","2","100","1.4281555457926283","fixed_k","True","1.0","/data/thallybu/datasets/EMNIST","42","10","[0.9, 0.1]","0.021286377872755707","0.1","False","True","True","2","11","0.03705452382564545","1157.3336181640625","0.47804659605026245","0.21154509484767914","0.28537416458129883","0.26854145526885986","0.4672164022922516","0.6568027138710022","0.5305100679397583","0.6523749828338623","0.6181995868682861","0.7126606106758118","0.5014474987983704","0.6448469758033752","10","0.6861090660095215","0.0028972900472581387","0.025399692356586456","0.015081117860972881","0.04062250256538391","0.04808252677321434","0.04476962611079216","0.04803244397044182","0.042990099638700485","0.04113034904003143","0.03940737619996071","0.03693338856101036","0.41149088740348816","0.35834765434265137","10952","20","1000","0.3824491500854492","132303","5609","0.01774514839053154","0.6937083601951599","0.6937083601951599","0","0.6710666418075562","0.6937083601951599","0.3062916696071625","12.711305618286133","0.8601941466331482","0.048409368842840195","0.6825559139251709","ssl_emnist_digits_conv","269","OK"
"2026-03-27 11:36:20","8.2min","ffd3c34b965d4a33a60cdcc5c57468cc","ssl_emnist_digits_conv_trial_0395","LOCAL","src/cli.py","thallybu","FINISHED","False","None","threshold","0.7074030954014686","250","True","ShallowConvAutoencoder","[16, 32]","[1, 28, 28]","2048","1e-06","0","EMNIST","0.1429964207491476","digits","True","784","True","None","1","0.7074030954014686","3","4","0.1429964207491476","0.0014034304941590054","7","0.22751143426920187","2","1","1.408187995442825","0","0.028827145964822855","3","L","(224, 224)","1e-06","0.0014034304941590054","5","7","None","None","10","4","False","0.22751143426920187","L","random","None","2","50","1.408187995442825","fixed_k","True","1.0","/data/thallybu/datasets/EMNIST","42","10","[0.9, 0.1]","0.028827145964822855","0.1","False","True","True","3","10","0.03530971333384514","1256.8577880859375","0.5016902089118958","0.23462596535682678","0.373037189245224","0.2370457649230957","0.4811924993991852","0.774569034576416","0.7441585063934326","0.7361077666282654","0.6900621652603149","0.5309784412384033","0.5450372099876404","0.5272185802459717","10","0.7074031233787537","0.003646834520623088","0.028141573071479797","0.012506446801126003","0.0384964644908905","0.046797242015600204","0.052750613540410995","0.051349323242902756","0.04374459385871887","0.02989722602069378","0.04255147650837898","0.03140340372920036","0.4062407314777374","0.37050509452819824","14703","20","500","0.3776383697986603","147073","2197","0.01692238450050354","0.6891666650772095","0.6891666650772095","0","0.674941897392273","0.6891666650772095","0.3108333349227905","9.521135330200195","0.8375306725502014","0.04565338417887688","0.6150956153869629","ssl_emnist_digits_conv","395","OK"
"2026-03-26 15:11:06","38.8min","bc5c1c0a90944bb39ee17820a427a520","ssl_emnist_digits_conv_trial_0043","LOCAL","src/cli.py","thallybu","FINISHED","False","None","fixed_k","0.664685670978496","500","True","ShallowConvAutoencoder","[8]","[1, 28, 28]","2048","1e-06","0","EMNIST","0.06789039874056726","digits","True","784","True","None","0","0.664685670978496","4","1","0.06789039874056726","0.0010522780525194107","16","0.12806349150956187","1","0","1.579995423918711","0","0.03904791915254109","2","L","(224, 224)","1e-06","0.0010522780525194107","5","16","None","None","10","4","False","0.12806349150956187","L","random","None","1","25","1.579995423918711","fixed_k","True","1.0","/data/thallybu/datasets/EMNIST","42","10","[0.9, 0.1]","0.03904791915254109","0.1","False","True","True","2","51","0.020799769088625908","1958.7442626953125","0.6688935160636902","0.20775222778320312","0.5387294292449951","0.5265461802482605","0.7015856504440308","0.631496250629425","0.7843681573867798","0.7744058966636658","0.7591583132743835","0.6673417687416077","0.5379454493522644","0.8353029489517212","10","","0.010521141812205315","0.03535063937306404","0.021450268104672432","0.04840507358312607","0.040130484849214554","0.04493105411529541","0.04771564528346062","0.043482717126607895","0.035119447857141495","0.027634648606181145","0.03549586609005928","0.4262634813785553","0.42652276158332825","1398","10","250","0.3797157406806946","208222","1038","0.03336280956864357","0.6891250014305115","0.6891250014305115","0","0.6937194466590881","0.6891250014305115","0.3108749985694885","8.36075496673584","0.9714339375495911","0.1300753504037857","0.7277946472167969","ssl_emnist_digits_conv","43","OK"
"2026-03-27 04:31:32","10.1min","69b0d984f2f54bd7ba5a74f6a12cae69","ssl_emnist_digits_conv_trial_0241","LOCAL","src/cli.py","thallybu","FINISHED","False","None","threshold","0.7426929283870551","250","True","ShallowConvAutoencoder","[16, 32]","[1, 28, 28]","2048","1e-06","0","EMNIST","0.11819060113129173","digits","True","784","True","None","1","0.7426929283870551","3","4","0.11819060113129173","0.0011484021604041368","7","0.2452833280971405","2","1","1.455283101539274","0","0.027958461261407736","2","L","(224, 224)","1e-06","0.0011484021604041368","5","7","None","None","10","4","False","0.2452833280971405","L","random","None","2","50","1.455283101539274","fixed_k","True","1.0","/data/thallybu/datasets/EMNIST","42","10","[0.9, 0.1]","0.027958461261407736","0.1","False","True","True","2","12","0.030394304543733597","1465.6468505859375","0.5236915946006775","0.23047539591789246","0.4246635437011719","0.2610984444618225","0.5234507322311401","0.572343647480011","0.5518808960914612","0.7787026166915894","0.6095294952392578","0.7159175276756287","0.6446076035499573","0.7446269989013672","10","0.7426929473876953","0.0037778345867991447","0.029684262350201607","0.01233471930027008","0.0372517928481102","0.039564549922943115","0.037213850766420364","0.05160604417324066","0.03609784319996834","0.03825109824538231","0.04244609549641609","0.036025453358888626","0.39285698533058167","0.3471170663833618","10026","20","500","0.3604758381843567","164464","3003","0.021148106083273888","0.6886666417121887","0.6886666417121887","0","0.6709460616111755","0.6886666417121887","0.3113333284854889","9.592096328735352","0.9007731080055237","0.0519837886095047","0.7625378370285034","ssl_emnist_digits_conv","241","OK"
"2026-03-27 00:38:18","11.8min","e3c4543e85464a588661473b5800f82d","ssl_emnist_digits_conv_trial_0191","LOCAL","src/cli.py","thallybu","FINISHED","False","None","threshold","0.7327613438849484","250","True","ShallowConvAutoencoder","[16, 32]","[1, 28, 28]","2048","1e-06","0","EMNIST","0.10484565204225928","digits","True","784","True","None","1","0.7327613438849484","3","4","0.10484565204225928","0.0011203835188788541","9","0.24996482886945015","2","1","1.4815556484567196","0","0.02498254866628734","1","L","(224, 224)","1e-06","0.0011203835188788541","5","9","None","None","10","4","False","0.24996482886945015","L","random","None","2","50","1.4815556484567196","fixed_k","True","1.0","/data/thallybu/datasets/EMNIST","42","10","[0.9, 0.1]","0.02498254866628734","0.1","False","True","True","1","13","0.019188471138477325","1669.244140625","0.49116888642311096","0.2320118248462677","0.37622663378715515","0.3161158859729767","0.5634352564811707","0.47796499729156494","0.4767603874206543","0.726584255695343","0.5679007172584534","0.4773001968860626","0.8237746357917786","0.7966241240501404","10","0.7327613234519958","0.005204470828175545","0.020564930513501167","0.012165937572717667","0.03190244361758232","0.029596729204058647","0.02527594193816185","0.04419158399105072","0.02230171300470829","0.019368959590792656","0.05263205245137215","0.026338830590248108","0.31521937251091003","0.2841915488243103","4533","20","500","0.28433912992477417","180501","2747","0.020879367366433144","0.6867916584014893","0.6867916584014893","0","0.6439282298088074","0.6867916584014893","0.31320834159851074","8.68686580657959","0.9333959817886353","0.03857874870300293","0.8822454214096069","ssl_emnist_digits_conv","191","OK"
"2026-03-27 07:56:03","9.0min","f50c60a6f35c43ff9e96ac9eedbca980","ssl_emnist_digits_conv_trial_0321","LOCAL","src/cli.py","thallybu","FINISHED","False","None","threshold","0.6727483095864651","250","True","ShallowConvAutoencoder","[16, 32]","[1, 28, 28]","2048","1e-06","0","EMNIST","0.12442445060830644","digits","True","784","True","None","1","0.6727483095864651","3","4","0.12442445060830644","0.002171977457420866","9","0.22538337125632937","2","1","1.4221055292564102","0","0.01898795139397224","2","L","(224, 224)","1e-06","0.002171977457420866","5","9","None","None","10","4","False","0.22538337125632937","L","random","None","2","50","1.4221055292564102","fixed_k","True","1.0","/data/thallybu/datasets/EMNIST","42","10","[0.9, 0.1]","0.01898795139397224","0.1","False","True","True","2","10","0.01914222165942192","1466.6246337890625","0.4391081631183624","0.20488157868385315","0.35431811213493347","0.3006906509399414","0.42199772596359253","0.5167267918586731","0.4373687505722046","0.5343625545501709","0.4372546672821045","0.4329308867454529","0.7744738459587097","0.7618294358253479","10","0.672748327255249","0.005743485409766436","0.021383138373494148","0.007099800743162632","0.028961729258298874","0.028642458841204643","0.023931903764605522","0.03628946840763092","0.026330528780817986","0.016255365684628487","0.05050414428114891","0.028768500313162804","0.29367613792419434","0.26689469814300537","10893","20","500","0.26816701889038086","165449","2248","0.015451312065124512","0.6859999895095825","0.6859999895095825","0","0.6572922468185425","0.6859999895095825","0.3140000104904175","21.053712844848633","1.0537954568862915","0.045815467834472656","1.3721846342086792","ssl_emnist_digits_conv","321","OK"
"2026-03-27 10:39:25","7.8min","66f32be2e7164fe5a6dae3abdca34d04","ssl_emnist_digits_conv_trial_0385","LOCAL","src/cli.py","thallybu","FINISHED","False","None","threshold","0.6850493082535956","25","True","ShallowConvAutoencoder","[16, 32]","[1, 28, 28]","2048","1e-06","0","EMNIST","0.14911473601571837","digits","True","784","True","None","1","0.6850493082535956","0","4","0.14911473601571837","0.002624911496430721","8","0.21938525593844346","2","1","1.344748299218414","0","0.01599315799737664","2","L","(224, 224)","1e-06","0.002624911496430721","5","8","None","None","10","4","False","0.21938525593844346","L","random","None","2","50","1.344748299218414","fixed_k","True","1.0","/data/thallybu/datasets/EMNIST","42","10","[0.9, 0.1]","0.01599315799737664","0.1","False","True","True","2","10","0.016493286937475204","1585.51318359375","0.4353638291358948","0.1983714997768402","0.4241131544113159","0.27247026562690735","0.4127749800682068","0.4517674446105957","0.5022988319396973","0.5278680920600891","0.3538583517074585","0.5100750923156738","0.5035334825515747","0.5125172734260559","10","0.685049295425415","0.007306123152375221","0.01728704571723938","0.009722886607050896","0.030575381591916084","0.02631491608917713","0.026192737743258476","0.02674582041800022","0.019290756434202194","0.015000386163592339","0.02741747535765171","0.019854983314871788","0.24444293975830078","0.22556154429912567","8275","20","500","0.21840235590934753","175395","2048","0.015116119757294655","0.6854583621025085","0.6854583621025085","0","0.6768399477005005","0.6854583621025085","0.31454166769981384","17.00269317626953","1.1286593675613403","0.05610920488834381","1.4412670135498047","ssl_emnist_digits_conv","385","OK"
"2026-03-27 10:31:48","10.4min","d9b57a51fa5d49e9a62553a6abae350e","ssl_emnist_digits_conv_trial_0381","LOCAL","src/cli.py","thallybu","FINISHED","False","None","threshold","0.6710447080153379","25","True","ShallowConvAutoencoder","[16, 32]","[1, 28, 28]","2048","1e-06","0","EMNIST","0.1378784900341677","digits","True","784","True","None","1","0.6710447080153379","0","4","0.1378784900341677","0.003024877355532077","8","0.22299125357525787","2","2","1.4009531574608214","0","0.09698734192909123","0","L","(224, 224)","1e-06","0.003024877355532077","5","8","None","None","10","4","False","0.22299125357525787","L","random","None","2","100","1.4009531574608214","fixed_k","True","1.0","/data/thallybu/datasets/EMNIST","42","10","[0.9, 0.1]","0.09698734192909123","0.1","False","True","True","0","10","0.022318512201309204","1438.069580078125","0.41969072818756104","0.1940837800502777","0.3334651291370392","0.23770847916603088","0.43318507075309753","0.44748997688293457","0.4651460349559784","0.7124910950660706","0.35729271173477173","0.4338490962982178","0.5588653087615967","0.6632852554321289","10","0.6710447072982788","0.008480332791805267","0.01933145709335804","0.010072310455143452","0.03360742703080177","0.030464719980955124","0.026712825521826744","0.04187362641096115","0.023492172360420227","0.016774510964751244","0.032279450446367264","0.026666121557354927","0.2953086495399475","0.26458173990249634","9043","20","1000","0.2612746059894562","160073","4750","0.02057686448097229","0.6854166388511658","0.6854166388511658","0","0.6488504409790039","0.6854166388511658","0.31458333134651184","13.117814064025879","1.113053560256958","0.05497877299785614","1.3514567613601685","ssl_emnist_digits_conv","381","OK"
"2026-03-26 15:15:54","34.3min","2500e4477dac4e32887e1ed286bca0ee","ssl_emnist_digits_conv_trial_0047","LOCAL","src/cli.py","thallybu","FINISHED","False","None","fixed_k","0.8355687210235541","500","True","ShallowConvAutoencoder","[8]","[1, 28, 28]","2048","1e-06","0","EMNIST","0.09440461361685602","digits","True","784","True","None","0","0.8355687210235541","4","1","0.09440461361685602","0.0007225070248887078","15","0.12773135604328778","1","0","1.563803480874406","0","0.013400249149196162","2","L","(224, 224)","1e-06","0.0007225070248887078","5","15","None","None","10","4","False","0.12773135604328778","L","random","None","1","25","1.563803480874406","fixed_k","True","1.0","/data/thallybu/datasets/EMNIST","42","10","[0.9, 0.1]","0.013400249149196162","0.1","False","True","True","2","46","0.016416124999523163","1880.4195556640625","0.6461420655250549","0.21009208261966705","0.45987987518310547","0.4033024311065674","0.605067789554596","0.6921718716621399","0.7133597731590271","0.721108078956604","0.7586591839790344","0.654942512512207","0.8506139516830444","0.6448371410369873","10","","0.008077624253928661","0.027376405894756317","0.01600193977355957","0.04011772572994232","0.03975486755371094","0.03920947387814522","0.04227904975414276","0.04140125587582588","0.03127213567495346","0.048394154757261276","0.02697952650487423","0.4004857838153839","0.38644886016845703","3306","10","250","0.3527865409851074","201849","1173","0.037524688988924026","0.6841250061988831","0.6841250061988831","0","0.6857298016548157","0.6841250061988831","0.31587499380111694","4.651266098022461","0.9139178991317749","0.13925591111183167","0.5886832475662231","ssl_emnist_digits_conv","47","OK"
"2026-03-27 07:45:54","10.1min","f9223aa17ec9445c8a5382b96a2f13b4","ssl_emnist_digits_conv_trial_0315","LOCAL","src/cli.py","thallybu","FINISHED","False","None","threshold","0.7676867260474446","25","True","ShallowConvAutoencoder","[16, 32]","[1, 28, 28]","2048","1e-06","0","EMNIST","0.1313134976702302","digits","True","784","True","None","1","0.7676867260474446","0","4","0.1313134976702302","0.0006227107939083635","7","0.23088690836201045","2","2","1.4329293823368134","0","0.027465295233946477","0","L","(224, 224)","1e-06","0.0006227107939083635","5","7","None","None","10","4","False","0.23088690836201045","L","random","None","2","100","1.4329293823368134","fixed_k","True","1.0","/data/thallybu/datasets/EMNIST","42","10","[0.9, 0.1]","0.027465295233946477","0.1","False","True","True","0","10","0.055206865072250366","1191.0450439453125","0.5541585683822632","0.1984182596206665","0.4870329201221466","0.31023886799812317","0.618635892868042","0.6257860064506531","0.647696316242218","0.6380420923233032","0.5953078269958496","0.5859498977661133","0.7264958620071411","0.6554552316665649","10","0.7676867246627808","0.002115139039233327","0.04824991896748543","0.020649900659918785","0.06012720242142677","0.0585789829492569","0.060055918991565704","0.053593795746564865","0.05043969303369522","0.0422494150698185","0.056866616010665894","0.0441625714302063","0.5179974436759949","0.5082417130470276","4282","20","1000","0.49497416615486145","129197","7163","0.008161826059222221","0.6840000152587891","0.6840000152587891","0","0.6846417188644409","0.6840000152587891","0.31599998474121094","9.900790214538574","0.8479905724525452","0.05280379205942154","0.47077855467796326","ssl_emnist_digits_conv","315","OK"
"2026-03-26 22:34:42","15.4min","9ec7430bad30451eae1f2b10c32ffa6d","ssl_emnist_digits_conv_trial_0141","LOCAL","src/cli.py","thallybu","FINISHED","False","None","threshold","0.7236178397979066","25","True","ShallowConvAutoencoder","[16, 32]","[1, 28, 28]","2048","1e-06","0","EMNIST","0.09827740102475392","digits","True","784","True","None","1","0.7236178397979066","0","4","0.09827740102475392","0.0018809903476290333","6","0.23863125901010113","2","1","1.4989751991307432","0","0.021865080204167726","1","L","(224, 224)","1e-06","0.0018809903476290333","5","6","None","None","10","4","False","0.23863125901010113","L","random","None","2","50","1.4989751991307432","fixed_k","True","1.0","/data/thallybu/datasets/EMNIST","42","10","[0.9, 0.1]","0.021865080204167726","0.1","False","True","True","1","15","0.01601901836693287","1833.4622802734375","0.4610600471496582","0.21849404275417328","0.4571639597415924","0.4134118854999542","0.43482309579849243","0.4924887418746948","0.5297618508338928","0.46265023946762085","0.3698510527610779","0.550778865814209","0.4815244972705841","0.799589991569519","10","0.7236178517341614","0.00844303984194994","0.022538647055625916","0.016853461042046547","0.031239036470651627","0.02984229475259781","0.027272962033748627","0.024313926696777344","0.01987481862306595","0.020247971639037132","0.027867838740348816","0.02588503621518612","0.2694825530052185","0.26520469784736633","988","20","500","0.24593603610992432","194312","4249","0.011280879378318787","0.6839166879653931","0.6839166879653931","0","0.6646069884300232","0.6839166879653931","0.3160833418369293","17.08489227294922","1.1991926431655884","0.04847748205065727","1.580636739730835","ssl_emnist_digits_conv","141","OK"
"2026-03-27 10:26:22","8.8min","e9a2253817be4b49a6e2a6caa0ea935e","ssl_emnist_digits_conv_trial_0378","LOCAL","src/cli.py","thallybu","FINISHED","False","None","threshold","0.6922116920036329","250","True","ShallowConvAutoencoder","[16, 32]","[1, 28, 28]","2048","1e-06","0","EMNIST","0.1319879260124586","digits","True","784","True","None","1","0.6922116920036329","3","4","0.1319879260124586","0.001381839884082347","6","0.24072827363719862","2","1","1.4378386846644275","0","0.028450708208185856","2","L","(224, 224)","1e-06","0.001381839884082347","5","6","None","None","10","4","False","0.24072827363719862","L","random","None","2","50","1.4378386846644275","fixed_k","True","1.0","/data/thallybu/datasets/EMNIST","42","10","[0.9, 0.1]","0.028450708208185856","0.1","False","True","True","2","10","0.033613286912441254","1215.391357421875","0.450860857963562","0.22301775217056274","0.32842764258384705","0.25742748379707336","0.5014415383338928","0.5552781820297241","0.47948065400123596","0.6719173789024353","0.40873923897743225","0.5719641447067261","0.5593827366828918","0.8022501468658447","10","0.6922116875648499","0.0036690121050924063","0.02641463279724121","0.015320283360779285","0.04277427867054939","0.045013148337602615","0.03693980351090431","0.050925709307193756","0.03342754393815994","0.03182559832930565","0.04102466255426407","0.053085047751665115","0.40771719813346863","0.35398197174072266","16462","20","500","0.37675073742866516","144457","2280","0.019205819815397263","0.6833333373069763","0.6833333373069763","0","0.6452859044075012","0.6833333373069763","0.3166666626930237","14.88112735748291","0.9394484758377075","0.045168451964855194","0.8859733939170837","ssl_emnist_digits_conv","378","OK"
"2026-03-27 08:57:21","9.5min","f2db932d8bd845689e13955d3f98d73f","ssl_emnist_digits_conv_trial_0344","LOCAL","src/cli.py","thallybu","FINISHED","False","None","threshold","0.6725640241903935","250","True","ShallowConvAutoencoder","[16, 32]","[1, 28, 28]","2048","1e-06","0","EMNIST","0.12533614317118633","digits","True","784","True","None","1","0.6725640241903935","3","4","0.12533614317118633","0.0020762366555233313","6","0.23681302755143452","2","1","1.4590536838752453","0","0.030470051396805916","0","L","(224, 224)","1e-06","0.0020762366555233313","5","6","None","None","10","4","False","0.23681302755143452","L","random","None","2","50","1.4590536838752453","fixed_k","True","1.0","/data/thallybu/datasets/EMNIST","42","10","[0.9, 0.1]","0.030470051396805916","0.1","False","True","True","0","10","0.02738160826265812","1541.2254638671875","0.4140399396419525","0.21196363866329193","0.3294789791107178","0.2552061378955841","0.44862446188926697","0.44039833545684814","0.7349029779434204","0.7115132212638855","0.3344447612762451","0.44676917791366577","0.48239395022392273","0.699301540851593","10","0.6725640296936035","0.005934021435678005","0.022279219701886177","0.011153090745210648","0.03365619480609894","0.03135668858885765","0.0375196672976017","0.04472819343209267","0.02228754386305809","0.023931443691253662","0.031337443739175797","0.04146379604935646","0.3271518051624298","0.3036079406738281","5422","20","500","0.2997133135795593","167845","2574","0.015020177699625492","0.6829166412353516","0.6829166412353516","0","0.6559494733810425","0.6829166412353516","0.31708332896232605","13.11637020111084","1.0652008056640625","0.035620033740997314","1.3028773069381714","ssl_emnist_digits_conv","344","OK"
"2026-03-27 12:08:20","8.2min","070341a0c3c3431581173ca8ff79911f","ssl_emnist_digits_conv_trial_0400","LOCAL","src/cli.py","thallybu","FINISHED","False","None","threshold","0.6813872348506563","500","True","ShallowConvAutoencoder","[16, 32]","[1, 28, 28]","2048","1e-06","0","EMNIST","0.05341346098961764","digits","True","784","True","None","1","0.6813872348506563","4","4","0.05341346098961764","0.0016827432724511925","6","0.21892807124234034","2","1","1.3957279890271523","0","0.03578470487708013","3","L","(224, 224)","1e-06","0.0016827432724511925","5","6","None","None","10","4","False","0.21892807124234034","L","random","None","2","50","1.3957279890271523","fixed_k","True","1.0","/data/thallybu/datasets/EMNIST","42","10","[0.9, 0.1]","0.03578470487708013","0.1","False","True","True","3","10","0.030276073142886162","1241.343994140625","0.4353843331336975","0.20558582246303558","0.3409489691257477","0.29766878485679626","0.4730839431285858","0.45426812767982483","0.4735789895057678","0.6520952582359314","0.3850354552268982","0.6231845617294312","0.5529989004135132","0.7822030782699585","10","0.6813872456550598","0.003943819552659988","0.027285706251859665","0.016442298889160156","0.04020204395055771","0.03897980600595474","0.03590188920497894","0.04913153871893883","0.03141320124268532","0.035597071051597595","0.038882359862327576","0.03737153857946396","0.38355711102485657","0.33378297090530396","21366","20","500","0.351207435131073","152095","1746","0.021777519956231117","0.6822500228881836","0.6822500228881836","0","0.6584664583206177","0.6822500228881836","0.3177500069141388","15.103179931640625","1.0432021617889404","0.055254705250263214","1.2086814641952515","ssl_emnist_digits_conv","400","OK"
"2026-03-27 07:15:04","7.6min","6d5a85e070204c50bdf0ada026a2a966","ssl_emnist_digits_conv_trial_0294","LOCAL","src/cli.py","thallybu","FINISHED","False","None","threshold","0.7905408420002901","250","True","ShallowConvAutoencoder","[8]","[1, 28, 28]","2048","1e-06","0","EMNIST","0.1270319781783667","digits","True","784","True","None","1","0.7905408420002901","3","1","0.1270319781783667","0.0019879915762969595","7","0.2044544538973352","3","1","1.4681020138306915","0","0.025847240876452442","2","L","(224, 224)","1e-06","0.0019879915762969595","5","7","None","None","10","4","False","0.2044544538973352","L","random","None","3","50","1.4681020138306915","fixed_k","True","1.0","/data/thallybu/datasets/EMNIST","42","10","[0.9, 0.1]","0.025847240876452442","0.1","False","True","True","2","10","0.05016859248280525","1311.8876953125","0.6152291297912598","0.17268873751163483","0.5533719062805176","0.43531498312950134","0.6664236187934875","0.6764240860939026","0.6910006403923035","0.602925717830658","0.6530563235282898","0.6811422109603882","0.6824232339859009","0.6560988426208496","10","0.7905408143997192","0.00404037069529295","0.05334629490971565","0.029265640303492546","0.06301666796207428","0.06188361346721649","0.0578053742647171","0.05170118436217308","0.0581258088350296","0.04722274839878082","0.05764912813901901","0.043089818209409714","0.5432563424110413","0.5297710299491882","2077","30","500","0.5231062173843384","140269","3344","0.005852635484188795","0.6822500228881836","0.6822500228881836","0","0.680492103099823","0.6822500228881836","0.3177500069141388","4.288946151733398","0.870891273021698","0.12693074345588684","0.40854355692863464","ssl_emnist_digits_conv","294","OK"
"2026-03-27 08:30:43","9.2min","0b185fd7c00e4b729368a2927c4150cd","ssl_emnist_digits_conv_trial_0338","LOCAL","src/cli.py","thallybu","FINISHED","False","None","threshold","0.7783477435883854","250","True","ShallowConvAutoencoder","[16, 32]","[1, 28, 28]","2048","1e-06","0","EMNIST","0.12206398961375454","digits","True","784","True","None","1","0.7783477435883854","3","4","0.12206398961375454","0.0015424553970949655","7","0.14133129360268806","2","1","1.4435700070096449","0","0.020099373437568895","2","L","(224, 224)","1e-06","0.0015424553970949655","5","7","None","None","10","4","False","0.14133129360268806","L","random","None","2","50","1.4435700070096449","fixed_k","True","1.0","/data/thallybu/datasets/EMNIST","42","10","[0.9, 0.1]","0.020099373437568895","0.1","False","True","True","2","10","0.03385119512677193","1577.96923828125","0.5588573813438416","0.23475854098796844","0.7907564043998718","0.2689575254917145","0.6255766153335571","0.6530172824859619","0.5807137489318848","0.6678736209869385","0.40955203771591187","0.7055922746658325","0.5891538858413696","0.7028007507324219","10","0.7783477306365967","0.003895013127475977","0.044851481914520264","0.012182548642158508","0.040408600121736526","0.0409734733402729","0.04017508029937744","0.046263061463832855","0.0271567702293396","0.03808870166540146","0.036568593233823776","0.0329657718539238","0.3905670940876007","0.3187923729419708","13966","20","500","0.35963404178619385","180293","1758","0.022253738716244698","0.6821249723434448","0.6821249723434448","0","0.6621623039245605","0.6821249723434448","0.3178749978542328","9.32114028930664","0.9143365621566772","0.05152411386370659","0.7469530701637268","ssl_emnist_digits_conv","338","OK"
"2026-03-27 03:38:11","8.5min","f42af085cce7459f87924bcac888eff9","ssl_emnist_digits_conv_trial_0228","LOCAL","src/cli.py","thallybu","FINISHED","False","None","threshold","0.7612180698436313","250","True","ShallowConvAutoencoder","[16, 32]","[1, 28, 28]","2048","1e-06","0","EMNIST","0.1195461545545123","digits","True","784","True","None","1","0.7612180698436313","3","4","0.1195461545545123","0.0016618310330128675","6","0.23628746992810204","2","1","1.412234553059777","0","0.022389482165734546","2","L","(224, 224)","1e-06","0.0016618310330128675","5","6","None","None","10","4","False","0.23628746992810204","L","random","None","2","50","1.412234553059777","fixed_k","True","1.0","/data/thallybu/datasets/EMNIST","42","10","[0.9, 0.1]","0.022389482165734546","0.1","False","True","True","2","10","0.023750314489006996","1680.441162109375","0.5302218198776245","0.22613468766212463","0.5235231518745422","0.4564397633075714","0.5377428531646729","0.5324978828430176","0.6047365069389343","0.743866503238678","0.42834606766700745","0.5523338913917542","0.5761218070983887","0.765818178653717","10","0.7612180709838867","0.005298640578985214","0.023449480533599854","0.020101485773921013","0.0376761369407177","0.037064582109451294","0.036928996443748474","0.04833999276161194","0.026030564680695534","0.02575698308646679","0.0345369316637516","0.029109550639986992","0.34808820486068726","0.31631121039390564","6113","20","500","0.3189946413040161","183263","2082","0.01818288117647171","0.6819583177566528","0.6819583177566528","0","0.6721327304840088","0.6819583177566528","0.3180416524410248","13.895478248596191","1.056594729423523","0.054740358144044876","1.140427589416504","ssl_emnist_digits_conv","228","OK"
"2026-03-27 03:39:06","8.8min","da5a8858389d4202a3f8e4d0c0d5966e","ssl_emnist_digits_conv_trial_0229","LOCAL","src/cli.py","thallybu","FINISHED","False","None","threshold","0.77074850479783","250","True","ShallowConvAutoencoder","[16, 32]","[1, 28, 28]","2048","1e-06","0","EMNIST","0.1168426554117747","digits","True","784","True","None","1","0.77074850479783","3","4","0.1168426554117747","0.001602986147821964","6","0.24213865833142387","2","1","1.4146219373161144","0","0.022620346543992954","2","L","(224, 224)","1e-06","0.001602986147821964","5","6","None","None","10","4","False","0.24213865833142387","L","random","None","2","50","1.4146219373161144","fixed_k","True","1.0","/data/thallybu/datasets/EMNIST","42","10","[0.9, 0.1]","0.022620346543992954","0.1","False","True","True","2","10","0.022567173466086388","1768.6468505859375","0.5241408348083496","0.22419686615467072","0.5130717754364014","0.4435630142688751","0.5133152604103088","0.5083688497543335","0.5810683965682983","0.718671977519989","0.4642329216003418","0.553904116153717","0.5480110049247742","0.8047465682029724","10","0.770748496055603","0.005316590424627066","0.026500515639781952","0.019906802102923393","0.03614652156829834","0.03406401723623276","0.03317726030945778","0.04522712901234627","0.026977192610502243","0.024807175621390343","0.03325065225362778","0.03511648625135422","0.3446192443370819","0.3106875717639923","4814","20","500","0.3151736855506897","191285","1962","0.018664542585611343","0.6817916631698608","0.6817916631698608","0","0.6661260724067688","0.6817916631698608","0.31820833683013916","11.510968208312988","1.0679761171340942","0.0592707023024559","1.1754220724105835","ssl_emnist_digits_conv","229","OK"
"2026-03-27 00:00:30","12.1min","1824573c3f954e4ab9aa05366a0f5135","ssl_emnist_digits_conv_trial_0173","LOCAL","src/cli.py","thallybu","FINISHED","False","None","threshold","0.7170153562950271","50","True","ShallowConvAutoencoder","[16, 32]","[1, 28, 28]","2048","1e-06","0","EMNIST","0.10148617633056649","digits","True","784","True","None","1","0.7170153562950271","1","4","0.10148617633056649","0.001997445481989919","8","0.24203277984453198","2","1","1.4215788796302415","0","0.021408854921322024","1","L","(224, 224)","1e-06","0.001997445481989919","5","8","None","None","10","4","False","0.24203277984453198","L","random","None","2","50","1.4215788796302415","fixed_k","True","1.0","/data/thallybu/datasets/EMNIST","42","10","[0.9, 0.1]","0.021408854921322024","0.1","False","True","True","1","13","0.013417679816484451","1772.9609375","0.4541199803352356","0.22263139486312866","0.4275307357311249","0.37406501173973083","0.4415532648563385","0.47499677538871765","0.4962065815925598","0.6138368248939514","0.3274962604045868","0.4169899523258209","0.48318877816200256","0.7209255695343018","10","0.7170153856277466","0.008412769064307213","0.015573324635624886","0.013700634241104126","0.028849760070443153","0.025199973955750465","0.02372058480978012","0.024026434868574142","0.015409800224006176","0.013901208527386189","0.02356657199561596","0.019530976191163063","0.22846849262714386","0.21961258351802826","1852","20","500","0.2034793347120285","188778","3133","0.013328921981155872","0.6812083125114441","0.6812083125114441","0","0.656232476234436","0.6812083125114441","0.3187916576862335","20.50198745727539","1.181652307510376","0.0634344294667244","1.5279810428619385","ssl_emnist_digits_conv","173","OK"
"2026-03-26 22:22:12","14.7min","c5f957860b394c80813eb152bff1582b","ssl_emnist_digits_conv_trial_0137","LOCAL","src/cli.py","thallybu","FINISHED","False","None","threshold","0.6940357544567327","250","True","ShallowConvAutoencoder","[16, 32]","[1, 28, 28]","2048","1e-06","0","EMNIST","0.09737071618919592","digits","True","784","True","None","1","0.6940357544567327","3","4","0.09737071618919592","0.0018640039060961833","6","0.24504341955336906","2","1","1.4329940545737843","0","0.028077432685447767","1","L","(224, 224)","1e-06","0.0018640039060961833","5","6","None","None","10","4","False","0.24504341955336906","L","random","None","2","50","1.4329940545737843","fixed_k","True","1.0","/data/thallybu/datasets/EMNIST","42","10","[0.9, 0.1]","0.028077432685447767","0.1","False","True","True","1","15","0.020098019391298294","1769.95166015625","0.4269062578678131","0.20931193232536316","0.41541537642478943","0.39530423283576965","0.4301951229572296","0.4584043025970459","0.46012815833091736","0.4376080632209778","0.3337169289588928","0.5063523054122925","0.4444657564163208","0.6060128808021545","10","0.6940357685089111","0.00810527615249157","0.024255620315670967","0.017382748425006866","0.03063085861504078","0.029264355078339577","0.02635989896953106","0.025142572820186615","0.01970016583800316","0.02022324688732624","0.027737855911254883","0.04912344366312027","0.29332274198532104","0.2955873906612396","1335","20","500","0.26982077956199646","187950","4189","0.010471805930137634","0.6796249747276306","0.6796249747276306","0","0.6555015444755554","0.6796249747276306","0.320374995470047","17.94341468811035","1.3339816331863403","0.0514087900519371","1.8110984563827515","ssl_emnist_digits_conv","137","OK"
"2026-03-27 06:19:40","9.3min","3a4bacdf24d844588bafd19c8ebf1fb1","ssl_emnist_digits_conv_trial_0263","LOCAL","src/cli.py","thallybu","FINISHED","False","None","threshold","0.6620609070346585","25","True","ShallowConvAutoencoder","[16, 32]","[1, 28, 28]","2048","1e-06","0","EMNIST","0.13243675201497243","digits","True","784","True","None","1","0.6620609070346585","0","4","0.13243675201497243","0.0013882675757111345","6","0.22357352562126553","2","1","1.4178636545255692","0","0.02686146829624169","2","L","(224, 224)","1e-06","0.0013882675757111345","5","6","None","None","10","4","False","0.22357352562126553","L","random","None","2","50","1.4178636545255692","fixed_k","True","1.0","/data/thallybu/datasets/EMNIST","42","10","[0.9, 0.1]","0.02686146829624169","0.1","False","True","True","2","10","0.03406713530421257","1094.09033203125","0.41422030329704285","0.21079124510288239","0.3118532598018646","0.23135371506214142","0.5563707947731018","0.5446797609329224","0.4579768180847168","0.616967499256134","0.3835502862930298","0.49204757809638977","0.5641564726829529","0.747930645942688","10","0.6620609164237976","0.0036070942878723145","0.026265790686011314","0.015155840665102005","0.048847299069166183","0.04559923708438873","0.03579660505056381","0.04906034469604492","0.030802011489868164","0.029482299461960793","0.042269159108400345","0.04657583683729172","0.4000564515590668","0.34057140350341797","13757","20","500","0.3698543608188629","128924","2394","0.01897856965661049","0.6769166588783264","0.6769166588783264","0","0.6543295979499817","0.6769166588783264","0.3230833411216736","10.929648399353027","0.9323766231536865","0.03920340910553932","0.8664274215698242","ssl_emnist_digits_conv","263","OK"
"2026-03-26 17:53:04","30.2min","fcdeff53d3a14d3095dddfffe7f8c0df","ssl_emnist_digits_conv_trial_0101","LOCAL","src/cli.py","thallybu","FINISHED","False","None","threshold","0.873980326160557","250","True","ShallowConvAutoencoder","[16, 32]","[1, 28, 28]","2048","1e-06","0","EMNIST","0.12141034065073165","digits","True","784","True","None","1","0.873980326160557","3","4","0.12141034065073165","0.002783226217004195","4","0.24235614451466672","2","0","1.5548735081053882","0","0.010093874767425157","0","L","(224, 224)","1e-06","0.002783226217004195","5","4","None","None","10","4","False","0.24235614451466672","L","random","None","2","25","1.5548735081053882","fixed_k","True","1.0","/data/thallybu/datasets/EMNIST","42","10","[0.9, 0.1]","0.010093874767425157","0.1","False","True","True","0","25","0.015203340910375118","1992.7255859375","0.5871962904930115","0.24640434980392456","0.4201556146144867","0.30629655718803406","0.5818791389465332","0.6752467751502991","0.6239524483680725","0.6953402161598206","0.47559648752212524","0.5498167276382446","0.7050918936729431","0.7449789047241211","10","0.8739803433418274","0.009403899312019348","0.022542862221598625","0.011101405136287212","0.039599400013685226","0.03335707262158394","0.027994494885206223","0.03218548744916916","0.028009634464979172","0.023882292211055756","0.03217272087931633","0.04233325272798538","0.31202641129493713","0.30590564012527466","214","20","250","0.29317861795425415","210631","3095","0.005759259685873985","0.6752499938011169","0.6752499938011169","0","0.6746428608894348","0.6752499938011169","0.32475000619888306","11.818023681640625","1.0568914413452148","0.02751331776380539","1.090599775314331","ssl_emnist_digits_conv","101","OK"
"2026-03-27 06:21:23","8.4min","0ef87b8a516948bba0a585350fd65013","ssl_emnist_digits_conv_trial_0265","LOCAL","src/cli.py","thallybu","FINISHED","False","None","threshold","0.6638980361827801","250","True","ShallowConvAutoencoder","[16, 32]","[1, 28, 28]","2048","1e-06","0","EMNIST","0.12654278518565862","digits","True","784","True","None","1","0.6638980361827801","3","4","0.12654278518565862","0.0014175396520550133","6","0.22003294407451","2","1","1.4159005714654689","0","0.023022787645296194","2","L","(224, 224)","1e-06","0.0014175396520550133","5","6","None","None","10","4","False","0.22003294407451","L","random","None","2","50","1.4159005714654689","fixed_k","True","1.0","/data/thallybu/datasets/EMNIST","42","10","[0.9, 0.1]","0.023022787645296194","0.1","False","True","True","2","10","0.029447980225086212","1187.666015625","0.4122925102710724","0.2059299796819687","0.31630972027778625","0.2268095314502716","0.5450505614280701","0.4460359215736389","0.4893129765987396","0.6733784675598145","0.38953858613967896","0.5005986094474792","0.5112000703811646","0.6025598645210266","10","0.6638980507850647","0.0038058068603277206","0.02484261244535446","0.014308539219200611","0.04764333739876747","0.03569167107343674","0.03725117817521095","0.04931018874049187","0.0290560033172369","0.029971707612276077","0.03863976523280144","0.03363076597452164","0.3710707426071167","0.3179319202899933","14996","20","500","0.3403457999229431","140061","2237","0.020439716055989265","0.674833357334137","0.674833357334137","0","0.6643978357315063","0.674833357334137","0.3251666724681854","15.877349853515625","0.9684238433837891","0.032335177063941956","0.9413233399391174","ssl_emnist_digits_conv","265","OK"
"2026-03-27 11:52:43","8.1min","57e2b5ef05a442d2af508a5bcf6727f3","ssl_emnist_digits_conv_trial_0397","LOCAL","src/cli.py","thallybu","FINISHED","False","None","threshold","0.6863803445273896","250","True","ShallowConvAutoencoder","[16, 32]","[1, 28, 28]","2048","1e-06","0","EMNIST","0.06463603698946858","digits","True","784","True","None","1","0.6863803445273896","3","4","0.06463603698946858","0.004017324975657241","6","0.22455793735432342","2","1","1.3769587796762912","0","0.026450398778883336","3","L","(224, 224)","1e-06","0.004017324975657241","5","6","None","None","10","4","False","0.22455793735432342","L","random","None","2","50","1.3769587796762912","fixed_k","True","1.0","/data/thallybu/datasets/EMNIST","42","10","[0.9, 0.1]","0.026450398778883336","0.1","False","True","True","3","10","0.018691152334213257","1545.904052734375","0.42531999945640564","0.1994699090719223","0.3737505078315735","0.31635162234306335","0.45200034976005554","0.44243791699409485","0.5279451012611389","0.4469187557697296","0.3632359802722931","0.48596611618995667","0.47739458084106445","0.6167680621147156","10","0.6863803267478943","0.008885388262569904","0.02714698575437069","0.013771671801805496","0.030932126566767693","0.030460024252533913","0.03331710770726204","0.02807335928082466","0.025091830641031265","0.019785890355706215","0.029400372877717018","0.024003028869628906","0.2862508296966553","0.27650344371795654","7402","20","500","0.26198241114616394","170328","2057","0.011185764335095882","0.6739583611488342","0.6739583611488342","0","0.6709005832672119","0.6739583611488342","0.32604166865348816","16.408855438232422","1.122405767440796","0.034916095435619354","1.3882246017456055","ssl_emnist_digits_conv","397","OK"
"2026-03-26 13:54:37","55.5min","91de055ef6b3483089f1433088156a32","ssl_emnist_digits_conv_trial_0017","LOCAL","src/cli.py","thallybu","FINISHED","False","None","threshold","0.6612631748706904","100","True","ShallowConvAutoencoder","[16, 32]","[1, 28, 28]","2048","1e-06","0","EMNIST","0.02134468011899761","digits","True","784","True","None","1","0.6612631748706904","2","4","0.02134468011899761","5.471856135846759e-05","15","0.22452704687792385","4","2","1.2836979834866","1","0.05184011808553754","1","L","(224, 224)","1e-06","5.471856135846759e-05","5","15","None","None","10","4","False","0.22452704687792385","L","random","None","4","100","1.2836979834866","threshold","True","1.0","/data/thallybu/datasets/EMNIST","42","10","[0.9, 0.1]","0.05184011808553754","0.1","False","True","True","1","71","0.0660114586353302","835.1176147460938","0.4953755736351013","0.14775171875953674","0.48492464423179626","0.3574303686618805","0.5516453981399536","0.5340875387191772","0.5526725649833679","0.5554425120353699","0.5175166726112366","0.5051737427711487","0.6022388339042664","0.5170947909355164","10","0.6612631678581238","0.0019253396894782782","0.050629712641239166","0.027496876195073128","0.05651211738586426","0.05141572654247284","0.04912962391972542","0.048253171145915985","0.04605189710855484","0.03975820168852806","0.05384541675448418","0.04217101261019707","0.4862498641014099","0.48193246126174927","20","40","0","0.4652637839317322","88306","0","0.004239371977746487","0.6737916469573975","0.6737916469573975","0","0.6733256578445435","0.6737916469573975","0.32620832324028015","4.743886470794678","0.863948404788971","0.10394349694252014","0.4048226773738861","ssl_emnist_digits_conv","17","OK"
"2026-03-26 23:59:31","11.0min","f2a883d387a943b48441326d233b4e6d","ssl_emnist_digits_conv_trial_0172","LOCAL","src/cli.py","thallybu","FINISHED","False","None","threshold","0.720470941899431","50","True","ShallowConvAutoencoder","[16, 32]","[1, 28, 28]","2048","1e-06","0","EMNIST","0.10167230898131209","digits","True","784","True","None","1","0.720470941899431","1","4","0.10167230898131209","0.001971064530578696","6","0.2407596353730286","2","1","1.4228440556385231","0","0.01900803058075124","1","L","(224, 224)","1e-06","0.001971064530578696","5","6","None","None","10","4","False","0.2407596353730286","L","random","None","2","50","1.4228440556385231","fixed_k","True","1.0","/data/thallybu/datasets/EMNIST","42","10","[0.9, 0.1]","0.01900803058075124","0.1","False","True","True","1","12","0.016473885625600815","1817.9647216796875","0.47034135460853577","0.2226947546005249","0.4824881851673126","0.4318000376224518","0.4632987678050995","0.5067446827888489","0.5466099381446838","0.44562897086143494","0.36366719007492065","0.5395472049713135","0.45627838373184204","0.8105465173721313","10","0.7204709649085999","0.007306989748030901","0.022809846326708794","0.018428834155201912","0.03217963129281998","0.03244337439537048","0.02966484986245632","0.025314921513199806","0.021330254152417183","0.021139930933713913","0.027719737961888313","0.02541184052824974","0.2802887260913849","0.2769397497177124","1464","20","500","0.25644320249557495","193162","3199","0.012572280131280422","0.6729999780654907","0.6729999780654907","0","0.655329167842865","0.6729999780654907","0.3269999921321869","17.111501693725586","1.1557879447937012","0.04483721777796745","1.4419653415679932","ssl_emnist_digits_conv","172","OK"
"2026-03-27 09:43:59","9.0min","9c91166514bc457399e64de5c5a61efe","ssl_emnist_digits_conv_trial_0353","LOCAL","src/cli.py","thallybu","FINISHED","False","None","threshold","0.6628033870434716","250","True","ShallowConvAutoencoder","[16, 32]","[1, 28, 28]","2048","1e-06","0","EMNIST","0.1367068179981302","digits","True","784","True","None","1","0.6628033870434716","3","4","0.1367068179981302","0.0025656107322533225","9","0.2210206291895179","2","2","1.4297765029132377","1","0.031647933779043305","2","L","(224, 224)","1e-06","0.0025656107322533225","5","9","None","None","10","4","False","0.2210206291895179","L","random","None","2","100","1.4297765029132377","threshold","True","1.0","/data/thallybu/datasets/EMNIST","42","10","[0.9, 0.1]","0.031647933779043305","0.1","False","True","True","2","10","0.0204619187861681","1422.0587158203125","0.453788697719574","0.20946858823299408","0.29783740639686584","0.31480464339256287","0.4825887680053711","0.5097660422325134","0.4406272768974304","0.4891980290412903","0.5716556310653687","0.43987035751342773","0.7892407774925232","0.7527347207069397","10","0.6628034114837646","0.006192795932292938","0.02065921202301979","0.007507754489779472","0.0313214436173439","0.030765261501073837","0.024778759106993675","0.03448236733675003","0.03138260543346405","0.01668846234679222","0.05259450897574425","0.03237104043364525","0.30866363644599915","0.2777063548564911","9755","20","0","0.28255143761634827","160099","0","0.01539688091725111","0.6728333234786987","0.6728333234786987","0","0.6414658427238464","0.6728333234786987","0.32716667652130127","22.624937057495117","1.0737097263336182","0.058912891894578934","1.3991671800613403","ssl_emnist_digits_conv","353","OK"
"2026-03-27 09:44:54","8.7min","50261ccaadd4491daa087edff3049ab7","ssl_emnist_digits_conv_trial_0354","LOCAL","src/cli.py","thallybu","FINISHED","False","None","threshold","0.6655474384708912","25","True","ShallowConvAutoencoder","[16, 32]","[1, 28, 28]","2048","1e-06","0","EMNIST","0.1357069503528885","digits","True","784","True","None","1","0.6655474384708912","0","4","0.1357069503528885","0.0026867006988231415","6","0.22786248496945194","2","2","1.3939631123642342","1","0.08203929774270148","2","L","(224, 224)","1e-06","0.0026867006988231415","5","6","None","None","10","4","False","0.22786248496945194","L","random","None","2","100","1.3939631123642342","threshold","True","1.0","/data/thallybu/datasets/EMNIST","42","10","[0.9, 0.1]","0.08203929774270148","0.1","False","True","True","2","10","0.032910656183958054","1254.094482421875","0.44256606698036194","0.21312139928340912","0.4047929048538208","0.22898398339748383","0.5315431356430054","0.5047070980072021","0.48712748289108276","0.6865867972373962","0.3777061402797699","0.519705057144165","0.51436847448349","0.7533762454986572","10","0.6655474305152893","0.006053808145225048","0.030030176043510437","0.013076242059469223","0.042750872671604156","0.038714729249477386","0.03985707461833954","0.04938160628080368","0.027910949662327766","0.0305714700371027","0.03780313581228256","0.03825221210718155","0.3782070279121399","0.3355505168437958","12264","20","0","0.3483484387397766","144850","0","0.01630559004843235","0.671708345413208","0.671708345413208","0","0.6450942754745483","0.671708345413208","0.328291654586792","17.997785568237305","0.9713181257247925","0.04072609916329384","0.9199805855751038","ssl_emnist_digits_conv","354","OK"
"2026-03-27 08:31:49","8.2min","35ed34a975b340b98d451464fcb25f2f","ssl_emnist_digits_conv_trial_0341","LOCAL","src/cli.py","thallybu","FINISHED","False","None","fixed_k","0.6759609858723664","250","True","ShallowConvAutoencoder","[16, 32]","[1, 28, 28]","2048","1e-06","0","EMNIST","0.1352102554185838","digits","True","784","True","None","0","0.6759609858723664","3","4","0.1352102554185838","0.0013696474179329455","7","0.21819333210391423","2","1","1.4045468125898313","1","0.017934641431940793","2","L","(224, 224)","1e-06","0.0013696474179329455","5","7","None","None","10","4","False","0.21819333210391423","L","random","None","2","50","1.4045468125898313","threshold","True","1.0","/data/thallybu/datasets/EMNIST","42","10","[0.9, 0.1]","0.017934641431940793","0.1","False","True","True","2","10","0.04480902478098869","165.69244384765625","0.3353748321533203","0.12232574820518494","0.3496582508087158","0.10128545761108398","0.3481962978839874","0.3468547761440277","0.38036736845970154","0.4256795644760132","0.2818286716938019","0.3210657238960266","0.4755067527294159","0.32330557703971863","10","","0.0020796721801161766","0.03122839890420437","0.007135896477848291","0.042176153510808945","0.03506512939929962","0.03973717242479324","0.03940564766526222","0.02769319713115692","0.02501099929213524","0.04157429188489914","0.0278983972966671","0.33354637026786804","0.33392590284347534","2500","20","0","0.3169252276420593","20020","0","0.004764464218169451","0.671625018119812","0.671625018119812","0","0.6805669069290161","0.671625018119812","0.328374981880188","6.011117935180664","0.8598537445068359","0.03311964496970177","0.4041362702846527","ssl_emnist_digits_conv","341","OK"
"2026-03-26 15:47:31","10.4min","321810526c264c8c85f0c2265266371b","ssl_emnist_digits_conv_trial_0059","LOCAL","src/cli.py","thallybu","FINISHED","False","None","fixed_k","0.620576950466345","500","True","ShallowConvAutoencoder","[16, 32]","[1, 28, 28]","2048","1e-06","0","EMNIST","0.042637011791618155","digits","True","784","True","None","0","0.620576950466345","4","4","0.042637011791618155","0.00016849727937199717","32","0.16928796659148176","5","2","1.209549414589383","1","0.10095380955709564","4","L","(224, 224)","1e-06","0.00016849727937199717","5","32","None","None","10","4","False","0.16928796659148176","L","random","None","5","100","1.209549414589383","threshold","True","1.0","/data/thallybu/datasets/EMNIST","42","10","[0.9, 0.1]","0.10095380955709564","0.1","False","True","True","4","14","0.06307881325483322","473.3493347167969","0.4405059218406677","0.14376644790172577","0.3736860752105713","0.15187494456768036","0.5304182767868042","0.4628104269504547","0.5153175592422485","0.5519675016403198","0.41180768609046936","0.423017680644989","0.5211929678916931","0.4629659950733185","10","","0.0025216417852789164","0.039940256625413895","0.011847522109746933","0.055242665112018585","0.04603197053074837","0.04685625061392784","0.049231790006160736","0.03858640044927597","0.0330110527575016","0.048108551651239395","0.039978623390197754","0.43411892652511597","0.4357752501964569","5000","50","0","0.40883511304855347","55050","0","0.01208368968218565","0.6712916493415833","0.6712916493415833","0","0.6717313528060913","0.6712916493415833","0.32870832085609436","5.0062689781188965","0.8653604984283447","0.04154113307595253","0.4049685299396515","ssl_emnist_digits_conv","59","OK"
"2026-03-27 10:17:28","8.9min","d5875c1272564602ab9fdf42b2c7d69c","ssl_emnist_digits_conv_trial_0374","LOCAL","src/cli.py","thallybu","FINISHED","False","None","threshold","0.7121951590726354","250","True","ShallowConvAutoencoder","[16, 32]","[1, 28, 28]","2048","1e-06","0","EMNIST","0.13273186583002988","digits","True","784","True","None","1","0.7121951590726354","3","4","0.13273186583002988","0.0012489902684648744","6","0.2297088179691281","2","1","1.306251874650337","0","0.03209925945572785","2","L","(224, 224)","1e-06","0.0012489902684648744","5","6","None","None","10","4","False","0.2297088179691281","L","random","None","2","50","1.306251874650337","fixed_k","True","1.0","/data/thallybu/datasets/EMNIST","42","10","[0.9, 0.1]","0.03209925945572785","0.1","False","True","True","2","10","0.034863945096731186","1275.2071533203125","0.4926355183124542","0.22438299655914307","0.3443165421485901","0.31763628125190735","0.5272997617721558","0.6065678596496582","0.5097376704216003","0.6756414175033569","0.4905048906803131","0.7056178450584412","0.6433047652244568","0.725422739982605","10","0.7121951580047607","0.0033636633306741714","0.03119138814508915","0.01941286213696003","0.04592336714267731","0.05109831690788269","0.04001006856560707","0.052364327013492584","0.04063326120376587","0.038641925901174545","0.04434271529316902","0.03510395437479019","0.4295024573802948","0.36727458238601685","13321","20","500","0.3987220823764801","147630","2346","0.01940811797976494","0.6709166765213013","0.6709166765213013","0","0.6657538414001465","0.6709166765213013","0.32908332347869873","15.603592872619629","1.0232793092727661","0.06174493581056595","1.0870503187179565","ssl_emnist_digits_conv","374","OK"
"2026-03-27 10:07:09","7.7min","4cf5dcbcb53241508de37534570b22a8","ssl_emnist_digits_conv_trial_0366","LOCAL","src/cli.py","thallybu","FINISHED","False","None","threshold","0.6465896155139426","25","True","ShallowConvAutoencoder","[16, 32]","[1, 28, 28]","2048","1e-06","0","EMNIST","0.14448565636444474","digits","True","784","True","None","1","0.6465896155139426","0","4","0.14448565636444474","0.0011976289474256484","7","0.21403722066974157","2","2","1.355878649098626","0","0.018312665940768233","3","L","(224, 224)","1e-06","0.0011976289474256484","5","7","None","None","10","4","False","0.21403722066974157","L","random","None","2","100","1.355878649098626","fixed_k","True","1.0","/data/thallybu/datasets/EMNIST","42","10","[0.9, 0.1]","0.018312665940768233","0.1","False","True","True","3","10","0.03913251310586929","937.9771728515625","0.4732030928134918","0.18839327991008759","0.36615410447120667","0.323378324508667","0.42322033643722534","0.6175965666770935","0.5544038414955139","0.5776273012161255","0.6821327209472656","0.6359657645225525","0.5275994539260864","0.4941931664943695","10","0.6465896368026733","0.00254494184628129","0.035028647631406784","0.018077567219734192","0.040126677602529526","0.05036947876214981","0.0484045036137104","0.04680977016687393","0.04469721019268036","0.039597537368535995","0.044021058827638626","0.03416135907173157","0.4249837100505829","0.3823639452457428","12656","20","1000","0.40129372477531433","110808","4666","0.012769107706844807","0.6709166765213013","0.6709166765213013","0","0.6713902950286865","0.6709166765213013","0.32908332347869873","10.850441932678223","0.8345678448677063","0.07955919206142426","0.5311132073402405","ssl_emnist_digits_conv","366","OK"
"2026-03-27 03:47:53","9.8min","4fc9ea8d19fe4bc5ad359a40580d1241","ssl_emnist_digits_conv_trial_0232","LOCAL","src/cli.py","thallybu","FINISHED","False","None","threshold","0.7150995816090929","250","True","ShallowConvAutoencoder","[16, 32]","[1, 28, 28]","2048","1e-06","0","EMNIST","0.11422155008997964","digits","True","784","True","None","1","0.7150995816090929","3","4","0.11422155008997964","0.0018711576389233585","8","0.24346024329920735","2","1","1.4416658226466357","0","0.021304835793469624","0","L","(224, 224)","1e-06","0.0018711576389233585","5","8","None","None","10","4","False","0.24346024329920735","L","random","None","2","50","1.4416658226466357","fixed_k","True","1.0","/data/thallybu/datasets/EMNIST","42","10","[0.9, 0.1]","0.021304835793469624","0.1","False","True","True","0","10","0.018772905692458153","1558.230224609375","0.4727892279624939","0.2015337496995926","0.5017608404159546","0.30852723121643066","0.45705336332321167","0.4754851162433624","0.48685139417648315","0.5549819469451904","0.4228130877017975","0.3977622091770172","0.5647087097167969","0.6424956321716309","10","0.715099573135376","0.006047461181879044","0.023889530450105667","0.009505615569651127","0.035038333386182785","0.02710338868200779","0.026605568826198578","0.0271846204996109","0.02078774757683277","0.016465220600366592","0.02564873732626438","0.0264698788523674","0.27050480246543884","0.24627715349197388","10157","20","500","0.23869860172271729","174391","2221","0.02118822932243347","0.6701250076293945","0.6701250076293945","0","0.658945620059967","0.6701250076293945","0.32987499237060547","12.375582695007324","1.210282325744629","0.06790591776371002","1.4389885663986206","ssl_emnist_digits_conv","232","OK"
"2026-03-27 03:17:51","8.6min","ad0ea325eb3f414a96c9b6b85406b47d","ssl_emnist_digits_conv_trial_0222","LOCAL","src/cli.py","thallybu","FINISHED","False","None","threshold","0.7552548108597174","250","True","ShallowConvAutoencoder","[16, 32]","[1, 28, 28]","2048","1e-06","0","EMNIST","0.12190576367408594","digits","True","784","True","None","1","0.7552548108597174","3","4","0.12190576367408594","0.001183408644936037","6","0.23769685308493876","2","1","1.3996138587162539","0","0.025374974260536965","2","L","(224, 224)","1e-06","0.001183408644936037","5","6","None","None","10","4","False","0.23769685308493876","L","random","None","2","50","1.3996138587162539","fixed_k","True","1.0","/data/thallybu/datasets/EMNIST","42","10","[0.9, 0.1]","0.025374974260536965","0.1","False","True","True","2","10","0.031403444707393646","1480.1007080078125","0.5313625335693359","0.23229403793811798","0.40104085206985474","0.3720336854457855","0.5532094240188599","0.6599903702735901","0.5490590929985046","0.7567398548126221","0.48228058218955994","0.6380397081375122","0.6596408486366272","0.7890042662620544","10","0.7552548050880432","0.0035539420787245035","0.029582155868411064","0.020887106657028198","0.03994958475232124","0.04758722335100174","0.0389283262193203","0.05401253327727318","0.03566417843103409","0.03656111657619476","0.04485538229346275","0.03535569831728935","0.415758341550827","0.36261385679244995","12051","20","500","0.38338324427604675","168023","2126","0.02135660871863365","0.6695833206176758","0.6695833206176758","0","0.6583138108253479","0.6695833206176758","0.33041664958000183","13.597399711608887","1.0149116516113281","0.07497820258140564","1.0074272155761719","ssl_emnist_digits_conv","222","OK"
"2026-03-26 17:08:08","33.6min","1cc72ffb2f9e4f3c8cbf79fc366d33d5","ssl_emnist_digits_conv_trial_0091","LOCAL","src/cli.py","thallybu","FINISHED","False","None","threshold","0.825480834679064","250","True","ShallowConvAutoencoder","[16, 32]","[1, 28, 28]","2048","1e-06","0","EMNIST","0.14216144770882222","digits","True","784","True","None","1","0.825480834679064","3","4","0.14216144770882222","0.004350266269993892","6","0.09094682146929584","3","0","1.5389047186145501","0","0.03355838208409808","0","L","(224, 224)","1e-06","0.004350266269993892","5","6","None","None","10","4","False","0.09094682146929584","L","random","None","3","25","1.5389047186145501","fixed_k","True","1.0","/data/thallybu/datasets/EMNIST","42","10","[0.9, 0.1]","0.03355838208409808","0.1","False","True","True","0","28","0.018767017871141434","1975.6317138671875","0.5577759742736816","0.22524809837341309","0.6197350025177002","0.3583368957042694","0.4851400852203369","0.5615595579147339","0.504501223564148","0.6370786428451538","0.39137667417526245","0.6369234919548035","0.608424723148346","0.7494878172874451","10","0.8254808187484741","0.012705636210739613","0.03092934750020504","0.005458246450871229","0.03084179013967514","0.0307938065379858","0.024738075211644173","0.01902294158935547","0.020422881469130516","0.01919262669980526","0.027604883536696434","0.01697479747235775","0.24793827533721924","0.24387702345848083","263","30","250","0.22597934305667877","208875","3459","0.007546445354819298","0.6691250205039978","0.6691250205039978","0","0.6465939879417419","0.6691250205039978","0.3308750092983246","14.032262802124023","1.1410212516784668","0.06710948795080185","1.330554723739624","ssl_emnist_digits_conv","91","OK"
"2026-03-27 08:05:32","9.1min","9b79a22699a547fe8d103f1bf1b7a246","ssl_emnist_digits_conv_trial_0325","LOCAL","src/cli.py","thallybu","FINISHED","False","None","threshold","0.728801236118866","250","True","ShallowConvAutoencoder","[8, 16]","[1, 28, 28]","2048","1e-06","0","EMNIST","0.11559307728390128","digits","True","784","True","None","1","0.728801236118866","3","3","0.11559307728390128","0.0010789080955729694","5","0.24172819774061402","2","2","1.4192287072462388","0","0.023877517195119012","2","L","(224, 224)","1e-06","0.0010789080955729694","5","5","None","None","10","4","False","0.24172819774061402","L","random","None","2","100","1.4192287072462388","fixed_k","True","1.0","/data/thallybu/datasets/EMNIST","42","10","[0.9, 0.1]","0.023877517195119012","0.1","False","True","True","2","10","0.06370352953672409","988.1629638671875","0.5263441801071167","0.17267315089702606","0.5480192303657532","0.3234894871711731","0.634926974773407","0.5933414697647095","0.6036297082901001","0.5564023852348328","0.5743352770805359","0.5385246872901917","0.6175823211669922","0.5942929983139038","10","0.7288012504577637","0.001586951082572341","0.05452782288193703","0.02401362732052803","0.06344601511955261","0.05556809529662132","0.05678720027208328","0.04841531068086624","0.053198713809251785","0.04822736606001854","0.05442130193114281","0.04492843523621559","0.5248420238494873","0.5252918004989624","3001","20","1000","0.5035338997840881","106471","6116","0.004322120454162359","0.6677083373069763","0.6677083373069763","0","0.6651816368103027","0.6677083373069763","0.3322916626930237","7.884941101074219","0.8792412281036377","0.09631497412919998","0.4648014307022095","ssl_emnist_digits_conv","325","OK"
"2026-03-27 09:36:07","8.8min","3ae4a65f4f54442f9e8252ef08db7611","ssl_emnist_digits_conv_trial_0350","LOCAL","src/cli.py","thallybu","FINISHED","False","None","threshold","0.6975965812761284","250","True","ShallowConvAutoencoder","[16, 32]","[1, 28, 28]","2048","1e-06","0","EMNIST","0.13498201915277344","digits","True","784","True","None","1","0.6975965812761284","3","4","0.13498201915277344","0.002556744898322961","9","0.21634328316984613","2","2","1.4032470823488932","0","0.03847661560412284","2","L","(224, 224)","1e-06","0.002556744898322961","5","9","None","None","10","4","False","0.21634328316984613","L","random","None","2","100","1.4032470823488932","fixed_k","True","1.0","/data/thallybu/datasets/EMNIST","42","10","[0.9, 0.1]","0.03847661560412284","0.1","False","True","True","2","10","0.0211515873670578","1553.3055419921875","0.4511758089065552","0.19625535607337952","0.30175766348838806","0.3450348973274231","0.4909822940826416","0.45045730471611023","0.45957791805267334","0.6122738718986511","0.45309191942214966","0.4354265630245209","0.8483334183692932","0.6788285374641418","10","0.6975966095924377","0.006532579194754362","0.01945769414305687","0.009262144565582275","0.03121521882712841","0.029817821457982063","0.027149664238095284","0.03732550889253616","0.027303345501422882","0.019734125584363937","0.051373399794101715","0.03448787331581116","0.31434446573257446","0.28806471824645996","9572","20","1000","0.2871268391609192","172785","3968","0.01610906608402729","0.6663333177566528","0.6663333177566528","0","0.6181606650352478","0.6663333177566528","0.3336666524410248","19.561599731445312","1.1033217906951904","0.07760129123926163","1.4377796649932861","ssl_emnist_digits_conv","350","OK"
"2026-03-26 15:43:57","11.0min","589a44b2c2804a568523fa984bd91cbc","ssl_emnist_digits_conv_trial_0058","LOCAL","src/cli.py","thallybu","FINISHED","False","None","fixed_k","0.6160411820679723","500","True","ShallowConvAutoencoder","[16, 32]","[1, 28, 28]","2048","1e-06","0","EMNIST","0.08289366131972857","digits","True","784","True","None","0","0.6160411820679723","4","4","0.08289366131972857","0.0002419741909808446","32","0.208601899636956","5","2","1.2232684329160808","1","0.0741261702141918","4","L","(224, 224)","1e-06","0.0002419741909808446","5","32","None","None","10","4","False","0.208601899636956","L","random","None","5","100","1.2232684329160808","threshold","True","1.0","/data/thallybu/datasets/EMNIST","42","10","[0.9, 0.1]","0.0741261702141918","0.1","False","True","True","4","14","0.06297348439693451","473.37451171875","0.4429401457309723","0.14179933071136475","0.38588181138038635","0.15130198001861572","0.5258554816246033","0.4564173221588135","0.5165327191352844","0.5420634746551514","0.44336721301078796","0.4250190854072571","0.519041121006012","0.46392184495925903","10","","0.0026922926772385836","0.03927184268832207","0.011818216182291508","0.055074065923690796","0.04552454873919487","0.0462690144777298","0.04910470172762871","0.04514087736606598","0.032825153321027756","0.0476338267326355","0.039971839636564255","0.4344707727432251","0.42806053161621094","5000","50","0","0.4126339554786682","55050","0","0.0060080429539084435","0.6653749942779541","0.6653749942779541","0","0.6672365665435791","0.6653749942779541","0.3346250057220459","4.928083896636963","0.8691927194595337","0.0380207858979702","0.40122318267822266","ssl_emnist_digits_conv","58","OK"
"2026-03-27 07:14:18","6.9min","7a33df316d5544409f9815fc7b5f2079","ssl_emnist_digits_conv_trial_0293","LOCAL","src/cli.py","thallybu","FINISHED","False","None","threshold","0.6552480569121647","250","True","ShallowConvAutoencoder","[8]","[1, 28, 28]","2048","1e-06","0","EMNIST","0.12675616798076497","digits","True","784","True","None","1","0.6552480569121647","3","1","0.12675616798076497","0.0018811238390812803","7","0.23469398574177464","3","1","1.328441747555156","0","0.02604597469902461","2","L","(224, 224)","1e-06","0.0018811238390812803","5","7","None","None","10","4","False","0.23469398574177464","L","random","None","3","50","1.328441747555156","fixed_k","True","1.0","/data/thallybu/datasets/EMNIST","42","10","[0.9, 0.1]","0.02604597469902461","0.1","False","True","True","2","10","0.05164415016770363","828.9010620117188","0.4915330410003662","0.14354990422725677","0.4701944887638092","0.3646971583366394","0.551821768283844","0.5587312579154968","0.5655247569084167","0.5093202590942383","0.5248528718948364","0.5302722454071045","0.5510269403457642","0.5205946564674377","10","0.6552480459213257","0.0039741662330925465","0.049491189420223236","0.025969868525862694","0.055368486791849136","0.05480123311281204","0.05282700061798096","0.04607517272233963","0.050264839082956314","0.03912067040801048","0.04940258711576462","0.037638843059539795","0.4811779260635376","0.4716590344905853","1253","30","500","0.46095985174179077","88386","3424","0.00412322161719203","0.6648749709129333","0.6648749709129333","0","0.6619097590446472","0.6648749709129333","0.33512499928474426","4.416012287139893","0.8697251677513123","0.10618370771408081","0.42791447043418884","ssl_emnist_digits_conv","293","OK"
"2026-03-27 03:48:32","10.7min","ce0130becf7c4171804435e5d4d7a9c3","ssl_emnist_digits_conv_trial_0233","LOCAL","src/cli.py","thallybu","FINISHED","False","None","threshold","0.7269685637687233","250","True","ShallowConvAutoencoder","[16, 32]","[1, 28, 28]","2048","1e-06","0","EMNIST","0.11569522121259204","digits","True","784","True","None","1","0.7269685637687233","3","4","0.11569522121259204","0.0019047715541598152","8","0.2327514571100599","2","1","1.4404715072147156","0","0.02107164867211696","0","L","(224, 224)","1e-06","0.0019047715541598152","5","8","None","None","10","4","False","0.2327514571100599","L","random","None","2","50","1.4404715072147156","fixed_k","True","1.0","/data/thallybu/datasets/EMNIST","42","10","[0.9, 0.1]","0.02107164867211696","0.1","False","True","True","0","10","0.017630625516176224","1642.962646484375","0.48336464166641235","0.20926187932491302","0.4623646140098572","0.3097380995750427","0.4823243021965027","0.5295660495758057","0.4936920702457428","0.5803574919700623","0.3990643620491028","0.390593022108078","0.593987762928009","0.5908909440040588","10","0.7269685864448547","0.006573807448148727","0.01892312616109848","0.0088930269703269","0.03332677483558655","0.0276679378002882","0.02555297128856182","0.027364490553736687","0.019734492525458336","0.015549902804195881","0.02609751746058464","0.02195301465690136","0.25467780232429504","0.23741739988327026","5935","20","500","0.22506320476531982","179129","2286","0.018937261775135994","0.6646666526794434","0.6646666526794434","0","0.6485898494720459","0.6646666526794434","0.33533331751823425","13.355128288269043","1.178181767463684","0.07043371349573135","1.3657524585723877","ssl_emnist_digits_conv","233","OK"
"2026-03-26 16:33:57","43.6min","7eb4b0c580384816aeeb8537fd41b950","ssl_emnist_digits_conv_trial_0087","LOCAL","src/cli.py","thallybu","FINISHED","False","None","threshold","0.7674238455787002","250","True","ShallowConvAutoencoder","[16, 32]","[1, 28, 28]","2048","1e-06","0","EMNIST","0.14267750249829803","digits","True","784","True","None","1","0.7674238455787002","3","4","0.14267750249829803","0.0025184467612474467","5","0.22464414818502285","1","0","1.5415532651015527","0","0.01708785629088038","0","L","(224, 224)","1e-06","0.0025184467612474467","5","5","None","None","10","4","False","0.22464414818502285","L","random","None","1","25","1.5415532651015527","fixed_k","True","1.0","/data/thallybu/datasets/EMNIST","42","10","[0.9, 0.1]","0.01708785629088038","0.1","False","True","True","0","28","0.009324231185019016","1857.0299072265625","0.5374080538749695","0.2465323954820633","0.541450560092926","0.42595773935317993","0.4748588502407074","0.6518579125404358","0.5339730978012085","0.48087021708488464","0.43818894028663635","0.5608011484146118","0.6997543573379517","0.6526525020599365","10","0.7674238681793213","0.011114133521914482","0.026717713102698326","0.017136113718152046","0.030168574303388596","0.030813148245215416","0.026549117639660835","0.026771623641252518","0.023760052397847176","0.02330036833882332","0.031897932291030884","0.02163783833384514","0.2789899706840515","0.2793903052806854","345","10","250","0.2587524950504303","196419","4818","0.007028665393590927","0.6642083525657654","0.6642083525657654","0","0.6634886264801025","0.6642083525657654","0.335791677236557","9.878593444824219","0.9715296030044556","0.03559574484825134","0.9270024299621582","ssl_emnist_digits_conv","87","OK"
"2026-03-27 10:49:13","8.5min","833bc9d240034b1dbfcb33784a44e176","ssl_emnist_digits_conv_trial_0389","LOCAL","src/cli.py","thallybu","FINISHED","False","None","threshold","0.6981275302556057","250","True","ShallowConvAutoencoder","[16, 32]","[1, 28, 28]","2048","1e-06","0","EMNIST","0.12647234633042098","digits","True","784","True","None","1","0.6981275302556057","3","4","0.12647234633042098","0.00224690264084659","5","0.23446926877322694","2","1","1.396107671817349","0","0.024888521214553854","2","L","(224, 224)","1e-06","0.00224690264084659","5","5","None","None","10","4","False","0.23446926877322694","L","random","None","2","50","1.396107671817349","fixed_k","True","1.0","/data/thallybu/datasets/EMNIST","42","10","[0.9, 0.1]","0.024888521214553854","0.1","False","True","True","2","10","0.03179221600294113","1505.8492431640625","0.4536769986152649","0.20851851999759674","0.3805023729801178","0.3820098340511322","0.6638655662536621","0.4993506968021393","0.5955694913864136","0.4295966625213623","0.424625962972641","0.5249422788619995","0.7817457914352417","0.5418628454208374","10","0.6981275081634521","0.005070204380899668","0.03025449998676777","0.021349173039197922","0.054733771830797195","0.03877738490700722","0.03550341725349426","0.031550392508506775","0.0302627831697464","0.026356350630521774","0.05551058426499367","0.029445983469486237","0.3814269006252289","0.3423629105091095","8380","20","500","0.35374438762664795","167065","2173","0.015158046036958694","0.6635833382606506","0.6635833382606506","0","0.6409130692481995","0.6635833382606506","0.33641666173934937","10.010684967041016","0.9689117670059204","0.056914474815130234","0.9120177030563354","ssl_emnist_digits_conv","389","OK"
"2026-03-26 15:41:09","11.6min","34cd778609234630b1395e4b8b1cdeac","ssl_emnist_digits_conv_trial_0057","LOCAL","src/cli.py","thallybu","FINISHED","False","None","fixed_k","0.6710444409771948","500","True","ShallowConvAutoencoder","[16, 32]","[1, 28, 28]","2048","1e-06","0","EMNIST","0.13381546196332486","digits","True","784","True","None","0","0.6710444409771948","4","4","0.13381546196332486","0.00023380544810820163","32","0.18596925937317307","5","2","1.1996206352607868","1","0.09532418137228238","4","L","(224, 224)","1e-06","0.00023380544810820163","5","32","None","None","10","4","False","0.18596925937317307","L","random","None","5","100","1.1996206352607868","threshold","True","1.0","/data/thallybu/datasets/EMNIST","42","10","[0.9, 0.1]","0.09532418137228238","0.1","False","True","True","4","14","0.06313978135585785","473.3594055175781","0.44594040513038635","0.14293093979358673","0.3886938989162445","0.15315121412277222","0.526500403881073","0.4615699350833893","0.5127617716789246","0.5472527146339417","0.4614304304122925","0.4265744090080261","0.519870400428772","0.4615991711616516","10","","0.002861851127818227","0.03991926461458206","0.012462736107409","0.05554231256246567","0.046745430678129196","0.046529680490493774","0.050006747245788574","0.047485459595918655","0.03370406851172447","0.04894431307911873","0.03993435949087143","0.44226372241973877","0.43819573521614075","5000","50","0","0.4212743043899536","55050","0","0.006385440472513437","0.6632916927337646","0.6632916927337646","0","0.6647456288337708","0.6632916927337646","0.33670833706855774","5.487405300140381","0.8704763650894165","0.03810489922761917","0.40120095014572144","ssl_emnist_digits_conv","57","OK"
"2026-03-27 10:23:26","8.1min","ee087bef78d54d3ca9ff9e09fd6a2b25","ssl_emnist_digits_conv_trial_0377","LOCAL","src/cli.py","thallybu","FINISHED","False","None","threshold","0.6955965979000606","250","True","ShallowConvAutoencoder","[16, 32]","[1, 28, 28]","2048","1e-06","0","EMNIST","0.13322236734124876","digits","True","784","True","None","1","0.6955965979000606","3","4","0.13322236734124876","0.0012535658829756922","6","0.231656117763781","2","1","1.4379069943093272","0","0.02802921032133959","2","L","(224, 224)","1e-06","0.0012535658829756922","5","6","None","None","10","4","False","0.231656117763781","L","random","None","2","50","1.4379069943093272","fixed_k","True","1.0","/data/thallybu/datasets/EMNIST","42","10","[0.9, 0.1]","0.02802921032133959","0.1","False","True","True","2","10","0.03531962260603905","1230.1756591796875","0.4689052402973175","0.22133100032806396","0.3258264660835266","0.3090473413467407","0.5165067911148071","0.644014835357666","0.4953126609325409","0.6562779545783997","0.4737439453601837","0.6387248635292053","0.5807662010192871","0.730534017086029","10","0.6955965757369995","0.0033168294467031956","0.0298150721937418","0.018893547356128693","0.04670505225658417","0.05253443866968155","0.040615808218717575","0.05120311677455902","0.03940689191222191","0.036738499999046326","0.04112502560019493","0.03527148813009262","0.42303359508514404","0.36845895648002625","12502","20","500","0.3923090398311615","142060","2435","0.0192259568721056","0.6628749966621399","0.6628749966621399","0","0.6594812273979187","0.6628749966621399","0.3371250033378601","15.154156684875488","1.0476511716842651","0.05132250487804413","1.1326991319656372","ssl_emnist_digits_conv","377","OK"
"2026-03-27 07:52:16","9.8min","d7fc929488bc4c899a34f57430dc9ccb","ssl_emnist_digits_conv_trial_0320","LOCAL","src/cli.py","thallybu","FINISHED","False","None","threshold","0.689387006008014","250","True","ShallowConvAutoencoder","[16, 32]","[1, 28, 28]","2048","1e-06","0","EMNIST","0.12464211310206362","digits","True","784","True","None","1","0.689387006008014","3","4","0.12464211310206362","0.0010270358000464548","7","0.2258718501792492","2","2","1.4161485319308167","0","0.019253784663325797","2","L","(224, 224)","1e-06","0.0010270358000464548","5","7","None","None","10","4","False","0.2258718501792492","L","random","None","2","100","1.4161485319308167","fixed_k","True","1.0","/data/thallybu/datasets/EMNIST","42","10","[0.9, 0.1]","0.019253784663325797","0.1","False","True","True","2","11","0.038304928690195084","1139.525390625","0.47380056977272034","0.24356333911418915","0.29292967915534973","0.19538277387619019","0.4885406494140625","0.7405524253845215","0.5554723739624023","0.6435164213180542","0.6146340370178223","0.7127681374549866","0.5964171886444092","0.6180772185325623","10","0.6893870234489441","0.002691700356081128","0.025381511077284813","0.013856926001608372","0.04242216795682907","0.0525028258562088","0.04613068327307701","0.04845289885997772","0.04322502389550209","0.04102562740445137","0.04644718021154404","0.03669705241918564","0.42280349135398865","0.3740525543689728","9559","20","1000","0.396141916513443","129027","6095","0.01531794760376215","0.6616666913032532","0.6616666913032532","0","0.6507316827774048","0.6616666913032532","0.3383333384990692","13.919224739074707","0.8836839199066162","0.04147779569029808","0.6541872024536133","ssl_emnist_digits_conv","320","OK"
"2026-03-27 10:37:36","8.4min","1477265674164927ad2603791f821b7a","ssl_emnist_digits_conv_trial_0384","LOCAL","src/cli.py","thallybu","FINISHED","False","None","threshold","0.6782974336779217","25","True","ShallowConvAutoencoder","[16, 32]","[1, 28, 28]","2048","1e-06","0","EMNIST","0.13526108453042396","digits","True","784","True","None","1","0.6782974336779217","0","4","0.13526108453042396","0.0030901927243219105","8","0.22054673538117853","2","1","1.398079366962754","0","0.02036147985111123","2","L","(224, 224)","1e-06","0.0030901927243219105","5","8","None","None","10","4","False","0.22054673538117853","L","random","None","2","50","1.398079366962754","fixed_k","True","1.0","/data/thallybu/datasets/EMNIST","42","10","[0.9, 0.1]","0.02036147985111123","0.1","False","True","True","2","10","0.02021186798810959","1629.5372314453125","0.43744131922721863","0.20201171934604645","0.36536574363708496","0.27717873454093933","0.4059818983078003","0.6367536783218384","0.43114975094795227","0.5801866054534912","0.35263243317604065","0.49169498682022095","0.48964306712150574","0.7020167708396912","10","0.6782974600791931","0.007929498329758644","0.015514586120843887","0.009496119804680347","0.028667069971561432","0.028882432729005814","0.023675167933106422","0.03111569583415985","0.018589351326227188","0.015127605758607388","0.029431741684675217","0.03724267706274986","0.26223233342170715","0.24501018226146698","5873","20","500","0.23774243891239166","177642","2127","0.012102700769901276","0.6597499847412109","0.6597499847412109","0","0.6361522674560547","0.6597499847412109","0.3402499854564667","13.93122386932373","1.2762237787246704","0.045377008616924286","1.6210788488388062","ssl_emnist_digits_conv","384","OK"
"2026-03-27 11:44:32","8.2min","4b0bba2854f44be7adf81ba7633caa31","ssl_emnist_digits_conv_trial_0396","LOCAL","src/cli.py","thallybu","FINISHED","False","None","threshold","0.7158679826649821","250","True","ShallowConvAutoencoder","[16, 32]","[1, 28, 28]","2048","1e-06","0","EMNIST","0.12863837401883343","digits","True","784","True","None","1","0.7158679826649821","3","4","0.12863837401883343","0.0011289957319860074","7","0.22939369686737984","2","1","1.4178020547876922","0","0.01883624219999171","3","L","(224, 224)","1e-06","0.0011289957319860074","5","7","None","None","10","4","False","0.22939369686737984","L","random","None","2","50","1.4178020547876922","fixed_k","True","1.0","/data/thallybu/datasets/EMNIST","42","10","[0.9, 0.1]","0.01883624219999171","0.1","False","True","True","3","10","0.03891907259821892","1213.8758544921875","0.5523450970649719","0.2227373570203781","0.33845892548561096","0.40216320753097534","0.49013951420783997","0.7914023399353027","0.6619771122932434","0.6982512474060059","0.7115128040313721","0.7466322183609009","0.5878667235374451","0.5660617351531982","10","0.7158679962158203","0.0026804013177752495","0.02903582900762558","0.020697690546512604","0.040151841938495636","0.05394704267382622","0.05303366109728813","0.05135233700275421","0.047540776431560516","0.042905043810606","0.04651542007923126","0.03524183854460716","0.446092814207077","0.4051089584827423","8539","20","500","0.4204216003417969","136363","2283","0.014063207432627678","0.659583330154419","0.659583330154419","0","0.6453818678855896","0.659583330154419","0.34041666984558105","7.735934734344482","0.8765329718589783","0.07881800830364227","0.5753233432769775","ssl_emnist_digits_conv","396","OK"
"2026-03-27 10:09:21","7.8min","c441027b8cb84457bed7e79af3acf8c3","ssl_emnist_digits_conv_trial_0368","LOCAL","src/cli.py","thallybu","FINISHED","False","None","threshold","0.6953138586366746","25","True","ShallowConvAutoencoder","[16, 32]","[1, 28, 28]","2048","1e-06","0","EMNIST","0.1296016498422333","digits","True","784","True","None","1","0.6953138586366746","0","4","0.1296016498422333","0.0032359813209371186","7","0.21833562633313305","2","2","1.4124909585144207","0","0.0618417090464253","4","L","(224, 224)","1e-06","0.0032359813209371186","5","7","None","None","10","4","False","0.21833562633313305","L","random","None","2","100","1.4124909585144207","fixed_k","True","1.0","/data/thallybu/datasets/EMNIST","42","10","[0.9, 0.1]","0.0618417090464253","0.1","False","True","True","4","10","0.04488196223974228","1136.0296630859375","0.4864269196987152","0.219194695353508","0.36970803141593933","0.2710177004337311","0.618991494178772","0.548920750617981","0.6920285820960999","0.6426771879196167","0.7112901210784912","0.44283854961395264","0.5011366605758667","0.7160099744796753","10","0.6953138709068298","0.004767993465065956","0.034854013472795486","0.017280910164117813","0.05704568699002266","0.040138378739356995","0.054746516048908234","0.04901599884033203","0.048805419355630875","0.029072362929582596","0.04105030372738838","0.04013039544224739","0.4389953315258026","0.3988893926143646","13991","20","1000","0.41214004158973694","133102","3751","0.012288108468055725","0.6587499976158142","0.6587499976158142","0","0.6450955271720886","0.6587499976158142","0.3412500023841858","6.052618503570557","0.9065188765525818","0.05170181766152382","0.6995272040367126","ssl_emnist_digits_conv","368","OK"
"2026-03-27 07:38:51","9.7min","aa54dd1771084d339d891696ff2e2a07","ssl_emnist_digits_conv_trial_0312","LOCAL","src/cli.py","thallybu","FINISHED","False","None","threshold","0.7107585987095896","250","True","ShallowConvAutoencoder","[16, 32]","[1, 28, 28]","2048","1e-06","0","EMNIST","0.13108980679791787","digits","True","784","True","None","1","0.7107585987095896","3","4","0.13108980679791787","0.0010397604629330108","6","0.23362645662604217","2","1","1.4630312149269975","0","0.16309615649769316","0","L","(224, 224)","1e-06","0.0010397604629330108","5","6","None","None","10","4","False","0.23362645662604217","L","random","None","2","50","1.4630312149269975","fixed_k","True","1.0","/data/thallybu/datasets/EMNIST","42","10","[0.9, 0.1]","0.16309615649769316","0.1","False","True","True","0","10","0.048915207386016846","1103.1318359375","0.5035107731819153","0.20209114253520966","0.38681697845458984","0.27237260341644287","0.5666726231575012","0.6336424946784973","0.6200106143951416","0.6050240993499756","0.5233584642410278","0.5868361592292786","0.7010956406593323","0.647912323474884","10","0.710758626461029","0.0028955319430679083","0.038583528250455856","0.019133027642965317","0.054751984775066376","0.0540882833302021","0.05787402763962746","0.05069725215435028","0.043805819004774094","0.04521152377128601","0.05280432477593422","0.04274877905845642","0.4921741783618927","0.4671282172203064","7870","20","500","0.4596986472606659","123989","3639","0.018152296543121338","0.6581666469573975","0.6581666469573975","0","0.6567767858505249","0.6581666469573975","0.34183332324028015","9.061887741088867","0.8850062489509583","0.0673188865184784","0.5614886283874512","ssl_emnist_digits_conv","312","OK"
"2026-03-27 10:35:13","8.8min","4c27e39d424e4ec8944732bd18ea6d18","ssl_emnist_digits_conv_trial_0383","LOCAL","src/cli.py","thallybu","FINISHED","False","None","threshold","0.6779275925288829","25","True","ShallowConvAutoencoder","[16, 32]","[1, 28, 28]","2048","1e-06","0","EMNIST","0.13535782108477967","digits","True","784","True","None","1","0.6779275925288829","0","4","0.13535782108477967","0.0028605977183457604","8","0.22083545070149402","2","1","1.3828269226171406","0","0.020795391127829337","2","L","(224, 224)","1e-06","0.0028605977183457604","5","8","None","None","10","4","False","0.22083545070149402","L","random","None","2","50","1.3828269226171406","fixed_k","True","1.0","/data/thallybu/datasets/EMNIST","42","10","[0.9, 0.1]","0.020795391127829337","0.1","False","True","True","2","10","0.019231101498007774","1549.349609375","0.42336469888687134","0.2104366421699524","0.4127858281135559","0.25574129819869995","0.4108717143535614","0.8118587136268616","0.43721985816955566","0.6824328303337097","0.3492606282234192","0.3612367510795593","0.4922926127910614","0.5367662906646729","10","0.6779276132583618","0.007517558988183737","0.02145591378211975","0.0080550042912364","0.030337117612361908","0.046178434044122696","0.024066507816314697","0.04086568206548691","0.021805740892887115","0.014564095064997673","0.029259372502565384","0.019491318613290787","0.2803908586502075","0.25762125849723816","8079","20","500","0.25607919692993164","171370","2236","0.01254713349044323","0.656374990940094","0.656374990940094","0","0.6219424605369568","0.656374990940094","0.343625009059906","14.976099014282227","1.247462272644043","0.044047482311725616","1.5764435529708862","ssl_emnist_digits_conv","383","OK"
"2026-03-26 15:49:05","26.8min","d0a1b3cb5d9b4a89a7076b78d2aef2af","ssl_emnist_digits_conv_trial_0060","LOCAL","src/cli.py","thallybu","FINISHED","False","None","fixed_k","0.6118453157598273","500","True","ShallowConvAutoencoder","[8, 16]","[1, 28, 28]","2048","1e-06","0","EMNIST","0.08316735544298608","digits","True","784","True","None","0","0.6118453157598273","4","3","0.08316735544298608","0.003799469022484487","13","0.14427517940478266","3","0","1.3170269781856592","0","0.011753957096500175","2","L","(224, 224)","1e-06","0.003799469022484487","5","13","None","None","10","4","False","0.14427517940478266","L","random","None","3","25","1.3170269781856592","fixed_k","True","1.0","/data/thallybu/datasets/EMNIST","42","10","[0.9, 0.1]","0.011753957096500175","0.1","False","True","True","2","30","0.03152935951948166","1097.8411865234375","0.32243019342422485","0.23370137810707092","0.6987224817276001","0.14476278424263","0.23500850796699524","0.8408938646316528","0.1791352927684784","0.20590953528881073","0.2544802129268646","0.571844756603241","0.3458135426044464","0.23470164835453033","10","","0.008129407651722431","0.04665881395339966","0.006295986007899046","0.016753651201725006","0.052006352692842484","0.011197765357792377","0.014307679608464241","0.014651350677013397","0.038855429738759995","0.020450541749596596","0.010248356498777866","0.24973103404045105","0.2454679012298584","3555","30","250","0.23142589628696442","119366","3795","0.005626799538731575","0.656125009059906","0.656125009059906","0","0.5890794396400452","0.656125009059906","0.343874990940094","20.494003295898438","1.2338870763778687","0.03645288944244385","1.86370050907135","ssl_emnist_digits_conv","60","OK"
"2026-03-27 07:37:29","8.9min","473c4bc83499487b8fc6edd1334d3f46","ssl_emnist_digits_conv_trial_0309","LOCAL","src/cli.py","thallybu","FINISHED","False","None","threshold","0.7666664489625415","100","True","ShallowConvAutoencoder","[16, 32]","[1, 28, 28]","2048","1e-06","0","EMNIST","0.1187400080168165","digits","True","784","True","None","1","0.7666664489625415","2","4","0.1187400080168165","0.0012974949653349196","6","0.23452338252708285","2","2","1.4287336922507647","0","0.027443236940137193","2","L","(224, 224)","1e-06","0.0012974949653349196","5","6","None","None","10","4","False","0.23452338252708285","L","random","None","2","100","1.4287336922507647","fixed_k","True","1.0","/data/thallybu/datasets/EMNIST","42","10","[0.9, 0.1]","0.027443236940137193","0.1","False","True","True","2","10","0.02936272695660591","1643.1534423828125","0.5197344422340393","0.22782644629478455","0.43411314487457275","0.3699088990688324","0.5127679705619812","0.5198005437850952","0.5659400820732117","0.7894534468650818","0.5460513830184937","0.6135337948799133","0.6315113306045532","0.8057206273078918","10","0.7666664719581604","0.00412999652326107","0.028074810281395912","0.020348837599158287","0.0394677110016346","0.037320464849472046","0.03619852662086487","0.05397844687104225","0.0339699350297451","0.03193652629852295","0.04223289713263512","0.040660638362169266","0.39581456780433655","0.3576861619949341","8754","20","1000","0.3641887903213501","181466","3748","0.020609553903341293","0.65604168176651","0.65604168176651","0","0.6292799115180969","0.65604168176651","0.34395831823349","13.221949577331543","1.0844945907592773","0.06932636350393295","1.1361595392227173","ssl_emnist_digits_conv","309","OK"
"2026-03-27 08:02:05","9.0min","504fac7f26b74df7b55d08658d8bd770","ssl_emnist_digits_conv_trial_0322","LOCAL","src/cli.py","thallybu","FINISHED","False","None","threshold","0.6679958599810802","250","True","ShallowConvAutoencoder","[16, 32]","[1, 28, 28]","2048","1e-06","0","EMNIST","0.11410117896498452","digits","True","784","True","None","1","0.6679958599810802","3","4","0.11410117896498452","0.0002032824986723244","9","0.2264458981683576","2","2","1.3967030461509906","0","0.023944298045624215","2","L","(224, 224)","1e-06","0.0002032824986723244","5","9","None","None","10","4","False","0.2264458981683576","L","random","None","2","100","1.3967030461509906","fixed_k","True","1.0","/data/thallybu/datasets/EMNIST","42","10","[0.9, 0.1]","0.023944298045624215","0.1","False","True","True","2","10","0.04555101692676544","743.2352294921875","0.49557197093963623","0.12920865416526794","0.49758535623550415","0.36742663383483887","0.5290789604187012","0.5455095767974854","0.5515531301498413","0.5477222204208374","0.49756765365600586","0.5239174365997314","0.5511693358421326","0.5232505798339844","10","0.6679958701133728","0.0014891704777255654","0.05173380672931671","0.025354521349072456","0.05552813783288002","0.053962089121341705","0.056641895323991776","0.04855852946639061","0.04572806507349014","0.040731512010097504","0.0527183935046196","0.040445517748594284","0.49897199869155884","0.4964321255683899","2393","20","1000","0.47140249609947205","79975","4827","0.015765510499477386","0.6549166440963745","0.6549166440963745","0","0.6558628082275391","0.6549166440963745","0.3450833261013031","4.736101150512695","0.8729730248451233","0.1074441447854042","0.3858630955219269","ssl_emnist_digits_conv","322","OK"
"2026-03-27 07:38:18","8.0min","453513f10b414b7f912c76510acad20c","ssl_emnist_digits_conv_trial_0311","LOCAL","src/cli.py","thallybu","FINISHED","False","None","threshold","0.7699091323634257","250","True","ShallowConvAutoencoder","[16, 32]","[1, 28, 28]","2048","1e-06","0","EMNIST","0.13175674879510355","digits","True","784","True","None","1","0.7699091323634257","3","4","0.13175674879510355","0.0006779705651250478","6","0.23295364498555712","2","2","1.4312911158324397","0","0.02744027915298308","3","L","(224, 224)","1e-06","0.0006779705651250478","5","6","None","None","10","4","False","0.23295364498555712","L","random","None","2","100","1.4312911158324397","fixed_k","True","1.0","/data/thallybu/datasets/EMNIST","42","10","[0.9, 0.1]","0.02744027915298308","0.1","False","True","True","3","10","0.04995349049568176","1184.05126953125","0.5763972997665405","0.18936675786972046","0.5560529232025146","0.35851648449897766","0.6136870384216309","0.6191568970680237","0.6387101411819458","0.63886559009552","0.604472279548645","0.6675634384155273","0.7070738673210144","0.6755895614624023","10","0.769909143447876","0.0018651371356099844","0.0538715198636055","0.024585891515016556","0.06066092476248741","0.05782914161682129","0.06085990369319916","0.054131001234054565","0.05502018705010414","0.04820066690444946","0.05397666618227959","0.05137702450156212","0.5412959456443787","0.5197318196296692","3611","20","1000","0.5205128788948059","127782","5586","0.0072810766287148","0.6544583439826965","0.6544583439826965","0","0.6592423319816589","0.6544583439826965","0.34554165601730347","7.073051452636719","0.9114193320274353","0.0871264636516571","0.48297908902168274","ssl_emnist_digits_conv","311","OK"
"2026-03-27 10:19:35","8.7min","19e079bdc99f428cbf55bad5d85be426","ssl_emnist_digits_conv_trial_0375","LOCAL","src/cli.py","thallybu","FINISHED","False","None","threshold","0.7127840814348362","250","True","ShallowConvAutoencoder","[16, 32]","[1, 28, 28]","2048","1e-06","0","EMNIST","0.1319589842136657","digits","True","784","True","None","1","0.7127840814348362","3","4","0.1319589842136657","0.0012673290651879815","6","0.23149997911550696","2","1","1.440549834671056","0","0.028242602890087277","2","L","(224, 224)","1e-06","0.0012673290651879815","5","6","None","None","10","4","False","0.23149997911550696","L","random","None","2","50","1.440549834671056","fixed_k","True","1.0","/data/thallybu/datasets/EMNIST","42","10","[0.9, 0.1]","0.028242602890087277","0.1","False","True","True","2","10","0.034499481320381165","1278.3531494140625","0.48679178953170776","0.23516274988651276","0.35039442777633667","0.31689968705177307","0.5196617841720581","0.715083122253418","0.5349935293197632","0.6937265396118164","0.48772233724594116","0.570708692073822","0.6494707465171814","0.7316301465034485","10","0.7127840518951416","0.0034481335896998644","0.028037646785378456","0.019064374268054962","0.04391658678650856","0.05208534002304077","0.041839782148599625","0.05231091007590294","0.039439525455236435","0.03448633477091789","0.04402516782283783","0.03415460139513016","0.420147180557251","0.36412712931632996","12070","20","500","0.3893601596355438","146714","2365","0.01935208961367607","0.653166651725769","0.653166651725769","0","0.6508743166923523","0.653166651725769","0.34683331847190857","15.649053573608398","1.046487808227539","0.05997792258858681","1.0883469581604004","ssl_emnist_digits_conv","375","OK"
"2026-03-26 15:00:27","13.1min","89a1acc6eaa7420eb93e3d78d98c958a","ssl_emnist_digits_conv_trial_0033","LOCAL","src/cli.py","thallybu","FINISHED","False","None","threshold","0.885557866624714","250","True","ShallowConvAutoencoder","[16, 32]","[1, 28, 28]","2048","1e-06","0","EMNIST","0.09850879152903197","digits","True","784","True","None","1","0.885557866624714","3","4","0.09850879152903197","0.0015264887085546762","23","0.11035511235748631","2","1","1.5083237404379919","0","0.024436931758855158","4","L","(224, 224)","1e-06","0.0015264887085546762","5","23","None","None","10","4","False","0.11035511235748631","L","random","None","2","50","1.5083237404379919","fixed_k","True","1.0","/data/thallybu/datasets/EMNIST","42","10","[0.9, 0.1]","0.024436931758855158","0.1","False","True","True","4","16","0.008844603784382343","2012.0186767578125","0.7188332080841064","0.19746696949005127","0.7362419366836548","0.6112620234489441","0.7482318878173828","0.757999837398529","0.7314802408218384","0.7313520908355713","0.6696378588676453","0.7546753883361816","0.795870304107666","0.8065893650054932","10","0.8855578899383545","0.011624775826931","0.012848255224525928","0.010914999060332775","0.017606599256396294","0.014256413094699383","0.014806894585490227","0.016963602975010872","0.01407227199524641","0.013661372475326061","0.016995256766676903","0.012012532912194729","0.17225240170955658","0.16903933882713318","509","20","500","0.14413821697235107","212714","2126","0.015513380989432335","0.652958333492279","0.652958333492279","0","0.6498273015022278","0.652958333492279","0.34704166650772095","6.557024002075195","0.9562563300132751","0.11113514006137848","0.5508316159248352","ssl_emnist_digits_conv","33","OK"
"2026-03-26 15:39:01","8.5min","fe6648e5e757445c97c048921fd5d7fb","ssl_emnist_digits_conv_trial_0056","LOCAL","src/cli.py","thallybu","FINISHED","False","None","fixed_k","0.8664784713809137","500","True","ShallowConvAutoencoder","[16, 32]","[1, 28, 28]","2048","1e-06","0","EMNIST","0.1367927024878064","digits","True","784","True","None","0","0.8664784713809137","4","4","0.1367927024878064","0.0002704402720764286","30","0.1775481256060686","5","2","1.201869003047684","1","0.08505202146750529","4","L","(224, 224)","1e-06","0.0002704402720764286","5","30","None","None","10","4","False","0.1775481256060686","L","random","None","5","100","1.201869003047684","threshold","True","1.0","/data/thallybu/datasets/EMNIST","42","10","[0.9, 0.1]","0.08505202146750529","0.1","False","True","True","4","12","0.06707824766635895","378.8468017578125","0.4353160560131073","0.13362397253513336","0.35587671399116516","0.18393734097480774","0.5129154920578003","0.4527526795864105","0.4806947410106659","0.46380969882011414","0.40176671743392944","0.4507887661457062","0.5799105763435364","0.4707077443599701","10","","0.0026292605325579643","0.04023177549242973","0.013811834156513214","0.0543631948530674","0.04491257667541504","0.05015338212251663","0.044202771037817","0.039820995181798935","0.03676462918519974","0.05270352587103844","0.03365042433142662","0.4320410490036011","0.43260788917541504","5000","50","0","0.4106150269508362","45050","0","0.006887052673846483","0.6522083282470703","0.6522083282470703","0","0.6556606292724609","0.6522083282470703","0.3477916717529297","4.529965400695801","0.9019356966018677","0.06625644117593765","0.42612943053245544","ssl_emnist_digits_conv","56","OK"
"2026-03-27 12:00:52","7.4min","b2d9c7f31b094366903d12998e7f6071","ssl_emnist_digits_conv_trial_0398","LOCAL","src/cli.py","thallybu","FINISHED","False","None","threshold","0.7040459631057487","250","True","ShallowConvAutoencoder","[4, 8]","[1, 28, 28]","2048","1e-06","0","EMNIST","0.1324512062414953","digits","True","784","True","None","1","0.7040459631057487","3","2","0.1324512062414953","0.0014534075446776353","8","0.23311767144846335","2","1","1.4170156835854941","0","0.03026480596481298","4","L","(224, 224)","1e-06","0.0014534075446776353","5","8","None","None","10","4","False","0.23311767144846335","L","random","None","2","50","1.4170156835854941","fixed_k","True","1.0","/data/thallybu/datasets/EMNIST","42","10","[0.9, 0.1]","0.03026480596481298","0.1","False","True","True","4","10","0.05652670934796333","873.1282958984375","0.5475236177444458","0.1322581171989441","0.5208526253700256","0.3936300277709961","0.6072533130645752","0.575636625289917","0.5842982530593872","0.558772087097168","0.5774668455123901","0.5783036947250366","0.6073062419891357","0.581037700176239","10","0.7040459513664246","0.001619740854948759","0.05602602660655975","0.02748650126159191","0.06002053618431091","0.05708811804652214","0.051465120166540146","0.049764279276132584","0.057019494473934174","0.04264025390148163","0.05887098237872124","0.049641575664281845","0.5285307765007019","0.5301812291145325","3339","20","500","0.5100228786468506","95152","2481","0.003710803808644414","0.6510000228881836","0.6510000228881836","0","0.6490691900253296","0.6510000228881836","0.3490000069141388","3.8877480030059814","0.9064738154411316","0.11671193689107895","0.42583170533180237","ssl_emnist_digits_conv","398","OK"
"2026-03-27 06:48:50","9.4min","41597ca025484268a9019afb071e03c4","ssl_emnist_digits_conv_trial_0275","LOCAL","src/cli.py","thallybu","FINISHED","False","None","threshold","0.6997013816758608","250","True","ShallowConvAutoencoder","[4, 8]","[1, 28, 28]","2048","1e-06","0","EMNIST","0.12073702864377654","digits","True","784","True","None","1","0.6997013816758608","3","2","0.12073702864377654","0.0014918861074649022","8","0.23637743106169995","2","1","1.3653408288808253","0","0.025170317711743245","2","L","(224, 224)","1e-06","0.0014918861074649022","5","8","None","None","10","4","False","0.23637743106169995","L","random","None","2","50","1.3653408288808253","fixed_k","True","1.0","/data/thallybu/datasets/EMNIST","42","10","[0.9, 0.1]","0.025170317711743245","0.1","False","True","True","2","10","0.054645244032144547","899.5288696289062","0.5285242795944214","0.130750834941864","0.4705723524093628","0.3871772289276123","0.5961540937423706","0.5780535340309143","0.5688571333885193","0.5586423873901367","0.5321584343910217","0.574803352355957","0.5965564846992493","0.5701125264167786","10","0.6997013688087463","0.0017184324096888304","0.05028541386127472","0.025842048227787018","0.058184437453746796","0.05616871640086174","0.051294248551130295","0.049568384885787964","0.05119581148028374","0.04257376492023468","0.057179711759090424","0.04840782284736633","0.5108641982078552","0.5093334317207336","2640","20","500","0.49070048332214355","97230","3220","0.005528603680431843","0.6508333086967468","0.6508333086967468","0","0.6483513116836548","0.6508333086967468","0.3491666615009308","4.032663345336914","0.897436261177063","0.11062031239271164","0.4342632293701172","ssl_emnist_digits_conv","275","OK"
"2026-03-27 08:05:14","8.9min","8c1aab22bf514629bdc01ab74838ae57","ssl_emnist_digits_conv_trial_0324","LOCAL","src/cli.py","thallybu","FINISHED","False","None","threshold","0.6859612386476599","250","True","ShallowConvAutoencoder","[8, 16]","[1, 28, 28]","2048","1e-06","0","EMNIST","0.11609813011987506","digits","True","784","True","None","1","0.6859612386476599","3","3","0.11609813011987506","0.0011085241131195537","5","0.24126275886526816","2","2","1.4382486242485406","0","0.023996908283959978","2","L","(224, 224)","1e-06","0.0011085241131195537","5","5","None","None","10","4","False","0.24126275886526816","L","random","None","2","100","1.4382486242485406","fixed_k","True","1.0","/data/thallybu/datasets/EMNIST","42","10","[0.9, 0.1]","0.023996908283959978","0.1","False","True","True","2","10","0.06138946861028671","861.6459350585938","0.4843376576900482","0.16838210821151733","0.521048903465271","0.29127058386802673","0.5796490907669067","0.561266303062439","0.5690160989761353","0.5245672464370728","0.5447773933410645","0.5010671019554138","0.5801413059234619","0.5558410286903381","10","0.6859612464904785","0.0016074319137260318","0.05229674279689789","0.021756652742624283","0.05918251723051071","0.0531349815428257","0.054174602031707764","0.0467338040471077","0.051200900226831436","0.04606343433260918","0.05168644338846207","0.04339848831295967","0.5004258751869202","0.49498599767684937","3296","20","1000","0.4796285033226013","93390","5773","0.004378922283649445","0.6507916450500488","0.6507916450500488","0","0.6499078869819641","0.6507916450500488","0.3492083251476288","10.457320213317871","0.8852936029434204","0.08029186725616455","0.4896332621574402","ssl_emnist_digits_conv","324","OK"
"2026-03-26 23:00:15","14.1min","0ef6c42be1ae4e3e8d8294d878e52ca1","ssl_emnist_digits_conv_trial_0155","LOCAL","src/cli.py","thallybu","FINISHED","False","None","threshold","0.757247128288748","250","True","ShallowConvAutoencoder","[8, 16]","[1, 28, 28]","2048","1e-06","0","EMNIST","0.09206851204251974","digits","True","784","True","None","1","0.757247128288748","3","3","0.09206851204251974","0.0011498637281407004","8","0.24885598235746234","2","1","1.4563722668019965","0","0.026510052653890625","1","L","(224, 224)","1e-06","0.0011498637281407004","5","8","None","None","10","4","False","0.24885598235746234","L","random","None","2","50","1.4563722668019965","fixed_k","True","1.0","/data/thallybu/datasets/EMNIST","42","10","[0.9, 0.1]","0.026510052653890625","0.1","False","True","True","1","14","0.03212910145521164","1480.2403564453125","0.5529325008392334","0.2415507286787033","0.4005843698978424","0.32609179615974426","0.5837342739105225","0.75811767578125","0.5914613008499146","0.4829230010509491","0.6706429123878479","0.8054748773574829","0.714928150177002","0.7781019806861877","10","0.7572471499443054","0.003189272480085492","0.030926091596484184","0.0163229089230299","0.04414156824350357","0.050085291266441345","0.04429813474416733","0.03512882813811302","0.03779344633221626","0.04203808307647705","0.04363895207643509","0.04343436285853386","0.42215368151664734","0.38079729676246643","10750","20","500","0.38780760765075684","166733","3224","0.02316129021346569","0.6500416398048401","0.6500416398048401","0","0.6229037046432495","0.6500416398048401","0.3499583303928375","9.519071578979492","0.9638735055923462","0.05131423845887184","0.7757788300514221","ssl_emnist_digits_conv","155","OK"
"2026-03-27 10:44:20","6.8min","2b01aa0443ac4e6088d6977aa02b6f16","ssl_emnist_digits_conv_trial_0387","LOCAL","src/cli.py","thallybu","FINISHED","False","None","threshold","0.6930633174774999","250","True","ShallowConvAutoencoder","[4]","[1, 28, 28]","2048","1e-06","0","EMNIST","0.1269967984263208","digits","True","784","True","None","1","0.6930633174774999","3","0","0.1269967984263208","0.0023665047883044523","7","0.22470410002728608","2","1","1.2107651168921207","0","0.02478203014391606","2","L","(224, 224)","1e-06","0.0023665047883044523","5","7","None","None","10","4","False","0.22470410002728608","L","random","None","2","50","1.2107651168921207","fixed_k","True","1.0","/data/thallybu/datasets/EMNIST","42","10","[0.9, 0.1]","0.02478203014391606","0.1","False","True","True","2","10","0.04497325420379639","840.1220703125","0.5233502388000488","0.14480632543563843","0.5554983019828796","0.40763694047927856","0.5743356347084045","0.5857277512550354","0.5659934878349304","0.6125266551971436","0.5415393114089966","0.521102249622345","0.5704346299171448","0.5516351461410522","10","0.6930633187294006","0.0034437759313732386","0.05702188238501549","0.030632222071290016","0.05703918635845184","0.052888091653585434","0.05004730820655823","0.051708925515413284","0.04827092960476875","0.042517777532339096","0.05128959193825722","0.03996160626411438","0.4997362494468689","0.49281102418899536","2215","20","500","0.4813775420188904","90532","3484","0.004809373524039984","0.6496666669845581","0.6496666669845581","0","0.6443634033203125","0.6496666669845581","0.3503333330154419","3.730821132659912","0.876400887966156","0.1332605928182602","0.3863321840763092","ssl_emnist_digits_conv","387","OK"
"2026-03-27 09:43:29","8.9min","4c95c453133c4b74a6f32c6604433e43","ssl_emnist_digits_conv_trial_0352","LOCAL","src/cli.py","thallybu","FINISHED","False","None","threshold","0.6547176077151564","25","True","ShallowConvAutoencoder","[16, 32]","[1, 28, 28]","2048","1e-06","0","EMNIST","0.13502039262959756","digits","True","784","True","None","1","0.6547176077151564","0","4","0.13502039262959756","0.003008143678769596","9","0.2167998788329876","2","2","1.4492473750835744","1","0.026042934586462937","2","L","(224, 224)","1e-06","0.003008143678769596","5","9","None","None","10","4","False","0.2167998788329876","L","random","None","2","100","1.4492473750835744","threshold","True","1.0","/data/thallybu/datasets/EMNIST","42","10","[0.9, 0.1]","0.026042934586462937","0.1","False","True","True","2","10","0.020642975345253944","1515.2894287109375","0.45388662815093994","0.2186814546585083","0.7843459844589233","0.23555336892604828","0.43827298283576965","0.4456164240837097","0.44300538301467896","0.42618244886398315","0.3835785388946533","0.4028738737106323","0.8251476287841797","0.7651129364967346","10","0.6547176241874695","0.006854672450572252","0.05112798884510994","0.007042325101792812","0.03132907301187515","0.028493383899331093","0.02348491922020912","0.02767115831375122","0.022531138733029366","0.017872808501124382","0.051729779690504074","0.02444511093199253","0.3099048137664795","0.29780569672584534","7539","20","0","0.28572767972946167","167734","0","0.012847064062952995","0.6492916941642761","0.6492916941642761","0","0.5950565338134766","0.6492916941642761","0.35070833563804626","13.888310432434082","1.130536437034607","0.033032990992069244","1.2960734367370605","ssl_emnist_digits_conv","352","OK"
"2026-03-27 10:22:18","8.6min","7be63919e9e74929aea7adcdaf069dd0","ssl_emnist_digits_conv_trial_0376","LOCAL","src/cli.py","thallybu","FINISHED","False","None","threshold","0.7082417766072724","250","True","ShallowConvAutoencoder","[16, 32]","[1, 28, 28]","2048","1e-06","0","EMNIST","0.13321944045482828","digits","True","784","True","None","1","0.7082417766072724","3","4","0.13321944045482828","0.0012472924468690163","6","0.23074358711433887","2","1","1.4387559171242463","0","0.12061512771184284","2","L","(224, 224)","1e-06","0.0012472924468690163","5","6","None","None","10","4","False","0.23074358711433887","L","random","None","2","50","1.4387559171242463","fixed_k","True","1.0","/data/thallybu/datasets/EMNIST","42","10","[0.9, 0.1]","0.12061512771184284","0.1","False","True","True","2","10","0.04506349191069603","1059.17041015625","0.5122489333152771","0.19873188436031342","0.46722546219825745","0.31385132670402527","0.5657925009727478","0.5762444734573364","0.585533618927002","0.612208366394043","0.5289007425308228","0.6159005761146545","0.7110063433647156","0.6729496121406555","10","0.7082417607307434","0.002767186379060149","0.04638369753956795","0.021598894149065018","0.05541083961725235","0.05429396778345108","0.058132804930210114","0.052488621324300766","0.04820872098207474","0.044524528086185455","0.04950455576181412","0.040590446442365646","0.4993777871131897","0.460602343082428","6220","20","500","0.47113707661628723","117695","3113","0.0150753203779459","0.6485416889190674","0.6485416889190674","0","0.6529631614685059","0.6485416889190674","0.351458340883255","10.718550682067871","0.9554924964904785","0.05925160273909569","0.6986020803451538","ssl_emnist_digits_conv","376","OK"
"2026-03-26 16:07:39","24.3min","8ae08df4aa5640b289b9f344f37bc52a","ssl_emnist_digits_conv_trial_0074","LOCAL","src/cli.py","thallybu","FINISHED","False","None","fixed_k","0.7296314314474338","100","True","ShallowConvAutoencoder","[4, 8]","[1, 28, 28]","2048","1e-06","0","EMNIST","0.02878673854869515","digits","True","784","True","None","0","0.7296314314474338","2","2","0.02878673854869515","0.00387789708066689","18","0.11664096659465988","2","0","1.3982257526429078","1","0.05875281486133901","3","L","(224, 224)","1e-06","0.00387789708066689","5","18","None","None","10","4","False","0.11664096659465988","L","random","None","2","25","1.3982257526429078","threshold","True","1.0","/data/thallybu/datasets/EMNIST","42","10","[0.9, 0.1]","0.05875281486133901","0.1","False","True","True","3","30","0.03479240462183952","246.13392639160156","0.3031504154205322","0.1404176652431488","0.23332251608371735","0.16670633852481842","0.24969933927059174","0.41149210929870605","0.16722118854522705","0.23182010650634766","0.24043512344360352","0.46635007858276367","0.45797666907310486","0.4064805805683136","10","","0.004690195899456739","0.02496861293911934","0.011888401582837105","0.029434405267238617","0.03994602710008621","0.018773958086967468","0.02365352399647236","0.023618202656507492","0.02863130159676075","0.03677702695131302","0.03251365199685097","0.2908548414707184","0.2798645794391632","1000","20","0","0.2702050507068634","27020","0","0.01190132088959217","0.6475833058357239","0.6475833058357239","0","0.6489568948745728","0.6475833058357239","0.35241666436195374","5.911079406738281","0.8991894721984863","0.04625421762466431","0.570665717124939","ssl_emnist_digits_conv","74","OK"
"2026-03-27 07:13:03","6.9min","7c41137fb09f414483732000f9b0ca02","ssl_emnist_digits_conv_trial_0291","LOCAL","src/cli.py","thallybu","FINISHED","False","None","threshold","0.6685122807090259","250","True","ShallowConvAutoencoder","[8]","[1, 28, 28]","2048","1e-06","0","EMNIST","0.12722010826899866","digits","True","784","True","None","1","0.6685122807090259","3","1","0.12722010826899866","0.0011485187947677187","7","0.19502100509087322","2","1","1.4427744645899008","0","0.025288476116605587","2","L","(224, 224)","1e-06","0.0011485187947677187","5","7","None","None","10","4","False","0.19502100509087322","L","random","None","2","50","1.4427744645899008","fixed_k","True","1.0","/data/thallybu/datasets/EMNIST","42","10","[0.9, 0.1]","0.025288476116605587","0.1","False","True","True","2","10","0.049847520887851715","847.9650268554688","0.5128204822540283","0.14490412175655365","0.485837459564209","0.39377617835998535","0.5401430130004883","0.562734067440033","0.5813103318214417","0.5371493697166443","0.5293587446212769","0.5787827968597412","0.5689287185668945","0.5401415228843689","10","0.6685122847557068","0.003953978884965181","0.05137535184621811","0.028170356526970863","0.053913701325654984","0.05414373427629471","0.051726292818784714","0.04821626469492912","0.050474975258111954","0.039155371487140656","0.0519523061811924","0.03620024397969246","0.48233136534690857","0.47598209977149963","1078","20","500","0.4653286039829254","90219","3326","0.003327533369883895","0.6468750238418579","0.6468750238418579","0","0.6400378942489624","0.6468750238418579","0.3531250059604645","4.199575901031494","0.8894557952880859","0.1294301152229309","0.42337578535079956","ssl_emnist_digits_conv","291","OK"
"2026-03-27 12:10:25","8.1min","e3f5127206fd4f3eab57540b2e6569fb","ssl_emnist_digits_conv_trial_0401","LOCAL","src/cli.py","thallybu","FINISHED","False","None","threshold","0.7221942902717593","500","True","ShallowConvAutoencoder","[16, 32]","[1, 28, 28]","2048","1e-06","0","EMNIST","0.12443642846797526","digits","True","784","True","None","1","0.7221942902717593","4","4","0.12443642846797526","0.0017408642647168415","9","0.20854324322035164","2","1","1.3753562833139696","0","0.019452212750410036","2","L","(224, 224)","1e-06","0.0017408642647168415","5","9","None","None","10","4","False","0.20854324322035164","L","random","None","2","50","1.3753562833139696","fixed_k","True","1.0","/data/thallybu/datasets/EMNIST","42","10","[0.9, 0.1]","0.019452212750410036","0.1","False","True","True","2","10","0.021453004330396652","1638.62841796875","0.48400917649269104","0.23018644750118256","0.44085392355918884","0.2588232755661011","0.5517271161079407","0.5007551312446594","0.41754305362701416","0.7893922328948975","0.694822371006012","0.4641672372817993","0.7723462581634521","0.7326294183731079","10","0.7221943140029907","0.0050851390697062016","0.025667360052466393","0.009243291802704334","0.0323045440018177","0.029894573614001274","0.02555585838854313","0.04588961973786354","0.028147678822278976","0.02197185903787613","0.05274214223027229","0.03380202129483223","0.33230462670326233","0.29684725403785706","8160","20","500","0.3052189350128174","180899","1892","0.01752668432891369","0.6466666460037231","0.6466666460037231","0","0.6067020297050476","0.6466666460037231","0.35333332419395447","8.85275936126709","1.0333683490753174","0.054062362760305405","1.007422685623169","ssl_emnist_digits_conv","401","OK"
"2026-03-26 23:46:20","8.6min","97e407aba9b24c429d6cdf73a08dba00","ssl_emnist_digits_conv_trial_0168","LOCAL","src/cli.py","thallybu","FINISHED","False","None","threshold","0.7787220989847391","250","True","ShallowConvAutoencoder","[16, 32]","[1, 28, 28]","2048","1e-06","0","EMNIST","0.11471286426225126","digits","True","784","True","None","1","0.7787220989847391","3","4","0.11471286426225126","0.0013384562692571407","6","0.24186261839051915","2","1","1.4697091098186028","0","0.023503440462943812","1","L","(224, 224)","1e-06","0.0013384562692571407","5","6","None","None","10","4","False","0.24186261839051915","L","random","None","2","50","1.4697091098186028","fixed_k","True","1.0","/data/thallybu/datasets/EMNIST","42","10","[0.9, 0.1]","0.023503440462943812","0.1","False","True","True","1","10","0.028887761756777763","1784.452392578125","0.538148820400238","0.2345466911792755","0.43047991394996643","0.4632796049118042","0.583549976348877","0.5076299905776978","0.6044566035270691","0.798179030418396","0.48002123832702637","0.6238177418708801","0.6282798051834106","0.7000038623809814","10","0.7787221074104309","0.004530016798526049","0.027497798204421997","0.020808551460504532","0.038652122020721436","0.036027692258358","0.0353909432888031","0.05311465635895729","0.031864721328020096","0.026932397857308388","0.03398400917649269","0.056277722120285034","0.3899901211261749","0.3557547926902771","4840","20","500","0.3605506420135498","192978","2028","0.01792256534099579","0.6462083458900452","0.6462083458900452","0","0.6153801083564758","0.6462083458900452","0.35379165410995483","11.424603462219238","1.2413766384124756","0.06447479873895645","1.368990182876587","ssl_emnist_digits_conv","168","OK"
"2026-03-27 06:35:21","8.4min","f1102b534541435782488474bfb0cca2","ssl_emnist_digits_conv_trial_0270","LOCAL","src/cli.py","thallybu","FINISHED","False","None","threshold","0.6794988748807183","250","True","ShallowConvAutoencoder","[8, 16]","[1, 28, 28]","2048","1e-06","0","EMNIST","0.12378728838963304","digits","True","784","True","None","1","0.6794988748807183","3","3","0.12378728838963304","0.0011054834403454528","7","0.2314772707175662","2","2","1.425923685424937","0","0.020522455443755534","2","L","(224, 224)","1e-06","0.0011054834403454528","5","7","None","None","10","4","False","0.2314772707175662","L","random","None","2","100","1.425923685424937","fixed_k","True","1.0","/data/thallybu/datasets/EMNIST","42","10","[0.9, 0.1]","0.020522455443755534","0.1","False","True","True","2","10","0.049576930701732635","794.3069458007812","0.510726809501648","0.13287711143493652","0.4991123378276825","0.39237749576568604","0.5407643914222717","0.5518097877502441","0.561873733997345","0.5530228614807129","0.5143660306930542","0.5098255276679993","0.6027514934539795","0.5772017240524292","10","0.6794988512992859","0.0017868104623630643","0.050287868827581406","0.026564771309494972","0.05546499416232109","0.0511305071413517","0.04611736908555031","0.04887186735868454","0.049385201185941696","0.04350970312952995","0.051761411130428314","0.0428837314248085","0.4849652051925659","0.4827803373336792","3972","20","1000","0.4659773111343384","86958","6158","0.005724934861063957","0.6460416913032532","0.6460416913032532","0","0.6589281558990479","0.6460416913032532","0.3539583384990692","6.153589248657227","0.9077185988426208","0.12422867864370346","0.46950238943099976","ssl_emnist_digits_conv","270","OK"
"2026-03-27 07:12:06","7.0min","55fa967b170b4ec3850295d88ed59447","ssl_emnist_digits_conv_trial_0290","LOCAL","src/cli.py","thallybu","FINISHED","False","None","threshold","0.6691553218056122","250","True","ShallowConvAutoencoder","[8]","[1, 28, 28]","2048","1e-06","0","EMNIST","0.12393214500851557","digits","True","784","True","None","1","0.6691553218056122","3","1","0.12393214500851557","0.001141065460780758","7","0.23165834310209119","2","1","1.4660638011616713","0","0.02397624767150839","2","L","(224, 224)","1e-06","0.001141065460780758","5","7","None","None","10","4","False","0.23165834310209119","L","random","None","2","50","1.4660638011616713","fixed_k","True","1.0","/data/thallybu/datasets/EMNIST","42","10","[0.9, 0.1]","0.02397624767150839","0.1","False","True","True","2","10","0.04897456243634224","840.650390625","0.5146371722221375","0.1440766304731369","0.4854552745819092","0.39821162819862366","0.5394980311393738","0.5675951242446899","0.587165355682373","0.5412993431091309","0.5230973958969116","0.5827788710594177","0.5686378479003906","0.5412895083427429","10","0.6691552996635437","0.003956077620387077","0.05123382434248924","0.02790714055299759","0.05388965830206871","0.05469001829624176","0.05198042839765549","0.04863869398832321","0.049903661012649536","0.039023496210575104","0.051944222301244736","0.03606780618429184","0.483930379152298","0.4757324159145355","1259","20","500","0.46527886390686035","89628","3329","0.0033500809222459793","0.6459166407585144","0.6459166407585144","0","0.6393437385559082","0.6459166407585144","0.3540833294391632","4.183600425720215","0.8896754384040833","0.13166852295398712","0.4189550280570984","ssl_emnist_digits_conv","290","OK"
"2026-03-27 08:23:23","8.4min","81d123be526b4984801cd4e398483adc","ssl_emnist_digits_conv_trial_0336","LOCAL","src/cli.py","thallybu","FINISHED","False","None","threshold","0.424081731985983","250","True","ShallowConvAutoencoder","[16, 32]","[1, 28, 28]","2048","1e-06","0","EMNIST","0.12165766255243213","digits","True","784","True","None","1","0.424081731985983","3","4","0.12165766255243213","0.00178158060436998","7","0.242283517831316","2","1","1.4392839779591533","0","0.02007499820239852","2","L","(224, 224)","1e-06","0.00178158060436998","5","7","None","None","10","4","False","0.242283517831316","L","random","None","2","50","1.4392839779591533","fixed_k","True","1.0","/data/thallybu/datasets/EMNIST","42","10","[0.9, 0.1]","0.02007499820239852","0.1","False","True","True","2","10","0.04167544096708298","387.2675476074219","0.21443194150924683","0.15675058960914612","0.3332081437110901","0.08335094898939133","0.3525577187538147","0.3595948815345764","0.3449765741825104","0.34921860694885254","0.3540976345539093","0.3667979836463928","0.34874898195266724","0.368402898311615","10","0.4240817427635193","0.0026128655299544334","0.03391360118985176","0.007938004098832607","0.038648031651973724","0.03819545358419418","0.03823217749595642","0.034410398453474045","0.03334847092628479","0.026737259700894356","0.03520645201206207","0.02927546761929989","0.33445873856544495","0.327557235956192","1893","20","500","0.3159053921699524","42329","2472","0.005843226332217455","0.6457916498184204","0.6457916498184204","0","0.6526501178741455","0.6457916498184204","0.3542083203792572","14.913288116455078","0.8693519830703735","0.01693282462656498","0.545217752456665","ssl_emnist_digits_conv","336","OK"
"2026-03-26 13:45:52","8.0min","6d26ae8e2c9a4445b0a3ddc0877fa06e","ssl_emnist_digits_conv_trial_0014","LOCAL","src/cli.py","thallybu","FINISHED","False","None","fixed_k","0.7951282301275898","500","True","ShallowConvAutoencoder","[16, 32]","[1, 28, 28]","2048","1e-06","0","EMNIST","0.13511730571212766","digits","True","784","True","None","0","0.7951282301275898","4","4","0.13511730571212766","0.0002948079019132688","30","0.18822014400035125","5","2","1.179062594455013","1","0.06576026146170086","4","L","(224, 224)","1e-06","0.0002948079019132688","5","30","None","None","10","4","False","0.18822014400035125","L","random","None","5","100","1.179062594455013","threshold","True","1.0","/data/thallybu/datasets/EMNIST","42","10","[0.9, 0.1]","0.06576026146170086","0.1","False","True","True","4","12","0.06675294786691666","378.7914123535156","0.43430858850479126","0.13381008803844452","0.353204607963562","0.18255415558815002","0.5141414403915405","0.4642801582813263","0.4812639057636261","0.45887452363967896","0.40225350856781006","0.44404709339141846","0.5794401168823242","0.4630262851715088","10","","0.0026009664870798588","0.03929850831627846","0.013409232720732689","0.054430361837148666","0.04483609274029732","0.049271777272224426","0.043945275247097015","0.03943125903606415","0.03667239844799042","0.0520341657102108","0.03280207887291908","0.4269547164440155","0.4267559349536896","5000","50","0","0.40613120794296265","45050","0","0.005658437497913837","0.6454166769981384","0.6454166769981384","0","0.650114119052887","0.6454166769981384","0.3545833230018616","5.250298976898193","0.9077740907669067","0.0582861602306366","0.4309355616569519","ssl_emnist_digits_conv","14","OK"
"2026-03-27 07:13:58","7.1min","19563c5e7d894eb199d50f7c8236ff94","ssl_emnist_digits_conv_trial_0292","LOCAL","src/cli.py","thallybu","FINISHED","False","None","threshold","0.6546484918789413","250","True","ShallowConvAutoencoder","[8]","[1, 28, 28]","2048","1e-06","0","EMNIST","0.12753934170199488","digits","True","784","True","None","1","0.6546484918789413","3","1","0.12753934170199488","0.0019385371364584612","7","0.20434948554741178","2","1","1.4422846713953885","0","0.025871737273755052","2","L","(224, 224)","1e-06","0.0019385371364584612","5","7","None","None","10","4","False","0.20434948554741178","L","random","None","2","50","1.4422846713953885","fixed_k","True","1.0","/data/thallybu/datasets/EMNIST","42","10","[0.9, 0.1]","0.025871737273755052","0.1","False","True","True","2","10","0.04507869482040405","851.3765869140625","0.4805184602737427","0.15769162774085999","0.4854552447795868","0.3139972388744354","0.52720046043396","0.5265287756919861","0.5679698586463928","0.5348390936851501","0.47845062613487244","0.5960280299186707","0.587102472782135","0.5356082916259766","10","0.65464848279953","0.004117500502616167","0.051162976771593094","0.022423872724175453","0.0522952638566494","0.05059505254030228","0.05157700553536415","0.04786963760852814","0.044655781239271164","0.03975501284003258","0.052796799689531326","0.03585834056138992","0.4694884121417999","0.4635101556777954","1788","20","500","0.4489898383617401","91292","3333","0.007169329561293125","0.6423749923706055","0.6423749923706055","0","0.634159505367279","0.6423749923706055","0.35762500762939453","4.851929187774658","0.8828132152557373","0.09048381447792053","0.4585632085800171","ssl_emnist_digits_conv","292","OK"
"2026-03-27 08:14:39","8.7min","cce80df5e18f4a92b395479c4552cdf6","ssl_emnist_digits_conv_trial_0330","LOCAL","src/cli.py","thallybu","FINISHED","False","None","threshold","0.7038228776614404","500","True","ShallowConvAutoencoder","[4, 8]","[1, 28, 28]","2048","1e-06","0","EMNIST","0.1238407837173673","digits","True","784","True","None","1","0.7038228776614404","4","2","0.1238407837173673","0.0012329734769623178","8","0.23004677609681684","2","1","1.4147839632889843","0","0.033502319419334105","2","L","(224, 224)","1e-06","0.0012329734769623178","5","8","None","None","10","4","False","0.23004677609681684","L","random","None","2","50","1.4147839632889843","fixed_k","True","1.0","/data/thallybu/datasets/EMNIST","42","10","[0.9, 0.1]","0.033502319419334105","0.1","False","True","True","2","10","0.05823889002203941","862.3656005859375","0.5397759675979614","0.1364806443452835","0.4740721881389618","0.3787626624107361","0.6016532182693481","0.5796989798545837","0.5784111618995667","0.5437716245651245","0.5943098664283752","0.5832123160362244","0.5951324105262756","0.5809174180030823","10","0.7038228511810303","0.0015964761842042208","0.0525701642036438","0.025722691789269447","0.059801097959280014","0.0560264065861702","0.0521942637860775","0.048534709960222244","0.05642659589648247","0.042743854224681854","0.058248043060302734","0.049551475793123245","0.5209894180297852","0.5187000632286072","2873","20","500","0.5018191933631897","93536","2999","0.004175931215286255","0.6420416831970215","0.6420416831970215","0","0.641115128993988","0.6420416831970215","0.3579583168029785","3.894113302230835","0.9088468551635742","0.10389512032270432","0.4240921437740326","ssl_emnist_digits_conv","330","OK"
"2026-03-26 22:38:22","6.9min","e630250f0fc4407a8acc22fc72189bff","ssl_emnist_digits_conv_trial_0145","LOCAL","src/cli.py","thallybu","FINISHED","False","None","threshold","0.708777973112972","25","True","ShallowConvAutoencoder","[4]","[1, 28, 28]","2048","1e-06","0","EMNIST","0.11914613159712803","digits","True","784","True","None","1","0.708777973112972","0","0","0.11914613159712803","0.0021692735708090456","6","0.21724181927954186","2","1","1.4103357175917355","0","0.0203915896369149","1","L","(224, 224)","1e-06","0.0021692735708090456","5","6","None","None","10","4","False","0.21724181927954186","L","random","None","2","50","1.4103357175917355","fixed_k","True","1.0","/data/thallybu/datasets/EMNIST","42","10","[0.9, 0.1]","0.0203915896369149","0.1","False","True","True","1","10","0.05767989903688431","909.371826171875","0.5494298338890076","0.13878048956394196","0.5011427998542786","0.49172326922416687","0.561296820640564","0.5684980154037476","0.593379020690918","0.5829875469207764","0.5185353755950928","0.5933959484100342","0.6452324986457825","0.5973196625709534","10","0.7087779641151428","0.003189839655533433","0.05021322891116142","0.029081271961331367","0.05706336349248886","0.05373223125934601","0.056891702115535736","0.04836375266313553","0.04674962908029556","0.04667272791266441","0.05611259117722511","0.03884119167923927","0.5047397017478943","0.5060556530952454","2568","20","500","0.4837217926979065","98211","3770","0.005297535099089146","0.6418333053588867","0.6418333053588867","0","0.6389228701591492","0.6418333053588867","0.3581666648387909","4.543529510498047","0.9174134135246277","0.1603589653968811","0.43615689873695374","ssl_emnist_digits_conv","145","OK"
"2026-03-27 10:51:11","8.9min","9123d241259148a88a324256794b2a0b","ssl_emnist_digits_conv_trial_0390","LOCAL","src/cli.py","thallybu","FINISHED","False","None","threshold","0.6992607273136281","250","True","ShallowConvAutoencoder","[16, 32]","[1, 28, 28]","2048","1e-06","0","EMNIST","0.12813176951674965","digits","True","784","True","None","1","0.6992607273136281","3","4","0.12813176951674965","0.0027113797719602686","5","0.2359264502045031","2","1","1.3904131158113218","0","0.022362964119280595","2","L","(224, 224)","1e-06","0.0027113797719602686","5","5","None","None","10","4","False","0.2359264502045031","L","random","None","2","50","1.3904131158113218","fixed_k","True","1.0","/data/thallybu/datasets/EMNIST","42","10","[0.9, 0.1]","0.022362964119280595","0.1","False","True","True","2","10","0.025878718122839928","1496.90869140625","0.47742563486099243","0.22163476049900055","0.7362205386161804","0.3416253328323364","0.494567334651947","0.5025267601013184","0.5984072685241699","0.4414092004299164","0.4180245101451874","0.4875343441963196","0.5549988746643066","0.5791916251182556","10","0.6992607116699219","0.006212970241904259","0.04781636595726013","0.01577596738934517","0.04475962370634079","0.03377702459692955","0.033831361681222916","0.03086903877556324","0.03023555688560009","0.022101975977420807","0.035626716911792755","0.02945704199373722","0.34887462854385376","0.3297201097011566","7981","20","500","0.3242506980895996","165739","2453","0.012305540964007378","0.6410833597183228","0.6410833597183228","0","0.6121073365211487","0.6410833597183228","0.35891667008399963","11.135767936706543","1.048460841178894","0.037263836711645126","1.0004234313964844","ssl_emnist_digits_conv","390","OK"
"2026-03-27 07:22:43","9.4min","3f0cef79f78b4a2fb7276fe9427e81b1","ssl_emnist_digits_conv_trial_0301","LOCAL","src/cli.py","thallybu","FINISHED","False","None","threshold","0.694021882236851","250","True","ShallowConvAutoencoder","[16, 32]","[1, 28, 28]","2048","1e-06","0","EMNIST","0.12318624082549844","digits","True","784","True","None","1","0.694021882236851","3","4","0.12318624082549844","0.0016592668928886354","8","0.23945804690279615","2","1","1.4215143758812128","0","0.024615114818082137","2","L","(224, 224)","1e-06","0.0016592668928886354","5","8","None","None","10","4","False","0.23945804690279615","L","random","None","2","50","1.4215143758812128","fixed_k","True","1.0","/data/thallybu/datasets/EMNIST","42","10","[0.9, 0.1]","0.024615114818082137","0.1","False","True","True","2","10","0.029238391667604446","1363.2518310546875","0.44657638669013977","0.21287615597248077","0.40193861722946167","0.33194097876548767","0.6693608164787292","0.5190765857696533","0.4391608238220215","0.5261903405189514","0.4007171392440796","0.3950127065181732","0.6445581316947937","0.7271073460578918","10","0.6940218806266785","0.004625711590051651","0.01954934187233448","0.018366310745477676","0.05103621259331703","0.035774506628513336","0.028516732156276703","0.03211289271712303","0.023908788338303566","0.019308973103761673","0.03954525664448738","0.042967867106199265","0.34289324283599854","0.291965514421463","15473","20","500","0.3110869526863098","159094","1842","0.020179295912384987","0.640625","0.640625","0","0.6202651858329773","0.640625","0.359375","13.43309497833252","1.2012676000595093","0.06685313582420349","1.3689104318618774","ssl_emnist_digits_conv","301","OK"
"2026-03-27 08:22:12","8.8min","d7428a3c286243fcb40c7e7ce215b6e3","ssl_emnist_digits_conv_trial_0334","LOCAL","src/cli.py","thallybu","FINISHED","False","None","threshold","0.778680045622275","250","True","ShallowConvAutoencoder","[16, 32]","[1, 28, 28]","2048","1e-06","0","EMNIST","0.12207325411720366","digits","True","784","True","None","1","0.778680045622275","3","4","0.12207325411720366","0.00153698575276108","8","0.22997197715037285","2","1","1.439935549118869","0","0.029607018299515907","2","L","(224, 224)","1e-06","0.00153698575276108","5","8","None","None","10","4","False","0.22997197715037285","L","random","None","2","50","1.439935549118869","fixed_k","True","1.0","/data/thallybu/datasets/EMNIST","42","10","[0.9, 0.1]","0.029607018299515907","0.1","False","True","True","2","10","0.0271922554820776","1614.9066162109375","0.5456110239028931","0.23591165244579315","0.4934399127960205","0.35726726055145264","0.5728328824043274","0.6627746820449829","0.5117400884628296","0.6023018956184387","0.6385713815689087","0.4527435898780823","0.7224403619766235","0.7499483227729797","10","0.7786800265312195","0.0047961329109966755","0.0233987495303154","0.017961518839001656","0.04374485835433006","0.039184413850307465","0.03152233362197876","0.03410740941762924","0.03311878815293312","0.01989738829433918","0.03963175043463707","0.04788930341601372","0.3646223247051239","0.31475701928138733","11646","20","500","0.33045655488967896","181856","1673","0.02311614342033863","0.640583336353302","0.640583336353302","0","0.6176377534866333","0.640583336353302","0.359416663646698","14.092598915100098","1.1914697885513306","0.07316764444112778","1.2542474269866943","ssl_emnist_digits_conv","334","OK"
"2026-03-27 05:51:50","10.2min","4f42eccf67614cf1a1dd75bd27717380","ssl_emnist_digits_conv_trial_0258","LOCAL","src/cli.py","thallybu","FINISHED","False","None","threshold","0.6903912894876396","250","True","ShallowConvAutoencoder","[16, 32]","[1, 28, 28]","2048","1e-06","0","EMNIST","0.12862201333741863","digits","True","784","True","None","1","0.6903912894876396","3","4","0.12862201333741863","0.0009844088288726298","7","0.23557338426929608","2","1","1.4174852794177706","0","0.022008667917140335","2","L","(224, 224)","1e-06","0.0009844088288726298","5","7","None","None","10","4","False","0.23557338426929608","L","random","None","2","50","1.4174852794177706","fixed_k","True","1.0","/data/thallybu/datasets/EMNIST","42","10","[0.9, 0.1]","0.022008667917140335","0.1","False","True","True","2","11","0.03873484581708908","1124.665771484375","0.4883991479873657","0.2442750185728073","0.302104115486145","0.21519823372364044","0.5049430727958679","0.7364329099655151","0.5687398314476013","0.6393505334854126","0.6753864884376526","0.7097510099411011","0.5599921345710754","0.6288074851036072","10","0.6903913021087646","0.0025905377697199583","0.02736419253051281","0.01516028307378292","0.04431340470910072","0.054548315703868866","0.04922305420041084","0.04941297322511673","0.04678026959300041","0.04145728424191475","0.04726521298289299","0.0377545990049839","0.4389965534210205","0.4021686017513275","9606","20","500","0.41327956318855286","128002","3255","0.01400139182806015","0.640291690826416","0.640291690826416","0","0.6327001452445984","0.640291690826416","0.35970833897590637","11.4194917678833","0.8861305117607117","0.04286246374249458","0.6096778512001038","ssl_emnist_digits_conv","258","OK"
"2026-03-27 07:37:01","8.9min","54720cb0e8444e98812bbffdef7b6441","ssl_emnist_digits_conv_trial_0308","LOCAL","src/cli.py","thallybu","FINISHED","False","None","threshold","0.7075355336766801","100","True","ShallowConvAutoencoder","[16, 32]","[1, 28, 28]","2048","1e-06","0","EMNIST","0.11930151948428286","digits","True","784","True","None","1","0.7075355336766801","2","4","0.11930151948428286","0.0013237190570467702","6","0.23432440882441055","2","1","1.1593795830497178","0","0.16725474382304625","2","L","(224, 224)","1e-06","0.0013237190570467702","5","6","None","None","10","4","False","0.23432440882441055","L","random","None","2","50","1.1593795830497178","fixed_k","True","1.0","/data/thallybu/datasets/EMNIST","42","10","[0.9, 0.1]","0.16725474382304625","0.1","False","True","True","2","10","0.04588453844189644","1074.756103515625","0.5017091631889343","0.20529228448867798","0.3651514947414398","0.29480811953544617","0.5777620077133179","0.5942348837852478","0.5929380655288696","0.6210822463035583","0.6157311201095581","0.5812830924987793","0.6797873973846436","0.6666959524154663","10","0.7075355052947998","0.0030463847797363997","0.036801233887672424","0.020783444866538048","0.05532805994153023","0.05288947373628616","0.057129498571157455","0.051623567938804626","0.04928489401936531","0.043442871421575546","0.05009978637099266","0.045421261340379715","0.4941543638706207","0.4566672444343567","6324","20","500","0.46280407905578613","119446","2868","0.01755204237997532","0.6400833129882812","0.6400833129882812","0","0.638373613357544","0.6400833129882812","0.35991665720939636","9.120134353637695","0.917974054813385","0.06291139870882034","0.5842011570930481","ssl_emnist_digits_conv","308","OK"
"2026-03-27 06:52:12","8.8min","a49f7373f5384d1aa16dbebf08ad8ce6","ssl_emnist_digits_conv_trial_0277","LOCAL","src/cli.py","thallybu","FINISHED","False","None","threshold","0.7021793909622497","250","True","ShallowConvAutoencoder","[16, 32]","[1, 28, 28]","2048","1e-06","0","EMNIST","0.13048598013077684","digits","True","784","True","None","1","0.7021793909622497","3","4","0.13048598013077684","0.0014620417195017315","5","0.2386073878931821","2","1","1.4083142748941162","0","0.024517718193668863","2","L","(224, 224)","1e-06","0.0014620417195017315","5","5","None","None","10","4","False","0.2386073878931821","L","random","None","2","50","1.4083142748941162","fixed_k","True","1.0","/data/thallybu/datasets/EMNIST","42","10","[0.9, 0.1]","0.024517718193668863","0.1","False","True","True","2","10","0.040613606572151184","1321.678466796875","0.45732223987579346","0.22330506145954132","0.39964649081230164","0.2772829532623291","0.680633008480072","0.5912392139434814","0.7782461643218994","0.4736695885658264","0.42628222703933716","0.6662918925285339","0.7478785514831543","0.47932013869285583","10","0.7021793723106384","0.0032796370796859264","0.033779747784137726","0.017278708517551422","0.057774052023887634","0.048102498054504395","0.056097038090229034","0.038093626499176025","0.03482675179839134","0.03150760754942894","0.05707317590713501","0.03233293816447258","0.4362849295139313","0.3984734117984772","13995","20","500","0.40686604380607605","153226","2162","0.016448520123958588","0.6399583220481873","0.6399583220481873","0","0.6074755787849426","0.6399583220481873","0.36004164814949036","10.512734413146973","0.9785534739494324","0.039029311388731","0.8794851303100586","ssl_emnist_digits_conv","277","OK"
"2026-03-26 22:20:55","9.2min","6c09584fd9884c07befc0d95d8f5b029","ssl_emnist_digits_conv_trial_0136","LOCAL","src/cli.py","thallybu","FINISHED","False","None","threshold","0.7322895320014875","250","True","ShallowConvAutoencoder","[16, 32]","[1, 28, 28]","2048","1e-06","0","EMNIST","0.10282846282766551","digits","True","784","True","None","1","0.7322895320014875","3","4","0.10282846282766551","0.0017658142588326741","8","0.24414975596729355","2","1","1.4507836214978536","0","0.024586270192124924","1","L","(224, 224)","1e-06","0.0017658142588326741","5","8","None","None","10","4","False","0.24414975596729355","L","random","None","2","50","1.4507836214978536","fixed_k","True","1.0","/data/thallybu/datasets/EMNIST","42","10","[0.9, 0.1]","0.024586270192124924","0.1","False","True","True","1","10","0.020852122455835342","1673.9022216796875","0.4780046343803406","0.21753263473510742","0.4178759455680847","0.36804521083831787","0.5941532254219055","0.48987168073654175","0.4807572364807129","0.6546393036842346","0.43738338351249695","0.42757803201675415","0.6006978750228882","0.7205957174301147","10","0.7322895526885986","0.005840358790010214","0.01816660352051258","0.017414698377251625","0.04011587053537369","0.028983119875192642","0.026897376403212547","0.03149796277284622","0.021801931783556938","0.017986170947551727","0.03157051280140877","0.03811046481132507","0.3044343590736389","0.266460657119751","6449","20","500","0.2725447416305542","182912","1984","0.02095823548734188","0.6399166584014893","0.6399166584014893","0","0.6042564511299133","0.6399166584014893","0.36008334159851074","17.5643253326416","1.2725921869277954","0.057319920510053635","1.5224775075912476","ssl_emnist_digits_conv","136","OK"
"2026-03-26 22:41:17","7.5min","6ad753d8aa68456b9edf407115956ef2","ssl_emnist_digits_conv_trial_0146","LOCAL","src/cli.py","thallybu","FINISHED","False","None","threshold","0.6741659797453897","25","True","ShallowConvAutoencoder","[4]","[1, 28, 28]","2048","1e-06","0","EMNIST","0.10609186336685082","digits","True","784","True","None","1","0.6741659797453897","0","0","0.10609186336685082","0.0021556462772515","7","0.24151960095834524","2","1","1.4093997505495381","0","0.02045705534741066","1","L","(224, 224)","1e-06","0.0021556462772515","5","7","None","None","10","4","False","0.24151960095834524","L","random","None","2","50","1.4093997505495381","fixed_k","True","1.0","/data/thallybu/datasets/EMNIST","42","10","[0.9, 0.1]","0.02045705534741066","0.1","False","True","True","1","10","0.03931807354092598","772.9913940429688","0.5073933005332947","0.1357436329126358","0.5400152802467346","0.40671947598457336","0.5506173372268677","0.585084855556488","0.560243546962738","0.5676440596580505","0.5324416160583496","0.5066771507263184","0.5663192868232727","0.5155379176139832","10","0.6741659641265869","0.0036030092742294073","0.05573652312159538","0.030019117519259453","0.055577754974365234","0.04812946543097496","0.048301249742507935","0.04983954504132271","0.04701734334230423","0.04068540036678314","0.0505070723593235","0.03746560961008072","0.48412615060806274","0.4765990078449249","1731","20","500","0.463279128074646","82954","3879","0.007748001720756292","0.6393333077430725","0.6393333077430725","0","0.6345288157463074","0.6393333077430725","0.3606666624546051","3.6196768283843994","0.8848565220832825","0.15464626252651215","0.3924712836742401","ssl_emnist_digits_conv","146","OK"
"2026-03-26 22:36:44","7.4min","3f809127a5cd41b6a4fc47e7bd027d45","ssl_emnist_digits_conv_trial_0143","LOCAL","src/cli.py","thallybu","FINISHED","False","None","threshold","0.6774183439394462","250","True","ShallowConvAutoencoder","[4]","[1, 28, 28]","2048","1e-06","0","EMNIST","0.0951249949439609","digits","True","784","True","None","1","0.6774183439394462","3","0","0.0951249949439609","0.0021797056176555973","6","0.24034186964987","2","1","1.4929625714393138","0","0.020412479022745237","1","L","(224, 224)","1e-06","0.0021797056176555973","5","6","None","None","10","4","False","0.24034186964987","L","random","None","2","50","1.4929625714393138","fixed_k","True","1.0","/data/thallybu/datasets/EMNIST","42","10","[0.9, 0.1]","0.020412479022745237","0.1","False","True","True","1","10","0.05800187960267067","835.0343627929688","0.5020053386688232","0.13142813742160797","0.4666585326194763","0.3988102674484253","0.5337758660316467","0.5441865921020508","0.5626298785209656","0.5570480227470398","0.5060416460037231","0.5430957674980164","0.5910909175872803","0.5850611925125122","10","0.6774183511734009","0.003181672189384699","0.047016263008117676","0.029632918536663055","0.054942548274993896","0.050375137478113174","0.05296139791607857","0.047481559216976166","0.046011894941329956","0.045152489095926285","0.054801445454359055","0.05800605192780495","0.5086140036582947","0.5072004795074463","1878","20","500","0.48638179898262024","89660","3522","0.005110190715640783","0.637416660785675","0.637416660785675","0","0.6294687390327454","0.637416660785675","0.36258333921432495","4.518782615661621","0.9177430868148804","0.13816888630390167","0.4695785343647003","ssl_emnist_digits_conv","143","OK"
"2026-03-27 08:05:01","9.0min","3a23aa40ae4f470494e3625622782948","ssl_emnist_digits_conv_trial_0323","LOCAL","src/cli.py","thallybu","FINISHED","False","None","threshold","0.6848112145076564","250","True","ShallowConvAutoencoder","[16, 32]","[1, 28, 28]","2048","1e-06","0","EMNIST","0.11358403905065277","digits","True","784","True","None","1","0.6848112145076564","3","4","0.11358403905065277","0.001430249468094948","5","0.2260460348335357","2","2","1.137842236587141","0","0.023291374482884146","2","L","(224, 224)","1e-06","0.001430249468094948","5","5","None","None","10","4","False","0.2260460348335357","L","random","None","2","100","1.137842236587141","fixed_k","True","1.0","/data/thallybu/datasets/EMNIST","42","10","[0.9, 0.1]","0.023291374482884146","0.1","False","True","True","2","10","0.04071193188428879","1263.697509765625","0.4282791018486023","0.2148382067680359","0.3606243431568146","0.2664301097393036","0.6264864802360535","0.5616315007209778","0.7874266505241394","0.490193247795105","0.382303923368454","0.6289335489273071","0.6908590793609619","0.46400222182273865","10","0.6848112344741821","0.0033112880773842335","0.03141319379210472","0.016516413539648056","0.05559924617409706","0.04827165976166725","0.05334663763642311","0.038802895694971085","0.031314704567193985","0.02877819910645485","0.05067335441708565","0.030911196023225784","0.41468700766563416","0.36696553230285645","8960","20","1000","0.38562750816345215","141562","4486","0.016545424237847328","0.6359999775886536","0.6359999775886536","0","0.6104893684387207","0.6359999775886536","0.36399999260902405","12.338449478149414","0.9540838003158569","0.0373741090297699","0.8490678071975708","ssl_emnist_digits_conv","323","OK"
"2026-03-27 06:59:11","8.4min","b179ba3d0ed4459b86f15c6324399616","ssl_emnist_digits_conv_trial_0282","LOCAL","src/cli.py","thallybu","FINISHED","False","None","threshold","0.7059337425923917","250","True","ShallowConvAutoencoder","[16, 32]","[1, 28, 28]","2048","1e-06","0","EMNIST","0.13804166207908053","digits","True","784","True","None","1","0.7059337425923917","3","4","0.13804166207908053","0.0010086283916929532","6","0.21691412216615763","2","1","1.3903698337014503","0","0.022681380470091418","2","L","(224, 224)","1e-06","0.0010086283916929532","5","6","None","None","10","4","False","0.21691412216615763","L","random","None","2","50","1.3903698337014503","fixed_k","True","1.0","/data/thallybu/datasets/EMNIST","42","10","[0.9, 0.1]","0.022681380470091418","0.1","False","True","True","2","10","0.04517907276749611","1061.2615966796875","0.49503177404403687","0.21665014326572418","0.47156286239624023","0.30531492829322815","0.5509512424468994","0.5648180246353149","0.5308418273925781","0.613744854927063","0.49265527725219727","0.6791868209838867","0.7012380957603455","0.7854436039924622","10","0.7059337496757507","0.002353374380618334","0.04619201272726059","0.0204776581376791","0.05355743691325188","0.05291065201163292","0.05027969554066658","0.051136162132024765","0.04561515897512436","0.04340467229485512","0.048265304416418076","0.05222485214471817","0.48943030834198","0.4287187159061432","14449","20","500","0.4640636444091797","126152","2839","0.013213477097451687","0.6354583501815796","0.6354583501815796","0","0.6272470355033875","0.6354583501815796","0.3645416498184204","17.252782821655273","0.9984661340713501","0.046092450618743896","0.8735623359680176","ssl_emnist_digits_conv","282","OK"
"2026-03-27 06:28:14","8.7min","78d6a34792c643c79ce6a06c6eb5d77c","ssl_emnist_digits_conv_trial_0267","LOCAL","src/cli.py","thallybu","FINISHED","False","None","threshold","0.6711268264719109","25","True","ShallowConvAutoencoder","[8, 16]","[1, 28, 28]","2048","1e-06","0","EMNIST","0.1257000838412396","digits","True","784","True","None","1","0.6711268264719109","0","3","0.1257000838412396","0.001396706966951227","6","0.22519851165301494","2","1","1.4161463019888514","0","0.02136756566499871","2","L","(224, 224)","1e-06","0.001396706966951227","5","6","None","None","10","4","False","0.22519851165301494","L","random","None","2","50","1.4161463019888514","fixed_k","True","1.0","/data/thallybu/datasets/EMNIST","42","10","[0.9, 0.1]","0.02136756566499871","0.1","False","True","True","2","10","0.05241125077009201","891.6349487304688","0.4623848795890808","0.17232456803321838","0.46632590889930725","0.26156261563301086","0.5520650744438171","0.5559449791908264","0.5265812873840332","0.5231016278266907","0.5073475241661072","0.5457536578178406","0.556840717792511","0.5495851039886475","10","0.6711268424987793","0.0018822182901203632","0.049362629652023315","0.021042730659246445","0.05618777871131897","0.052976369857788086","0.05462661758065224","0.04640919342637062","0.04543130099773407","0.04213625192642212","0.05143335834145546","0.04504987597465515","0.4845021367073059","0.4630972146987915","3450","20","500","0.46465614438056946","97217","2983","0.0061607579700648785","0.6352083086967468","0.6352083086967468","0","0.6217325925827026","0.6352083086967468","0.3647916615009308","8.042195320129395","0.8833953142166138","0.04475049674510956","0.5138847827911377","ssl_emnist_digits_conv","267","OK"
"2026-03-26 22:48:49","9.9min","a62f8afccdff41bbae4fd2115cb6073c","ssl_emnist_digits_conv_trial_0151","LOCAL","src/cli.py","thallybu","FINISHED","False","None","threshold","0.7196088292562979","250","True","ShallowConvAutoencoder","[16, 32]","[1, 28, 28]","2048","1e-06","0","EMNIST","0.1104516031337158","digits","True","784","True","None","1","0.7196088292562979","3","4","0.1104516031337158","0.0016335173647828802","8","0.2458134844881333","2","1","1.480547126707773","0","0.018445737470804233","1","L","(224, 224)","1e-06","0.0016335173647828802","5","8","None","None","10","4","False","0.2458134844881333","L","random","None","2","50","1.480547126707773","fixed_k","True","1.0","/data/thallybu/datasets/EMNIST","42","10","[0.9, 0.1]","0.018445737470804233","0.1","False","True","True","1","10","0.024393247440457344","1664.30810546875","0.47560635209083557","0.22131356596946716","0.415019690990448","0.38141390681266785","0.7406513690948486","0.4864044487476349","0.4830506443977356","0.7000027298927307","0.3926548361778259","0.4519883990287781","0.5841212272644043","0.7369621992111206","10","0.7196088433265686","0.0052676014602184296","0.018708640709519386","0.018853994086384773","0.0531248115003109","0.028982127085328102","0.02735690027475357","0.03333890065550804","0.02104984037578106","0.018406078219413757","0.028549017384648323","0.03706391155719757","0.31688669323921204","0.27373263239860535","6221","20","500","0.28543421626091003","181670","2038","0.02018861658871174","0.6339166760444641","0.6339166760444641","0","0.5990778207778931","0.6339166760444641","0.3660833239555359","17.47523307800293","1.2713640928268433","0.06741007417440414","1.4961776733398438","ssl_emnist_digits_conv","151","OK"
"2026-03-27 13:40:17","6.9min","c0320484576149aabc7a9dfcea8439d0","ssl_emnist_digits_conv_trial_0405","LOCAL","src/cli.py","thallybu","FINISHED","False","None","threshold","0.6883856063925564","250","True","ShallowConvAutoencoder","[8]","[1, 28, 28]","2048","1e-06","0","EMNIST","0.12244965613679314","digits","True","784","True","None","1","0.6883856063925564","3","1","0.12244965613679314","0.001460612933360242","12","0.2011900303015635","2","1","1.3768676437505574","0","0.0209246802429902","2","L","(224, 224)","1e-06","0.001460612933360242","5","12","None","None","10","4","False","0.2011900303015635","L","random","None","2","50","1.3768676437505574","fixed_k","True","1.0","/data/thallybu/datasets/EMNIST","42","10","[0.9, 0.1]","0.0209246802429902","0.1","False","True","True","2","10","0.04128549247980118","966.2805786132812","0.5077738761901855","0.16880424320697784","0.46118736267089844","0.32429713010787964","0.5612070560455322","0.5480071306228638","0.5577439069747925","0.5667757391929626","0.521391749382019","0.5302269458770752","0.6151712536811829","0.6338141560554504","10","0.6883856058120728","0.004760012961924076","0.04665645956993103","0.02129494585096836","0.056338123977184296","0.05231862515211105","0.04654888063669205","0.04956815019249916","0.045591801404953","0.037877004593610764","0.04202340915799141","0.0476231649518013","0.4699515104293823","0.46966999769210815","1865","20","500","0.44584062695503235","103517","3248","0.011044605635106564","0.6337083578109741","0.6337083578109741","0","0.6331914067268372","0.6337083578109741","0.36629167199134827","4.841471195220947","0.896868884563446","0.10350339114665985","0.47211113572120667","ssl_emnist_digits_conv","405","OK"
"2026-03-27 06:43:48","8.4min","5e5218c84747445abb0c23cced576b8e","ssl_emnist_digits_conv_trial_0274","LOCAL","src/cli.py","thallybu","FINISHED","False","None","threshold","0.6963269789283631","250","True","ShallowConvAutoencoder","[4, 8]","[1, 28, 28]","2048","1e-06","0","EMNIST","0.12107986363333025","digits","True","784","True","None","1","0.6963269789283631","3","2","0.12107986363333025","0.0008632147816701965","8","0.2346558975892132","2","1","1.4334623827245476","0","0.02591126933922904","2","L","(224, 224)","1e-06","0.0008632147816701965","5","8","None","None","10","4","False","0.2346558975892132","L","random","None","2","50","1.4334623827245476","fixed_k","True","1.0","/data/thallybu/datasets/EMNIST","42","10","[0.9, 0.1]","0.02591126933922904","0.1","False","True","True","2","10","0.05910635367035866","773.6480102539062","0.5413002371788025","0.12574252486228943","0.48176535964012146","0.39725568890571594","0.5920388102531433","0.5776858329772949","0.5826038122177124","0.546195387840271","0.599183201789856","0.5860547423362732","0.5990474820137024","0.5712494254112244","10","0.6963269710540771","0.0014157234691083431","0.053325675427913666","0.02505633980035782","0.05924590304493904","0.056922730058431625","0.052382007241249084","0.04753018915653229","0.0585591122508049","0.0427626371383667","0.06045461818575859","0.048158977180719376","0.5246815085411072","0.527248203754425","3594","20","500","0.5043982863426208","84882","2889","0.0049980259500443935","0.6332083344459534","0.6332083344459534","0","0.6329251527786255","0.6332083344459534","0.36679166555404663","3.65812611579895","0.9204441905021667","0.1342216581106186","0.4144357144832611","ssl_emnist_digits_conv","274","OK"
"2026-03-27 00:10:34","9.0min","ed63f874788d470c9aa5b863fd9fa610","ssl_emnist_digits_conv_trial_0177","LOCAL","src/cli.py","thallybu","FINISHED","False","None","threshold","0.7090357611014161","50","True","ShallowConvAutoencoder","[16, 32]","[1, 28, 28]","2048","1e-06","0","EMNIST","0.1140548749974763","digits","True","784","True","None","1","0.7090357611014161","1","4","0.1140548749974763","0.0016954917173017522","8","0.24602480760309073","2","1","1.4444099917746074","0","0.02139237116877918","1","L","(224, 224)","1e-06","0.0016954917173017522","5","8","None","None","10","4","False","0.24602480760309073","L","random","None","2","50","1.4444099917746074","fixed_k","True","1.0","/data/thallybu/datasets/EMNIST","42","10","[0.9, 0.1]","0.02139237116877918","0.1","False","True","True","1","10","0.026195643469691277","1603.385498046875","0.4608859419822693","0.2138296663761139","0.40371939539909363","0.3698817193508148","0.7391912341117859","0.46774598956108093","0.44429171085357666","0.6578805446624756","0.3771657347679138","0.44982460141181946","0.6044747233390808","0.684868335723877","10","0.7090357542037964","0.005186083260923624","0.0187700055539608","0.017467500641942024","0.05262631177902222","0.029050499200820923","0.025916898623108864","0.032490074634552","0.02142876572906971","0.020511409267783165","0.03207946941256523","0.041747093200683594","0.32337719202041626","0.2852548658847809","8437","20","500","0.2920880615711212","177451","2046","0.01965837925672531","0.6331250071525574","0.6331250071525574","0","0.5874478816986084","0.6331250071525574","0.3668749928474426","15.348176002502441","1.2909287214279175","0.07432573288679123","1.5222951173782349","ssl_emnist_digits_conv","177","OK"
"2026-03-27 09:52:25","8.8min","f75818844d63419191127a584f077ab4","ssl_emnist_digits_conv_trial_0356","LOCAL","src/cli.py","thallybu","FINISHED","False","None","threshold","0.6798654075772008","50","True","ShallowConvAutoencoder","[16, 32]","[1, 28, 28]","2048","1e-06","0","EMNIST","0.13860365191177035","digits","True","784","True","None","1","0.6798654075772008","1","4","0.13860365191177035","0.0025404949266250765","8","0.2257692734662053","2","2","1.2359638534155033","1","0.04971816432211655","2","L","(224, 224)","1e-06","0.0025404949266250765","5","8","None","None","10","4","False","0.2257692734662053","L","random","None","2","100","1.2359638534155033","threshold","True","1.0","/data/thallybu/datasets/EMNIST","42","10","[0.9, 0.1]","0.04971816432211655","0.1","False","True","True","2","10","0.02607140690088272","1346.85986328125","0.45957010984420776","0.2079990655183792","0.4272574186325073","0.32040125131607056","0.6749200820922852","0.6430824398994446","0.456062912940979","0.48100441694259644","0.4248358905315399","0.41551825404167175","0.5149707794189453","0.6522148251533508","10","0.6798654198646545","0.0065096779726445675","0.02187442220747471","0.015770750120282173","0.05215110629796982","0.03860446438193321","0.02790028415620327","0.03363393247127533","0.02433701790869236","0.020784039050340652","0.033310458064079285","0.029985608533024788","0.33005866408348083","0.27498653531074524","11415","20","0","0.29835212230682373","153796","0","0.019310664385557175","0.6326249837875366","0.6326249837875366","0","0.6254330277442932","0.6326249837875366","0.367374986410141","11.937603950500488","1.2099689245224","0.0688958689570427","1.3211652040481567","ssl_emnist_digits_conv","356","OK"
"2026-03-27 00:10:35","9.0min","03953af6279d4ace8346e4921283af14","ssl_emnist_digits_conv_trial_0178","LOCAL","src/cli.py","thallybu","FINISHED","False","None","threshold","0.7088969524632394","250","True","ShallowConvAutoencoder","[16, 32]","[1, 28, 28]","2048","1e-06","0","EMNIST","0.1144777314932839","digits","True","784","True","None","1","0.7088969524632394","3","4","0.1144777314932839","0.001741160124978832","8","0.24640708647743503","2","1","1.442824045226589","0","0.021926123125006167","1","L","(224, 224)","1e-06","0.001741160124978832","5","8","None","None","10","4","False","0.24640708647743503","L","random","None","2","50","1.442824045226589","fixed_k","True","1.0","/data/thallybu/datasets/EMNIST","42","10","[0.9, 0.1]","0.021926123125006167","0.1","False","True","True","1","10","0.026511773467063904","1624.81982421875","0.45051002502441406","0.21906298398971558","0.3799728751182556","0.35291966795921326","0.7203109860420227","0.4662382900714874","0.44126659631729126","0.7051162123680115","0.365307092666626","0.42919668555259705","0.6365146636962891","0.6993709802627563","10","0.7088969349861145","0.005207634065300226","0.018876833841204643","0.019047511741518974","0.05150261148810387","0.029638707637786865","0.026657070964574814","0.03724951669573784","0.021500209346413612","0.018272671848535538","0.0333978645503521","0.04199692979454994","0.3295994699001312","0.2900013029575348","6891","20","500","0.29813992977142334","178163","1959","0.019719166681170464","0.6316249966621399","0.6316249966621399","0","0.5877476334571838","0.6316249966621399","0.3683333396911621","16.046173095703125","1.2741059064865112","0.06038890779018402","1.5288816690444946","ssl_emnist_digits_conv","178","OK"
"2026-03-26 14:50:02","11.6min","ccd91e2d2e26469689067f8fa357e140","ssl_emnist_digits_conv_trial_0029","LOCAL","src/cli.py","thallybu","FINISHED","False","None","threshold","0.8910083082074113","250","True","ShallowConvAutoencoder","[16, 32]","[1, 28, 28]","2048","1e-06","0","EMNIST","0.0001002469571758785","digits","True","784","True","None","1","0.8910083082074113","3","4","0.0001002469571758785","0.003632145106768372","21","0.05528138175393655","4","1","1.2543015302590157","0","0.02272061754391188","4","L","(224, 224)","1e-06","0.003632145106768372","5","21","None","None","10","4","False","0.05528138175393655","L","random","None","4","50","1.2543015302590157","fixed_k","True","1.0","/data/thallybu/datasets/EMNIST","42","10","[0.9, 0.1]","0.02272061754391188","0.1","False","True","True","4","15","0.008843100629746914","2023.29931640625","0.6912208795547485","0.20770926773548126","0.5367299318313599","0.6062371730804443","0.5894367098808289","0.7551573514938354","0.7162528038024902","0.6760850548744202","0.6074973344802856","0.7267110347747803","0.8221592903137207","0.8060941696166992","10","0.8910083174705505","0.013422110117971897","0.008594938553869724","0.00502924807369709","0.013827254995703697","0.013747948221862316","0.008167157880961895","0.013798044063150883","0.010345137678086758","0.011453469283878803","0.013834278099238873","0.015452823601663113","0.13853560388088226","0.13563986122608185","403","40","500","0.1142502874135971","213802","1773","0.010374329052865505","0.6315416693687439","0.6315416693687439","0","0.6329993605613708","0.6315416693687439","0.3684583306312561","24.65652847290039","1.067308783531189","0.09590977430343628","0.9584046006202698","ssl_emnist_digits_conv","29","OK"
"2026-03-27 00:12:39","9.5min","9dc0b19d612a440bb780ceb2dcdbee4d","ssl_emnist_digits_conv_trial_0179","LOCAL","src/cli.py","thallybu","FINISHED","False","None","threshold","0.7429098407702005","250","True","ShallowConvAutoencoder","[16, 32]","[1, 28, 28]","2048","1e-06","0","EMNIST","0.11356603950778382","digits","True","784","True","None","1","0.7429098407702005","3","4","0.11356603950778382","0.0016892211469949363","8","0.24673184386823216","2","1","1.4473791585428528","0","0.022455759803147703","1","L","(224, 224)","1e-06","0.0016892211469949363","5","8","None","None","10","4","False","0.24673184386823216","L","random","None","2","50","1.4473791585428528","fixed_k","True","1.0","/data/thallybu/datasets/EMNIST","42","10","[0.9, 0.1]","0.022455759803147703","0.1","False","True","True","1","10","0.024001726880669594","1693.8177490234375","0.4900568723678589","0.21724148094654083","0.44337818026542664","0.3847821354866028","0.733832597732544","0.49953693151474","0.4959443211555481","0.6182165741920471","0.415701687335968","0.459751695394516","0.6105993390083313","0.7228058576583862","10","0.742909848690033","0.005499541759490967","0.01823071762919426","0.018703384324908257","0.052731942385435104","0.028960952535271645","0.02796546369791031","0.030308978632092476","0.02167426235973835","0.01818265952169895","0.03164171800017357","0.04025208577513695","0.3196643590927124","0.27809327840805054","5823","20","500","0.28865212202072144","184387","2100","0.019590668380260468","0.6312500238418579","0.6312500238418579","0","0.5998649001121521","0.6312500238418579","0.3687500059604645","13.238248825073242","1.252750277519226","0.07004200667142868","1.3948869705200195","ssl_emnist_digits_conv","179","OK"
"2026-03-26 16:04:32","19.6min","8e8c9e15955c4eb7ab41b05a1fd3aba4","ssl_emnist_digits_conv_trial_0072","LOCAL","src/cli.py","thallybu","FINISHED","False","None","fixed_k","0.5924254015103424","100","True","ShallowConvAutoencoder","[4, 8]","[1, 28, 28]","2048","1e-06","0","EMNIST","0.0263137074675154","digits","True","784","True","None","0","0.5924254015103424","2","2","0.0263137074675154","0.003734671630833038","17","0.15802506031560393","3","0","1.1465822093711946","1","0.021929318762231295","3","L","(224, 224)","1e-06","0.003734671630833038","5","17","None","None","10","4","False","0.15802506031560393","L","random","None","3","25","1.1465822093711946","threshold","True","1.0","/data/thallybu/datasets/EMNIST","42","10","[0.9, 0.1]","0.021929318762231295","0.1","False","True","True","3","25","0.03081713803112507","198.891845703125","0.2330922782421112","0.14136376976966858","0.19661399722099304","0.05820981413125992","0.149922713637352","0.14301161468029022","0.4026359021663666","0.4352499544620514","0.38599473237991333","0.10337643325328827","0.2629861831665039","0.1929215043783188","10","","0.004437231924384832","0.017549583688378334","0.004706932231783867","0.0173366516828537","0.016116907820105553","0.033072225749492645","0.03947116434574127","0.029995307326316833","0.007979795336723328","0.02348707802593708","0.018177779391407967","0.22811901569366455","0.2167782336473465","1000","30","0","0.20789338648319244","22030","0","0.01091851107776165","0.6307916641235352","0.6307916641235352","0","0.633507251739502","0.6307916641235352","0.36920833587646484","54.68832778930664","1.2925503253936768","0.021896297112107277","2.6251676082611084","ssl_emnist_digits_conv","72","OK"
"2026-03-26 23:08:33","9.7min","375b443a1c5f4423b209ca12b1db9f58","ssl_emnist_digits_conv_trial_0159","LOCAL","src/cli.py","thallybu","FINISHED","False","None","threshold","0.7577837784595257","250","True","ShallowConvAutoencoder","[8, 16]","[1, 28, 28]","2048","1e-06","0","EMNIST","0.11615697394394611","digits","True","784","True","None","1","0.7577837784595257","3","3","0.11615697394394611","0.0006520010261489409","7","0.23480525138689248","2","1","1.4221874204679557","0","0.02603733551134347","1","L","(224, 224)","1e-06","0.0006520010261489409","5","7","None","None","10","4","False","0.23480525138689248","L","random","None","2","50","1.4221874204679557","fixed_k","True","1.0","/data/thallybu/datasets/EMNIST","42","10","[0.9, 0.1]","0.02603733551134347","0.1","False","True","True","1","10","0.05409172549843788","1021.5845947265625","0.5932533740997314","0.13872414827346802","0.5662304162979126","0.5211103558540344","0.6026583909988403","0.6125527620315552","0.6205333471298218","0.6677669286727905","0.5779549479484558","0.5653772950172424","0.6634206771850586","0.6314769983291626","10","0.7577837705612183","0.0015351228648796678","0.05518905818462372","0.030464302748441696","0.060446206480264664","0.05548474192619324","0.053910207003355026","0.05748339742422104","0.052668988704681396","0.04769150912761688","0.05739596113562584","0.04263678938150406","0.5316017270088196","0.5329400897026062","2363","20","500","0.5133712291717529","109859","3438","0.003994430415332317","0.6305000185966492","0.6305000185966492","0","0.6362962126731873","0.6305000185966492","0.36949998140335083","4.757169246673584","0.9527264833450317","0.2163948118686676","0.466889888048172","ssl_emnist_digits_conv","159","OK"
"2026-03-26 14:49:31","12.9min","332295697bf74475942ccc23e1031054","ssl_emnist_digits_conv_trial_0026","LOCAL","src/cli.py","thallybu","FINISHED","False","None","threshold","0.7521827772105264","250","True","ShallowConvAutoencoder","[16, 32]","[1, 28, 28]","2048","1e-06","0","EMNIST","0.003760017654278802","digits","True","784","True","None","1","0.7521827772105264","3","4","0.003760017654278802","0.0025666437590088176","18","0.06934946848955563","4","1","1.2700562286423622","1","0.025117486110295607","5","L","(224, 224)","1e-06","0.0025666437590088176","5","18","None","None","10","4","False","0.06934946848955563","L","random","None","4","50","1.2700562286423622","threshold","True","1.0","/data/thallybu/datasets/EMNIST","42","10","[0.9, 0.1]","0.025117486110295607","0.1","False","True","True","5","17","0.015544263646006584","1898.579833984375","0.5816838145256042","0.22527296841144562","0.45457443594932556","0.3594359755516052","0.6636544466018677","0.6081386208534241","0.6030006408691406","0.7221724390983582","0.6619980931282043","0.6877584457397461","0.5513573288917542","0.7795037031173706","10","0.7521827816963196","0.010391517542302608","0.013100518845021725","0.004023408517241478","0.01867019571363926","0.019090786576271057","0.013006716966629028","0.015555068850517273","0.012318144552409649","0.009991771541535854","0.015214435756206512","0.013521412387490273","0.1582924872636795","0.1577804684638977","1176","40","0","0.134492427110672","201887","0","0.012330550700426102","0.6294583082199097","0.6294583082199097","0","0.6143101453781128","0.6294583082199097","0.37054166197776794","24.195919036865234","1.2106667757034302","0.052533991634845734","1.4010343551635742","ssl_emnist_digits_conv","26","OK"
"2026-03-27 09:43:12","8.7min","871a4a45c0954d649d508299f0cfd672","ssl_emnist_digits_conv_trial_0351","LOCAL","src/cli.py","thallybu","FINISHED","False","None","threshold","0.6614431421392216","25","True","ShallowConvAutoencoder","[16, 32]","[1, 28, 28]","2048","1e-06","0","EMNIST","0.13464549663085373","digits","True","784","True","None","1","0.6614431421392216","0","4","0.13464549663085373","0.002801025010015876","9","0.2279229973923751","2","2","1.3912803934322788","0","0.05475096784563608","2","L","(224, 224)","1e-06","0.002801025010015876","5","9","None","None","10","4","False","0.2279229973923751","L","random","None","2","100","1.3912803934322788","fixed_k","True","1.0","/data/thallybu/datasets/EMNIST","42","10","[0.9, 0.1]","0.05475096784563608","0.1","False","True","True","2","10","0.022301768884062767","1418.808349609375","0.44179442524909973","0.21660847961902618","0.33670851588249207","0.2689441740512848","0.4143693745136261","0.4462926387786865","0.47821763157844543","0.7745227813720703","0.7320221066474915","0.3986757695674896","0.7055361270904541","0.7959105968475342","10","0.6614431142807007","0.006957245524972677","0.0241381898522377","0.008666628040373325","0.03115466982126236","0.0296182744204998","0.02837207168340683","0.046246130019426346","0.02885960415005684","0.01792353019118309","0.04714381322264671","0.025048797950148582","0.31452614068984985","0.28364264965057373","7913","20","1000","0.2871716618537903","156911","4501","0.015314148738980293","0.628166675567627","0.628166675567627","0","0.6024367809295654","0.628166675567627","0.37183332443237305","17.286209106445312","1.1676862239837646","0.0465095154941082","1.4336086511611938","ssl_emnist_digits_conv","351","OK"
"2026-03-26 16:42:17","26.1min","4ad9c0634b8a43b89aedffb01e8639e0","ssl_emnist_digits_conv_trial_0088","LOCAL","src/cli.py","thallybu","FINISHED","False","None","threshold","0.8083921593226859","500","True","ShallowConvAutoencoder","[16, 32]","[1, 28, 28]","2048","1e-06","0","EMNIST","0.14423618513901987","digits","True","784","True","None","1","0.8083921593226859","4","4","0.14423618513901987","0.002014700742822787","6","0.21909187294678728","1","0","1.5393067228991193","0","0.02718692468242538","1","L","(224, 224)","1e-06","0.002014700742822787","5","6","None","None","10","4","False","0.21909187294678728","L","random","None","1","25","1.5393067228991193","fixed_k","True","1.0","/data/thallybu/datasets/EMNIST","42","10","[0.9, 0.1]","0.02718692468242538","0.1","False","True","True","1","25","0.01120398472994566","1935.14697265625","0.5704450011253357","0.23161768913269043","0.6236785054206848","0.531787633895874","0.5185878872871399","0.5239841938018799","0.5688284039497375","0.529721736907959","0.46166232228279114","0.6782955527305603","0.560160219669342","0.7171952724456787","10","0.8083921670913696","0.011369730345904827","0.026078177616000175","0.02124037593603134","0.03144354745745659","0.030840037390589714","0.026889359578490257","0.025979263707995415","0.023784929886460304","0.021161366254091263","0.02736618183553219","0.018601858988404274","0.2755500376224518","0.2813429832458496","318","10","250","0.25338509678840637","204641","3866","0.008340522646903992","0.627916693687439","0.627916693687439","0","0.6253261566162109","0.627916693687439","0.3720833361148834","12.8292875289917","1.2123924493789673","0.045406125485897064","1.2963095903396606","ssl_emnist_digits_conv","88","OK"
"2026-03-27 10:44:02","5.2min","9f4633a3ad6f4baabed08f9a7d32e303","ssl_emnist_digits_conv_trial_0386","LOCAL","src/cli.py","thallybu","FINISHED","False","None","threshold","0.6908452454450008","250","True","ShallowConvAutoencoder","[4]","[1, 28, 28]","2048","1e-06","0","EMNIST","0.13774728517871596","digits","True","784","True","None","1","0.6908452454450008","3","0","0.13774728517871596","0.0025953282360178546","7","0.22423901494325282","2","1","1.3391676669504091","0","0.019242746073951572","5","L","(224, 224)","1e-06","0.0025953282360178546","5","7","None","None","10","4","False","0.22423901494325282","L","random","None","2","50","1.3391676669504091","fixed_k","True","1.0","/data/thallybu/datasets/EMNIST","42","10","[0.9, 0.1]","0.019242746073951572","0.1","False","True","True","5","10","0.04502533748745918","793.1143798828125","0.5310019850730896","0.15650781989097595","0.5860382914543152","0.38685059547424316","0.5682743787765503","0.6108256578445435","0.5783700346946716","0.6248500347137451","0.5408250689506531","0.5698216557502747","0.5749279260635376","0.5531321167945862","10","0.690845251083374","0.0033434871584177017","0.05972200632095337","0.02907140739262104","0.055352721363306046","0.05292988568544388","0.05124557763338089","0.05436312407255173","0.047992631793022156","0.04540052264928818","0.0519779808819294","0.04028966650366783","0.5032511353492737","0.504061222076416","2141","20","500","0.4883456230163574","85489","1998","0.001465607201680541","0.6275833249092102","0.6275833249092102","0","0.6246312856674194","0.6275833249092102","0.3724166750907898","4.639770030975342","0.8983811736106873","0.11510628461837769","0.38841015100479126","ssl_emnist_digits_conv","386","OK"
"2026-03-26 14:44:45","9.7min","fbec42bca72c494fabf29cd572c03eab","ssl_emnist_digits_conv_trial_0024","LOCAL","src/cli.py","thallybu","FINISHED","False","None","threshold","0.5552293198412818","100","True","ShallowConvAutoencoder","[16, 32]","[1, 28, 28]","2048","1e-06","0","EMNIST","0.008996452783417057","digits","True","784","True","None","1","0.5552293198412818","2","4","0.008996452783417057","0.0009247988142933294","19","0.06617483993146359","4","0","1.1948352237303932","1","0.10401539732988674","4","L","(224, 224)","1e-06","0.0009247988142933294","5","19","None","None","10","4","False","0.06617483993146359","L","random","None","4","25","1.1948352237303932","threshold","True","1.0","/data/thallybu/datasets/EMNIST","42","10","[0.9, 0.1]","0.10401539732988674","0.1","False","True","True","4","14","0.06149673089385033","595.1614990234375","0.42699235677719116","0.13169078528881073","0.4261915683746338","0.3022390305995941","0.4811718165874481","0.47454243898391724","0.481503963470459","0.4631923735141754","0.44721493124961853","0.4411914646625519","0.4698125123977661","0.48149797320365906","10","0.5552293062210083","0.0020566286984831095","0.046182431280612946","0.021982697769999504","0.05050028860569","0.04662149026989937","0.04194386303424835","0.042278554290533066","0.04194054752588272","0.03416992351412773","0.040331609547138214","0.04006987437605858","0.4179343581199646","0.4043344557285309","701","40","0","0.4060212969779968","63626","0","0.005786880850791931","0.6272916793823242","0.6272916793823242","0","0.6300725340843201","0.6272916793823242","0.3727083206176758","5.314459800720215","0.9040243029594421","0.08135084062814713","0.45055216550827026","ssl_emnist_digits_conv","24","OK"
"2026-03-27 07:01:00","8.7min","9a670ac023714d108a89a47005a19140","ssl_emnist_digits_conv_trial_0283","LOCAL","src/cli.py","thallybu","FINISHED","False","None","threshold","0.688212510305758","250","True","ShallowConvAutoencoder","[16, 32]","[1, 28, 28]","2048","1e-06","0","EMNIST","0.1366094609629745","digits","True","784","True","None","1","0.688212510305758","3","4","0.1366094609629745","0.0004115483189341011","6","0.2177626093911917","2","1","1.3796754238673796","0","0.02883502945245358","2","L","(224, 224)","1e-06","0.0004115483189341011","5","6","None","None","10","4","False","0.2177626093911917","L","random","None","2","50","1.3796754238673796","fixed_k","True","1.0","/data/thallybu/datasets/EMNIST","42","10","[0.9, 0.1]","0.02883502945245358","0.1","False","True","True","2","10","0.05421553924679756","837.596435546875","0.5079417824745178","0.1584608107805252","0.49848154187202454","0.3367435336112976","0.5827151536941528","0.5516783595085144","0.5808402299880981","0.5663112998008728","0.5360370874404907","0.5636111497879028","0.6320311427116394","0.6058763265609741","10","0.688212513923645","0.001676616258919239","0.050505850464105606","0.02498323656618595","0.05933104455471039","0.05311577767133713","0.05882364511489868","0.05018439516425133","0.049996890127658844","0.04611945524811745","0.05196947604417801","0.051152244210243225","0.5164541602134705","0.49797019362449646","2578","20","500","0.49618202447891235","90635","3332","0.00678942771628499","0.6270416378974915","0.6270416378974915","0","0.6273062229156494","0.6270416378974915","0.37295833230018616","5.734729290008545","0.9197037816047668","0.08824635297060013","0.462054967880249","ssl_emnist_digits_conv","283","OK"
"2026-03-27 07:34:36","9.5min","79961d31d4d14eb29bee8a8b56ebe5b9","ssl_emnist_digits_conv_trial_0307","LOCAL","src/cli.py","thallybu","FINISHED","False","None","threshold","0.7091783469107585","100","True","ShallowConvAutoencoder","[16, 32]","[1, 28, 28]","2048","1e-06","0","EMNIST","0.11974231757610652","digits","True","784","True","None","1","0.7091783469107585","2","4","0.11974231757610652","0.001300030535172121","6","0.23414361589168828","2","1","1.454893942404073","0","0.021346280019659873","2","L","(224, 224)","1e-06","0.001300030535172121","5","6","None","None","10","4","False","0.23414361589168828","L","random","None","2","50","1.454893942404073","fixed_k","True","1.0","/data/thallybu/datasets/EMNIST","42","10","[0.9, 0.1]","0.021346280019659873","0.1","False","True","True","2","10","0.03037446178495884","1415.261962890625","0.4707081913948059","0.2171083688735962","0.4166978895664215","0.35305559635162354","0.513554573059082","0.5002551674842834","0.5689241886138916","0.7485886216163635","0.4526878893375397","0.5006123185157776","0.5839569568634033","0.7527728080749512","10","0.7091783285140991","0.0037454678677022457","0.028497101739048958","0.020164133980870247","0.037826888263225555","0.03669096156954765","0.041262075304985046","0.051614999771118164","0.033061519265174866","0.029074743390083313","0.039911575615406036","0.043237458914518356","0.3922940492630005","0.3485468327999115","13998","20","500","0.3613414466381073","163114","2082","0.020095104351639748","0.6269999742507935","0.6269999742507935","0","0.6010220050811768","0.6269999742507935","0.37299999594688416","12.294992446899414","1.1417173147201538","0.06597418338060379","1.2008872032165527","ssl_emnist_digits_conv","307","OK"
"2026-03-27 07:07:33","6.7min","2d27f4b21f4a4ae9a08e4748b9c3563c","ssl_emnist_digits_conv_trial_0287","LOCAL","src/cli.py","thallybu","FINISHED","False","None","threshold","0.6831125653199225","250","True","ShallowConvAutoencoder","[4]","[1, 28, 28]","2048","1e-06","0","EMNIST","0.13646694780385432","digits","True","784","True","None","1","0.6831125653199225","3","0","0.13646694780385432","0.0011268057035990313","7","0.22901878846358747","2","1","1.184447667709906","0","0.023577276102665766","2","L","(224, 224)","1e-06","0.0011268057035990313","5","7","None","None","10","4","False","0.22901878846358747","L","random","None","2","50","1.184447667709906","fixed_k","True","1.0","/data/thallybu/datasets/EMNIST","42","10","[0.9, 0.1]","0.023577276102665766","0.1","False","True","True","2","10","0.04550478234887123","735.7520141601562","0.5126163363456726","0.14316953718662262","0.5528982281684875","0.39566150307655334","0.5602819323539734","0.571687638759613","0.5403534770011902","0.6073305606842041","0.5319409370422363","0.5495205521583557","0.5654880404472351","0.5423619747161865","10","0.6831125617027283","0.003247621236369014","0.05713457986712456","0.030065732076764107","0.056607384234666824","0.0486433282494545","0.0484887920320034","0.053317490965127945","0.04799740016460419","0.04624912887811661","0.05142080411314964","0.04071161150932312","0.4974585175514221","0.49377912282943726","1466","20","500","0.480636328458786","78746","3262","0.0031532233115285635","0.6267083287239075","0.6267083287239075","0","0.6231703162193298","0.6267083287239075","0.37329167127609253","4.900510787963867","0.9012836813926697","0.12311641871929169","0.38967499136924744","ssl_emnist_digits_conv","287","OK"
"2026-03-27 05:17:40","9.5min","d4985796243145cda96a5988cff68239","ssl_emnist_digits_conv_trial_0250","LOCAL","src/cli.py","thallybu","FINISHED","False","None","threshold","0.7606508808370244","250","True","ShallowConvAutoencoder","[16, 32]","[1, 28, 28]","2048","1e-06","0","EMNIST","0.12141229346527115","digits","True","784","True","None","1","0.7606508808370244","3","4","0.12141229346527115","0.0013419722360655528","8","0.22281786813363336","2","1","1.42521781054435","0","0.02163890398917394","2","L","(224, 224)","1e-06","0.0013419722360655528","5","8","None","None","10","4","False","0.22281786813363336","L","random","None","2","50","1.42521781054435","fixed_k","True","1.0","/data/thallybu/datasets/EMNIST","42","10","[0.9, 0.1]","0.02163890398917394","0.1","False","True","True","2","10","0.030002199113368988","1530.233154296875","0.5306477546691895","0.23680682480335236","0.4776352047920227","0.3599450886249542","0.5785645246505737","0.6154876947402954","0.5468014478683472","0.6072535514831543","0.6455318927764893","0.4200047552585602","0.7418088316917419","0.7356232404708862","10","0.7606508731842041","0.003992788027971983","0.023232564330101013","0.020372875034809113","0.04655095934867859","0.03992536664009094","0.035739701241254807","0.03805728256702423","0.03805549070239067","0.0221141017973423","0.03962286189198494","0.04701681807637215","0.3853338062763214","0.31593218445777893","13766","20","500","0.3506881892681122","175044","1790","0.023967940360307693","0.6241666674613953","0.6241666674613953","0","0.6002233028411865","0.6241666674613953","0.37583333253860474","12.441512107849121","1.2467864751815796","0.06447556614875793","1.329388976097107","ssl_emnist_digits_conv","250","OK"
"2026-03-27 08:20:17","9.1min","2341ab474a8947a9a10fd65a54e30e56","ssl_emnist_digits_conv_trial_0332","LOCAL","src/cli.py","thallybu","FINISHED","False","None","threshold","0.7196217337294872","50","True","ShallowConvAutoencoder","[16, 32]","[1, 28, 28]","2048","1e-06","0","EMNIST","0.129623022231347","digits","True","784","True","None","1","0.7196217337294872","1","4","0.129623022231347","0.00257122792886229","8","0.2390244122622177","2","1","1.1011450430590528","0","0.028088488892897032","2","L","(224, 224)","1e-06","0.00257122792886229","5","8","None","None","10","4","False","0.2390244122622177","L","random","None","2","50","1.1011450430590528","fixed_k","True","1.0","/data/thallybu/datasets/EMNIST","42","10","[0.9, 0.1]","0.028088488892897032","0.1","False","True","True","2","10","0.024410229176282883","1672.22314453125","0.4893040955066681","0.22036929428577423","0.4596659541130066","0.3081120252609253","0.8033308982849121","0.5063961744308472","0.47409409284591675","0.6479966044425964","0.39623916149139404","0.38361719250679016","0.5762768387794495","0.7505413293838501","10","0.7196217179298401","0.0070014772936701775","0.019959552213549614","0.011524895206093788","0.05660403519868851","0.027242833748459816","0.02663697488605976","0.03508574143052101","0.02013215608894825","0.016464635729789734","0.03279566764831543","0.03405230492353439","0.30860745906829834","0.272187203168869","4998","20","500","0.2804988622665405","181277","1974","0.015272408723831177","0.6231666803359985","0.6231666803359985","0","0.5939759612083435","0.6231666803359985","0.37683331966400146","12.163540840148926","1.2953206300735474","0.05878659337759018","1.4712111949920654","ssl_emnist_digits_conv","332","OK"
"2026-03-27 07:05:02","8.9min","b38173f2bcd142b2b2ed795acc6a74e9","ssl_emnist_digits_conv_trial_0284","LOCAL","src/cli.py","thallybu","FINISHED","False","None","threshold","0.6796745331491788","250","True","ShallowConvAutoencoder","[16, 32]","[1, 28, 28]","2048","1e-06","0","EMNIST","0.13561397970078973","digits","True","784","True","None","1","0.6796745331491788","3","4","0.13561397970078973","0.0011606876373744122","6","0.22764242316792252","2","1","1.1885214853160688","1","0.022647889196413588","2","L","(224, 224)","1e-06","0.0011606876373744122","5","6","None","None","10","4","False","0.22764242316792252","L","random","None","2","50","1.1885214853160688","threshold","True","1.0","/data/thallybu/datasets/EMNIST","42","10","[0.9, 0.1]","0.022647889196413588","0.1","False","True","True","2","10","0.034452784806489944","1110.9208984375","0.46841326355934143","0.238679900765419","0.3496175706386566","0.23494075238704681","0.5223355889320374","0.7145915627479553","0.5544703006744385","0.671775221824646","0.597050130367279","0.5985124707221985","0.6345472931861877","0.5482945442199707","10","0.679674506187439","0.003014451125636697","0.029225271195173264","0.014926488511264324","0.04604513943195343","0.05212252214550972","0.050558000802993774","0.051151733845472336","0.04247636720538139","0.038754019886255264","0.04518679529428482","0.03429189324378967","0.43096572160720825","0.3749331533908844","7254","20","0","0.40473824739456177","124703","0","0.015370024368166924","0.6228749752044678","0.6228749752044678","0","0.6248829960823059","0.6228749752044678","0.37712499499320984","17.533519744873047","1.0110095739364624","0.044802404940128326","0.8297507762908936","ssl_emnist_digits_conv","284","OK"
"2026-03-27 06:19:43","8.5min","45b7741396b447e0ac19c2441ac14cfc","ssl_emnist_digits_conv_trial_0264","LOCAL","src/cli.py","thallybu","FINISHED","False","None","threshold","0.6751428291302929","250","True","ShallowConvAutoencoder","[16, 32]","[1, 28, 28]","2048","1e-06","0","EMNIST","0.12708497724354917","digits","True","784","True","None","1","0.6751428291302929","3","4","0.12708497724354917","0.0012072082585017597","6","0.2216028666638955","2","1","1.4246430869900033","0","0.02326343625454304","2","L","(224, 224)","1e-06","0.0012072082585017597","5","6","None","None","10","4","False","0.2216028666638955","L","random","None","2","50","1.4246430869900033","fixed_k","True","1.0","/data/thallybu/datasets/EMNIST","42","10","[0.9, 0.1]","0.02326343625454304","0.1","False","True","True","2","10","0.036549415439367294","1052.218017578125","0.42978137731552124","0.22471635043621063","0.309097021818161","0.2754896283149719","0.5527705550193787","0.5741080641746521","0.5003014802932739","0.6502751708030701","0.44128286838531494","0.5345459580421448","0.5709096789360046","0.6901386380195618","10","0.6751428246498108","0.0031608999706804752","0.026528920978307724","0.017845913767814636","0.05265260115265846","0.04864883050322533","0.04232562333345413","0.049688149243593216","0.03596014529466629","0.035832855850458145","0.041766878217458725","0.03906036168336868","0.41897058486938477","0.3608633875846863","13688","20","500","0.39031022787094116","124434","2540","0.017399873584508896","0.6222500205039978","0.6222500205039978","0","0.6172645092010498","0.6222500205039978","0.3777500092983246","15.490379333496094","0.9948300719261169","0.03917291760444641","0.8431174755096436","ssl_emnist_digits_conv","264","OK"
"2026-03-27 12:11:09","8.7min","05897f02ad7f4d98a329beda41d251a2","ssl_emnist_digits_conv_trial_0402","LOCAL","src/cli.py","thallybu","FINISHED","False","None","threshold","0.715750427002614","100","True","ShallowConvAutoencoder","[16, 32]","[1, 28, 28]","2048","1e-06","0","EMNIST","0.12498825958805962","digits","True","784","True","None","1","0.715750427002614","2","4","0.12498825958805962","0.0016712171160174181","9","0.2125457342126338","2","1","1.403990974252419","0","0.018461588405111393","2","L","(224, 224)","1e-06","0.0016712171160174181","5","9","None","None","10","4","False","0.2125457342126338","L","random","None","2","50","1.403990974252419","fixed_k","True","1.0","/data/thallybu/datasets/EMNIST","42","10","[0.9, 0.1]","0.018461588405111393","0.1","False","True","True","2","10","0.02191658318042755","1602.24267578125","0.5054535865783691","0.23387889564037323","0.45950308442115784","0.2889334261417389","0.5160887837409973","0.5618466734886169","0.4751007556915283","0.8223440647125244","0.7334603071212769","0.46582573652267456","0.7854661345481873","0.7462713122367859","10","0.7157504558563232","0.0048094685189425945","0.02721903845667839","0.009204362519085407","0.03160412237048149","0.03052971139550209","0.02603006735444069","0.04590235650539398","0.02945728413760662","0.02168363519012928","0.052214767783880234","0.033704087138175964","0.3347786068916321","0.29754623770713806","8511","20","500","0.30754947662353516","177405","1957","0.017761509865522385","0.621708333492279","0.621708333492279","0","0.5829469561576843","0.621708333492279","0.37829166650772095","10.38818645477295","1.0758790969848633","0.04634769260883331","1.0044664144515991","ssl_emnist_digits_conv","402","OK"
"2026-03-27 07:07:44","7.3min","04201cb69b884a699f5c621f449f2ae9","ssl_emnist_digits_conv_trial_0288","LOCAL","src/cli.py","thallybu","FINISHED","False","None","threshold","0.6779718091737773","250","True","ShallowConvAutoencoder","[4]","[1, 28, 28]","2048","1e-06","0","EMNIST","0.1326153627610244","digits","True","784","True","None","1","0.6779718091737773","3","0","0.1326153627610244","0.001171615942964559","7","0.19409776333393544","2","1","1.4089000974508652","1","0.023185708593797445","2","L","(224, 224)","1e-06","0.001171615942964559","5","7","None","None","10","4","False","0.19409776333393544","L","random","None","2","50","1.4089000974508652","threshold","True","1.0","/data/thallybu/datasets/EMNIST","42","10","[0.9, 0.1]","0.023185708593797445","0.1","False","True","True","2","10","0.04492579773068428","732.8533325195312","0.5180513262748718","0.14860360324382782","0.5491113662719727","0.39653968811035156","0.5703269839286804","0.5864245891571045","0.5523204207420349","0.6251972913742065","0.5376178026199341","0.563549280166626","0.5669556260108948","0.5528071522712708","10","0.6779717803001404","0.003313713939860463","0.05683618038892746","0.029887735843658447","0.05643817409873009","0.04796101897954941","0.04871831461787224","0.05457417666912079","0.04889630526304245","0.046775057911872864","0.05131131410598755","0.0414709709584713","0.49795106053352356","0.4991592466831207","1122","20","0","0.482869029045105","78600","0","0.00304810400120914","0.621708333492279","0.621708333492279","0","0.6172954440116882","0.621708333492279","0.37829166650772095","4.702550411224365","0.9079155325889587","0.12714658677577972","0.3919486999511719","ssl_emnist_digits_conv","288","OK"
"2026-03-27 09:53:36","8.7min","c3958940b1b24c1ba4403acdcbb5e44e","ssl_emnist_digits_conv_trial_0358","LOCAL","src/cli.py","thallybu","FINISHED","False","None","threshold","0.6815431810211923","50","True","ShallowConvAutoencoder","[16, 32]","[1, 28, 28]","2048","1e-06","0","EMNIST","0.13981489962641008","digits","True","784","True","None","1","0.6815431810211923","1","4","0.13981489962641008","0.002103069691209118","8","0.22700878502404115","2","2","1.4450783313885869","1","0.10877203407611272","2","L","(224, 224)","1e-06","0.002103069691209118","5","8","None","None","10","4","False","0.22700878502404115","L","random","None","2","100","1.4450783313885869","threshold","True","1.0","/data/thallybu/datasets/EMNIST","42","10","[0.9, 0.1]","0.10877203407611272","0.1","False","True","True","2","10","0.036892522126436234","1131.0560302734375","0.4660927355289459","0.2121908813714981","0.35636311769485474","0.2781244218349457","0.6607736945152283","0.5859238505363464","0.4338062107563019","0.7233894467353821","0.47161540389060974","0.43114036321640015","0.6634618639945984","0.7495737075805664","10","0.6815431714057922","0.004596513696014881","0.02622624672949314","0.016795385628938675","0.055234696716070175","0.0462348535656929","0.034651681780815125","0.05455277860164642","0.033610761165618896","0.02481045015156269","0.04663430526852608","0.04310733452439308","0.4142497479915619","0.3687207102775574","10425","20","0","0.3818584680557251","130004","0","0.01941986009478569","0.6209583282470703","0.6209583282470703","0","0.6022952198982239","0.6209583282470703","0.3790416717529297","8.943361282348633","1.039759635925293","0.06764889508485794","0.9554287791252136","ssl_emnist_digits_conv","358","OK"
"2026-03-27 00:09:16","10.2min","791bbd015ee54d3f9627bff0fe216f89","ssl_emnist_digits_conv_trial_0176","LOCAL","src/cli.py","thallybu","FINISHED","False","None","threshold","0.7267734956253632","50","True","ShallowConvAutoencoder","[16, 32]","[1, 28, 28]","2048","1e-06","0","EMNIST","0.10174214371447042","digits","True","784","True","None","1","0.7267734956253632","1","4","0.10174214371447042","0.0017525581766830642","8","0.2458923378600177","2","1","1.445255154441329","0","0.021502670042764956","1","L","(224, 224)","1e-06","0.0017525581766830642","5","8","None","None","10","4","False","0.2458923378600177","L","random","None","2","50","1.445255154441329","fixed_k","True","1.0","/data/thallybu/datasets/EMNIST","42","10","[0.9, 0.1]","0.021502670042764956","0.1","False","True","True","1","10","0.024041440337896347","1695.847412109375","0.47416409850120544","0.22816777229309082","0.43020012974739075","0.3740343451499939","0.79755699634552","0.5004484057426453","0.5058135390281677","0.6147102117538452","0.36092907190322876","0.40769797563552856","0.5630182027816772","0.7569496035575867","10","0.7267735004425049","0.005616032984107733","0.0169529989361763","0.019380303099751472","0.05563745275139809","0.028811655938625336","0.027328617870807648","0.029751978814601898","0.019153771921992302","0.01669897325336933","0.02899525873363018","0.0359521210193634","0.3084557354450226","0.279308021068573","6080","20","500","0.27866309881210327","184857","2023","0.018264947459101677","0.6201249957084656","0.6201249957084656","0","0.5812264680862427","0.6201249957084656","0.3798750042915344","24.067176818847656","1.2612704038619995","0.06406374275684357","1.4291367530822754","ssl_emnist_digits_conv","176","OK"
"2026-03-27 09:53:01","9.0min","1ca55d77cac749809eed209c29c88db7","ssl_emnist_digits_conv_trial_0357","LOCAL","src/cli.py","thallybu","FINISHED","False","None","threshold","0.6830581630744547","50","True","ShallowConvAutoencoder","[16, 32]","[1, 28, 28]","2048","1e-06","0","EMNIST","0.13167385998705844","digits","True","784","True","None","1","0.6830581630744547","1","4","0.13167385998705844","0.002039216794409057","8","0.2230790540511336","4","2","1.4445298399538915","1","0.02651769132936426","2","L","(224, 224)","1e-06","0.002039216794409057","5","8","None","None","10","4","False","0.2230790540511336","L","random","None","4","100","1.4445298399538915","threshold","True","1.0","/data/thallybu/datasets/EMNIST","42","10","[0.9, 0.1]","0.02651769132936426","0.1","False","True","True","2","10","0.041676368564367294","1291.8145751953125","0.45409050583839417","0.21726632118225098","0.5339566469192505","0.2542007863521576","0.49083179235458374","0.6934014558792114","0.39378365874290466","0.47245243191719055","0.39239010214805603","0.7146242260932922","0.7265239357948303","0.7650385499000549","10","0.6830581426620483","0.004362821578979492","0.02551036886870861","0.012887545861303806","0.04431219398975372","0.04052183777093887","0.03024754673242569","0.0338965579867363","0.027835693210363388","0.0387863852083683","0.05417879670858383","0.038143571466207504","0.3775928020477295","0.31935980916023254","14387","40","0","0.3463204801082611","150955","0","0.01761230267584324","0.6187083125114441","0.6187083125114441","0","0.593024492263794","0.6187083125114441","0.3812916576862335","11.879961967468262","1.1204391717910767","0.05931565538048744","1.1237194538116455","ssl_emnist_digits_conv","357","OK"
"2026-03-27 03:28:44","9.3min","a3830708a96a48429cce154df3667883","ssl_emnist_digits_conv_trial_0224","LOCAL","src/cli.py","thallybu","FINISHED","False","None","threshold","0.7508061843110335","100","True","ShallowConvAutoencoder","[8, 16]","[1, 28, 28]","2048","1e-06","0","EMNIST","0.12081532723856249","digits","True","784","True","None","1","0.7508061843110335","2","3","0.12081532723856249","0.0012922685936113973","7","0.2388918058747581","2","1","1.4290291675830236","0","0.03119776505841297","2","L","(224, 224)","1e-06","0.0012922685936113973","5","7","None","None","10","4","False","0.2388918058747581","L","random","None","2","50","1.4290291675830236","fixed_k","True","1.0","/data/thallybu/datasets/EMNIST","42","10","[0.9, 0.1]","0.03119776505841297","0.1","False","True","True","2","10","0.04887900874018669","1104.991943359375","0.5983057022094727","0.15745115280151367","0.5321145057678223","0.4811680018901825","0.6116347908973694","0.6182132959365845","0.7278826236724854","0.6459307074546814","0.5815709829330444","0.5954026579856873","0.6931519508361816","0.6208494305610657","10","0.7508062124252319","0.001914860913529992","0.05235420912504196","0.028440630063414574","0.059710074216127396","0.05380828306078911","0.0484841987490654","0.05477793142199516","0.053034890443086624","0.04571796953678131","0.05518703907728195","0.049333084374666214","0.5210868716239929","0.5079248547554016","7111","20","500","0.5008482933044434","123440","3282","0.0066469768062233925","0.6179583072662354","0.6179583072662354","0","0.64263516664505","0.6179583072662354","0.38204166293144226","5.74649715423584","0.9702231884002686","0.14896069467067719","0.5260797739028931","ssl_emnist_digits_conv","224","OK"
"2026-03-26 22:35:13","7.1min","9c9fa098ef08405ebb6e4bfe8c272052","ssl_emnist_digits_conv_trial_0142","LOCAL","src/cli.py","thallybu","FINISHED","False","None","threshold","0.7142209643262339","25","True","ShallowConvAutoencoder","[4]","[1, 28, 28]","2048","1e-06","0","EMNIST","0.09643723686972247","digits","True","784","True","None","1","0.7142209643262339","0","0","0.09643723686972247","0.0019079234355422058","6","0.24068664349924898","2","1","1.4965155244907526","0","0.020486058423041006","1","L","(224, 224)","1e-06","0.0019079234355422058","5","6","None","None","10","4","False","0.24068664349924898","L","random","None","2","50","1.4965155244907526","fixed_k","True","1.0","/data/thallybu/datasets/EMNIST","42","10","[0.9, 0.1]","0.020486058423041006","0.1","False","True","True","1","10","0.05684831738471985","902.9481201171875","0.5515480041503906","0.1374649703502655","0.4969955086708069","0.47525355219841003","0.5622328519821167","0.5829431414604187","0.603672444820404","0.5969657897949219","0.5443574786186218","0.6044020056724548","0.6353826522827148","0.5945848822593689","10","0.7142209410667419","0.0031344008166342974","0.0495523177087307","0.030362680554389954","0.057393673807382584","0.05384879559278488","0.057884588837623596","0.04941268637776375","0.04774235561490059","0.04621440917253494","0.05557922273874283","0.03977511450648308","0.5090459585189819","0.5123158693313599","1935","20","500","0.4877658784389496","96892","3742","0.004463172517716885","0.6166250109672546","0.6166250109672546","0","0.6096670627593994","0.6166250109672546","0.38337498903274536","4.273569583892822","0.9343777298927307","0.16470932960510254","0.4285079538822174","ssl_emnist_digits_conv","142","OK"
"2026-03-27 03:07:48","8.2min","ee4d2758fe8240b8ae3c213f6acb7997","ssl_emnist_digits_conv_trial_0217","LOCAL","src/cli.py","thallybu","FINISHED","False","None","threshold","0.7262077218592425","250","True","ShallowConvAutoencoder","[16, 32]","[1, 28, 28]","2048","1e-06","0","EMNIST","0.11815531656652738","digits","True","784","True","None","1","0.7262077218592425","3","4","0.11815531656652738","0.0012893035596701242","8","0.2080916205135467","2","1","1.4503112386945312","0","0.02731973243607729","2","L","(224, 224)","1e-06","0.0012893035596701242","5","8","None","None","10","4","False","0.2080916205135467","L","random","None","2","50","1.4503112386945312","fixed_k","True","1.0","/data/thallybu/datasets/EMNIST","42","10","[0.9, 0.1]","0.02731973243607729","0.1","False","True","True","2","10","0.03720663860440254","1240.1575927734375","0.5063923001289368","0.23098628222942352","0.38263148069381714","0.28615647554397583","0.6814204454421997","0.5544316172599792","0.45880112051963806","0.6680806875228882","0.589685320854187","0.49915024638175964","0.7033343315124512","0.7740983366966248","10","0.7262077331542969","0.0031986867543309927","0.027299709618091583","0.016805805265903473","0.055973466485738754","0.04461507499217987","0.03578503057360649","0.05229690298438072","0.03992695361375809","0.02718208357691765","0.04400248825550079","0.04522188752889633","0.4213944673538208","0.3407515287399292","16840","20","500","0.38910937309265137","147446","2204","0.021344022825360298","0.6165416836738586","0.6165416836738586","0","0.5890235304832458","0.6165416836738586","0.38345831632614136","10.357748031616211","1.1575838327407837","0.06504705548286438","1.1474448442459106","ssl_emnist_digits_conv","217","OK"
"2026-03-26 16:28:33","27.9min","550cb4f0888f4ff6bd7e075d0d02acb6","ssl_emnist_digits_conv_trial_0085","LOCAL","src/cli.py","thallybu","FINISHED","False","None","threshold","0.8171543321351152","250","True","ShallowConvAutoencoder","[16, 32]","[1, 28, 28]","2048","1e-06","0","EMNIST","0.0685437653003767","digits","True","784","True","None","1","0.8171543321351152","3","4","0.0685437653003767","0.0025617283393107085","8","0.2254079558434607","2","0","1.539640484175468","0","0.027068893767159107","0","L","(224, 224)","1e-06","0.0025617283393107085","5","8","None","None","10","4","False","0.2254079558434607","L","random","None","2","25","1.539640484175468","fixed_k","True","1.0","/data/thallybu/datasets/EMNIST","42","10","[0.9, 0.1]","0.027068893767159107","0.1","False","True","True","0","25","0.009479722939431667","1964.9144287109375","0.5883612036705017","0.236117422580719","0.6076353192329407","0.395356148481369","0.5192610025405884","0.6915258169174194","0.5582627654075623","0.6744073629379272","0.4363785982131958","0.44327312707901","0.6830905675888062","0.7093586325645447","10","0.8171543478965759","0.012512439861893654","0.015575448051095009","0.008631406351923943","0.025536732748150826","0.020870309323072433","0.022017857059836388","0.025463327765464783","0.012932153418660164","0.011923951096832752","0.02291557937860489","0.01719757914543152","0.20554709434509277","0.20357534289360046","232","20","250","0.1830643266439438","207711","3541","0.007833543233573437","0.6159999966621399","0.6159999966621399","0","0.6231527924537659","0.6159999966621399","0.3840000033378601","19.658098220825195","1.4108903408050537","0.07280588150024414","1.7424674034118652","ssl_emnist_digits_conv","85","OK"
"2026-03-27 05:36:45","10.9min","14752f30cf864c6ca0ddd79e8149e894","ssl_emnist_digits_conv_trial_0253","LOCAL","src/cli.py","thallybu","FINISHED","False","None","threshold","0.7731388362326594","250","True","ShallowConvAutoencoder","[16, 32]","[1, 28, 28]","2048","1e-06","0","EMNIST","0.11508498205483456","digits","True","784","True","None","1","0.7731388362326594","3","4","0.11508498205483456","0.001969869391806154","8","0.2334885341767564","2","1","1.462650795094957","0","0.019976918834987242","0","L","(224, 224)","1e-06","0.001969869391806154","5","8","None","None","10","4","False","0.2334885341767564","L","random","None","2","50","1.462650795094957","fixed_k","True","1.0","/data/thallybu/datasets/EMNIST","42","10","[0.9, 0.1]","0.019976918834987242","0.1","False","True","True","0","10","0.01714475080370903","1811.9967041015625","0.5495820641517639","0.2201843559741974","0.4920009970664978","0.3745168447494507","0.5051166415214539","0.5597440004348755","0.5692458748817444","0.6062813401222229","0.4168495535850525","0.4198243319988251","0.6551146507263184","0.6458532214164734","10","0.7731388211250305","0.006971761584281921","0.018322430551052094","0.009548916481435299","0.031959954649209976","0.025732632726430893","0.027813341468572617","0.027922270819544792","0.019428765401244164","0.01477538701146841","0.027384458109736443","0.02156190760433674","0.2519201636314392","0.23777203261852264","2978","20","500","0.22445006668567657","194037","2079","0.016495216637849808","0.6136249899864197","0.6136249899864197","0","0.6170504093170166","0.6136249899864197","0.3863750100135803","12.122286796569824","1.3346501588821411","0.07297022640705109","1.4623515605926514","ssl_emnist_digits_conv","253","OK"
"2026-03-27 03:07:46","9.6min","e9f70a5191ef425ba0e8845317e45e62","ssl_emnist_digits_conv_trial_0216","LOCAL","src/cli.py","thallybu","FINISHED","False","None","threshold","0.7257974368565199","250","True","ShallowConvAutoencoder","[16, 32]","[1, 28, 28]","2048","1e-06","0","EMNIST","0.11804346337945937","digits","True","784","True","None","1","0.7257974368565199","3","4","0.11804346337945937","0.001769180893360834","8","0.2124652589805622","2","1","1.4501598764821508","0","0.026990919382476074","2","L","(224, 224)","1e-06","0.001769180893360834","5","8","None","None","10","4","False","0.2124652589805622","L","random","None","2","50","1.4501598764821508","fixed_k","True","1.0","/data/thallybu/datasets/EMNIST","42","10","[0.9, 0.1]","0.026990919382476074","0.1","False","True","True","2","10","0.03134966269135475","1487.873779296875","0.4715043306350708","0.22919626533985138","0.44599273800849915","0.3525450825691223","0.7762505412101746","0.5336510539054871","0.4591372013092041","0.5845809578895569","0.4084487557411194","0.3856830298900604","0.7106048464775085","0.7188796997070312","10","0.7257974147796631","0.0047903102822601795","0.021399743854999542","0.020260844379663467","0.05834820494055748","0.0359296053647995","0.029299501329660416","0.03401430323719978","0.023817071691155434","0.01970050483942032","0.040057796984910965","0.04598193243145943","0.3589812219142914","0.31891345977783203","13608","20","500","0.3288094699382782","170403","1797","0.018720632418990135","0.6130416393280029","0.6130416393280029","0","0.5806681513786316","0.6130416393280029","0.3869583308696747","18.99481773376465","1.2409316301345825","0.05474139750003815","1.387922763824463","ssl_emnist_digits_conv","216","OK"
"2026-03-27 06:49:11","8.3min","d841172448ac4233bd31f4088d89a2b4","ssl_emnist_digits_conv_trial_0276","LOCAL","src/cli.py","thallybu","FINISHED","False","None","threshold","0.6960537741541427","250","True","ShallowConvAutoencoder","[16, 32]","[1, 28, 28]","2048","1e-06","0","EMNIST","0.11935098206351227","digits","True","784","True","None","1","0.6960537741541427","3","4","0.11935098206351227","0.0014585271924503508","5","0.23478510217762785","2","1","1.4422763257517284","0","0.02468428688133969","2","L","(224, 224)","1e-06","0.0014585271924503508","5","5","None","None","10","4","False","0.23478510217762785","L","random","None","2","50","1.4422763257517284","fixed_k","True","1.0","/data/thallybu/datasets/EMNIST","42","10","[0.9, 0.1]","0.02468428688133969","0.1","False","True","True","2","10","0.04330410808324814","1303.2518310546875","0.45457571744918823","0.2265862673521042","0.37351399660110474","0.2911602854728699","0.6570627093315125","0.564165472984314","0.8155863285064697","0.5876035094261169","0.43569958209991455","0.6205848455429077","0.7639402747154236","0.49861204624176025","10","0.6960538029670715","0.003242016537114978","0.030268650501966476","0.01802755706012249","0.05657032132148743","0.04654868319630623","0.055193204432725906","0.04456939548254013","0.03516567498445511","0.02895684354007244","0.05764356255531311","0.03185388818383217","0.43313223123550415","0.39555439352989197","12374","20","500","0.4047977924346924","149652","2577","0.014925306662917137","0.6129166483879089","0.6129166483879089","0","0.5789872407913208","0.6129166483879089","0.3870833218097687","10.51871109008789","1.0234706401824951","0.042663756757974625","0.9219839572906494","ssl_emnist_digits_conv","276","OK"
"2026-03-26 16:06:13","8.8min","4b29ff94ab3c4df7b69146ff63439fc2","ssl_emnist_digits_conv_trial_0073","LOCAL","src/cli.py","thallybu","FINISHED","False","None","fixed_k","0.5974888979510258","100","True","ShallowConvAutoencoder","[4, 8]","[1, 28, 28]","2048","1e-06","0","EMNIST","0.030741968284047586","digits","True","784","True","None","0","0.5974888979510258","2","2","0.030741968284047586","0.002338400484871773","18","0.1987442202954922","3","2","1.1630085986354364","1","0.03007931905538159","3","L","(224, 224)","1e-06","0.002338400484871773","5","18","None","None","10","4","False","0.1987442202954922","L","random","None","3","100","1.1630085986354364","threshold","True","1.0","/data/thallybu/datasets/EMNIST","42","10","[0.9, 0.1]","0.03007931905538159","0.1","False","True","True","3","11","0.052120402455329895","75.9197006225586","0.2920268476009369","0.12319976836442947","0.24604859948158264","0.05540071800351143","0.40651294589042664","0.3182850182056427","0.33041977882385254","0.35275062918663025","0.27341601252555847","0.2456788867712021","0.4084288775920868","0.28332701325416565","9.990518569946289","","0.0019415843999013305","0.03322968631982803","0.008543120697140694","0.0458320714533329","0.03575539216399193","0.037208374589681625","0.03632291033864021","0.028787463903427124","0.021873390302062035","0.0388697050511837","0.024617694318294525","0.3256054222583771","0.325548380613327","1000","30","0","0.31095877289772034","9030","0","0.0023464562837034464","0.612333357334137","0.612333357334137","0","0.6076545119285583","0.612333357334137","0.3876666724681854","4.883267879486084","0.9059381484985352","0.01767132803797722","0.4400930404663086","ssl_emnist_digits_conv","73","OK"
"2026-03-26 15:33:51","10.1min","61ce3a1a61814c3680798cf3e3ebe4e7","ssl_emnist_digits_conv_trial_0055","LOCAL","src/cli.py","thallybu","FINISHED","False","None","fixed_k","0.6828085610242929","50","True","ShallowConvAutoencoder","[8, 16]","[1, 28, 28]","2048","1e-06","0","EMNIST","0.12833354253867174","digits","True","784","True","None","0","0.6828085610242929","1","3","0.12833354253867174","0.00035991186846571306","8","0.2477061240249914","5","1","1.4242757621802096","1","0.05063534242792762","4","L","(224, 224)","1e-06","0.00035991186846571306","5","8","None","None","10","4","False","0.2477061240249914","L","random","None","5","50","1.4242757621802096","threshold","True","1.0","/data/thallybu/datasets/EMNIST","42","10","[0.9, 0.1]","0.05063534242792762","0.1","False","True","True","4","14","0.06539721041917801","47.78074264526367","0.29489925503730774","0.11274289339780807","0.18871329724788666","0.11047721654176712","0.3862437903881073","0.36151865124702454","0.3462667763233185","0.39718031883239746","0.22613508999347687","0.26057958602905273","0.39330604672431946","0.278571754693985","9.905777931213379","","0.0015138259623199701","0.025260023772716522","0.010340813547372818","0.047488994896411896","0.04105902463197708","0.04365153610706329","0.0420553982257843","0.02457043156027794","0.0269303135573864","0.045343488454818726","0.02760314755141735","0.36526361107826233","0.291387140750885","500","50","0","0.3312818706035614","5550","0","0.016268612816929817","0.6116666793823242","0.6116666793823242","0","0.61397385597229","0.6116666793823242","0.3883333206176758","4.755251884460449","0.9395571351051331","0.061456099152565","0.4381403625011444","ssl_emnist_digits_conv","55","OK"
"2026-03-26 13:45:52","28.3min","9f33509bcf7c460bb2ab5a38ce49addb","ssl_emnist_digits_conv_trial_0013","LOCAL","src/cli.py","thallybu","FINISHED","False","None","fixed_k","0.8578477016316244","50","True","ShallowConvAutoencoder","[8]","[1, 28, 28]","2048","1e-06","0","EMNIST","0.1269091389413198","digits","True","784","True","None","0","0.8578477016316244","1","1","0.1269091389413198","0.0005516074592326265","10","0.13397002428236063","3","0","1.3796832065069604","1","0.07124209677159789","3","L","(224, 224)","1e-06","0.0005516074592326265","5","10","None","None","10","4","False","0.13397002428236063","L","random","None","3","25","1.3796832065069604","threshold","True","1.0","/data/thallybu/datasets/EMNIST","42","10","[0.9, 0.1]","0.07124209677159789","0.1","False","True","True","3","44","0.06358063220977783","194.1208953857422","0.32795920968055725","0.11335096508264542","0.2645881175994873","0.11600707471370697","0.4042045772075653","0.35417234897613525","0.3706471621990204","0.37473276257514954","0.28472334146499634","0.2884785532951355","0.4721434414386749","0.3498949408531189","10","","0.002687690779566765","0.032582174986600876","0.008053423836827278","0.0452897846698761","0.034800443798303604","0.03708931431174278","0.03722332417964935","0.028681928291916847","0.028176112100481987","0.04773930460214615","0.028015609830617905","0.34266459941864014","0.33517807722091675","500","30","0","0.32765132188796997","21030","0","0.003807554952800274","0.6112499833106995","0.6112499833106995","0","0.6176861524581909","0.6112499833106995","0.38874998688697815","9.801746368408203","0.9563962817192078","0.03796903043985367","0.5693355202674866","ssl_emnist_digits_conv","13","OK"
"2026-03-26 22:13:06","9.1min","e7d5c83fb04546f08f83287d2b2b6f71","ssl_emnist_digits_conv_trial_0134","LOCAL","src/cli.py","thallybu","FINISHED","False","None","threshold","0.7318855427027473","250","True","ShallowConvAutoencoder","[16, 32]","[1, 28, 28]","2048","1e-06","0","EMNIST","0.10245231091723128","digits","True","784","True","None","1","0.7318855427027473","3","4","0.10245231091723128","0.0016505528194685247","8","0.2438456924049406","2","1","1.4523522330551935","0","0.02495366805046587","1","L","(224, 224)","1e-06","0.0016505528194685247","5","8","None","None","10","4","False","0.2438456924049406","L","random","None","2","50","1.4523522330551935","fixed_k","True","1.0","/data/thallybu/datasets/EMNIST","42","10","[0.9, 0.1]","0.02495366805046587","0.1","False","True","True","1","10","0.02624013088643551","1687.36181640625","0.49069666862487793","0.22644565999507904","0.41157206892967224","0.3947359323501587","0.7959817051887512","0.5069513320922852","0.4804111123085022","0.6817914843559265","0.43095988035202026","0.4813389480113983","0.5912904143333435","0.7388916015625","10","0.731885552406311","0.005274531431496143","0.01785927265882492","0.021677328273653984","0.05653294548392296","0.029752571135759354","0.028026487678289413","0.03214777261018753","0.021337684243917465","0.01921895146369934","0.03116004914045334","0.03971968963742256","0.3289742171764374","0.29637664556503296","7457","20","500","0.29743272066116333","185347","2016","0.019868485629558563","0.6103749871253967","0.6103749871253967","0","0.5700486302375793","0.6103749871253967","0.3896249830722809","17.148719787597656","1.3190197944641113","0.06693046540021896","1.4991668462753296","ssl_emnist_digits_conv","134","OK"
"2026-03-27 06:39:32","9.3min","f295cf5bd54449e0b4d77fb10c4081ec","ssl_emnist_digits_conv_trial_0273","LOCAL","src/cli.py","thallybu","FINISHED","False","None","threshold","0.6985095646486085","250","True","ShallowConvAutoencoder","[16, 32]","[1, 28, 28]","2048","1e-06","0","EMNIST","0.12229017954787512","digits","True","784","True","None","1","0.6985095646486085","3","4","0.12229017954787512","0.001279413437623975","8","0.2334154031189702","2","1","1.4355639306083572","0","0.026362926840524846","2","L","(224, 224)","1e-06","0.001279413437623975","5","8","None","None","10","4","False","0.2334154031189702","L","random","None","2","50","1.4355639306083572","fixed_k","True","1.0","/data/thallybu/datasets/EMNIST","42","10","[0.9, 0.1]","0.026362926840524846","0.1","False","True","True","2","10","0.037565574049949646","1201.4969482421875","0.47167831659317017","0.23644427955150604","0.3327316641807556","0.2904411554336548","0.6564695835113525","0.5782918930053711","0.42832717299461365","0.7582170367240906","0.5995842814445496","0.41755014657974243","0.6890928745269775","0.7727725505828857","10","0.6985095739364624","0.0031962560024112463","0.02624891884624958","0.01640237495303154","0.05358395352959633","0.04648716747760773","0.030822720378637314","0.05987396836280823","0.04169423505663872","0.022680938243865967","0.04637774080038071","0.04345367103815079","0.41676071286201477","0.36473968625068665","13303","20","500","0.3876255452632904","139823","2232","0.017170408740639687","0.6102083325386047","0.6102083325386047","0","0.5752348899841309","0.6102083325386047","0.38979166746139526","10.214097023010254","1.1777069568634033","0.04971005767583847","1.2491216659545898","ssl_emnist_digits_conv","273","OK"
"2026-03-26 22:02:41","8.9min","4e93a47db80840b9978f3ed9abeb4207","ssl_emnist_digits_conv_trial_0131","LOCAL","src/cli.py","thallybu","FINISHED","False","None","threshold","0.7107007332853146","250","True","ShallowConvAutoencoder","[16, 32]","[1, 28, 28]","2048","1e-06","0","EMNIST","0.10047279129930234","digits","True","784","True","None","1","0.7107007332853146","3","4","0.10047279129930234","0.00116552895661616","8","0.23773889433934095","2","1","1.4162282442964913","0","0.02889985216360663","1","L","(224, 224)","1e-06","0.00116552895661616","5","8","None","None","10","4","False","0.23773889433934095","L","random","None","2","50","1.4162282442964913","fixed_k","True","1.0","/data/thallybu/datasets/EMNIST","42","10","[0.9, 0.1]","0.02889985216360663","0.1","False","True","True","1","10","0.042304035276174545","1082.2015380859375","0.49307334423065186","0.2252976894378662","0.4278244972229004","0.2713449001312256","0.6512128710746765","0.5623036623001099","0.5380786061286926","0.6947934627532959","0.6006206274032593","0.42501407861709595","0.6711355447769165","0.7448429465293884","10","0.7107007503509521","0.002692574867978692","0.03727792948484421","0.01821068301796913","0.056722842156887054","0.04840242862701416","0.04740302264690399","0.06051464378833771","0.04520616680383682","0.029373250901699066","0.04764975607395172","0.043436698615550995","0.4622550904750824","0.40711140632629395","17161","20","500","0.434197336435318","131081","2762","0.015307708643376827","0.6079583168029785","0.6079583168029785","0","0.579023003578186","0.6079583168029785","0.3920416533946991","9.226024627685547","1.075013518333435","0.04985987767577171","0.9756645560264587","ssl_emnist_digits_conv","131","OK"
"2026-03-27 03:51:30","9.9min","8968f2d4c87a457aa3ab04e024380903","ssl_emnist_digits_conv_trial_0234","LOCAL","src/cli.py","thallybu","FINISHED","False","None","threshold","0.7622999523716284","250","True","ShallowConvAutoencoder","[16, 32]","[1, 28, 28]","2048","1e-06","0","EMNIST","0.11622646876548753","digits","True","784","True","None","1","0.7622999523716284","3","4","0.11622646876548753","0.0020978548424314576","8","0.18095049047991496","2","1","1.4372721022525252","0","0.02002863525147141","0","L","(224, 224)","1e-06","0.0020978548424314576","5","8","None","None","10","4","False","0.18095049047991496","L","random","None","2","50","1.4372721022525252","fixed_k","True","1.0","/data/thallybu/datasets/EMNIST","42","10","[0.9, 0.1]","0.02002863525147141","0.1","False","True","True","0","10","0.017068086192011833","1795.7493896484375","0.5378863215446472","0.2168508917093277","0.4814854860305786","0.35765910148620605","0.5088624358177185","0.5431578159332275","0.5589483380317688","0.5981892943382263","0.40771159529685974","0.41858813166618347","0.6411039233207703","0.5483360290527344","10","0.7622999548912048","0.0073020863346755505","0.017102697864174843","0.008278770372271538","0.031848713755607605","0.025513658300042152","0.028221528977155685","0.026675187051296234","0.018558531999588013","0.014822627417743206","0.026810187846422195","0.020195547491312027","0.24337880313396454","0.23183037340641022","2810","20","500","0.21802747249603271","192157","2224","0.014960765838623047","0.6078749895095825","0.6078749895095825","0","0.6145277619361877","0.6078749895095825","0.3921250104904175","17.963756561279297","1.417404294013977","0.07638334482908249","1.6341732740402222","ssl_emnist_digits_conv","234","OK"
"2026-03-27 07:29:41","8.4min","5e83016278384da5b2765ee6c3a4b0b4","ssl_emnist_digits_conv_trial_0305","LOCAL","src/cli.py","thallybu","FINISHED","False","None","threshold","0.693710165028661","100","True","ShallowConvAutoencoder","[16, 32]","[1, 28, 28]","2048","1e-06","0","EMNIST","0.1208593944635116","digits","True","784","True","None","1","0.693710165028661","2","4","0.1208593944635116","0.0013050717359307338","15","0.23559350670995607","2","1","1.166403331801976","0","0.021501625265962332","2","L","(224, 224)","1e-06","0.0013050717359307338","5","15","None","None","10","4","False","0.23559350670995607","L","random","None","2","50","1.166403331801976","fixed_k","True","1.0","/data/thallybu/datasets/EMNIST","42","10","[0.9, 0.1]","0.021501625265962332","0.1","False","True","True","2","10","0.01707093045115471","1625.173095703125","0.46444258093833923","0.22859209775924683","0.3398939371109009","0.4154488742351532","0.45708367228507996","0.43863195180892944","0.7136032581329346","0.49307551980018616","0.7263091206550598","0.3977613151073456","0.8527190685272217","0.7567657828330994","10","0.6937101483345032","0.005596092436462641","0.020518233999609947","0.012593388557434082","0.026310207322239876","0.023858267813920975","0.027957115322351456","0.025358520448207855","0.03132866695523262","0.016617724671959877","0.048192862421274185","0.027561774477362633","0.29171663522720337","0.2516498565673828","7170","20","500","0.2602967321872711","178475","2047","0.021801965311169624","0.6075416803359985","0.6075416803359985","0","0.5589072704315186","0.6075416803359985","0.39245831966400146","14.814919471740723","1.2420039176940918","0.06666141003370285","1.4629430770874023","ssl_emnist_digits_conv","305","OK"
"2026-03-26 16:08:51","18.8min","3ecc0714766d4db8a115434cdfcf4497","ssl_emnist_digits_conv_trial_0075","LOCAL","src/cli.py","thallybu","FINISHED","False","None","fixed_k","0.7214618823173661","100","True","ShallowConvAutoencoder","[4, 8]","[1, 28, 28]","2048","1e-06","0","EMNIST","0.05942208667699536","digits","True","784","True","None","0","0.7214618823173661","2","2","0.05942208667699536","0.0036852228527617086","12","0.15920755816357482","2","0","1.3883113300408254","1","0.02118583456168605","3","L","(224, 224)","1e-06","0.0036852228527617086","5","12","None","None","10","4","False","0.15920755816357482","L","random","None","2","25","1.3883113300408254","threshold","True","1.0","/data/thallybu/datasets/EMNIST","42","10","[0.9, 0.1]","0.02118583456168605","0.1","False","True","True","3","24","0.03178642317652702","198.9179229736328","0.27998706698417664","0.14693520963191986","0.3065321147441864","0.09691937267780304","0.29019907116889954","0.14392338693141937","0.20811955630779266","0.4939335882663727","0.35566970705986023","0.14776761829853058","0.4585726857185364","0.2982335686683655","10","","0.0035723180044442415","0.03020673245191574","0.008798356167972088","0.031732138246297836","0.01687799207866192","0.022662868723273277","0.04196056351065636","0.03120594657957554","0.014419487677514553","0.038641948252916336","0.022952603176236153","0.2770194113254547","0.2791514992713928","1000","20","0","0.25945863127708435","22020","0","0.008927796967327595","0.6049583554267883","0.6049583554267883","0","0.6131925582885742","0.6049583554267883","0.39504167437553406","8.9749116897583","0.9457845687866211","0.04301357641816139","0.6163218021392822","ssl_emnist_digits_conv","75","OK"
"2026-03-27 08:14:12","8.8min","9d40e9ba843b41a69f6599a886bda7a6","ssl_emnist_digits_conv_trial_0329","LOCAL","src/cli.py","thallybu","FINISHED","False","None","threshold","0.638631954846001","250","True","ShallowConvAutoencoder","[16, 32]","[1, 28, 28]","2048","1e-06","0","EMNIST","0.11737125684420842","digits","True","784","True","None","1","0.638631954846001","3","4","0.11737125684420842","0.001498654847797633","8","0.23017035500261593","2","1","1.4210842497399594","0","0.027498096844871058","2","L","(224, 224)","1e-06","0.001498654847797633","5","8","None","None","10","4","False","0.23017035500261593","L","random","None","2","50","1.4210842497399594","fixed_k","True","1.0","/data/thallybu/datasets/EMNIST","42","10","[0.9, 0.1]","0.027498096844871058","0.1","False","True","True","2","10","0.036523621529340744","956.0159912109375","0.4123203754425049","0.22443753480911255","0.3058543801307678","0.20849089324474335","0.6284058690071106","0.5307279825210571","0.44668981432914734","0.6807340979576111","0.4390047788619995","0.3650055527687073","0.695899486541748","0.7511174082756042","10","0.6386319398880005","0.0032985720317810774","0.023326309397816658","0.013455523177981377","0.05187256261706352","0.04324296861886978","0.03825012221932411","0.050592076033353806","0.03270746394991875","0.02422010712325573","0.0448434054851532","0.04071281477808952","0.3925818204879761","0.33155184984207153","17192","20","500","0.3632233440876007","117763","2226","0.017653388902544975","0.6042083501815796","0.6042083501815796","0","0.5766137838363647","0.6042083501815796","0.3957916498184204","11.419650077819824","1.0811383724212646","0.03952817991375923","1.0461251735687256","ssl_emnist_digits_conv","329","OK"
"2026-03-27 06:56:24","8.6min","bfffcc2416e040569ed8777b30970318","ssl_emnist_digits_conv_trial_0278","LOCAL","src/cli.py","thallybu","FINISHED","False","None","threshold","0.7006800207232527","250","True","ShallowConvAutoencoder","[16, 32]","[1, 28, 28]","2048","1e-06","0","EMNIST","0.11928453246680924","digits","True","784","True","None","1","0.7006800207232527","3","4","0.11928453246680924","0.0014364823830085589","5","0.22880924594383145","2","1","1.1151486571414757","0","0.0287325552762023","2","L","(224, 224)","1e-06","0.0014364823830085589","5","5","None","None","10","4","False","0.22880924594383145","L","random","None","2","50","1.1151486571414757","fixed_k","True","1.0","/data/thallybu/datasets/EMNIST","42","10","[0.9, 0.1]","0.0287325552762023","0.1","False","True","True","2","10","0.04484276473522186","1263.3834228515625","0.46305084228515625","0.22582972049713135","0.39134451746940613","0.2994995415210724","0.663811445236206","0.6089617609977722","0.8022083044052124","0.5689293742179871","0.42810219526290894","0.6655176877975464","0.7673314809799194","0.47077351808547974","10","0.7006800174713135","0.0030619772151112556","0.03455284610390663","0.01890508644282818","0.056668058037757874","0.0496828630566597","0.05514978989958763","0.04481216147542","0.035458341240882874","0.03202865272760391","0.05791245773434639","0.03212932497262955","0.44594886898994446","0.40129354596138","12426","20","500","0.4172995388507843","145497","2534","0.015326892025768757","0.6037083268165588","0.6037083268165588","0","0.5759199857711792","0.6037083268165588","0.39629167318344116","11.74007797241211","1.0105217695236206","0.03809966892004013","0.8575605750083923","ssl_emnist_digits_conv","278","OK"
"2026-03-26 22:54:01","8.8min","01a230fb8955440886e7e11dd76fe746","ssl_emnist_digits_conv_trial_0153","LOCAL","src/cli.py","thallybu","FINISHED","False","None","threshold","0.7550334350002799","250","True","ShallowConvAutoencoder","[16, 32]","[1, 28, 28]","2048","1e-06","0","EMNIST","0.11108753705594067","digits","True","784","True","None","1","0.7550334350002799","3","4","0.11108753705594067","0.0012832281094862323","8","0.2461216302591815","2","1","1.4847289171301943","0","0.023016683686407347","1","L","(224, 224)","1e-06","0.0012832281094862323","5","8","None","None","10","4","False","0.2461216302591815","L","random","None","2","50","1.4847289171301943","fixed_k","True","1.0","/data/thallybu/datasets/EMNIST","42","10","[0.9, 0.1]","0.023016683686407347","0.1","False","True","True","1","10","0.03228016570210457","1518.6790771484375","0.5062193274497986","0.23245956003665924","0.3937646448612213","0.36626631021499634","0.7490442395210266","0.5054025650024414","0.46750345826148987","0.6839377880096436","0.5867892503738403","0.4433095455169678","0.7135711908340454","0.7858148813247681","10","0.7550334334373474","0.00387827237136662","0.024284519255161285","0.020006366074085236","0.0573352687060833","0.03695673123002052","0.030431775376200676","0.04704805463552475","0.036584630608558655","0.021911008283495903","0.04454236477613449","0.03810814023017883","0.3931940495967865","0.32511278986930847","15106","20","500","0.35720884799957275","175150","1971","0.024162134155631065","0.6019999980926514","0.6019999980926514","0","0.5770939588546753","0.6019999980926514","0.39800000190734863","11.328060150146484","1.225511908531189","0.07537873834371567","1.2451224327087402","ssl_emnist_digits_conv","153","OK"
"2026-03-26 15:14:45","19.1min","21c92eab55b24a0994a7b686979baaba","ssl_emnist_digits_conv_trial_0046","LOCAL","src/cli.py","thallybu","FINISHED","False","None","fixed_k","0.839035057884402","100","True","ShallowConvAutoencoder","[8]","[1, 28, 28]","2048","1e-06","0","EMNIST","0.09487929407284056","digits","True","784","True","None","0","0.839035057884402","2","1","0.09487929407284056","0.0008057901993178137","16","0.08364592177181228","1","0","1.5753997267846283","0","0.013973022598455793","2","L","(224, 224)","1e-06","0.0008057901993178137","5","16","None","None","10","4","False","0.08364592177181228","L","random","None","1","25","1.5753997267846283","fixed_k","True","1.0","/data/thallybu/datasets/EMNIST","42","10","[0.9, 0.1]","0.013973022598455793","0.1","False","True","True","2","28","0.04555155336856842","179.77955627441406","0.3226291835308075","0.11795836687088013","0.250688374042511","0.09142713248729706","0.4437013566493988","0.35228583216667175","0.3838624358177185","0.42234522104263306","0.2790389060974121","0.27664312720298767","0.4280325174331665","0.2982673645019531","10","","0.0025842301547527313","0.029938315972685814","0.007546201813966036","0.04868825897574425","0.03780046105384827","0.0440949983894825","0.041337985545396805","0.02756465971469879","0.026068702340126038","0.044090669602155685","0.025352967903017998","0.3400133550167084","0.3376123905181885","1000","10","250","0.3324832618236542","19760","1803","0.001135697471909225","0.6013333201408386","0.6013333201408386","0","0.612257719039917","0.6013333201408386","0.398666650056839","4.777343273162842","0.9315751194953918","0.04074827954173088","0.44916775822639465","ssl_emnist_digits_conv","46","OK"
"2026-03-26 15:32:53","8.3min","4591534f8b1444e88071fdc15cab802e","ssl_emnist_digits_conv_trial_0053","LOCAL","src/cli.py","thallybu","FINISHED","False","None","fixed_k","0.8458189274787485","50","True","ShallowConvAutoencoder","[16, 32]","[1, 28, 28]","2048","1e-06","0","EMNIST","0.12184237282558591","digits","True","784","True","None","0","0.8458189274787485","1","4","0.12184237282558591","0.0003405251313866991","28","0.243186814848116","3","1","1.4239216114356223","1","0.04943927052906919","4","L","(224, 224)","1e-06","0.0003405251313866991","5","28","None","None","10","4","False","0.243186814848116","L","random","None","3","50","1.4239216114356223","threshold","True","1.0","/data/thallybu/datasets/EMNIST","42","10","[0.9, 0.1]","0.04943927052906919","0.1","False","True","True","4","11","0.063067227602005","33.3890380859375","0.2487303763628006","0.10379175841808319","0.18658767640590668","0.07278282940387726","0.3058185577392578","0.2574903964996338","0.2758170962333679","0.2870916724205017","0.25699666142463684","0.21120291948318481","0.3412471413612366","0.29226866364479065","9.625778198242188","","0.0022617168724536896","0.023880820721387863","0.006553726736456156","0.03892986848950386","0.02837800420820713","0.02894347719848156","0.031560417264699936","0.03205801174044609","0.017599495127797127","0.03564964607357979","0.026604434475302696","0.2940111458301544","0.35622644424438477","500","30","0","0.2600327432155609","4030","0","0.016379617154598236","0.6011250019073486","0.6011250019073486","0","0.601649820804596","0.6011250019073486","0.39887499809265137","3.9344370365142822","0.9193211793899536","0.03582790866494179","0.4007810652256012","ssl_emnist_digits_conv","53","OK"
"2026-03-27 03:46:44","9.9min","ea3833c638264641a6ba0cdfd5ef71f8","ssl_emnist_digits_conv_trial_0231","LOCAL","src/cli.py","thallybu","FINISHED","False","None","threshold","0.7680378406221884","250","True","ShallowConvAutoencoder","[16, 32]","[1, 28, 28]","2048","1e-06","0","EMNIST","0.11809899205941717","digits","True","784","True","None","1","0.7680378406221884","3","4","0.11809899205941717","0.0021211643220209134","8","0.177096559848551","2","1","1.4378311219449031","0","0.0236708047928729","0","L","(224, 224)","1e-06","0.0021211643220209134","5","8","None","None","10","4","False","0.177096559848551","L","random","None","2","50","1.4378311219449031","fixed_k","True","1.0","/data/thallybu/datasets/EMNIST","42","10","[0.9, 0.1]","0.0236708047928729","0.1","False","True","True","0","10","0.018734784796833992","1798.7733154296875","0.5564686059951782","0.2192404419183731","0.5031945705413818","0.39073270559310913","0.5049057006835938","0.6004347801208496","0.5827701687812805","0.6493332386016846","0.40048354864120483","0.4504203796386719","0.6399900317192078","0.5680578351020813","10","0.7680378556251526","0.007362882606685162","0.01847112737596035","0.008900525979697704","0.0323246605694294","0.02570977993309498","0.027624616399407387","0.029536621645092964","0.018410127609968185","0.014405936934053898","0.027604157105088234","0.020271621644496918","0.24926842749118805","0.2367408126592636","3005","20","500","0.22325916588306427","192672","2169","0.015328406356275082","0.6010833382606506","0.6010833382606506","0","0.612056314945221","0.6010833382606506","0.39891666173934937","15.67521858215332","1.3892433643341064","0.0994965061545372","1.5297120809555054","ssl_emnist_digits_conv","231","OK"
"2026-03-26 22:50:09","10.1min","305570b3683a45dcbe52a8963289ba1e","ssl_emnist_digits_conv_trial_0152","LOCAL","src/cli.py","thallybu","FINISHED","False","None","threshold","0.7370942798096293","250","True","ShallowConvAutoencoder","[16, 32]","[1, 28, 28]","2048","1e-06","0","EMNIST","0.11106789313228839","digits","True","784","True","None","1","0.7370942798096293","3","4","0.11106789313228839","0.0016247489096797708","8","0.24512779931794784","2","1","1.4833493034360876","0","0.03233756917411575","1","L","(224, 224)","1e-06","0.0016247489096797708","5","8","None","None","10","4","False","0.24512779931794784","L","random","None","2","50","1.4833493034360876","fixed_k","True","1.0","/data/thallybu/datasets/EMNIST","42","10","[0.9, 0.1]","0.03233756917411575","0.1","False","True","True","1","10","0.029434168711304665","1593.1920166015625","0.5014828443527222","0.22654126584529877","0.42899641394615173","0.37349122762680054","0.7688329219818115","0.4960070550441742","0.6128129363059998","0.6847894191741943","0.457670122385025","0.4655970633029938","0.660282552242279","0.7115800380706787","10","0.7370942831039429","0.00482479203492403","0.020511826500296593","0.02117014490067959","0.05537739023566246","0.031698502600193024","0.037702303379774094","0.03674374148249626","0.02583177387714386","0.021812109276652336","0.03749772906303406","0.0436633937060833","0.36616724729537964","0.3175825774669647","10195","20","500","0.33200886845588684","178127","1931","0.02211846224963665","0.6005833148956299","0.6005833148956299","0","0.5645690560340881","0.6005833148956299","0.39941665530204773","13.078296661376953","1.2607948780059814","0.06184270605444908","1.3634164333343506","ssl_emnist_digits_conv","152","OK"
"2026-03-27 07:32:10","9.0min","341f01b3a1184108b0039b2acf311bad","ssl_emnist_digits_conv_trial_0306","LOCAL","src/cli.py","thallybu","FINISHED","False","None","threshold","0.7102498200601538","250","True","ShallowConvAutoencoder","[16, 32]","[1, 28, 28]","2048","1e-06","0","EMNIST","0.11996821086651994","digits","True","784","True","None","1","0.7102498200601538","3","4","0.11996821086651994","0.0013138899045318211","6","0.235409549549702","2","1","1.4503152853323573","0","0.021717023707101227","3","L","(224, 224)","1e-06","0.0013138899045318211","5","6","None","None","10","4","False","0.235409549549702","L","random","None","2","50","1.4503152853323573","fixed_k","True","1.0","/data/thallybu/datasets/EMNIST","42","10","[0.9, 0.1]","0.021717023707101227","0.1","False","True","True","3","10","0.033676475286483765","1312.701904296875","0.4997912347316742","0.23394548892974854","0.3840140402317047","0.33106330037117004","0.5174022912979126","0.709655225276947","0.5404226779937744","0.7513970732688904","0.5608334541320801","0.6207135319709778","0.5567142367362976","0.8085538148880005","10","0.7102498412132263","0.0032987738959491253","0.029166564345359802","0.01963510923087597","0.041473522782325745","0.053454041481018066","0.04469777271151543","0.051887594163417816","0.03881919011473656","0.04066148027777672","0.03962685912847519","0.035666339099407196","0.424217164516449","0.36780300736427307","11132","20","500","0.39508843421936035","149395","2098","0.01790216751396656","0.5995416641235352","0.5995416641235352","0","0.590496301651001","0.5995416641235352","0.40045833587646484","15.818607330322266","1.149609088897705","0.0542144700884819","1.1190035343170166","ssl_emnist_digits_conv","306","OK"
"2026-03-27 06:18:32","8.4min","e02a3b550e6a47958525692a6c04c3ee","ssl_emnist_digits_conv_trial_0262","LOCAL","src/cli.py","thallybu","FINISHED","False","None","threshold","0.6951902735455023","250","True","ShallowConvAutoencoder","[16, 32]","[1, 28, 28]","2048","1e-06","0","EMNIST","0.12285113753514681","digits","True","784","True","None","1","0.6951902735455023","3","4","0.12285113753514681","0.001230013079864978","8","0.22438077397816195","2","1","1.4006662170837492","0","0.024262436160037506","2","L","(224, 224)","1e-06","0.001230013079864978","5","8","None","None","10","4","False","0.22438077397816195","L","random","None","2","50","1.4006662170837492","fixed_k","True","1.0","/data/thallybu/datasets/EMNIST","42","10","[0.9, 0.1]","0.024262436160037506","0.1","False","True","True","2","10","0.038048505783081055","1186.0980224609375","0.46832510828971863","0.23968464136123657","0.35119324922561646","0.29527735710144043","0.7057689428329468","0.5656267404556274","0.43148788809776306","0.7677341103553772","0.6345840692520142","0.3832607567310333","0.679618239402771","0.7635998129844666","10","0.6951902508735657","0.0031633346807211637","0.02912002243101597","0.01627901755273342","0.05500975251197815","0.04548424854874611","0.031239589676260948","0.059866875410079956","0.0424465574324131","0.02292538993060589","0.04643967002630234","0.04317100718617439","0.4202735126018524","0.36867377161979675","15389","20","500","0.39198195934295654","140278","2252","0.016590671613812447","0.593833327293396","0.593833327293396","0","0.5548403859138489","0.593833327293396","0.406166672706604","12.466042518615723","1.2125314474105835","0.049296434968709946","1.268154501914978","ssl_emnist_digits_conv","262","OK"
"2026-03-26 21:53:50","8.8min","4e3f0cfa1d0041a29cc60645e36ee753","ssl_emnist_digits_conv_trial_0130","LOCAL","src/cli.py","thallybu","FINISHED","False","None","threshold","0.6899118445672995","250","True","ShallowConvAutoencoder","[16, 32]","[1, 28, 28]","2048","1e-06","0","EMNIST","0.10814103510490905","digits","True","784","True","None","1","0.6899118445672995","3","4","0.10814103510490905","0.001073916837319783","8","0.24463815565327912","2","1","1.4443603865727892","0","0.022453001886573204","1","L","(224, 224)","1e-06","0.001073916837319783","5","8","None","None","10","4","False","0.24463815565327912","L","random","None","2","50","1.4443603865727892","fixed_k","True","1.0","/data/thallybu/datasets/EMNIST","42","10","[0.9, 0.1]","0.022453001886573204","0.1","False","True","True","1","10","0.04420099034905434","972.941650390625","0.4845861494541168","0.21880029141902924","0.405423104763031","0.2709173858165741","0.6334376335144043","0.5261712074279785","0.5240048766136169","0.7280831933021545","0.6064473986625671","0.5213713645935059","0.6883710622787476","0.6618160605430603","10","0.6899118423461914","0.0024194964207708836","0.03537381812930107","0.01896275393664837","0.05538732185959816","0.04737547039985657","0.048288438469171524","0.06057128310203552","0.043994538486003876","0.03927396610379219","0.047100141644477844","0.04223666712641716","0.46388643980026245","0.42105844616889954","13916","20","500","0.43856456875801086","116287","3118","0.01208934560418129","0.593416690826416","0.593416690826416","0","0.5649141073226929","0.593416690826416","0.40658333897590637","10.645292282104492","1.0448431968688965","0.04613455757498741","0.8518574237823486","ssl_emnist_digits_conv","130","OK"
"2026-03-26 17:03:35","11.9min","4898f4e25878452080cc5d3349f734e5","ssl_emnist_digits_conv_trial_0090","LOCAL","src/cli.py","thallybu","FINISHED","False","None","threshold","0.7650119381895041","250","True","ShallowConvAutoencoder","[16, 32]","[1, 28, 28]","2048","1e-06","0","EMNIST","0.14061140236146266","digits","True","784","True","None","1","0.7650119381895041","3","4","0.14061140236146266","0.0020612670341298898","6","0.23551412523078083","1","0","1.5504173260796053","0","0.03399306727473456","0","L","(224, 224)","1e-06","0.0020612670341298898","5","6","None","None","10","4","False","0.23551412523078083","L","random","None","1","25","1.5504173260796053","fixed_k","True","1.0","/data/thallybu/datasets/EMNIST","42","10","[0.9, 0.1]","0.03399306727473456","0.1","False","True","True","0","10","0.018477967008948326","1798.713134765625","0.5391221642494202","0.22365298867225647","0.5545257925987244","0.4228977859020233","0.531440019607544","0.5445456504821777","0.5834692716598511","0.5679557919502258","0.41832435131073","0.5934041738510132","0.5251442193984985","0.7963182330131531","10","0.7650119662284851","0.007054160814732313","0.030753007158637047","0.018613498657941818","0.0369470976293087","0.03290129080414772","0.030473867431282997","0.0326019786298275","0.023926714435219765","0.029958784580230713","0.03220976144075394","0.025842444971203804","0.3219088613986969","0.30045074224472046","3408","10","250","0.2942284047603607","193316","1154","0.01627437025308609","0.5933333039283752","0.5933333039283752","0","0.587182879447937","0.5933333039283752","0.40666666626930237","12.014824867248535","1.296932578086853","0.05946372076869011","1.3125076293945312","ssl_emnist_digits_conv","90","OK"
"2026-03-27 10:02:42","7.2min","6e66693970e648b2a05ebdba2d1c9034","ssl_emnist_digits_conv_trial_0364","LOCAL","src/cli.py","thallybu","FINISHED","False","None","fixed_k","0.6914223131494945","25","True","ShallowConvAutoencoder","[16, 32]","[1, 28, 28]","2048","1e-06","0","EMNIST","0.14524075793173621","digits","True","784","True","None","0","0.6914223131494945","0","4","0.14524075793173621","0.00077638045206213","7","0.21049845231544506","2","2","1.427770388904985","0","0.042575611888381736","2","L","(224, 224)","1e-06","0.00077638045206213","5","7","None","None","10","4","False","0.21049845231544506","L","random","None","2","100","1.427770388904985","fixed_k","True","1.0","/data/thallybu/datasets/EMNIST","42","10","[0.9, 0.1]","0.042575611888381736","0.1","False","True","True","2","10","0.036438003182411194","2.5549628734588623","0.14175942540168762","0.0653432160615921","0.14354439079761505","0.036396052688360214","0.17240798473358154","0.15874746441841125","0.18562287092208862","0.193909153342247","0.12320101261138916","0.09915214776992798","0.17088446021080017","0.13372865319252014","2.2515554428100586","","0.001076033804565668","0.019864041358232498","0.006715456023812294","0.02690080925822258","0.01996651478111744","0.022103670984506607","0.024408265948295593","0.01730235479772091","0.013469401746988297","0.025113260373473167","0.017386430874466896","0.1112283319234848","0.09617070853710175","250","20","250","0.043087515980005264","270","284","0.05939469486474991","0.5924583077430725","0.5924583077430725","0","0.5983753800392151","0.5924583077430725","0.4075416624546051","4.1607985496521","0.9351147413253784","0.04072807356715202","0.38487571477890015","ssl_emnist_digits_conv","364","OK"
"2026-03-27 07:19:49","9.0min","7ca296c588384f29ab2e2fbf95013078","ssl_emnist_digits_conv_trial_0296","LOCAL","src/cli.py","thallybu","FINISHED","False","None","threshold","0.7882947342149454","250","True","ShallowConvAutoencoder","[16, 32]","[1, 28, 28]","2048","1e-06","0","EMNIST","0.12624060281884014","digits","True","784","True","None","1","0.7882947342149454","3","4","0.12624060281884014","0.001922072377457655","8","0.20575009551308102","2","1","1.4421222503096547","0","0.025901183730419153","2","L","(224, 224)","1e-06","0.001922072377457655","5","8","None","None","10","4","False","0.20575009551308102","L","random","None","2","50","1.4421222503096547","fixed_k","True","1.0","/data/thallybu/datasets/EMNIST","42","10","[0.9, 0.1]","0.025901183730419153","0.1","False","True","True","2","10","0.025446824729442596","1803.575439453125","0.544498085975647","0.2331869751214981","0.6918483972549438","0.418390154838562","0.5110291242599487","0.66133052110672","0.561425507068634","0.5547749400138855","0.4731405973434448","0.4485970735549927","0.6496492028236389","0.760180652141571","10","0.7882947325706482","0.005870440974831581","0.0481727309525013","0.01896601915359497","0.03626233711838722","0.030895110219717026","0.03018883615732193","0.031161874532699585","0.023768095299601555","0.018983475863933563","0.03094867803156376","0.04310907796025276","0.34231168031692505","0.29075732827186584","5242","20","500","0.31245625019073486","195416","1764","0.018749257549643517","0.5920416712760925","0.5920416712760925","0","0.5514066815376282","0.5920416712760925","0.40795832872390747","16.405405044555664","1.3578389883041382","0.08431899547576904","1.4725252389907837","ssl_emnist_digits_conv","296","OK"
"2026-03-27 06:10:19","9.3min","9a95fd2bacff4bc4bb20f7a0c116a058","ssl_emnist_digits_conv_trial_0260","LOCAL","src/cli.py","thallybu","FINISHED","False","None","threshold","0.6894430892272637","250","True","ShallowConvAutoencoder","[16, 32]","[1, 28, 28]","2048","1e-06","0","EMNIST","0.13565535026409448","digits","True","784","True","None","1","0.6894430892272637","3","4","0.13565535026409448","0.0012219574845223496","8","0.23104421097592995","2","1","1.4010074338100866","0","0.02433328378695037","2","L","(224, 224)","1e-06","0.0012219574845223496","5","8","None","None","10","4","False","0.23104421097592995","L","random","None","2","50","1.4010074338100866","fixed_k","True","1.0","/data/thallybu/datasets/EMNIST","42","10","[0.9, 0.1]","0.02433328378695037","0.1","False","True","True","2","10","0.03868786618113518","1135.5316162109375","0.4654127359390259","0.23864011466503143","0.30996420979499817","0.2822999656200409","0.6348852515220642","0.5656669735908508","0.5239259004592896","0.7498248219490051","0.5817391276359558","0.3884207308292389","0.7126339077949524","0.7897630333900452","10","0.6894431114196777","0.0030174357816576958","0.02601977065205574","0.016735898330807686","0.05367806553840637","0.045941486954689026","0.04260765388607979","0.05900224670767784","0.04167838394641876","0.02554946392774582","0.047645099461078644","0.0426371805369854","0.4302576184272766","0.37410688400268555","16248","20","500","0.4014953374862671","135790","2311","0.016806282103061676","0.5910416841506958","0.5910416841506958","0","0.5647522807121277","0.5910416841506958","0.4089583158493042","13.372329711914062","1.2036632299423218","0.051157545298337936","1.2478492259979248","ssl_emnist_digits_conv","260","OK"
"2026-03-27 08:06:00","8.8min","4b5f399cefa844ada0d7243fcfb7c55f","ssl_emnist_digits_conv_trial_0326","LOCAL","src/cli.py","thallybu","FINISHED","False","None","threshold","0.6301414991580041","250","True","ShallowConvAutoencoder","[16, 32]","[1, 28, 28]","2048","1e-06","0","EMNIST","0.11680435183267532","digits","True","784","True","None","1","0.6301414991580041","3","4","0.11680435183267532","0.0012111756234560388","5","0.16410838356122995","2","2","1.4166211260102937","0","0.023305310829775085","2","L","(224, 224)","1e-06","0.0012111756234560388","5","5","None","None","10","4","False","0.16410838356122995","L","random","None","2","100","1.4166211260102937","fixed_k","True","1.0","/data/thallybu/datasets/EMNIST","42","10","[0.9, 0.1]","0.023305310829775085","0.1","False","True","True","2","10","0.054463379085063934","885.81689453125","0.41260167956352234","0.2046288251876831","0.4600192904472351","0.23473681509494781","0.5589094758033752","0.5001166462898254","0.6436354517936707","0.49400418996810913","0.44721001386642456","0.544752299785614","0.6750404834747314","0.46297165751457214","10","0.6301414966583252","0.002337907673791051","0.046369243413209915","0.015835287049412727","0.05370628088712692","0.049021098762750626","0.04806184768676758","0.04199981316924095","0.03995960205793381","0.034506507217884064","0.05477721616625786","0.03683900460600853","0.4413343369960785","0.4105079472064972","9168","20","1000","0.4210757613182068","101815","5595","0.008982615545392036","0.5893750190734863","0.5893750190734863","0","0.5802161693572998","0.5893750190734863","0.41062498092651367","14.54895305633545","1.0127164125442505","0.0313853994011879","0.8265721797943115","ssl_emnist_digits_conv","326","OK"
"2026-03-26 14:56:40","11.6min","d79b18aa11474285b4e6539a0c4c53f3","ssl_emnist_digits_conv_trial_0032","LOCAL","src/cli.py","thallybu","FINISHED","False","None","threshold","0.8915831861363345","250","True","ShallowConvAutoencoder","[16, 32]","[1, 28, 28]","2048","1e-06","0","EMNIST","0.11098898710453492","digits","True","784","True","None","1","0.8915831861363345","3","4","0.11098898710453492","0.0018338616962795332","20","0.11008615768319108","2","1","1.4941919121047071","0","0.031047010703642526","4","L","(224, 224)","1e-06","0.0018338616962795332","5","20","None","None","10","4","False","0.11008615768319108","L","random","None","2","50","1.4941919121047071","fixed_k","True","1.0","/data/thallybu/datasets/EMNIST","42","10","[0.9, 0.1]","0.031047010703642526","0.1","False","True","True","4","15","0.013656293042004108","2020.390869140625","0.6826844215393066","0.2223326712846756","0.6945851445198059","0.535614013671875","0.7322402000427246","0.8078286647796631","0.6801340579986572","0.7865614295005798","0.640489399433136","0.6467165946960449","0.8127511739730835","0.7583497762680054","10","0.8915832042694092","0.011221814900636673","0.015679478645324707","0.012454909272491932","0.020388077944517136","0.021211054176092148","0.016697801649570465","0.02192019112408161","0.015806861221790314","0.012607303448021412","0.05425716191530228","0.016647713258862495","0.2334422767162323","0.22831344604492188","429","20","500","0.20767053961753845","213517","1835","0.013046522624790668","0.5867083072662354","0.5867083072662354","0","0.5567899942398071","0.5867083072662354","0.41329166293144226","12.78203296661377","1.297159194946289","0.06407294422388077","1.3014137744903564","ssl_emnist_digits_conv","32","OK"
"2026-03-26 22:26:53","8.3min","7c51870e8eaa46c9a2db5e4b5cf8b888","ssl_emnist_digits_conv_trial_0138","LOCAL","src/cli.py","thallybu","FINISHED","False","None","threshold","0.7244753552180819","250","True","ShallowConvAutoencoder","[16, 32]","[1, 28, 28]","2048","1e-06","0","EMNIST","0.09915354066498083","digits","True","784","True","None","1","0.7244753552180819","3","4","0.09915354066498083","0.0010122231351370285","6","0.2372321983049275","2","1","1.4345468229176714","0","0.030000547238838517","1","L","(224, 224)","1e-06","0.0010122231351370285","5","6","None","None","10","4","False","0.2372321983049275","L","random","None","2","50","1.4345468229176714","fixed_k","True","1.0","/data/thallybu/datasets/EMNIST","42","10","[0.9, 0.1]","0.030000547238838517","0.1","False","True","True","1","10","0.04332616552710533","1283.9425048828125","0.5154865980148315","0.23840519785881042","0.3606685996055603","0.33249950408935547","0.5412824749946594","0.6092607975006104","0.5862259268760681","0.6718996167182922","0.5905934572219849","0.742863655090332","0.7034870386123657","0.7557476758956909","10","0.7244753837585449","0.0026422706432640553","0.03716207668185234","0.021093953400850296","0.050491515547037125","0.052761562168598175","0.04781828075647354","0.05201587453484535","0.04710772633552551","0.046070925891399384","0.04879654571413994","0.05174403265118599","0.48435914516448975","0.43146413564682007","15496","20","500","0.4550625681877136","150721","2580","0.016376063227653503","0.5852083563804626","0.5852083563804626","0","0.5741212964057922","0.5852083563804626","0.41479167342185974","15.787153244018555","1.255624532699585","0.050969019532203674","1.2129892110824585","ssl_emnist_digits_conv","138","OK"
"2026-03-26 22:17:54","9.0min","0fbe516538df4e8da53bbf6e71af5d1f","ssl_emnist_digits_conv_trial_0135","LOCAL","src/cli.py","thallybu","FINISHED","False","None","threshold","0.6969133685176505","250","True","ShallowConvAutoencoder","[16, 32]","[1, 28, 28]","2048","1e-06","0","EMNIST","0.10300191464437976","digits","True","784","True","None","1","0.6969133685176505","3","4","0.10300191464437976","0.001584268782288843","8","0.2443100517241884","2","1","1.426227106255229","0","0.024343087805404832","1","L","(224, 224)","1e-06","0.001584268782288843","5","8","None","None","10","4","False","0.2443100517241884","L","random","None","2","50","1.426227106255229","fixed_k","True","1.0","/data/thallybu/datasets/EMNIST","42","10","[0.9, 0.1]","0.024343087805404832","0.1","False","True","True","1","10","0.03109174780547619","1505.267578125","0.4552089273929596","0.223968967795372","0.3544926345348358","0.3436715602874756","0.7495499849319458","0.44924741983413696","0.5801132321357727","0.7200309038162231","0.39916446805000305","0.4368436634540558","0.7029208540916443","0.7327383756637573","10","0.6969133615493774","0.004370699170976877","0.020158154889941216","0.020606888458132744","0.054035820066928864","0.031044146046042442","0.034038837999105453","0.045317571610212326","0.025314878672361374","0.02085970900952816","0.04122493416070938","0.0406922921538353","0.3662361800670624","0.3144049048423767","12391","20","500","0.33329325914382935","171029","1985","0.020976144820451736","0.5849583148956299","0.5849583148956299","0","0.5480605363845825","0.5849583148956299","0.41504165530204773","15.27190113067627","1.3255608081817627","0.056504614651203156","1.460162878036499","ssl_emnist_digits_conv","135","OK"
"2026-03-26 22:58:44","9.8min","7a61b2f7fb9d402bb2cbddcd2dc7481f","ssl_emnist_digits_conv_trial_0154","LOCAL","src/cli.py","thallybu","FINISHED","False","None","threshold","0.7565324630212835","250","True","ShallowConvAutoencoder","[16, 32]","[1, 28, 28]","2048","1e-06","0","EMNIST","0.11103027516326314","digits","True","784","True","None","1","0.7565324630212835","3","4","0.11103027516326314","0.0012256657232703621","8","0.24977587871550835","2","1","1.4540569347143457","0","0.031818553757025005","1","L","(224, 224)","1e-06","0.0012256657232703621","5","8","None","None","10","4","False","0.24977587871550835","L","random","None","2","50","1.4540569347143457","fixed_k","True","1.0","/data/thallybu/datasets/EMNIST","42","10","[0.9, 0.1]","0.031818553757025005","0.1","False","True","True","1","10","0.038628678768873215","1367.199951171875","0.5285341143608093","0.23863394558429718","0.39817339181900024","0.35927948355674744","0.747974693775177","0.6043747067451477","0.5920209288597107","0.7205505967140198","0.5801435112953186","0.42961546778678894","0.7297287583351135","0.8097104430198669","10","0.7565324902534485","0.0031465752981603146","0.031786613166332245","0.020934363827109337","0.060212161391973495","0.04877287521958351","0.044092290103435516","0.05809076130390167","0.0413336306810379","0.026742074638605118","0.048462312668561935","0.04575405642390251","0.45986953377723694","0.3827686011791229","19632","20","500","0.42618125677108765","163671","2264","0.020893311128020287","0.5843750238418579","0.5843750238418579","0","0.5591392517089844","0.5843750238418579","0.4156250059604645","12.692060470581055","1.227669358253479","0.05399775132536888","1.1940209865570068","ssl_emnist_digits_conv","154","OK"
"2026-03-27 10:02:16","7.1min","e082aaece0034a9f8c212951020199ee","ssl_emnist_digits_conv_trial_0363","LOCAL","src/cli.py","thallybu","FINISHED","False","None","fixed_k","0.5194556030707947","25","True","ShallowConvAutoencoder","[16, 32]","[1, 28, 28]","2048","1e-06","0","EMNIST","0.14140771047057224","digits","True","784","True","None","0","0.5194556030707947","0","4","0.14140771047057224","0.001021576320934773","7","0.21205739366510523","2","2","1.4291935403667388","0","0.0171606979549657","2","L","(224, 224)","1e-06","0.001021576320934773","5","7","None","None","10","4","False","0.21205739366510523","L","random","None","2","100","1.4291935403667388","fixed_k","True","1.0","/data/thallybu/datasets/EMNIST","42","10","[0.9, 0.1]","0.0171606979549657","0.1","False","True","True","2","10","0.03611057624220848","2.5499260425567627","0.15074540674686432","0.06809064000844955","0.18244123458862305","0.04165295138955116","0.16909536719322205","0.1510283648967743","0.18519911170005798","0.1934272199869156","0.1246759369969368","0.0999254435300827","0.18663044273853302","0.17337781190872192","2.246518611907959","","0.0011319193290546536","0.020938802510499954","0.006719653960317373","0.02845211885869503","0.021062688902020454","0.020711833611130714","0.024383248761296272","0.017023751512169838","0.014473766088485718","0.0215594545006752","0.019297394901514053","0.10683014988899231","0.06306645274162292","250","20","250","0.04310571774840355","270","295","0.05493497848510742","0.5837916731834412","0.5837916731834412","0","0.5837826728820801","0.5837916731834412","0.41620832681655884","4.4796648025512695","0.9506406188011169","0.05575079098343849","0.40884891152381897","ssl_emnist_digits_conv","363","OK"
"2026-03-26 15:13:31","10.8min","d0d4a644a1274bbab9b9fce8315436f7","ssl_emnist_digits_conv_trial_0045","LOCAL","src/cli.py","thallybu","FINISHED","False","None","fixed_k","0.503370665873756","100","True","ShallowConvAutoencoder","[8]","[1, 28, 28]","2048","1e-06","0","EMNIST","0.0618471378746991","digits","True","784","True","None","0","0.503370665873756","2","1","0.0618471378746991","0.0007805439853836178","16","0.13541770821012314","1","0","1.5694958003217223","0","0.013588718475106443","2","L","(224, 224)","1e-06","0.0007805439853836178","5","16","None","None","10","4","False","0.13541770821012314","L","random","None","1","25","1.5694958003217223","fixed_k","True","1.0","/data/thallybu/datasets/EMNIST","42","10","[0.9, 0.1]","0.013588718475106443","0.1","False","True","True","2","16","0.04026626795530319","101.78399658203125","0.28631511330604553","0.10996529459953308","0.2187456637620926","0.07102935761213303","0.3910163640975952","0.3519003987312317","0.3470804691314697","0.36984193325042725","0.24569173157215118","0.22119097411632538","0.39135903120040894","0.2552953064441681","10","","0.0031814768444746733","0.02514873445034027","0.006051790434867144","0.0430593267083168","0.039588622748851776","0.04187888279557228","0.037791620939970016","0.024262387305498123","0.021560538560152054","0.04248392581939697","0.021887371316552162","0.31399932503700256","0.31680580973625183","1000","10","250","0.30371326208114624","11510","1182","0.0016518377233296633","0.5832499861717224","0.5832499861717224","0","0.5948833227157593","0.5832499861717224","0.4167499840259552","4.960626602172852","0.9360281229019165","0.02979355864226818","0.42816999554634094","ssl_emnist_digits_conv","45","OK"
"2026-03-27 08:22:59","8.4min","e19863470ea044a49e74651b721818d6","ssl_emnist_digits_conv_trial_0335","LOCAL","src/cli.py","thallybu","FINISHED","False","None","threshold","0.4486919829956336","250","True","ShallowConvAutoencoder","[16, 32]","[1, 28, 28]","2048","1e-06","0","EMNIST","0.12366931572462768","digits","True","784","True","None","1","0.4486919829956336","3","4","0.12366931572462768","0.0015283623001512523","20","0.24133456247308213","2","1","1.25663487304187","0","0.029637338592413274","2","L","(224, 224)","1e-06","0.0015283623001512523","5","20","None","None","10","4","False","0.24133456247308213","L","random","None","2","50","1.25663487304187","fixed_k","True","1.0","/data/thallybu/datasets/EMNIST","42","10","[0.9, 0.1]","0.029637338592413274","0.1","False","True","True","2","10","0.034845199435949326","451.7934875488281","0.26482081413269043","0.1257450133562088","0.24648968875408173","0.15642227232456207","0.3764396607875824","0.3897727131843567","0.4090828597545624","0.3810311555862427","0.4096793234348297","0.31917187571525574","0.3833674192428589","0.3247333765029907","9.990518569946289","0.4486919939517975","0.003345317440107465","0.028271852061152458","0.012142375111579895","0.04067137464880943","0.03421415761113167","0.03349215164780617","0.04231207072734833","0.03423178568482399","0.024677755311131477","0.034239452332258224","0.028293628245592117","0.3353487551212311","0.29913005232810974","11503","20","500","0.3121454119682312","58762","2007","0.011448637582361698","0.5824583172798157","0.5824583172798157","0","0.5686224102973938","0.5824583172798157","0.41754165291786194","6.122723579406738","0.9297937750816345","0.03366842493414879","0.6529855728149414","ssl_emnist_digits_conv","335","OK"
"2026-03-27 00:24:57","12.2min","1feab32efe8444b696049b9df037b16a","ssl_emnist_digits_conv_trial_0186","LOCAL","src/cli.py","thallybu","FINISHED","False","None","threshold","0.7374500044062127","250","True","ShallowConvAutoencoder","[16, 32]","[1, 28, 28]","2048","1e-06","0","EMNIST","0.10813646382852887","digits","True","784","True","None","1","0.7374500044062127","3","4","0.10813646382852887","0.00143557401292454","21","0.24893172602299918","2","1","1.4990350923131601","0","0.0247068227806792","1","L","(224, 224)","1e-06","0.00143557401292454","5","21","None","None","10","4","False","0.24893172602299918","L","random","None","2","50","1.4990350923131601","fixed_k","True","1.0","/data/thallybu/datasets/EMNIST","42","10","[0.9, 0.1]","0.0247068227806792","0.1","False","True","True","1","13","0.008877276442945004","1874.4752197265625","0.5988181829452515","0.20204582810401917","0.7015448808670044","0.5193829536437988","0.7006512880325317","0.7994471788406372","0.5274702906608582","0.7819263339042664","0.467027485370636","0.6627668142318726","0.5867716073989868","0.7113986015319824","10","0.7374500036239624","0.00861732754856348","0.013734252192080021","0.007146343123167753","0.02034650929272175","0.023377493023872375","0.015729721635580063","0.02421274594962597","0.013584374450147152","0.01204686053097248","0.01940929889678955","0.016634581610560417","0.1982090026140213","0.1756022870540619","1466","20","500","0.16622216999530792","199131","2710","0.02115963213145733","0.5822916626930237","0.5822916626930237","0","0.5961944460868835","0.5822916626930237","0.4177083373069763","17.510066986083984","1.332194209098816","0.11160058528184891","1.386441707611084","ssl_emnist_digits_conv","186","OK"
"2026-03-26 16:15:55","18.0min","009a522109cb4f2fafb6bbb27a80b4d8","ssl_emnist_digits_conv_trial_0078","LOCAL","src/cli.py","thallybu","FINISHED","False","None","fixed_k","0.706052522581956","500","True","ShallowConvAutoencoder","[16, 32]","[1, 28, 28]","2048","1e-06","0","EMNIST","0.06176526252899581","digits","True","784","True","None","0","0.706052522581956","4","4","0.06176526252899581","0.0032624971145936385","30","0.11604331791509984","4","2","1.2401105133972434","1","0.10248864108006138","5","L","(224, 224)","1e-06","0.0032624971145936385","5","30","None","None","10","4","False","0.11604331791509984","L","random","None","4","100","1.2401105133972434","threshold","True","1.0","/data/thallybu/datasets/EMNIST","42","10","[0.9, 0.1]","0.10248864108006138","0.1","False","True","True","5","22","0.03396979346871376","733.5748291015625","0.426752507686615","0.2841639816761017","0.22167669236660004","0.6781667470932007","0.25410330295562744","0.4066826403141022","0.19496318697929382","0.1806841790676117","0.8424897193908691","0.25595489144325256","0.8411262631416321","0.7923625111579895","10","","0.010835222899913788","0.010768277570605278","0.017351975664496422","0.0174117311835289","0.01814333163201809","0.010697907768189907","0.011175750754773617","0.04745602607727051","0.009880096651613712","0.04923492297530174","0.03718950226902962","0.25626713037490845","0.25410816073417664","3364","40","0","0.2293095588684082","80908","0","0.012180407531559467","0.581458330154419","0.581458330154419","0","0.5275865197181702","0.581458330154419","0.41854166984558105","13.41348648071289","1.1998785734176636","0.053572095930576324","1.199725866317749","ssl_emnist_digits_conv","78","OK"
"2026-03-26 23:18:18","10.1min","df74f6e33225404fbe30f3f8641b9b5f","ssl_emnist_digits_conv_trial_0162","LOCAL","src/cli.py","thallybu","FINISHED","False","None","threshold","0.7429241369934543","250","True","ShallowConvAutoencoder","[4, 8]","[1, 28, 28]","2048","1e-06","0","EMNIST","0.1198419419531096","digits","True","784","True","None","1","0.7429241369934543","3","2","0.1198419419531096","0.0008896128763593373","5","0.24978812133571276","2","1","1.4742200405522121","0","0.027393012389614495","1","L","(224, 224)","1e-06","0.0008896128763593373","5","5","None","None","10","4","False","0.24978812133571276","L","random","None","2","50","1.4742200405522121","fixed_k","True","1.0","/data/thallybu/datasets/EMNIST","42","10","[0.9, 0.1]","0.027393012389614495","0.1","False","True","True","1","10","0.05765915662050247","957.2417602539062","0.5862311720848083","0.1397869884967804","0.5201526880264282","0.541080117225647","0.61601722240448","0.6017847657203674","0.6249363422393799","0.6613020300865173","0.5724031329154968","0.5601772665977478","0.6289315819740295","0.6354273557662964","10","0.742924153804779","0.0013084517559036613","0.058024946600198746","0.03687267005443573","0.06341949850320816","0.0598466582596302","0.05714425444602966","0.055901896208524704","0.04870297759771347","0.04791079834103584","0.05984315648674965","0.055927298963069916","0.5635851621627808","0.5659664869308472","2374","20","500","0.5435941219329834","103078","2999","0.004279956221580505","0.5785416960716248","0.5785416960716248","0","0.574928343296051","0.5785416960716248","0.42145833373069763","4.590841293334961","0.9774871468544006","0.20093242824077606","0.44724464416503906","ssl_emnist_digits_conv","162","OK"
"2026-03-27 06:57:46","8.4min","6f9de696736344a2bb95b27bdbb1d403","ssl_emnist_digits_conv_trial_0280","LOCAL","src/cli.py","thallybu","FINISHED","False","None","threshold","0.6898379099839043","250","True","ShallowConvAutoencoder","[16, 32]","[1, 28, 28]","2048","1e-06","0","EMNIST","0.12938277774614027","digits","True","784","True","None","1","0.6898379099839043","3","4","0.12938277774614027","0.0010138474980901765","8","0.23832676862296048","2","1","1.3847216890209502","0","0.02891384937509393","2","L","(224, 224)","1e-06","0.0010138474980901765","5","8","None","None","10","4","False","0.23832676862296048","L","random","None","2","50","1.3847216890209502","fixed_k","True","1.0","/data/thallybu/datasets/EMNIST","42","10","[0.9, 0.1]","0.02891384937509393","0.1","False","True","True","2","10","0.045616500079631805","921.0391235351562","0.49007588624954224","0.21310341358184814","0.4761483073234558","0.23635409772396088","0.593170166015625","0.5650935769081116","0.5133852362632751","0.6401962041854858","0.5773547291755676","0.5391870141029358","0.6934427618980408","0.6539487838745117","10","0.6898379325866699","0.0022792404051870108","0.04254569485783577","0.016539087519049644","0.05676938593387604","0.049867331981658936","0.04816161096096039","0.06150463968515396","0.04483722895383835","0.04102591797709465","0.0478561706840992","0.04275466874241829","0.47355419397354126","0.4419298768043518","7790","20","500","0.4518618583679199","104663","2930","0.008541530929505825","0.577958345413208","0.577958345413208","0","0.5585299730300903","0.577958345413208","0.422041654586792","15.731804847717285","1.007739543914795","0.04726855456829071","0.6971075534820557","ssl_emnist_digits_conv","280","OK"
"2026-03-27 06:12:59","8.4min","d40acbb29be34fc088c4d16f1303cb54","ssl_emnist_digits_conv_trial_0261","LOCAL","src/cli.py","thallybu","FINISHED","False","None","threshold","0.6960099229645137","250","True","ShallowConvAutoencoder","[16, 32]","[1, 28, 28]","2048","1e-06","0","EMNIST","0.1279278841664833","digits","True","784","True","None","1","0.6960099229645137","3","4","0.1279278841664833","0.001202245464281402","8","0.22945577746969376","2","1","1.3994582360273358","0","0.02456357112980565","2","L","(224, 224)","1e-06","0.001202245464281402","5","8","None","None","10","4","False","0.22945577746969376","L","random","None","2","50","1.3994582360273358","fixed_k","True","1.0","/data/thallybu/datasets/EMNIST","42","10","[0.9, 0.1]","0.02456357112980565","0.1","False","True","True","2","10","0.038477860391139984","1197.115234375","0.4761521816253662","0.22989828884601593","0.3379193842411041","0.3221644163131714","0.7014861106872559","0.5486783385276794","0.42878666520118713","0.7356926202774048","0.6073376536369324","0.4254198670387268","0.7089532017707825","0.7937282919883728","10","0.6960099339485168","0.0031349193304777145","0.02714649587869644","0.01719207689166069","0.055752962827682495","0.04553709924221039","0.03170480951666832","0.05748403072357178","0.041485369205474854","0.02329370379447937","0.04644559696316719","0.042942218482494354","0.4183221161365509","0.36008405685424805","16266","20","500","0.388984352350235","142326","2214","0.01737390272319317","0.5764166712760925","0.5764166712760925","0","0.5471145510673523","0.5764166712760925","0.42358332872390747","10.619078636169434","1.2598401308059692","0.0632552057504654","1.2648403644561768","ssl_emnist_digits_conv","261","OK"
"2026-03-27 07:21:03","8.5min","b62a4be2eb2840b4a1adfc50b1d53ca7","ssl_emnist_digits_conv_trial_0299","LOCAL","src/cli.py","thallybu","FINISHED","False","None","threshold","0.6922986991179408","250","True","ShallowConvAutoencoder","[16, 32]","[1, 28, 28]","2048","1e-06","0","EMNIST","0.1225796376677522","digits","True","784","True","None","1","0.6922986991179408","3","4","0.1225796376677522","0.0009188627339961544","8","0.22201928579190372","3","1","1.4248293188160082","0","0.025251057739431308","2","L","(224, 224)","1e-06","0.0009188627339961544","5","8","None","None","10","4","False","0.22201928579190372","L","random","None","3","50","1.4248293188160082","fixed_k","True","1.0","/data/thallybu/datasets/EMNIST","42","10","[0.9, 0.1]","0.025251057739431308","0.1","False","True","True","2","10","0.05522337555885315","873.0275268554688","0.4964519739151001","0.1887427568435669","0.5212509632110596","0.28404492139816284","0.5739233493804932","0.5719554424285889","0.5735353231430054","0.6182071566581726","0.5469728708267212","0.5239608883857727","0.6274010539054871","0.6011400818824768","10","0.6922987103462219","0.0020012864843010902","0.04693059250712395","0.020741300657391548","0.058688972145318985","0.04886944219470024","0.05569926276803017","0.062040042132139206","0.04489379748702049","0.04230770468711853","0.04901319742202759","0.04204753413796425","0.49021780490875244","0.47712135314941406","2365","30","500","0.4712318480014801","94161","3334","0.004724123980849981","0.5756250023841858","0.5756250023841858","0","0.5704814195632935","0.5756250023841858","0.4243749976158142","11.317983627319336","0.9657631516456604","0.05177518352866173","0.5551416277885437","ssl_emnist_digits_conv","299","OK"
"2026-03-26 13:45:52","8.7min","3dac7167cf4b48fcb7250697eab5485d","ssl_emnist_digits_conv_trial_0015","LOCAL","src/cli.py","thallybu","FINISHED","False","None","fixed_k","0.8311632628192149","50","True","ShallowConvAutoencoder","[8, 16]","[1, 28, 28]","2048","1e-06","0","EMNIST","0.08378117657157781","digits","True","784","True","None","0","0.8311632628192149","1","3","0.08378117657157781","0.0003516465238115823","7","0.20086683860249466","5","0","1.1443387241413123","1","0.02953574907475878","3","L","(224, 224)","1e-06","0.0003516465238115823","5","7","None","None","10","4","False","0.20086683860249466","L","random","None","5","25","1.1443387241413123","threshold","True","1.0","/data/thallybu/datasets/EMNIST","42","10","[0.9, 0.1]","0.02953574907475878","0.1","False","True","True","3","13","0.06682930141687393","47.74044418334961","0.3145883083343506","0.122656911611557","0.1992242932319641","0.14023633301258087","0.3040984570980072","0.3350110948085785","0.36965280771255493","0.41095566749572754","0.267015278339386","0.2890744209289551","0.30280470848083496","0.5278096795082092","9.89125919342041","","0.0012340291868895292","0.02475781738758087","0.012130157090723515","0.03717832267284393","0.037035830318927765","0.030679574236273766","0.040677379816770554","0.03138677775859833","0.02704763598740101","0.03450756147503853","0.0555466003715992","0.3589129149913788","0.351817786693573","500","50","0","0.32729363441467285","5550","0","0.016961386427283287","0.575166642665863","0.575166642665863","0","0.5780324339866638","0.575166642665863","0.4248333275318146","6.4348883628845215","0.9538143873214722","0.10266375541687012","0.40838339924812317","ssl_emnist_digits_conv","15","OK"
"2026-03-26 23:17:31","8.4min","da5e0ca44a794567bc0c39a076c35ab6","ssl_emnist_digits_conv_trial_0161","LOCAL","src/cli.py","thallybu","FINISHED","False","None","threshold","0.7436867236286238","250","True","ShallowConvAutoencoder","[4, 8]","[1, 28, 28]","2048","1e-06","0","EMNIST","0.1155944936036446","digits","True","784","True","None","1","0.7436867236286238","3","2","0.1155944936036446","0.001374324593401402","5","0.22765745783881194","2","1","1.4737649225710903","0","0.025819668564065174","1","L","(224, 224)","1e-06","0.001374324593401402","5","5","None","None","10","4","False","0.22765745783881194","L","random","None","2","50","1.4737649225710903","fixed_k","True","1.0","/data/thallybu/datasets/EMNIST","42","10","[0.9, 0.1]","0.025819668564065174","0.1","False","True","True","1","10","0.056367333978414536","1008.0420532226562","0.5775119066238403","0.13867124915122986","0.5168296098709106","0.49559327960014343","0.6127529740333557","0.5958069562911987","0.6024388074874878","0.6147889494895935","0.6042237281799316","0.5582371354103088","0.6453415751457214","0.6175655722618103","10","0.7436867356300354","0.0015807152958586812","0.05530904233455658","0.03383706882596016","0.06290267407894135","0.058651987463235855","0.055158551782369614","0.05483715981245041","0.051287032663822174","0.04762807860970497","0.05642092227935791","0.050563208758831024","0.5447888374328613","0.5383039116859436","1941","20","500","0.5265956521034241","108014","3609","0.0037799333222210407","0.5743749737739563","0.5743749737739563","0","0.5725325345993042","0.5743749737739563","0.4256249964237213","5.357500076293945","1.0000019073486328","0.19097259640693665","0.5065883994102478","ssl_emnist_digits_conv","161","OK"
"2026-03-27 07:20:00","8.2min","eab62817189f4c04b8a325c34b87c92a","ssl_emnist_digits_conv_trial_0298","LOCAL","src/cli.py","thallybu","FINISHED","False","None","threshold","0.7841540759616169","250","True","ShallowConvAutoencoder","[16, 32]","[1, 28, 28]","2048","1e-06","0","EMNIST","0.015077584699701621","digits","True","784","True","None","1","0.7841540759616169","3","4","0.015077584699701621","0.0001403915569763988","8","0.22124862724375002","3","1","1.4246908176101616","0","0.02598911917151988","2","L","(224, 224)","1e-06","0.0001403915569763988","5","8","None","None","10","4","False","0.22124862724375002","L","random","None","3","50","1.4246908176101616","fixed_k","True","1.0","/data/thallybu/datasets/EMNIST","42","10","[0.9, 0.1]","0.02598911917151988","0.1","False","True","True","2","10","0.056575775146484375","1090.6800537109375","0.64076828956604","0.15582436323165894","0.7050490975379944","0.5650952458381653","0.6620882153511047","0.6643654108047485","0.6415258049964905","0.6824080348014832","0.5954681634902954","0.5854930877685547","0.7070469260215759","0.6747918128967285","10","0.7841540575027466","0.0011365242535248399","0.06392132490873337","0.03812502324581146","0.06302963942289352","0.05241221934556961","0.05957142636179924","0.07085099071264267","0.045101698487997055","0.04563218355178833","0.05890817567706108","0.05282298102974892","0.5876399278640747","0.5689579844474792","4149","30","500","0.5503755807876587","118951","2361","0.02361043356359005","0.5728333592414856","0.5728333592414856","0","0.5684069991111755","0.5728333592414856","0.4271666705608368","4.2667155265808105","0.9835174083709717","0.22924861311912537","0.42946603894233704","ssl_emnist_digits_conv","298","OK"
"2026-03-26 16:19:50","6.2min","d26dfc30a9a34a70a57fb9d08a6a8ee7","ssl_emnist_digits_conv_trial_0079","LOCAL","src/cli.py","thallybu","FINISHED","False","None","fixed_k","0.8101907886522395","500","True","ShallowConvAutoencoder","[16, 32]","[1, 28, 28]","2048","1e-06","0","EMNIST","0.057502284914016884","digits","True","784","True","None","0","0.8101907886522395","4","4","0.057502284914016884","0.0031736630397594993","12","0.06011449208741636","2","0","1.5981649221557095","0","0.020383864922457178","5","L","(224, 224)","1e-06","0.0031736630397594993","5","12","None","None","10","4","False","0.06011449208741636","L","random","None","2","25","1.5981649221557095","fixed_k","True","1.0","/data/thallybu/datasets/EMNIST","42","10","[0.9, 0.1]","0.020383864922457178","0.1","False","True","True","5","10","0.0440388061106205","182.34043884277344","0.31212496757507324","0.13937518000602722","0.16513477265834808","0.299496054649353","0.385002076625824","0.3073069453239441","0.4277181923389435","0.5376533269882202","0.3376983106136322","0.20660388469696045","0.15305717289447784","0.3015791177749634","10","","0.0036243668291717768","0.020205749198794365","0.01498334389179945","0.03976619988679886","0.030369913205504417","0.04108418896794319","0.0497351735830307","0.03013056330382824","0.017241084948182106","0.012149137444794178","0.022640276700258255","0.2915731966495514","0.25138911604881287","5000","20","250","0.27830561995506287","24020","879","0.006995863281190395","0.5715833306312561","0.5715833306312561","0","0.5659241080284119","0.5715833306312561","0.4284166693687439","32.91090393066406","1.1419241428375244","0.06408646702766418","1.4073878526687622","ssl_emnist_digits_conv","79","OK"
"2026-03-26 15:12:47","10.8min","e8d6bc02ae644b16a5be7a6c13d1c9da","ssl_emnist_digits_conv_trial_0044","LOCAL","src/cli.py","thallybu","FINISHED","False","None","fixed_k","0.502435657713467","100","True","ShallowConvAutoencoder","[8]","[1, 28, 28]","2048","1e-06","0","EMNIST","0.09424305131204054","digits","True","784","True","None","0","0.502435657713467","2","1","0.09424305131204054","0.000836572251617261","16","0.1289086993948403","1","0","1.56130469124386","0","0.013314816354756044","2","L","(224, 224)","1e-06","0.000836572251617261","5","16","None","None","10","4","False","0.1289086993948403","L","random","None","1","25","1.56130469124386","fixed_k","True","1.0","/data/thallybu/datasets/EMNIST","42","10","[0.9, 0.1]","0.013314816354756044","0.1","False","True","True","2","15","0.03842419758439064","94.62755584716797","0.2915343940258026","0.11214401572942734","0.2203008532524109","0.08000127226114273","0.39623314142227173","0.36047977209091187","0.3581278920173645","0.38202565908432007","0.2470777928829193","0.21534232795238495","0.4019617736339569","0.2537936866283417","10","","0.0035073321778327227","0.024618828669190407","0.006767186336219311","0.042965006083250046","0.03864118084311485","0.041651032865047455","0.03770911321043968","0.024273376911878586","0.021180225536227226","0.04380256310105324","0.021507354453206062","0.31330814957618713","0.3239167332649231","1000","10","250","0.3031158745288849","10760","1305","0.0017317801248282194","0.5715416669845581","0.5715416669845581","0","0.5828717947006226","0.5715416669845581","0.4284583330154419","4.571619987487793","0.9433887600898743","0.0389489121735096","0.42575207352638245","ssl_emnist_digits_conv","44","OK"
"2026-03-26 13:45:52","53.9min","3838c10cc0ad4e5cb55bec3513032467","ssl_emnist_digits_conv_trial_0011","LOCAL","src/cli.py","thallybu","FINISHED","False","None","threshold","0.6304629819496077","50","True","ShallowConvAutoencoder","[8, 16]","[1, 28, 28]","2048","1e-06","0","EMNIST","0.1098888569495184","digits","True","784","True","None","1","0.6304629819496077","1","3","0.1098888569495184","8.637462761453166e-05","31","0.05424392887688945","2","0","1.1489113390301897","0","0.0184322824214062","1","L","(224, 224)","1e-06","8.637462761453166e-05","5","31","None","None","10","4","False","0.05424392887688945","L","random","None","2","25","1.1489113390301897","fixed_k","True","1.0","/data/thallybu/datasets/EMNIST","42","10","[0.9, 0.1]","0.0184322824214062","0.1","False","True","True","1","74","0.06426303088665009","746.7999877929688","0.4746221601963043","0.14421547949314117","0.4764820635318756","0.2949678897857666","0.5183380842208862","0.5640184879302979","0.5145304799079895","0.5008186101913452","0.5084472298622131","0.4846314489841461","0.3621387779712677","0.4930337369441986","10","0.6304630041122437","0.0024072208907455206","0.051171839237213135","0.02030177228152752","0.055367518216371536","0.05165233090519905","0.05072661116719246","0.04660019651055336","0.050402525812387466","0.03920033574104309","0.023861469700932503","0.038479723036289215","0.43999814987182617","0.4437793493270874","599","20","250","0.4277642071247101","79299","8386","0.006340642459690571","0.5680416822433472","0.5680416822433472","0","0.5786021947860718","0.5680416822433472","0.43195831775665283","9.647314071655273","1.0851889848709106","0.0766165554523468","0.8263912200927734","ssl_emnist_digits_conv","11","OK"
"2026-03-27 06:57:31","8.3min","c9c1b767e6bd412f970f444c72b8a071","ssl_emnist_digits_conv_trial_0279","LOCAL","src/cli.py","thallybu","FINISHED","False","None","threshold","0.6887127227104576","250","True","ShallowConvAutoencoder","[16, 32]","[1, 28, 28]","2048","1e-06","0","EMNIST","0.12997429376622965","digits","True","784","True","None","1","0.6887127227104576","3","4","0.12997429376622965","0.0009624737905899777","8","0.22890569359128102","2","1","1.4215084876805142","0","0.02015515014465175","2","L","(224, 224)","1e-06","0.0009624737905899777","5","8","None","None","10","4","False","0.22890569359128102","L","random","None","2","50","1.4215084876805142","fixed_k","True","1.0","/data/thallybu/datasets/EMNIST","42","10","[0.9, 0.1]","0.02015515014465175","0.1","False","True","True","2","10","0.04423261061310768","950.58251953125","0.4919028580188751","0.23101334273815155","0.3994777798652649","0.24796979129314423","0.6578180193901062","0.5710015892982483","0.5200201869010925","0.715513288974762","0.6227944493293762","0.5370310544967651","0.7205095291137695","0.673033595085144","10","0.6887127161026001","0.0022753046359866858","0.03566649183630943","0.016991816461086273","0.05686032027006149","0.049475640058517456","0.048345960676670074","0.06144209951162338","0.044369909912347794","0.04035979136824608","0.0482453778386116","0.042889613658189774","0.46644145250320435","0.43494459986686707","9665","20","500","0.44464701414108276","109664","2788","0.00939401239156723","0.5676666498184204","0.5676666498184204","0","0.5494943857192993","0.5676666498184204","0.4323333203792572","14.334404945373535","1.0281095504760742","0.04228013753890991","0.7462084889411926","ssl_emnist_digits_conv","279","OK"
"2026-03-26 22:31:38","9.6min","07b36a21315142a7be1c364a0b135255","ssl_emnist_digits_conv_trial_0140","LOCAL","src/cli.py","thallybu","FINISHED","False","None","threshold","0.7028816364221099","250","True","ShallowConvAutoencoder","[16, 32]","[1, 28, 28]","2048","1e-06","0","EMNIST","0.09983812586525696","digits","True","784","True","None","1","0.7028816364221099","3","4","0.09983812586525696","0.0009685828833416633","6","0.23701299992095695","2","1","1.437029421098387","0","0.02843635709370942","1","L","(224, 224)","1e-06","0.0009685828833416633","5","6","None","None","10","4","False","0.23701299992095695","L","random","None","2","50","1.437029421098387","fixed_k","True","1.0","/data/thallybu/datasets/EMNIST","42","10","[0.9, 0.1]","0.02843635709370942","0.1","False","True","True","1","10","0.04503244534134865","1151.2073974609375","0.518513023853302","0.2351197600364685","0.4474180340766907","0.3262987434864044","0.5204887390136719","0.5895934104919434","0.5588552951812744","0.6341820359230042","0.5627246499061584","0.7673613429069519","0.7436166405677795","0.6930056810379028","10","0.7028816342353821","0.0024897786788642406","0.04294632002711296","0.01892675645649433","0.050018198788166046","0.053516365587711334","0.049061499536037445","0.05117087438702583","0.04644368216395378","0.04571203887462616","0.04924971982836723","0.04921530932188034","0.48340490460395813","0.4432559013366699","17654","20","500","0.456260621547699","138844","2918","0.013981086201965809","0.5667499899864197","0.5667499899864197","0","0.5637851357460022","0.5667499899864197","0.4332500100135803","15.438721656799316","1.2523303031921387","0.05878017097711563","1.1408582925796509","ssl_emnist_digits_conv","140","OK"
"2026-03-27 08:11:04","9.2min","4f6ea30bc96a4ed79422a22d1d87f5c3","ssl_emnist_digits_conv_trial_0327","LOCAL","src/cli.py","thallybu","FINISHED","False","None","threshold","0.6831366986052624","250","True","ShallowConvAutoencoder","[8, 16]","[1, 28, 28]","2048","1e-06","0","EMNIST","0.11648691334327936","digits","True","784","True","None","1","0.6831366986052624","3","3","0.11648691334327936","0.0012019500412425736","5","0.12335695299930427","2","2","1.418674667677991","0","0.022885144881395935","2","L","(224, 224)","1e-06","0.0012019500412425736","5","5","None","None","10","4","False","0.12335695299930427","L","random","None","2","100","1.418674667677991","fixed_k","True","1.0","/data/thallybu/datasets/EMNIST","42","10","[0.9, 0.1]","0.022885144881395935","0.1","False","True","True","2","10","0.06841259449720383","831.0814819335938","0.478220134973526","0.1933896243572235","0.51997971534729","0.25697290897369385","0.5901559591293335","0.5490829348564148","0.5720687508583069","0.573375403881073","0.5561447143554688","0.49070897698402405","0.6198384761810303","0.5765426158905029","10","0.6831367015838623","0.001616365509107709","0.051418378949165344","0.02036125771701336","0.059887997806072235","0.052363406866788864","0.05439271032810211","0.05181848630309105","0.043496839702129364","0.04625196382403374","0.05519673973321915","0.04342086240649223","0.492530882358551","0.48511508107185364","4404","20","1000","0.478608638048172","91259","5568","0.003866722108796239","0.565500020980835","0.565500020980835","0","0.5519945621490479","0.565500020980835","0.4345000088214874","14.850858688354492","0.9784265756607056","0.0531998872756958","0.5769193768501282","ssl_emnist_digits_conv","327","OK"
"2026-03-27 09:55:36","8.7min","e1f5663de2544a9387ad4d42dce9c9b7","ssl_emnist_digits_conv_trial_0359","LOCAL","src/cli.py","thallybu","FINISHED","False","None","fixed_k","0.6788664286030629","250","True","ShallowConvAutoencoder","[16, 32]","[1, 28, 28]","2048","1e-06","0","EMNIST","0.13164855688923324","digits","True","784","True","None","0","0.6788664286030629","3","4","0.13164855688923324","0.00210036272415088","8","0.2310089983735077","2","2","1.430385001921415","1","0.03422949764680358","2","L","(224, 224)","1e-06","0.00210036272415088","5","8","None","None","10","4","False","0.2310089983735077","L","random","None","2","100","1.430385001921415","threshold","True","1.0","/data/thallybu/datasets/EMNIST","42","10","[0.9, 0.1]","0.03422949764680358","0.1","False","True","True","2","10","0.04250446334481239","165.68740844726562","0.33595556020736694","0.12543794512748718","0.3019503057003021","0.11814027279615402","0.401190847158432","0.38512203097343445","0.2516701817512512","0.5046597123146057","0.3119089603424072","0.27572694420814514","0.41611647605895996","0.393069863319397","10","","0.0024051640648394823","0.027250736951828003","0.008561507798731327","0.044519562274217606","0.03305961936712265","0.02975403517484665","0.05955062806606293","0.02744308114051819","0.025427421554923058","0.036437250673770905","0.03234897181391716","0.3410017788410187","0.33036330342292786","2500","20","0","0.3243527412414551","20020","0","0.004424844402819872","0.5650833249092102","0.5650833249092102","0","0.5639496445655823","0.5650833249092102","0.4349166750907898","5.665256500244141","0.9872726202011108","0.03481600433588028","0.5073769092559814","ssl_emnist_digits_conv","359","OK"
"2026-03-26 14:18:04","31.4min","e9f3719842764611b39f6091ce13ca41","ssl_emnist_digits_conv_trial_0021","LOCAL","src/cli.py","thallybu","FINISHED","False","None","fixed_k","0.4037271741739557","100","True","ShallowConvAutoencoder","[4]","[1, 28, 28]","2048","1e-06","0","EMNIST","0.03273234776286985","digits","True","784","True","None","0","0.4037271741739557","2","0","0.03273234776286985","0.00022763100151537051","13","0.18240202857132348","3","2","1.10873925622937","0","0.010982499896662067","2","L","(224, 224)","1e-06","0.00022763100151537051","5","13","None","None","10","4","False","0.18240202857132348","L","random","None","3","100","1.10873925622937","fixed_k","True","1.0","/data/thallybu/datasets/EMNIST","42","10","[0.9, 0.1]","0.010982499896662067","0.1","False","True","True","2","53","0.07389948517084122","9.735703468322754","0.21997815370559692","0.10857720673084259","0.15974856913089752","0.0760655552148819","0.25042998790740967","0.24714462459087372","0.19168461859226227","0.22595906257629395","0.16663025319576263","0.18792478740215302","0.2208467423915863","0.4733472466468811","6.393777847290039","","0.002076363656669855","0.023055391386151314","0.008322625420987606","0.03144552931189537","0.028912976384162903","0.026760950684547424","0.026581482961773872","0.022433895617723465","0.025623580440878868","0.026955557987093925","0.07018060982227325","0.20777855813503265","0.2756401598453522","1000","30","1000","0.18528002500534058","1030","2223","0.006942749489098787","0.5642083287239075","0.5642083287239075","0","0.5519689917564392","0.5642083287239075","0.43579167127609253","3.7320380210876465","0.960433840751648","0.055268485099077225","0.4293126165866852","ssl_emnist_digits_conv","21","OK"
"2026-03-26 23:25:59","12.8min","485c9692c8174a43961642999c5a5218","ssl_emnist_digits_conv_trial_0163","LOCAL","src/cli.py","thallybu","FINISHED","False","None","threshold","0.4586262284514173","250","True","ShallowConvAutoencoder","[16, 32]","[1, 28, 28]","2048","1e-06","0","EMNIST","0.11926372181557174","digits","True","784","True","None","1","0.4586262284514173","3","4","0.11926372181557174","0.0015381026960710107","9","0.23471793784487674","2","1","1.456974625512611","0","0.023573096472805023","1","L","(224, 224)","1e-06","0.0015381026960710107","5","9","None","None","10","4","False","0.23471793784487674","L","random","None","2","50","1.456974625512611","fixed_k","True","1.0","/data/thallybu/datasets/EMNIST","42","10","[0.9, 0.1]","0.023573096472805023","0.1","False","True","True","1","10","0.03157709911465645","573.3692016601562","0.24061374366283417","0.17068547010421753","0.18005868792533875","0.11062543839216232","0.4679553806781769","0.4523279070854187","0.35718297958374023","0.42432525753974915","0.5344462990760803","0.3945350646972656","0.4279065728187561","0.39188718795776367","10","0.45862624049186707","0.0028850380331277847","0.019878003746271133","0.008878939785063267","0.040935590863227844","0.0387614443898201","0.03565339371562004","0.036470506340265274","0.03418121486902237","0.02783278003334999","0.03906463831663132","0.029041031375527382","0.33063772320747375","0.3126034736633301","3226","20","500","0.31069761514663696","63334","2786","0.00964345782995224","0.5634999871253967","0.5634999871253967","0","0.5604990720748901","0.5634999871253967","0.4364999830722809","10.213973045349121","0.9424835443496704","0.025236748158931732","0.644730806350708","ssl_emnist_digits_conv","163","OK"
"2026-03-26 15:06:15","9.6min","90afe42ccaa9498d9d59cef31bb01ec8","ssl_emnist_digits_conv_trial_0038","LOCAL","src/cli.py","thallybu","FINISHED","False","None","fixed_k","0.565840679088118","25","True","ShallowConvAutoencoder","[8]","[1, 28, 28]","2048","1e-06","0","EMNIST","0.0690135905425043","digits","True","784","True","None","0","0.565840679088118","0","1","0.0690135905425043","0.0012490027697307665","10","0.09997830944912442","2","0","1.4598488451546767","0","0.016070341683687595","3","L","(224, 224)","1e-06","0.0012490027697307665","5","10","None","None","10","4","False","0.09997830944912442","L","random","None","2","25","1.4598488451546767","fixed_k","True","1.0","/data/thallybu/datasets/EMNIST","42","10","[0.9, 0.1]","0.016070341683687595","0.1","False","True","True","3","16","0.022582782432436943","2.5499260425567627","0.13080568611621857","0.0652376264333725","0.09291401505470276","0.044529788196086884","0.17747832834720612","0.16266889870166779","0.1316869705915451","0.15086767077445984","0.10030452907085419","0.08550653606653214","0.2066175639629364","0.15548264980316162","2.3223702907562256","","0.0014467518776655197","0.013345038518309593","0.0039050623308867216","0.016195140779018402","0.017504025250673294","0.020807377994060516","0.020595304667949677","0.012299821712076664","0.010525962337851524","0.02431282214820385","0.015365084633231163","0.058160435408353806","0.026812290772795677","250","20","250","0.035868287086486816","270","299","0.018587609753012657","0.5633333325386047","0.5633333325386047","0","0.55797278881073","0.5633333325386047","0.43666666746139526","13.442959785461426","0.9960631132125854","0.04616769030690193","0.49091818928718567","ssl_emnist_digits_conv","38","OK"
"2026-03-27 13:47:11","8.6min","65b56669ba3941e1af798bd3b6b551e1","ssl_emnist_digits_conv_trial_0406","LOCAL","src/cli.py","thallybu","FINISHED","False","None","threshold","0.7066324095906499","250","True","ShallowConvAutoencoder","[16, 32]","[1, 28, 28]","2048","1e-06","0","EMNIST","0.12459055464043924","digits","True","784","True","None","1","0.7066324095906499","3","4","0.12459055464043924","0.001411691257049105","10","0.2048361879467654","2","1","1.3885642143089796","0","0.022187467225059102","2","L","(224, 224)","1e-06","0.001411691257049105","5","10","None","None","10","4","False","0.2048361879467654","L","random","None","2","50","1.3885642143089796","fixed_k","True","1.0","/data/thallybu/datasets/EMNIST","42","10","[0.9, 0.1]","0.022187467225059102","0.1","False","True","True","2","10","0.028629988431930542","1548.644775390625","0.535735011100769","0.24936503171920776","0.48359397053718567","0.37607619166374207","0.5139219164848328","0.7956781983375549","0.7985094785690308","0.5326595902442932","0.640392541885376","0.5583369731903076","0.7591373324394226","0.7206495404243469","10","0.7066324353218079","0.0042544263415038586","0.03166967257857323","0.017141981050372124","0.03210119903087616","0.04312516748905182","0.04179087653756142","0.031736601144075394","0.024823376908898354","0.022182786837220192","0.050269611179828644","0.033816855400800705","0.3603833317756653","0.29422205686569214","8341","20","500","0.3286581039428711","171555","2039","0.02160627767443657","0.562458336353302","0.562458336353302","0","0.5690984129905701","0.562458336353302","0.437541663646698","9.82639217376709","1.2034474611282349","0.0656096562743187","1.1119201183319092","ssl_emnist_digits_conv","406","OK"
"2026-03-26 15:08:14","11.7min","cda7fbb962b64de4a9408fb12066731c","ssl_emnist_digits_conv_trial_0040","LOCAL","src/cli.py","thallybu","FINISHED","False","None","fixed_k","0.5452147522489097","25","True","ShallowConvAutoencoder","[8]","[1, 28, 28]","2048","1e-06","0","EMNIST","0.1477546251302022","digits","True","784","True","None","0","0.5452147522489097","0","1","0.1477546251302022","0.0011009279177055557","11","0.10103820888732028","1","0","1.5929817494073326","0","0.015886339935183146","3","L","(224, 224)","1e-06","0.0011009279177055557","5","11","None","None","10","4","False","0.10103820888732028","L","random","None","1","25","1.5929817494073326","fixed_k","True","1.0","/data/thallybu/datasets/EMNIST","42","10","[0.9, 0.1]","0.015886339935183146","0.1","False","True","True","3","20","0.015567670576274395","2.455111026763916","0.1556951403617859","0.06710513681173325","0.11196679621934891","0.037674494087696075","0.20609162747859955","0.17562255263328552","0.2201213538646698","0.18253442645072937","0.12475977838039398","0.13124056160449982","0.1808277666568756","0.1861121654510498","2.180148124694824","","0.0017084911232814193","0.013821451924741268","0.002826992655172944","0.024079686030745506","0.017858674749732018","0.019512519240379333","0.020589835941791534","0.01424535270780325","0.010949032381176949","0.01856381632387638","0.014987927861511707","0.04847947508096695","0.052292659878730774","250","10","250","0.03494640067219734","260","287","0.0102516645565629","0.5607916712760925","0.5607916712760925","0","0.5607864260673523","0.5607916712760925","0.43920832872390747","5.513190269470215","0.9793745279312134","0.04698590934276581","0.4216780662536621","ssl_emnist_digits_conv","40","OK"
"2026-03-27 07:06:13","6.8min","4602def129b24c4fb7076f91ba0f379b","ssl_emnist_digits_conv_trial_0286","LOCAL","src/cli.py","thallybu","FINISHED","False","None","threshold","0.6788176532968476","250","True","ShallowConvAutoencoder","[4]","[1, 28, 28]","2048","1e-06","0","EMNIST","0.1336736123129208","digits","True","784","True","None","1","0.6788176532968476","3","0","0.1336736123129208","0.0011934316013547043","6","0.22913067747691618","2","1","1.4101616192571556","1","0.022769411319312587","2","L","(224, 224)","1e-06","0.0011934316013547043","5","6","None","None","10","4","False","0.22913067747691618","L","random","None","2","50","1.4101616192571556","threshold","True","1.0","/data/thallybu/datasets/EMNIST","42","10","[0.9, 0.1]","0.022769411319312587","0.1","False","True","True","2","10","0.056684304028749466","709.1795654296875","0.543067216873169","0.14219656586647034","0.5057739615440369","0.49820029735565186","0.5449788570404053","0.5652788877487183","0.5880321264266968","0.6145426630973816","0.5478482246398926","0.5546342134475708","0.5902002453804016","0.5791435241699219","10","0.678817629814148","0.0030975418630987406","0.05144038051366806","0.028785450384020805","0.055353619158267975","0.048933569341897964","0.0573326013982296","0.052509281784296036","0.04777102917432785","0.04402105510234833","0.052076131105422974","0.042030204087495804","0.5003445744514465","0.49712416529655457","1852","20","0","0.48025333881378174","76822","0","0.004005551338195801","0.5560416579246521","0.5560416579246521","0","0.5578305125236511","0.5560416579246521","0.4439583420753479","4.953280925750732","0.9885782599449158","0.16348615288734436","0.4406227469444275","ssl_emnist_digits_conv","286","OK"
"2026-03-27 07:28:52","8.6min","031f7d18735c48cfa14113cb87ece4b1","ssl_emnist_digits_conv_trial_0303","LOCAL","src/cli.py","thallybu","FINISHED","False","None","threshold","0.696261654242912","250","True","ShallowConvAutoencoder","[16, 32]","[1, 28, 28]","2048","1e-06","0","EMNIST","0.1226887313177528","digits","True","784","True","None","1","0.696261654242912","3","4","0.1226887313177528","0.0009069003456935908","8","0.23927864842032234","2","1","1.4539901503981678","0","0.02169379011918622","2","L","(224, 224)","1e-06","0.0009069003456935908","5","8","None","None","10","4","False","0.23927864842032234","L","random","None","2","50","1.4539901503981678","fixed_k","True","1.0","/data/thallybu/datasets/EMNIST","42","10","[0.9, 0.1]","0.02169379011918622","0.1","False","True","True","2","10","0.04603547230362892","953.6956787109375","0.507584810256958","0.20147155225276947","0.4830307364463806","0.2686041295528412","0.5992165803909302","0.5793976187705994","0.49786680936813354","0.649116575717926","0.5690367817878723","0.5885896682739258","0.7176935076713562","0.6476123332977295","10","0.6962616443634033","0.0021305736154317856","0.042554356157779694","0.01883169636130333","0.05687554180622101","0.05032868683338165","0.04555046930909157","0.06192772835493088","0.045069824904203415","0.04128660634160042","0.04780925437808037","0.04344173148274422","0.47465017437934875","0.4438503384590149","8069","20","500","0.4536758065223694","108399","2922","0.007828307338058949","0.5550000071525574","0.5550000071525574","0","0.5342141389846802","0.5550000071525574","0.4449999928474426","16.554004669189453","1.0662291049957275","0.050472598522901535","0.7751559615135193","ssl_emnist_digits_conv","303","OK"
"2026-03-27 10:02:01","7.3min","ea5a52e9aaac411bb38dccc221e5035a","ssl_emnist_digits_conv_trial_0362","LOCAL","src/cli.py","thallybu","FINISHED","False","None","fixed_k","0.6475946486075809","25","True","ShallowConvAutoencoder","[16, 32]","[1, 28, 28]","2048","1e-06","0","EMNIST","0.14172924298631587","digits","True","784","True","None","0","0.6475946486075809","0","4","0.14172924298631587","0.001041743988894375","6","0.22180070705086855","2","2","1.429021529354987","0","0.19441074767647487","2","L","(224, 224)","1e-06","0.001041743988894375","5","6","None","None","10","4","False","0.22180070705086855","L","random","None","2","100","1.429021529354987","fixed_k","True","1.0","/data/thallybu/datasets/EMNIST","42","10","[0.9, 0.1]","0.19441074767647487","0.1","False","True","True","2","10","0.036177437752485275","2.5549628734588623","0.14854834973812103","0.074787937104702","0.08166525512933731","0.0410345196723938","0.2138308733701706","0.1515902876853943","0.12385442107915878","0.20172019302845","0.11538472771644592","0.14662964642047882","0.19763940572738647","0.21213409304618835","2.2705185413360596","","0.0012025991454720497","0.015740741044282913","0.0052000354044139385","0.029799500480294228","0.02660742774605751","0.02053162269294262","0.028967564925551414","0.016756927594542503","0.017447328194975853","0.028835155069828033","0.02793402597308159","0.3515434265136719","0.009698508307337761","250","20","250","0.04952426627278328","270","358","0.2927922308444977","0.5502499938011169","0.5502499938011169","0","0.5501202344894409","0.5502499938011169","0.44975000619888306","6.071840763092041","0.996647834777832","0.04102712497115135","0.5036693215370178","ssl_emnist_digits_conv","362","OK"
"2026-03-26 15:33:01","6.0min","b718fb85e22348fdbdb6c5364752d00e","ssl_emnist_digits_conv_trial_0054","LOCAL","src/cli.py","thallybu","FINISHED","False","None","fixed_k","0.6998147104706139","50","True","ShallowConvAutoencoder","[4, 8]","[1, 28, 28]","2048","1e-06","0","EMNIST","0.12819911407560003","digits","True","784","True","None","0","0.6998147104706139","1","2","0.12819911407560003","0.00037332711080521566","27","0.23548718573289748","3","1","1.3210119875044617","1","0.01897449401257388","4","L","(224, 224)","1e-06","0.00037332711080521566","5","27","None","None","10","4","False","0.23548718573289748","L","random","None","3","50","1.3210119875044617","threshold","True","1.0","/data/thallybu/datasets/EMNIST","42","10","[0.9, 0.1]","0.01897449401257388","0.1","False","True","True","4","10","0.0733153223991394","23.910518646240234","0.4581228494644165","0.15593639016151428","0.23784661293029785","0.2686636447906494","0.4125179052352905","0.38639456033706665","0.512561023235321","0.6912511587142944","0.4595656991004944","0.61768639087677","0.4451613426208496","0.5534271597862244","8.991703987121582","","0.0014031088212504983","0.03889838606119156","0.025703314691781998","0.07071893662214279","0.04850267991423607","0.061667487025260925","0.09447263926267624","0.07790163904428482","0.08615923672914505","0.05918307229876518","0.07142346352338791","0.6974893808364868","0.6059321761131287","500","30","0","0.5733734369277954","3025","0","0.10544794052839279","0.5460416674613953","0.5460416674613953","0","0.5442663431167603","0.5460416674613953","0.45395833253860474","3.615248680114746","1.0007035732269287","0.1411295384168625","0.4147186875343323","ssl_emnist_digits_conv","54","OK"
"2026-03-26 22:30:11","8.2min","8d46b517c3ba4123a8454e03144e8f66","ssl_emnist_digits_conv_trial_0139","LOCAL","src/cli.py","thallybu","FINISHED","False","None","threshold","0.7006094752181583","250","True","ShallowConvAutoencoder","[16, 32]","[1, 28, 28]","2048","1e-06","0","EMNIST","0.09555797659899609","digits","True","784","True","None","1","0.7006094752181583","3","4","0.09555797659899609","0.0009773301073384391","10","0.23752263893867115","2","1","1.4350349931642856","0","0.03026591780488589","1","L","(224, 224)","1e-06","0.0009773301073384391","5","10","None","None","10","4","False","0.23752263893867115","L","random","None","2","50","1.4350349931642856","fixed_k","True","1.0","/data/thallybu/datasets/EMNIST","42","10","[0.9, 0.1]","0.03026591780488589","0.1","False","True","True","1","10","0.04237800091505051","1123.7979736328125","0.5190662741661072","0.23346129059791565","0.38983309268951416","0.2790239751338959","0.6227279901504517","0.6465545296669006","0.6632720232009888","0.6581420302391052","0.4903798997402191","0.6937405467033386","0.6743758320808411","0.689909815788269","10","0.7006094455718994","0.002772802487015724","0.03286099061369896","0.014720939099788666","0.05295020341873169","0.04809504747390747","0.05022205412387848","0.05020340532064438","0.03317267820239067","0.039725836366415024","0.042729541659355164","0.047185998409986496","0.4407165050506592","0.39652833342552185","11273","20","500","0.4118667542934418","129578","2938","0.016011102125048637","0.5451250076293945","0.5451250076293945","0","0.5358272790908813","0.5451250076293945","0.45487499237060547","8.912764549255371","1.0783474445343018","0.04611016809940338","0.7624943852424622","ssl_emnist_digits_conv","139","OK"
"2026-03-26 17:41:42","11.4min","38c36c550bd34e27a5672663ec83fc2c","ssl_emnist_digits_conv_trial_0098","LOCAL","src/cli.py","thallybu","FINISHED","False","None","threshold","0.7959997436706332","250","True","ShallowConvAutoencoder","[16, 32]","[1, 28, 28]","2048","1e-06","0","EMNIST","0.13146732294173216","digits","True","784","True","None","1","0.7959997436706332","3","4","0.13146732294173216","0.004829958814086919","9","0.23222531159265822","2","0","1.5064112746082492","0","0.019416536429779602","1","L","(224, 224)","1e-06","0.004829958814086919","5","9","None","None","10","4","False","0.23222531159265822","L","random","None","2","25","1.5064112746082492","fixed_k","True","1.0","/data/thallybu/datasets/EMNIST","42","10","[0.9, 0.1]","0.019416536429779602","0.1","False","True","True","1","10","0.018949881196022034","1948.9422607421875","0.5479831099510193","0.234338641166687","0.7273682951927185","0.2936328649520874","0.44869086146354675","0.5757418274879456","0.5116448998451233","0.7153294682502747","0.4118027091026306","0.571751594543457","0.8263435959815979","0.7685933113098145","10","0.7959997653961182","0.00874343141913414","0.057408396154642105","0.0078082759864628315","0.028225822374224663","0.03531644120812416","0.021648656576871872","0.05103231966495514","0.019423911347985268","0.024750810116529465","0.04045945778489113","0.022360431030392647","0.33066338300704956","0.3209666907787323","978","20","250","0.3084345757961273","206765","1182","0.00908477883785963","0.543666660785675","0.543666660785675","0","0.4853360652923584","0.543666660785675","0.45633333921432495","15.60405158996582","1.4890912771224976","0.03279045969247818","1.5345686674118042","ssl_emnist_digits_conv","98","OK"
"2026-03-26 14:50:10","14.5min","349acc6bdbe9432784adc465ff90e221","ssl_emnist_digits_conv_trial_0030","LOCAL","src/cli.py","thallybu","FINISHED","False","None","threshold","0.8949217552052248","250","True","ShallowConvAutoencoder","[8, 16]","[1, 28, 28]","2048","1e-06","0","EMNIST","0.10471828186310236","digits","True","784","True","None","1","0.8949217552052248","3","3","0.10471828186310236","0.001706093024707594","22","0.06888598819997317","4","1","1.2626027473585117","0","0.021320075798001416","4","L","(224, 224)","1e-06","0.001706093024707594","5","22","None","None","10","4","False","0.06888598819997317","L","random","None","4","50","1.2626027473585117","fixed_k","True","1.0","/data/thallybu/datasets/EMNIST","42","10","[0.9, 0.1]","0.021320075798001416","0.1","False","True","True","4","18","0.019029174000024796","2020.1268310546875","0.7104646563529968","0.18545272946357727","0.6684563755989075","0.5606712698936462","0.7018468379974365","0.6879112124443054","0.7706791758537292","0.7954190969467163","0.7968235015869141","0.8310290575027466","0.7796785831451416","0.7109426259994507","10","0.8949217796325684","0.007288346067070961","0.01923307031393051","0.011074055917561054","0.024657271802425385","0.020524660125374794","0.026218624785542488","0.026316307485103607","0.02142237313091755","0.017671193927526474","0.043950289487838745","0.01928696036338806","0.26080620288848877","0.2500823438167572","443","40","500","0.23035478591918945","213509","1925","0.02185223437845707","0.5427083373069763","0.5427083373069763","0","0.48979851603507996","0.5427083373069763","0.4572916626930237","13.29515266418457","1.336999535560608","0.16842146217823029","1.1914265155792236","ssl_emnist_digits_conv","30","OK"
"2026-03-27 10:01:15","7.9min","dc2c88fc908d499f9f2caabcffd141ec","ssl_emnist_digits_conv_trial_0361","LOCAL","src/cli.py","thallybu","FINISHED","False","None","fixed_k","0.6895660019744804","25","True","ShallowConvAutoencoder","[16, 32]","[1, 28, 28]","2048","1e-06","0","EMNIST","0.14633990427299354","digits","True","784","True","None","0","0.6895660019744804","0","4","0.14633990427299354","0.001091593191422629","8","0.22227341482250995","4","2","1.4291425548586805","1","0.09028290975030236","2","L","(224, 224)","1e-06","0.001091593191422629","5","8","None","None","10","4","False","0.22227341482250995","L","random","None","4","100","1.4291425548586805","threshold","True","1.0","/data/thallybu/datasets/EMNIST","42","10","[0.9, 0.1]","0.09028290975030236","0.1","False","True","True","2","10","0.06650125980377197","16.911407470703125","0.2161043882369995","0.0959329679608345","0.17485311627388","0.07842378318309784","0.2775428593158722","0.2301434427499771","0.21211567521095276","0.317068874835968","0.1668223887681961","0.1702311933040619","0.3353748619556427","0.19846755266189575","8.180148124694824","","0.001911484869197011","0.018000813201069832","0.008518594317138195","0.03558826446533203","0.022182488813996315","0.02764541283249855","0.038613803684711456","0.018953636288642883","0.019568955525755882","0.03850119933485985","0.017961159348487854","0.22196878492832184","0.24327901005744934","250","40","0","0.20130948722362518","2040","0","0.003966329153627157","0.5418750047683716","0.5418750047683716","0","0.543903648853302","0.5418750047683716","0.4581249952316284","6.809616565704346","0.9793573021888733","0.04567563906311989","0.4531550705432892","ssl_emnist_digits_conv","361","OK"
"2026-03-27 09:59:46","7.4min","b23c46b84055458aaa4d69875cfa4ff0","ssl_emnist_digits_conv_trial_0360","LOCAL","src/cli.py","thallybu","FINISHED","False","None","fixed_k","0.6861682007413213","25","True","ShallowConvAutoencoder","[16, 32]","[1, 28, 28]","2048","1e-06","0","EMNIST","0.14006962351101032","digits","True","784","True","None","0","0.6861682007413213","0","4","0.14006962351101032","0.0010654385456499934","8","0.22245083181982486","4","2","1.429102752154071","1","0.04941511940170394","2","L","(224, 224)","1e-06","0.0010654385456499934","5","8","None","None","10","4","False","0.22245083181982486","L","random","None","4","100","1.429102752154071","threshold","True","1.0","/data/thallybu/datasets/EMNIST","42","10","[0.9, 0.1]","0.04941511940170394","0.1","False","True","True","2","10","0.06589722633361816","16.94162940979004","0.2195967733860016","0.09561950713396072","0.17476841807365417","0.0873117744922638","0.28915321826934814","0.23160870373249054","0.21503646671772003","0.3214101493358612","0.1707555204629898","0.1676725149154663","0.34328240156173706","0.19496849179267883","8.257184982299805","","0.001850594999268651","0.017752569168806076","0.008263993076980114","0.038267429918050766","0.02241581305861473","0.027667919173836708","0.038240525871515274","0.018912293016910553","0.018919039517641068","0.04076564311981201","0.01707615703344345","0.22544310986995697","0.25070837140083313","250","40","0","0.20524421334266663","2040","0","0.0036893454380333424","0.5389583110809326","0.5389583110809326","0","0.5403317809104919","0.5389583110809326","0.461041659116745","5.847072124481201","0.9822674989700317","0.05166811868548393","0.45226266980171204","ssl_emnist_digits_conv","360","OK"
"2026-03-27 10:31:34","7.8min","1d32878a570c464ba190be4cc5917d5d","ssl_emnist_digits_conv_trial_0380","LOCAL","src/cli.py","thallybu","FINISHED","False","None","threshold","0.6690410099358307","250","True","ShallowConvAutoencoder","[16, 32]","[1, 28, 28]","2048","1e-06","0","EMNIST","0.12614935791914025","digits","True","784","True","None","1","0.6690410099358307","3","4","0.12614935791914025","0.0009460058979778667","8","0.24221038797045757","2","1","1.4204674908396284","0","0.02577510388377071","2","L","(224, 224)","1e-06","0.0009460058979778667","5","8","None","None","10","4","False","0.24221038797045757","L","random","None","2","50","1.4204674908396284","fixed_k","True","1.0","/data/thallybu/datasets/EMNIST","42","10","[0.9, 0.1]","0.02577510388377071","0.1","False","True","True","2","10","0.045229412615299225","892.9428100585938","0.4694417715072632","0.2234194427728653","0.4798305332660675","0.22289752960205078","0.577866792678833","0.5526690483093262","0.4901120364665985","0.6050390601158142","0.5724482536315918","0.5638052821159363","0.7165675759315491","0.6613932251930237","10","0.6690410375595093","0.0022855757270008326","0.04207794368267059","0.015483606606721878","0.05502058565616608","0.048843130469322205","0.04548767954111099","0.06012532487511635","0.04396895691752434","0.03969902545213699","0.047415126115083694","0.04203474894165993","0.46116355061531067","0.4384493827819824","8797","20","500","0.44015607237815857","102703","2957","0.0077668000012636185","0.5384583473205566","0.5384583473205566","0","0.5240010023117065","0.5384583473205566","0.46154165267944336","16.702707290649414","1.1099708080291748","0.038907669484615326","0.8434903621673584","ssl_emnist_digits_conv","380","OK"
"2026-03-26 16:31:58","10.3min","cd0756e955624c608f2f8e00683ea7a7","ssl_emnist_digits_conv_trial_0086","LOCAL","src/cli.py","thallybu","FINISHED","False","None","threshold","0.7716832681529796","250","True","ShallowConvAutoencoder","[16, 32]","[1, 28, 28]","2048","1e-06","0","EMNIST","0.06732686974217514","digits","True","784","True","None","1","0.7716832681529796","3","4","0.06732686974217514","0.0028163052809852683","7","0.22535544728912332","1","0","1.2919643236016896","0","0.017616744925514065","0","L","(224, 224)","1e-06","0.0028163052809852683","5","7","None","None","10","4","False","0.22535544728912332","L","random","None","1","25","1.2919643236016896","fixed_k","True","1.0","/data/thallybu/datasets/EMNIST","42","10","[0.9, 0.1]","0.017616744925514065","0.1","False","True","True","0","10","0.01001102663576603","1838.509033203125","0.5070039629936218","0.2284393608570099","0.6585928201675415","0.4172522723674774","0.581932783126831","0.5083000659942627","0.5883777141571045","0.4099392294883728","0.40596726536750793","0.5475729703903198","0.4931938350200653","0.5008225440979004","10","0.7716832756996155","0.008029470220208168","0.029239512979984283","0.01461813598871231","0.021131642162799835","0.02888653427362442","0.03013528510928154","0.02452121116220951","0.021352527663111687","0.01986636221408844","0.02584436535835266","0.014683427289128304","0.25170958042144775","0.23917141556739807","1878","10","250","0.23027901351451874","195988","1356","0.011145115830004215","0.5381666421890259","0.5381666421890259","0","0.5068175792694092","0.5381666421890259","0.46183332800865173","17.20931625366211","1.822479486465454","0.03130428120493889","2.1134326457977295","ssl_emnist_digits_conv","86","OK"
"2026-03-27 07:21:15","8.4min","c0c76f03b6594891a2a708b486301f7f","ssl_emnist_digits_conv_trial_0300","LOCAL","src/cli.py","thallybu","FINISHED","False","None","threshold","0.7025915029709905","250","True","ShallowConvAutoencoder","[16, 32]","[1, 28, 28]","2048","1e-06","0","EMNIST","0.013580545457035229","digits","True","784","True","None","1","0.7025915029709905","3","4","0.013580545457035229","0.0016414039477136203","8","0.23937447780519425","2","1","1.284630983967629","0","0.02478049034526321","2","L","(224, 224)","1e-06","0.0016414039477136203","5","8","None","None","10","4","False","0.23937447780519425","L","random","None","2","50","1.284630983967629","fixed_k","True","1.0","/data/thallybu/datasets/EMNIST","42","10","[0.9, 0.1]","0.02478049034526321","0.1","False","True","True","2","10","0.03214716538786888","1357.75146484375","0.4998115003108978","0.2361113727092743","0.35699328780174255","0.35473576188087463","0.7411549091339111","0.5752227902412415","0.4691638648509979","0.6763151288032532","0.5942732691764832","0.6335214972496033","0.770683228969574","0.7327756881713867","10","0.7025914788246155","0.0036326602566987276","0.020123019814491272","0.018089864403009415","0.05085759237408638","0.040609028190374374","0.0262924712151289","0.04541604593396187","0.03524400293827057","0.023655664175748825","0.047338083386421204","0.03948911651968956","0.3764735460281372","0.3052857220172882","12534","20","500","0.3471149206161499","155577","2147","0.018030842766165733","0.5375833511352539","0.5375833511352539","0","0.5008367896080017","0.5375833511352539","0.4624166488647461","14.096487045288086","1.3963391780853271","0.053103309124708176","1.4581729173660278","ssl_emnist_digits_conv","300","OK"
"2026-03-26 15:56:50","6.1min","ad1a42de760745378a10f1ec6b1c1592","ssl_emnist_digits_conv_trial_0065","LOCAL","src/cli.py","thallybu","FINISHED","False","None","fixed_k","0.641471216300175","50","True","ShallowConvAutoencoder","[8]","[1, 28, 28]","2048","1e-06","0","EMNIST","0.07859734466022508","digits","True","784","True","None","0","0.641471216300175","1","1","0.07859734466022508","0.00046177818491809324","14","0.1700821476635825","1","0","1.349043629016947","0","0.019003779047129677","2","L","(224, 224)","1e-06","0.00046177818491809324","5","14","None","None","10","4","False","0.1700821476635825","L","random","None","1","25","1.349043629016947","fixed_k","True","1.0","/data/thallybu/datasets/EMNIST","42","10","[0.9, 0.1]","0.019003779047129677","0.1","False","True","True","2","10","0.02616381086409092","19.002370834350586","0.2663162648677826","0.0938769206404686","0.2017751783132553","0.06061942130327225","0.34006360173225403","0.28707239031791687","0.2865224778652191","0.3764049708843231","0.20587782561779022","0.27015161514282227","0.28874582052230835","0.34592917561531067","8.635259628295898","","0.002116818679496646","0.030059393495321274","0.004589317366480827","0.033873651176691055","0.02696310169994831","0.023909954354166985","0.03841066360473633","0.02296990342438221","0.02452155388891697","0.03131485730409622","0.03456100821495056","0.2934090495109558","0.2838621139526367","500","10","250","0.23500145971775055","2260","388","0.05184080824255943","0.5356249809265137","0.5356249809265137","0","0.5342056751251221","0.5356249809265137","0.46437498927116394","5.8767194747924805","1.0152374505996704","0.03996812179684639","0.5050686001777649","ssl_emnist_digits_conv","65","OK"
"2026-03-26 15:10:03","8.8min","7011ff4365084f7794c3ffd7bb2feca5","ssl_emnist_digits_conv_trial_0041","LOCAL","src/cli.py","thallybu","FINISHED","False","None","fixed_k","0.5166972278336442","25","True","ShallowConvAutoencoder","[8]","[1, 28, 28]","2048","1e-06","0","EMNIST","0.14960500214803207","digits","True","784","True","None","0","0.5166972278336442","0","1","0.14960500214803207","0.0009533378511608438","16","0.12564002250905124","1","0","1.4386494446759803","0","0.0417019359080765","2","L","(224, 224)","1e-06","0.0009533378511608438","5","16","None","None","10","4","False","0.12564002250905124","L","random","None","1","25","1.4386494446759803","fixed_k","True","1.0","/data/thallybu/datasets/EMNIST","42","10","[0.9, 0.1]","0.0417019359080765","0.1","False","True","True","2","14","0.02015150897204876","2.4500739574432373","0.15270277857780457","0.07429277896881104","0.10345875471830368","0.05307091027498245","0.20232008397579193","0.23478031158447266","0.20159438252449036","0.21852806210517883","0.10919653624296188","0.09091106057167053","0.20555618405342102","0.10761133581399918","2.1371850967407227","","0.001671283389441669","0.014694321900606155","0.004547768738120794","0.025985976681113243","0.028513047844171524","0.02593500353395939","0.02664336748421192","0.01462683454155922","0.011193248443305492","0.02635965496301651","0.011210184544324875","0.0972440242767334","0.07381617277860641","250","10","250","0.04056422412395477","260","244","0.05247669667005539","0.5356249809265137","0.5356249809265137","0","0.5297347903251648","0.5356249809265137","0.46437498927116394","6.182949542999268","0.9988681674003601","0.05787317454814911","0.4470893144607544","ssl_emnist_digits_conv","41","OK"
"2026-03-27 03:30:43","8.4min","6f8f58cd93de4cbba78400f3e1777f25","ssl_emnist_digits_conv_trial_0225","LOCAL","src/cli.py","thallybu","FINISHED","False","None","threshold","0.7611607054858183","100","True","ShallowConvAutoencoder","[4, 8]","[1, 28, 28]","2048","1e-06","0","EMNIST","0.1210206155902745","digits","True","784","True","None","1","0.7611607054858183","2","2","0.1210206155902745","0.0013279545124853717","6","0.23333624527598887","2","1","1.4071006984822152","0","0.03088634234482749","2","L","(224, 224)","1e-06","0.0013279545124853717","5","6","None","None","10","4","False","0.23333624527598887","L","random","None","2","50","1.4071006984822152","fixed_k","True","1.0","/data/thallybu/datasets/EMNIST","42","10","[0.9, 0.1]","0.03088634234482749","0.1","False","True","True","2","10","0.06156785413622856","980.3359985351562","0.5982463359832764","0.14627258479595184","0.5246139168739319","0.49439284205436707","0.6319786906242371","0.6932281255722046","0.6438106298446655","0.6609482765197754","0.6134228110313416","0.6331833600997925","0.6697297096252441","0.6755906343460083","10","0.7611607313156128","0.0015780730172991753","0.05555235967040062","0.03289502114057541","0.0623975545167923","0.06017867848277092","0.046374037861824036","0.064618319272995","0.05412018671631813","0.04792281240224838","0.06092298775911331","0.0551922433078289","0.5605509877204895","0.5497187972068787","2967","20","500","0.5401743054389954","106103","3174","0.004432681016623974","0.5298749804496765","0.5298749804496765","0","0.5265608429908752","0.5298749804496765","0.4701249897480011","4.104769229888916","1.0222564935684204","0.20158857107162476","0.4561365842819214","ssl_emnist_digits_conv","225","OK"
"2026-03-26 15:03:52","6.2min","455a621743ad4e80a9118a91aaf551db","ssl_emnist_digits_conv_trial_0036","LOCAL","src/cli.py","thallybu","FINISHED","False","None","fixed_k","0.5622065116247902","25","True","ShallowConvAutoencoder","[8, 16]","[1, 28, 28]","2048","1e-06","0","EMNIST","0.11819681820140997","digits","True","784","True","None","0","0.5622065116247902","0","3","0.11819681820140997","0.0013148202411961416","10","0.10362570906927188","2","1","1.4837797934508996","0","0.016751616914955202","3","L","(224, 224)","1e-06","0.0013148202411961416","5","10","None","None","10","4","False","0.10362570906927188","L","random","None","2","50","1.4837797934508996","fixed_k","True","1.0","/data/thallybu/datasets/EMNIST","42","10","[0.9, 0.1]","0.016751616914955202","0.1","False","True","True","3","10","0.043700769543647766","2.5499260425567627","0.17010250687599182","0.08831843733787537","0.08127282559871674","0.0473407506942749","0.19136370718479156","0.26298707723617554","0.16434696316719055","0.23147039115428925","0.24218323826789856","0.10135484486818314","0.1811111718416214","0.19759419560432434","2.246518611907959","","0.000954164715949446","0.016107704490423203","0.01010088436305523","0.03151335567235947","0.03488818556070328","0.024694031104445457","0.027086418122053146","0.031077055260539055","0.014881845563650131","0.028375912457704544","0.016123713925480843","0.09745091199874878","0.08744914084672928","250","20","250","0.05312028527259827","270","348","0.03884793817996979","0.5278333425521851","0.5278333425521851","0","0.5339850783348083","0.5278333425521851","0.47216665744781494","11.285326957702637","1.0157569646835327","0.04246959835290909","0.460964173078537","ssl_emnist_digits_conv","36","OK"
"2026-03-27 08:21:32","9.2min","de01aceda28c437290bb4dd02672e9f5","ssl_emnist_digits_conv_trial_0333","LOCAL","src/cli.py","thallybu","FINISHED","False","None","threshold","0.7042702577850355","500","True","ShallowConvAutoencoder","[16, 32]","[1, 28, 28]","2048","1e-06","0","EMNIST","0.1286721164347659","digits","True","784","True","None","1","0.7042702577850355","4","4","0.1286721164347659","0.0017517128705996027","8","0.2304285290545542","2","1","1.4352596554331767","0","0.027198549026466116","2","L","(224, 224)","1e-06","0.0017517128705996027","5","8","None","None","10","4","False","0.2304285290545542","L","random","None","2","50","1.4352596554331767","fixed_k","True","1.0","/data/thallybu/datasets/EMNIST","42","10","[0.9, 0.1]","0.027198549026466116","0.1","False","True","True","2","10","0.034284770488739014","1453.5469970703125","0.4693075716495514","0.22497692704200745","0.6883541941642761","0.36571356654167175","0.7430647611618042","0.5151340365409851","0.44842028617858887","0.41997185349464417","0.45211949944496155","0.38502037525177","0.75333172082901","0.732908308506012","10","0.7042702436447144","0.0043250154703855515","0.045040763914585114","0.021458188071846962","0.05677802488207817","0.03539648279547691","0.028635375201702118","0.03144633769989014","0.024155259132385254","0.018993405625224113","0.04549933969974518","0.04452639818191528","0.38006073236465454","0.34317758679389954","14080","20","500","0.35192951560020447","167253","1921","0.015905901789665222","0.5231666564941406","0.5231666564941406","0","0.48402389883995056","0.5231666564941406","0.476833313703537","16.484771728515625","1.5012315511703491","0.0693826898932457","1.6037089824676514","ssl_emnist_digits_conv","333","OK"
"2026-03-27 07:29:35","8.7min","783fe8c49ec949e1b56496f968350f22","ssl_emnist_digits_conv_trial_0304","LOCAL","src/cli.py","thallybu","FINISHED","False","None","threshold","0.69865177313773","250","True","ShallowConvAutoencoder","[16, 32]","[1, 28, 28]","2048","1e-06","0","EMNIST","0.12027189195218768","digits","True","784","True","None","1","0.69865177313773","3","4","0.12027189195218768","0.0016087561734745204","27","0.23950011327088855","2","1","1.4532092584123508","0","0.021473681268223885","2","L","(224, 224)","1e-06","0.0016087561734745204","5","27","None","None","10","4","False","0.23950011327088855","L","random","None","2","50","1.4532092584123508","fixed_k","True","1.0","/data/thallybu/datasets/EMNIST","42","10","[0.9, 0.1]","0.021473681268223885","0.1","False","True","True","2","10","0.018406877294182777","1657.173583984375","0.49076560139656067","0.21929974853992462","0.7526015043258667","0.3124508261680603","0.4990071952342987","0.3779301643371582","0.5527121424674988","0.7349533438682556","0.5445169806480408","0.523920476436615","0.51971036195755","0.7846105098724365","10","0.6986517906188965","0.007332113105803728","0.022716615349054337","0.006843535229563713","0.021210242062807083","0.02099091000854969","0.02014719881117344","0.037385985255241394","0.01847153529524803","0.015238928608596325","0.04634769633412361","0.02470455877482891","0.2648771107196808","0.2253553569316864","10641","20","500","0.23405729234218597","185337","1869","0.019079294055700302","0.5227500200271606","0.5227500200271606","0","0.49610471725463867","0.5227500200271606","0.47725000977516174","28.21683120727539","1.9424241781234741","0.08606480807065964","2.4616892337799072","ssl_emnist_digits_conv","304","OK"
"2026-03-27 07:05:50","6.3min","1a661bde1af24e37be8550c20ac3b197","ssl_emnist_digits_conv_trial_0285","LOCAL","src/cli.py","thallybu","FINISHED","False","None","threshold","0.6860028597826378","250","True","ShallowConvAutoencoder","[4]","[1, 28, 28]","2048","1e-06","0","EMNIST","0.1337575968558678","digits","True","784","True","None","1","0.6860028597826378","3","0","0.1337575968558678","0.00044996598228002916","6","0.23767872062774797","2","1","1.4034074197222413","0","0.022753893674397504","2","L","(224, 224)","1e-06","0.00044996598228002916","5","6","None","None","10","4","False","0.23767872062774797","L","random","None","2","50","1.4034074197222413","fixed_k","True","1.0","/data/thallybu/datasets/EMNIST","42","10","[0.9, 0.1]","0.022753893674397504","0.1","False","True","True","2","10","0.05993396043777466","479.7297668457031","0.5520783066749573","0.10543061047792435","0.5183427333831787","0.5026273131370544","0.5649574995040894","0.5927333235740662","0.5978612899780273","0.8822081089019775","0.575191080570221","0.5854290127754211","0.22752965986728668","0.6213240623474121","9.018962860107422","0.6860028505325317","0.0013275292003527284","0.056083180010318756","0.03467605635523796","0.05936289206147194","0.055611591786146164","0.061077989637851715","0.07612120360136032","0.05420345440506935","0.05846204608678818","0.04252130538225174","0.06981030851602554","1.0326128005981445","0.5597335696220398","4957","20","450","0.526215136051178","55214","1348","0.49082496762275696","0.5166249871253967","0.5166249871253967","0","0.48932182788848877","0.5166249871253967","0.4833749830722809","3.867229700088501","0.9864708781242371","0.21962876617908478","0.3543420135974884","ssl_emnist_digits_conv","285","OK"
"2026-03-26 14:49:51","14.0min","be5de05d37c54542b86ef45c2aaba3ed","ssl_emnist_digits_conv_trial_0027","LOCAL","src/cli.py","thallybu","FINISHED","False","None","threshold","0.7463415375036985","250","True","ShallowConvAutoencoder","[16, 32]","[1, 28, 28]","2048","1e-06","0","EMNIST","0.00016320154570793888","digits","True","784","True","None","1","0.7463415375036985","3","4","0.00016320154570793888","0.002164255945655205","19","0.06974991259962995","4","1","1.2709396541433569","0","0.028832940948809886","5","L","(224, 224)","1e-06","0.002164255945655205","5","19","None","None","10","4","False","0.06974991259962995","L","random","None","4","50","1.2709396541433569","fixed_k","True","1.0","/data/thallybu/datasets/EMNIST","42","10","[0.9, 0.1]","0.028832940948809886","0.1","False","True","True","5","19","0.021594487130641937","1885.447998046875","0.6039057970046997","0.2191874086856842","0.6825502514839172","0.39088085293769836","0.6067903637886047","0.704926609992981","0.7093719840049744","0.471011757850647","0.622860848903656","0.7791653871536255","0.6148743629455566","0.7879974842071533","10","0.7463415265083313","0.008446733467280865","0.013807044364511967","0.003951047081500292","0.019696930423378944","0.051465876400470734","0.05379129573702812","0.014630023390054703","0.014284360222518444","0.019164273515343666","0.01404868345707655","0.011691932566463947","0.23714059591293335","0.23266810178756714","1198","40","500","0.21653151512145996","200024","3435","0.010656170547008514","0.515791654586792","0.515791654586792","0","0.4648967385292053","0.515791654586792","0.4842083156108856","24.60712242126465","1.7264409065246582","0.06256914883852005","1.7366743087768555","ssl_emnist_digits_conv","27","OK"
"2026-03-26 15:04:42","6.4min","0753f830fb144a98a15c45ccf259d5b0","ssl_emnist_digits_conv_trial_0037","LOCAL","src/cli.py","thallybu","FINISHED","False","None","fixed_k","0.5651304584358319","25","True","ShallowConvAutoencoder","[8, 16]","[1, 28, 28]","2048","1e-06","0","EMNIST","0.14855833318929618","digits","True","784","True","None","0","0.5651304584358319","0","3","0.14855833318929618","0.004788208454852905","11","0.0973928944387153","2","0","1.4723387482879151","0","0.015594160606536258","3","L","(224, 224)","1e-06","0.004788208454852905","5","11","None","None","10","4","False","0.0973928944387153","L","random","None","2","25","1.4723387482879151","fixed_k","True","1.0","/data/thallybu/datasets/EMNIST","42","10","[0.9, 0.1]","0.015594160606536258","0.1","False","True","True","3","10","0.05413782224059105","2.559999942779541","0.1276209056377411","0.06465118378400803","0.10732351988554001","0.022879309952259064","0.1726476550102234","0.1626957654953003","0.13917435705661774","0.1906973421573639","0.11163180321455002","0.0850592702627182","0.17206472158432007","0.1120353639125824","2.29451847076416","","0.002504749456420541","0.019344544038176537","0.006729171145707369","0.025484507903456688","0.02223966270685196","0.021352402865886688","0.030473269522190094","0.017429707571864128","0.014915164560079575","0.03499560058116913","0.02007785253226757","0.057915251702070236","0.08318068087100983","250","20","250","0.049007806926965714","270","370","0.001130040385760367","0.5138333439826965","0.5138333439826965","0","0.5206178426742554","0.5138333439826965","0.48616665601730347","4.381760120391846","1.0194975137710571","0.022377250716090202","0.44481542706489563","ssl_emnist_digits_conv","37","OK"
"2026-03-26 16:15:04","13.5min","53613ba3d8ef4e229315784e95cdd347","ssl_emnist_digits_conv_trial_0077","LOCAL","src/cli.py","thallybu","FINISHED","False","None","fixed_k","0.6842353403753169","500","True","ShallowConvAutoencoder","[16, 32]","[1, 28, 28]","2048","1e-06","0","EMNIST","0.08724375780384153","digits","True","784","True","None","0","0.6842353403753169","4","4","0.08724375780384153","0.0035369117187110553","31","0.11911086972263712","4","2","1.2211638546864454","1","0.11888368781034105","5","L","(224, 224)","1e-06","0.0035369117187110553","5","31","None","None","10","4","False","0.11911086972263712","L","random","None","4","100","1.2211638546864454","threshold","True","1.0","/data/thallybu/datasets/EMNIST","42","10","[0.9, 0.1]","0.11888368781034105","0.1","False","True","True","5","17","0.03610336035490036","520.6770629882812","0.458909273147583","0.25172245502471924","0.7624657154083252","0.38127636909484863","0.27227890491485596","0.3821730613708496","0.811996579170227","0.3326508402824402","0.3462449014186859","0.21212802827358246","0.2967156767845154","0.7948028445243835","10","","0.008045072667300701","0.04413280636072159","0.012163828127086163","0.026383545249700546","0.027305029332637787","0.054115403443574905","0.023664433509111404","0.02319861575961113","0.01583700068295002","0.02361762337386608","0.03754914179444313","0.31600821018218994","0.3050411641597748","4928","40","0","0.28796738386154175","59968","0","0.015695372596383095","0.5096666812896729","0.5096666812896729","0","0.5085545182228088","0.5096666812896729","0.49033331871032715","20.38657569885254","1.3458125591278076","0.0647122710943222","1.4039051532745361","ssl_emnist_digits_conv","77","OK"
"2026-03-26 16:03:46","6.8min","f4e968b6b3f0464da1e51724f1ef5ea8","ssl_emnist_digits_conv_trial_0071","LOCAL","src/cli.py","thallybu","FINISHED","False","None","fixed_k","0.7299743819683662","100","True","ShallowConvAutoencoder","[8, 16]","[1, 28, 28]","2048","1e-06","0","EMNIST","0.02611472721462455","digits","True","784","True","None","0","0.7299743819683662","2","3","0.02611472721462455","0.00017413836431859505","17","0.1595945046780477","5","2","1.3981125562261894","1","0.06119430794516681","3","L","(224, 224)","1e-06","0.00017413836431859505","5","17","None","None","10","4","False","0.1595945046780477","L","random","None","5","100","1.3981125562261894","threshold","True","1.0","/data/thallybu/datasets/EMNIST","42","10","[0.9, 0.1]","0.06119430794516681","0.1","False","True","True","3","10","0.0699475109577179","53.80740737915039","0.3906923234462738","0.14331208169460297","0.24050891399383545","0.1555285006761551","0.45510563254356384","0.5234730839729309","0.48780691623687744","0.5157296657562256","0.32294538617134094","0.32629552483558655","0.4448809325695038","0.4873558580875397","9.943111419677734","","0.00123591348528862","0.02916872687637806","0.01314174197614193","0.05411553010344505","0.07134894281625748","0.050450220704078674","0.05415154621005058","0.034563686698675156","0.029355498030781746","0.05010128393769264","0.049432121217250824","0.5321306586265564","0.48273664712905884","1000","50","0","0.4336654245853424","6692","0","0.08606601506471634","0.5091249942779541","0.5091249942779541","0","0.5227258801460266","0.5091249942779541","0.4908750057220459","3.639042615890503","1.0272423028945923","0.08532492816448212","0.4276280999183655","ssl_emnist_digits_conv","71","OK"
"2026-03-26 14:39:44","10.2min","91e4bafd733e460aae265594977c6ee9","ssl_emnist_digits_conv_trial_0023","LOCAL","src/cli.py","thallybu","FINISHED","False","None","threshold","0.8068052143874589","25","True","ShallowConvAutoencoder","[16, 32]","[1, 28, 28]","2048","1e-06","0","EMNIST","0.07483389101074547","digits","True","784","True","None","1","0.8068052143874589","0","4","0.07483389101074547","0.00016430342116054272","12","0.09350187292853125","3","1","1.3931756820179988","1","0.03440983420003353","0","L","(224, 224)","1e-06","0.00016430342116054272","5","12","None","None","10","4","False","0.09350187292853125","L","random","None","3","50","1.3931756820179988","threshold","True","1.0","/data/thallybu/datasets/EMNIST","42","10","[0.9, 0.1]","0.03440983420003353","0.1","False","True","True","0","12","0.06339269876480103","1318.2459716796875","0.7075095772743225","0.1592469960451126","0.643791675567627","0.5318346619606018","0.689720869064331","0.7931634783744812","0.7117599248886108","0.6831587553024292","0.6134099364280701","0.6288344860076904","0.6925529837608337","0.6667816042900085","10","0.8068051934242249","0.0014027049764990807","0.0650603249669075","0.034629665315151215","0.06497809290885925","0.058516379445791245","0.06451476365327835","0.06140889972448349","0.05200236290693283","0.04743494465947151","0.0604771189391613","0.06313171237707138","0.5990771055221558","0.5896137356758118","1991","30","0","0.5721543431282043","141352","0","0.0195927731692791","0.503000020980835","0.503000020980835","0","0.5144820213317871","0.503000020980835","0.4970000088214874","5.035995006561279","1.0644441843032837","0.15586188435554504","0.44655272364616394","ssl_emnist_digits_conv","23","OK"
"2026-03-26 16:10:35","12.7min","19f4b2b4c157457ab1a8ff2f51cf38ee","ssl_emnist_digits_conv_trial_0076","LOCAL","src/cli.py","thallybu","FINISHED","False","None","fixed_k","0.5943820842895493","500","True","ShallowConvAutoencoder","[16, 32]","[1, 28, 28]","2048","1e-06","0","EMNIST","0.0857267468916104","digits","True","784","True","None","0","0.5943820842895493","4","4","0.0857267468916104","0.003957416439447995","31","0.11747994285179313","4","2","1.24602871614532","1","0.10446345365039052","5","L","(224, 224)","1e-06","0.003957416439447995","5","31","None","None","10","4","False","0.11747994285179313","L","random","None","4","100","1.24602871614532","threshold","True","1.0","/data/thallybu/datasets/EMNIST","42","10","[0.9, 0.1]","0.10446345365039052","0.1","False","True","True","5","18","0.035957712680101395","604.1431274414062","0.4701847732067108","0.2824983298778534","0.18855024874210358","0.2806195914745331","0.18792149424552917","0.7613144516944885","0.8293744325637817","0.7275049090385437","0.778579831123352","0.37810513377189636","0.24099957942962646","0.42114734649658203","10","","0.008924312889575958","0.01496991515159607","0.0068503995425999165","0.017933083698153496","0.048594482243061066","0.05685987323522568","0.05323910713195801","0.03947850689291954","0.014147579669952393","0.01753523014485836","0.0177161768078804","0.3139479458332062","0.30761680006980896","4124","40","0","0.28732436895370483","67983","0","0.013474921695888042","0.4971249997615814","0.4971249997615814","0","0.4975285530090332","0.4971249997615814","0.5028749704360962","32.3676643371582","1.4721570014953613","0.06745711714029312","1.6196368932724","ssl_emnist_digits_conv","76","OK"
"2026-03-26 15:06:17","6.5min","59e94954ff06441aa267b5d08f53103d","ssl_emnist_digits_conv_trial_0039","LOCAL","src/cli.py","thallybu","FINISHED","False","None","fixed_k","0.5841414825902509","25","True","ShallowConvAutoencoder","[4, 8]","[1, 28, 28]","2048","1e-06","0","EMNIST","0.06811763281614569","digits","True","784","True","None","0","0.5841414825902509","0","2","0.06811763281614569","0.001227796083486838","10","0.10606248723852038","2","0","1.4465535730315502","0","0.03889163806673326","3","L","(224, 224)","1e-06","0.001227796083486838","5","10","None","None","10","4","False","0.10606248723852038","L","random","None","2","25","1.4465535730315502","fixed_k","True","1.0","/data/thallybu/datasets/EMNIST","42","10","[0.9, 0.1]","0.03889163806673326","0.1","False","True","True","3","10","0.051768772304058075","2.5549628734588623","0.1910576969385147","0.07400491088628769","0.13588519394397736","0.13784979283809662","0.2846581041812897","0.20113372802734375","0.18305270373821259","0.24342316389083862","0.17400050163269043","0.1816023290157318","0.22004149854183197","0.14893008768558502","2.185185194015503","","0.000687918858602643","0.03021836280822754","0.017923569306731224","0.039246514439582825","0.029603369534015656","0.02640722692012787","0.02833758108317852","0.025196969509124756","0.021871723234653473","0.03423555940389633","0.02126401849091053","0.1366042047739029","0.028218237683176994","250","20","250","0.0595870278775692","270","303","0.07083851844072342","0.49529168009757996","0.49529168009757996","0","0.48383334279060364","0.49529168009757996","0.5047083497047424","5.440569877624512","1.0355134010314941","0.140858456492424","0.4542348086833954","ssl_emnist_digits_conv","39","OK"
"2026-03-26 13:45:52","32.2min","500747f473ee429182d54f5bea00fb74","ssl_emnist_digits_conv_trial_0008","LOCAL","src/cli.py","thallybu","FINISHED","False","None","threshold","0.70866605098637","100","True","ShallowConvAutoencoder","[8]","[1, 28, 28]","2048","1e-06","0","EMNIST","0.06047641522395436","digits","True","784","True","None","1","0.70866605098637","2","1","0.06047641522395436","0.0005260953689858165","28","0.23233199582627978","1","0","1.5209479005609552","0","0.1184559832476062","1","L","(224, 224)","1e-06","0.0005260953689858165","5","28","None","None","10","4","False","0.23233199582627978","L","random","None","1","25","1.5209479005609552","fixed_k","True","1.0","/data/thallybu/datasets/EMNIST","42","10","[0.9, 0.1]","0.1184559832476062","0.1","False","True","True","1","45","0.043035924434661865","954.5321655273438","0.5115447044372559","0.15579289197921753","0.4982697069644928","0.3981785178184509","0.566685676574707","0.5665934085845947","0.5684607625007629","0.5115646719932556","0.5292031168937683","0.548646092414856","0.5935494899749756","0.5731752514839172","10","0.7086660265922546","0.00281577929854393","0.04396708682179451","0.02932962402701378","0.056668587028980255","0.05194952338933945","0.04746285825967789","0.05354274436831474","0.04816238954663277","0.03876527398824692","0.05450429022312164","0.049357082694768906","0.49535518884658813","0.4898851811885834","391","10","250","0.4737094044685364","101047","9753","0.008831401355564594","0.4952083230018616","0.4952083230018616","0","0.4833517372608185","0.4952083230018616","0.5047916769981384","5.179459571838379","1.1067849397659302","0.1321648508310318","0.6211671829223633","ssl_emnist_digits_conv","8","OK"
"2026-03-27 08:14:49","7.4min","6382feeece374b7b84838ac67c0905a9","ssl_emnist_digits_conv_trial_0331","LOCAL","src/cli.py","thallybu","FINISHED","False","None","threshold","0.688089413896303","500","True","ShallowConvAutoencoder","[4, 8]","[1, 28, 28]","2048","1e-06","0","EMNIST","0.12959798577860648","digits","True","784","True","None","1","0.688089413896303","4","2","0.12959798577860648","0.00031330489188940254","23","0.23713021009311822","2","1","1.433462241830423","0","0.02718330833604161","2","L","(224, 224)","1e-06","0.00031330489188940254","5","23","None","None","10","4","False","0.23713021009311822","L","random","None","2","50","1.433462241830423","fixed_k","True","1.0","/data/thallybu/datasets/EMNIST","42","10","[0.9, 0.1]","0.02718330833604161","0.1","False","True","True","2","10","0.07452457398176193","386.6035461425781","0.5708852410316467","0.1387495994567871","0.5117841362953186","0.4832393527030945","0.7124136090278625","0","0.9486199617385864","0.8294200897216797","0.8016722202301025","0","0.6043639183044434","0.6510566473007202","7.833777904510498","0.6880894303321838","0.0011880084639415145","0.06750131398439407","0.034469302743673325","0.0638541653752327","0.06793591380119324","0.1152447760105133","0.09442101418972015","0.08148642629384995","0.0716320276260376","0.06785748153924942","0.05895276740193367","9.615216255187988","0.5177096128463745","1782","20","400","0.5695466995239258","42257","991","9.026808738708496","0.4934999942779541","0.4934999942779541","0","0.4818356931209564","0.4934999942779541","0.5065000057220459","3.879678249359131","1.0228822231292725","0.2377113252878189","0.34821924567222595","ssl_emnist_digits_conv","331","OK"
"2026-03-26 14:14:08","30.6min","274a427c0b9746729f8a1a82020b813e","ssl_emnist_digits_conv_trial_0020","LOCAL","src/cli.py","thallybu","FINISHED","False","None","fixed_k","0.6227486920532401","50","True","ShallowConvAutoencoder","[8, 16]","[1, 28, 28]","2048","1e-06","0","EMNIST","0.08615339872403888","digits","True","784","True","None","0","0.6227486920532401","1","3","0.08615339872403888","0.0005064656240718112","5","0.1300840332348444","5","2","1.3982539080548562","0","0.05777453759636764","0","L","(224, 224)","1e-06","0.0005064656240718112","5","5","None","None","10","4","False","0.1300840332348444","L","random","None","5","100","1.3982539080548562","fixed_k","True","1.0","/data/thallybu/datasets/EMNIST","42","10","[0.9, 0.1]","0.05777453759636764","0.1","False","True","True","0","46","0.08204662799835205","5.20977783203125","0.14106740057468414","0.07131566107273102","0.1690095216035843","0.030721833929419518","0.1861737221479416","0.209430530667305","0.146719291806221","0.17026011645793915","0.11389357596635818","0.1117488294839859","0.16061928868293762","0.11209733039140701","4.072000026702881","","0.0013272976502776146","0.025943243876099586","0.007282675709575415","0.029616186395287514","0.03652504086494446","0.026867134496569633","0.026017775759100914","0.017793362960219383","0.021844252943992615","0.02815958671271801","0.019296590238809586","0.11174143850803375","0.05520075187087059","500","50","500","0.09808827936649323","550","1385","0.00165293097961694","0.4906666576862335","0.4906666576862335","0","0.47580987215042114","0.4906666576862335","0.5093333125114441","6.618741989135742","1.076798677444458","0.03383447974920273","0.5694666504859924","ssl_emnist_digits_conv","20","OK"
"2026-03-26 14:49:55","16.4min","93892738ddd34f72b6622ecc2cfa2600","ssl_emnist_digits_conv_trial_0028","LOCAL","src/cli.py","thallybu","FINISHED","False","None","threshold","0.7308987204266127","250","True","ShallowConvAutoencoder","[4]","[1, 28, 28]","2048","1e-06","0","EMNIST","0.0013634558623862036","digits","True","784","True","None","1","0.7308987204266127","3","0","0.0013634558623862036","0.0020671218457802344","19","0.05292495624601858","4","1","1.2698176851548075","0","0.018616077554781042","5","L","(224, 224)","1e-06","0.0020671218457802344","5","19","None","None","10","4","False","0.05292495624601858","L","random","None","4","50","1.2698176851548075","fixed_k","True","1.0","/data/thallybu/datasets/EMNIST","42","10","[0.9, 0.1]","0.018616077554781042","0.1","False","True","True","5","24","0.05323469638824463","1438.3277587890625","0.5728721022605896","0.2095409631729126","0.43612319231033325","0.486546128988266","0.6827179789543152","0.8251802921295166","0.7897524833679199","0.5898199081420898","0.7924029231071472","0.6906408071517944","0.7667913436889648","0.4647291600704193","10","0.7308987379074097","0.004837102256715298","0.035396721214056015","0.021861672401428223","0.0512770414352417","0.05477691441774368","0.05232689157128334","0.044550810009241104","0.04836311936378479","0.03712538257241249","0.05373252183198929","0.03434784337878227","0.45764508843421936","0.4594361186027527","6959","40","500","0.433758944272995","158504","5743","0.016231637448072433","0.48770833015441895","0.48770833015441895","0","0.4874206781387329","0.48770833015441895","0.512291669845581","8.997257232666016","1.2813564538955688","0.13834288716316223","1.0038609504699707","ssl_emnist_digits_conv","28","OK"
"2026-03-26 15:24:20","8.7min","382afb6019844526ab40211fc059095f","ssl_emnist_digits_conv_trial_0051","LOCAL","src/cli.py","thallybu","FINISHED","False","None","threshold","0.8488658299921844","500","True","ShallowConvAutoencoder","[16, 32]","[1, 28, 28]","2048","1e-06","0","EMNIST","0.05165304421718879","digits","True","784","True","None","1","0.8488658299921844","4","4","0.05165304421718879","0.0030538494377128577","28","0.08283349039121567","1","2","1.5300053654936718","0","0.027823800191388717","1","L","(224, 224)","1e-06","0.0030538494377128577","5","28","None","None","10","4","False","0.08283349039121567","L","random","None","1","100","1.5300053654936718","fixed_k","True","1.0","/data/thallybu/datasets/EMNIST","42","10","[0.9, 0.1]","0.027823800191388717","0.1","False","True","True","1","10","0.008126761764287949","1954.3726806640625","0.7045143842697144","0.18302538990974426","0.7588727474212646","0.6231459975242615","0.7231369614601135","0.7119059562683105","0.7586986422538757","0.6968854665756226","0.6810204386711121","0.6772632598876953","0.8203755617141724","0.8224926590919495","10","0.848865807056427","0.01264196913689375","0.009946847334504128","0.006192163098603487","0.013572167605161667","0.013957388699054718","0.011666413396596909","0.011945145204663277","0.011764590628445148","0.010052704252302647","0.024693608283996582","0.012665619142353535","0.1516924351453781","0.13361817598342896","1664","10","1000","0.12645666301250458","207278","3805","0.011920618824660778","0.48374998569488525","0.48374998569488525","0","0.46323928236961365","0.48374998569488525","0.5162500143051147","20.738819122314453","1.8470758199691772","0.1868494153022766","2.0019259452819824","ssl_emnist_digits_conv","51","OK"
"2026-03-27 10:55:59","6.6min","fa65b5b8a86a41c3a9fecf3b086360ac","ssl_emnist_digits_conv_trial_0391","LOCAL","src/cli.py","thallybu","FINISHED","False","None","threshold","0.6972700704998422","250","True","ShallowConvAutoencoder","[16, 32]","[1, 28, 28]","2048","1e-06","0","EMNIST","0.08037219761361251","digits","True","784","True","None","1","0.6972700704998422","3","4","0.08037219761361251","7.027804469858824e-05","5","0.23545406116587828","2","1","1.3895583239403653","0","0.02644939861443025","2","L","(224, 224)","1e-06","7.027804469858824e-05","5","5","None","None","10","4","False","0.23545406116587828","L","random","None","2","50","1.3895583239403653","fixed_k","True","1.0","/data/thallybu/datasets/EMNIST","42","10","[0.9, 0.1]","0.02644939861443025","0.1","False","True","True","2","10","0.07992768287658691","91.66785430908203","0.6874665021896362","0.1183321475982666","0.6415021419525146","0","0","0.8825631141662598","0.6556058526039124","0","0.22977478802204132","0.6711462140083313","0.6563595533370972","0.6282225847244263","2.535407304763794","0.6972700953483582","0.0007799045415595174","0.08482734858989716","0.08900675177574158","0.08903469145298004","0.0988234356045723","0.07480132579803467","0.08404483646154404","0.0923393964767456","0.058159686625003815","0.07494599372148514","0.06510103493928909","0.7172774076461792","1.1152386665344238","4823","20","145","0.2221432477235794","14370","140","0.47553521394729614","0.4792916774749756","0.4792916774749756","0","0.4866939187049866","0.4792916774749756","0.5207083225250244","2.2277753353118896","1.0117406845092773","0.41786226630210876","0.17619189620018005","ssl_emnist_digits_conv","391","OK"
"2026-03-26 15:02:29","7.6min","265ef30b32444d599463b7841499652d","ssl_emnist_digits_conv_trial_0035","LOCAL","src/cli.py","thallybu","FINISHED","False","None","threshold","0.5454183624795337","25","True","ShallowConvAutoencoder","[16, 32]","[1, 28, 28]","2048","1e-06","0","EMNIST","0.11324716428402178","digits","True","784","True","None","1","0.5454183624795337","0","4","0.11324716428402178","0.0016328078424468356","25","0.10853258247458014","2","1","1.5061202331154042","0","0.03500198445169495","3","L","(224, 224)","1e-06","0.0016328078424468356","5","25","None","None","10","4","False","0.10853258247458014","L","random","None","2","50","1.5061202331154042","fixed_k","True","1.0","/data/thallybu/datasets/EMNIST","42","10","[0.9, 0.1]","0.03500198445169495","0.1","False","True","True","3","10","0.041651561856269836","835.1795654296875","0.3480934202671051","0.1788150817155838","0.2419198751449585","0.18986593186855316","0.5163676142692566","0.39880698919296265","0.5340748429298401","0.5511521697044373","0.5725083947181702","0.6875240206718445","0.6039614677429199","0.3182496726512909","9.986074447631836","0.545418381690979","0.0038932824973016977","0.024035535752773285","0.01147113274782896","0.04643816500902176","0.03393677622079849","0.043045274913311005","0.0396304614841938","0.04276536405086517","0.03548452630639076","0.022279083728790283","0.026108168065547943","0.3459912836551666","0.3170999586582184","21261","20","500","0.3245950937271118","109053","2001","0.012982400134205818","0.47749999165534973","0.47749999165534973","0","0.42248454689979553","0.47749999165534973","0.5224999785423279","19.243574142456055","1.6930351257324219","0.037608787417411804","2.0323450565338135","ssl_emnist_digits_conv","35","OK"
"2026-03-26 15:49:53","6.9min","782dff12628e454f9b75ecb254d2f269","ssl_emnist_digits_conv_trial_0061","LOCAL","src/cli.py","thallybu","FINISHED","False","None","fixed_k","0.6139503127557712","500","True","ShallowConvAutoencoder","[8]","[1, 28, 28]","2048","1e-06","0","EMNIST","0.0399206539654333","digits","True","784","True","None","0","0.6139503127557712","4","1","0.0399206539654333","0.0005363317841759333","13","0.14870983951317396","1","0","1.299800167614594","0","0.011910614521279587","1","L","(224, 224)","1e-06","0.0005363317841759333","5","13","None","None","10","4","False","0.14870983951317396","L","random","None","1","25","1.299800167614594","fixed_k","True","1.0","/data/thallybu/datasets/EMNIST","42","10","[0.9, 0.1]","0.011910614521279587","0.1","False","True","True","1","10","0.042932089418172836","361.9202880859375","0.43293502926826477","0.12750940024852753","0.3669074475765228","0.3233800232410431","0.49207788705825806","0.42498213052749634","0.29523178935050964","0.5190845131874084","0.38023194670677185","0.436992883682251","0.49364832043647766","0.5968131422996521","10","","0.0028570694848895073","0.03963634371757507","0.015105009078979492","0.05334106832742691","0.04342455044388771","0.015922408550977707","0.049077358096838","0.037428103387355804","0.031947556883096695","0.05215151980519295","0.042775291949510574","0.39708614349365234","0.393816739320755","5000","10","250","0.3808092176914215","43010","1514","0.007035537622869015","0.47720834612846375","0.47720834612846375","0","0.4867567718029022","0.47720834612846375","0.5227916836738586","7.118009567260742","1.1684057712554932","0.09401652961969376","0.7014446258544922","ssl_emnist_digits_conv","61","OK"
"2026-03-26 15:50:12","7.0min","0dcb5bf9167e40ff875785765b2b4be7","ssl_emnist_digits_conv_trial_0062","LOCAL","src/cli.py","thallybu","FINISHED","False","None","fixed_k","0.6207253386984893","500","True","ShallowConvAutoencoder","[8]","[1, 28, 28]","2048","1e-06","0","EMNIST","0.038748644285972675","digits","True","784","True","None","0","0.6207253386984893","4","1","0.038748644285972675","0.00052609900592021","13","0.14695878410170876","1","0","1.3079259597955335","0","0.01166320380100591","1","L","(224, 224)","1e-06","0.00052609900592021","5","13","None","None","10","4","False","0.14695878410170876","L","random","None","1","25","1.3079259597955335","fixed_k","True","1.0","/data/thallybu/datasets/EMNIST","42","10","[0.9, 0.1]","0.01166320380100591","0.1","False","True","True","1","10","0.04350297525525093","361.94549560546875","0.4313713312149048","0.12478462606668472","0.36788710951805115","0.3328027129173279","0.4927787184715271","0.41053733229637146","0.3002678453922272","0.5215340852737427","0.3765143156051636","0.4293062686920166","0.49741867184638977","0.5846663117408752","10","","0.0028266862500458956","0.039749905467033386","0.015342643484473228","0.053696099668741226","0.041830774396657944","0.01665436290204525","0.04923815280199051","0.03721294179558754","0.03147849440574646","0.05299339443445206","0.041328106075525284","0.3960232138633728","0.3956897556781769","5000","10","250","0.3795248568058014","43010","1556","0.007278611417859793","0.4762499928474426","0.4762499928474426","0","0.4878726303577423","0.4762499928474426","0.5237500071525574","6.405894756317139","1.1650478839874268","0.10978048294782639","0.6893712878227234","ssl_emnist_digits_conv","62","OK"
"2026-03-26 14:49:23","11.1min","491a5f0fa6a74330a6b8f37b1c2c962e","ssl_emnist_digits_conv_trial_0025","LOCAL","src/cli.py","thallybu","FINISHED","False","None","threshold","0.4183288865443098","250","True","ShallowConvAutoencoder","[4]","[1, 28, 28]","2048","1e-06","0","EMNIST","0.0038553476694969946","digits","True","784","True","None","1","0.4183288865443098","3","0","0.0038553476694969946","0.002809419824641155","19","0.050181184495594826","4","1","1.247710530079518","1","0.010488692421738947","5","L","(224, 224)","1e-06","0.002809419824641155","5","19","None","None","10","4","False","0.050181184495594826","L","random","None","4","50","1.247710530079518","threshold","True","1.0","/data/thallybu/datasets/EMNIST","42","10","[0.9, 0.1]","0.010488692421738947","0.1","False","True","True","5","19","0.05126446485519409","456.43377685546875","0.2882525324821472","0.15737637877464294","0.1866494119167328","0.2387087643146515","0.5990638732910156","0.5068969130516052","0.36280977725982666","0.43470466136932373","0.5720095038414001","0.3596985340118408","0.444739431142807","0.3605135679244995","9.952592849731445","0.4183288812637329","0.004949484020471573","0.01924527809023857","0.015173258259892464","0.038423746824264526","0.03240242600440979","0.030773190781474113","0.03225155919790268","0.02921050600707531","0.024242786690592766","0.03588050231337547","0.026834573596715927","0.30432265996932983","0.31535235047340393","1841","40","0","0.28273674845695496","50091","0","0.014063856564462185","0.47445833683013916","0.47445833683013916","0","0.4874628186225891","0.47445833683013916","0.5255416631698608","7.8565754890441895","1.1860779523849487","0.05587032064795494","0.8375158309936523","ssl_emnist_digits_conv","25","OK"
"2026-03-26 15:54:55","7.0min","7df67d43fcb34587817c0dc5dc087283","ssl_emnist_digits_conv_trial_0064","LOCAL","src/cli.py","thallybu","FINISHED","False","None","fixed_k","0.6428255955712604","500","True","ShallowConvAutoencoder","[8]","[1, 28, 28]","2048","1e-06","0","EMNIST","0.03804120193395514","digits","True","784","True","None","0","0.6428255955712604","4","1","0.03804120193395514","0.0005456868817763492","13","0.14568762979990196","1","0","1.3162446910423085","0","0.011003135350729944","1","L","(224, 224)","1e-06","0.0005456868817763492","5","13","None","None","10","4","False","0.14568762979990196","L","random","None","1","25","1.3162446910423085","fixed_k","True","1.0","/data/thallybu/datasets/EMNIST","42","10","[0.9, 0.1]","0.011003135350729944","0.1","False","True","True","1","10","0.04410071298480034","361.95556640625","0.426564484834671","0.12781156599521637","0.36562013626098633","0.32787656784057617","0.48944711685180664","0.4155203402042389","0.27969756722450256","0.5209812521934509","0.37538206577301025","0.42617958784103394","0.47779381275177","0.5871463418006897","10","","0.00278234644792974","0.03981639817357063","0.015298877842724323","0.0532265231013298","0.042453207075595856","0.015151111409068108","0.04901275038719177","0.03702147677540779","0.03129993751645088","0.05090558901429176","0.0418144129216671","0.3921368420124054","0.38950052857398987","5000","10","250","0.3760002851486206","43010","1556","0.006929273251444101","0.47437500953674316","0.47437500953674316","0","0.48395732045173645","0.47437500953674316","0.5256249904632568","7.254942893981934","1.1812664270401","0.10214349627494812","0.7334417700767517","ssl_emnist_digits_conv","64","OK"
"2026-03-26 15:52:48","7.3min","ae8d8d2a9c724b989b24e9f064140c24","ssl_emnist_digits_conv_trial_0063","LOCAL","src/cli.py","thallybu","FINISHED","False","None","fixed_k","0.6308220456858816","500","True","ShallowConvAutoencoder","[8]","[1, 28, 28]","2048","1e-06","0","EMNIST","0.08122243108525445","digits","True","784","True","None","0","0.6308220456858816","4","1","0.08122243108525445","0.0005170951837019484","13","0.1405629067264162","1","0","1.3763444658488826","0","0.01115165724530288","1","L","(224, 224)","1e-06","0.0005170951837019484","5","13","None","None","10","4","False","0.1405629067264162","L","random","None","1","25","1.3763444658488826","fixed_k","True","1.0","/data/thallybu/datasets/EMNIST","42","10","[0.9, 0.1]","0.01115165724530288","0.1","False","True","True","1","10","0.04372374713420868","361.9706726074219","0.4393811821937561","0.13163195550441742","0.37058892846107483","0.3075900971889496","0.49297693371772766","0.4558567404747009","0.30570361018180847","0.49702882766723633","0.38735276460647583","0.43288254737854004","0.5332436561584473","0.6105874180793762","10","","0.0033317464403808117","0.03964279964566231","0.01612037606537342","0.05354173481464386","0.04435468092560768","0.01694265939295292","0.048799365758895874","0.037895526736974716","0.03186560794711113","0.05309715494513512","0.048189591616392136","0.4068744480609894","0.4040070176124573","5000","10","250","0.39044955372810364","43010","1326","0.006947223097085953","0.4741249978542328","0.4741249978542328","0","0.47837135195732117","0.4741249978542328","0.5258749723434448","6.012628078460693","1.1616908311843872","0.08250952512025833","0.6799384951591492","ssl_emnist_digits_conv","63","OK"
"2026-03-26 13:45:52","21.8min","b86b7a48f2fc40bab344e863046fb8d8","ssl_emnist_digits_conv_trial_0010","LOCAL","src/cli.py","thallybu","FINISHED","False","None","fixed_k","0.4685412191311233","500","True","ShallowConvAutoencoder","[16, 32]","[1, 28, 28]","2048","1e-06","0","EMNIST","0.05398779861597631","digits","True","784","True","None","0","0.4685412191311233","4","4","0.05398779861597631","0.0004792786547296582","7","0.245295731443385","1","2","1.4127258634935653","0","0.15070902402998804","0","L","(224, 224)","1e-06","0.0004792786547296582","5","7","None","None","10","4","False","0.245295731443385","L","random","None","1","100","1.4127258634935653","fixed_k","True","1.0","/data/thallybu/datasets/EMNIST","42","10","[0.9, 0.1]","0.15070902402998804","0.1","False","True","True","0","27","0.03143436461687088","1031.188720703125","0.5368402600288391","0.19868549704551697","0.6925207376480103","0.45457082986831665","0.6359954476356506","0.5821552872657776","0.3695576786994934","0.6355875730514526","0.5980595350265503","0.5206223130226135","0.6601397395133972","0.21919336915016174","10","","0.002852000994607806","0.047039251774549484","0.025914978235960007","0.05942267179489136","0.05156674236059189","0.03295104205608368","0.05558274686336517","0.046540483832359314","0.04248778894543648","0.052743323147296906","0.01242695190012455","0.45837926864624023","0.45273396372795105","5000","10","1000","0.42667585611343384","113010","7120","0.021140513941645622","0.47320833802223206","0.47320833802223206","0","0.47959890961647034","0.47320833802223206","0.5267916321754456","14.94255542755127","1.4903196096420288","0.11097919940948486","1.575347661972046","ssl_emnist_digits_conv","10","OK"
"2026-03-27 02:58:34","7.4min","8668f14a87794a26be0410bbccdf6205","ssl_emnist_digits_conv_trial_0213","LOCAL","src/cli.py","thallybu","FINISHED","False","None","threshold","0.764592482659665","250","True","ShallowConvAutoencoder","[16, 32]","[1, 28, 28]","2048","1e-06","0","EMNIST","0.11574191993266442","digits","True","784","True","None","1","0.764592482659665","3","4","0.11574191993266442","6.505739105407767e-05","7","0.22689563956621417","2","1","1.439592273997368","0","0.02051070120911218","0","L","(224, 224)","1e-06","6.505739105407767e-05","5","7","None","None","10","4","False","0.22689563956621417","L","random","None","2","50","1.439592273997368","fixed_k","True","1.0","/data/thallybu/datasets/EMNIST","42","10","[0.9, 0.1]","0.02051070120911218","0.1","False","True","True","0","10","0.08102688193321228","78.47467041015625","0.7101196646690369","0.051997438073158264","0.7175401449203491","0.6927046179771423","0.7267985343933105","0.7171517610549927","0","0.7399823665618896","0.7055696845054626","0.7397545576095581","0.7181785106658936","0.7261719107627869","4.51200008392334","0.7645924687385559","0.0008840457303449512","0.07494943588972092","0.057383134961128235","0.08498984575271606","0.09306664764881134","0.1064789891242981","0.07807827740907669","0.07089144736528397","0.07600760459899902","0.08005873113870621","0.06846477091312408","0.8233119249343872","0.9165543913841248","20981","20","248","0.3722531795501709","29033","367","0.4317902624607086","0.46000000834465027","0.46000000834465027","0","0.43579888343811035","0.46000000834465027","0.5400000214576721","2.271543025970459","1.0244519710540771","0.5460046529769897","0.19549281895160675","ssl_emnist_digits_conv","213","OK"
"2026-03-26 16:56:26","11.7min","24c2c47b3bea40518acf2b32c7b0926c","ssl_emnist_digits_conv_trial_0089","LOCAL","src/cli.py","thallybu","FINISHED","False","None","threshold","0.8693252278428025","500","True","ShallowConvAutoencoder","[16, 32]","[1, 28, 28]","2048","1e-06","0","EMNIST","0.1399019154507497","digits","True","784","True","None","1","0.8693252278428025","4","4","0.1399019154507497","0.002018856353563946","4","0.07482835303389396","1","0","1.5833711810467426","0","0.02353525737420931","1","L","(224, 224)","1e-06","0.002018856353563946","5","4","None","None","10","4","False","0.07482835303389396","L","random","None","1","25","1.5833711810467426","fixed_k","True","1.0","/data/thallybu/datasets/EMNIST","42","10","[0.9, 0.1]","0.02353525737420931","0.1","False","True","True","1","10","0.0269535593688488","1939.8135986328125","0.639578640460968","0.22868362069129944","0.46106386184692383","0.35131967067718506","0.595477819442749","0.7190821170806885","0.6029589772224426","0.7388791441917419","0.5536040663719177","0.599585235118866","0.7546384334564209","0.7673414945602417","10","0.8693252205848694","0.005543776787817478","0.027916502207517624","0.015733258798718452","0.04219503700733185","0.04662784934043884","0.025072982534766197","0.03753165155649185","0.03259507566690445","0.028924092650413513","0.05726902186870575","0.04882380738854408","0.3792136609554291","0.3793104290962219","943","10","250","0.3626892864704132","205772","1104","0.008963750675320625","0.4542500078678131","0.4542500078678131","0","0.4560536742210388","0.4542500078678131","0.5457500219345093","15.28641414642334","1.4627498388290405","0.03953941538929939","1.2969855070114136","ssl_emnist_digits_conv","89","OK"
"2026-03-27 04:22:04","9.5min","e6f4b27a808445a7bb7978feaa67d171","ssl_emnist_digits_conv_trial_0240","LOCAL","src/cli.py","thallybu","FINISHED","False","None","threshold","0.7486777153936912","250","True","ShallowConvAutoencoder","[16, 32]","[1, 28, 28]","2048","1e-06","0","EMNIST","0.12506384067657955","digits","True","784","True","None","1","0.7486777153936912","3","4","0.12506384067657955","0.0013909093757428586","25","0.23832031146721802","2","1","1.4558307847899097","0","0.027167064182019095","0","L","(224, 224)","1e-06","0.0013909093757428586","5","25","None","None","10","4","False","0.23832031146721802","L","random","None","2","50","1.4558307847899097","fixed_k","True","1.0","/data/thallybu/datasets/EMNIST","42","10","[0.9, 0.1]","0.027167064182019095","0.1","False","True","True","0","10","0.01619097962975502","1775.55224609375","0.5603951215744019","0.2048177570104599","0.4884273409843445","0.39751577377319336","0.6479094624519348","0.7430227398872375","0.6972870826721191","0.7709493041038513","0.7314836382865906","0.7074515223503113","0.5168890953063965","0.5701029300689697","10","0.7486777305603027","0.0070638819597661495","0.019362719729542732","0.007297028321772814","0.022224174812436104","0.028810394927859306","0.05039029195904732","0.028694743290543556","0.02132561430335045","0.015219097025692463","0.017626946792006493","0.01705954596400261","0.2641807496547699","0.20947107672691345","4721","20","500","0.22801050543785095","191932","1989","0.025247668847441673","0.45220834016799927","0.45220834016799927","0","0.4105314612388611","0.45220834016799927","0.5477916598320007","31.304529190063477","2.1001551151275635","0.08979760855436325","2.725919008255005","ssl_emnist_digits_conv","240","OK"
"2026-03-26 14:07:42","42.3min","5781d1acbf724b48a1338475be878f16","ssl_emnist_digits_conv_trial_0019","LOCAL","src/cli.py","thallybu","FINISHED","False","None","fixed_k","0.7012919956874171","50","True","ShallowConvAutoencoder","[4]","[1, 28, 28]","2048","1e-06","0","EMNIST","0.03453645914182877","digits","True","784","True","None","0","0.7012919956874171","1","0","0.03453645914182877","5.316496655623077e-05","14","0.20500258948566596","3","0","1.1255591191263035","1","0.013161977766748684","5","L","(224, 224)","1e-06","5.316496655623077e-05","5","14","None","None","10","4","False","0.20500258948566596","L","random","None","3","25","1.1255591191263035","threshold","True","1.0","/data/thallybu/datasets/EMNIST","42","10","[0.9, 0.1]","0.013161977766748684","0.1","False","True","True","5","71","0.07696884125471115","211.72474670410156","0.5023989081382751","0.10570337623357773","0.4397832155227661","0.5666139721870422","0.5522094368934631","0.47824224829673767","0","0.5462623834609985","0.4477649927139282","0.6670524477958679","0.47355395555496216","0.4487493932247162","9.028444290161133","","0.0016153077594935894","0.04621151089668274","0.059016384184360504","0.06012050434947014","0.04865401238203049","0.09215233474969864","0.053114138543605804","0.04255088418722153","0.06246527284383774","0.043502405285835266","0.04102179780602455","0.5242000818252563","0.5128675103187561","450","30","0","0.45927825570106506","22834","0","0.04752771556377411","0.4403333365917206","0.4403333365917206","0","0.4211795926094055","0.4403333365917206","0.559666633605957","3.845097303390503","1.1141935586929321","0.27062997221946716","0.4445737600326538","ssl_emnist_digits_conv","19","OK"
"2026-03-26 15:01:38","13.1min","3eea7caa90fd45fe8567bbf8aaafc2df","ssl_emnist_digits_conv_trial_0034","LOCAL","src/cli.py","thallybu","FINISHED","False","None","threshold","0.5422715651709115","250","True","ShallowConvAutoencoder","[16, 32]","[1, 28, 28]","2048","1e-06","0","EMNIST","0.10156616235489108","digits","True","784","True","None","1","0.5422715651709115","3","4","0.10156616235489108","0.0016602803626490224","24","0.11394363723054182","2","1","1.4932181720085151","0","0.03727372659928859","3","L","(224, 224)","1e-06","0.0016602803626490224","5","24","None","None","10","4","False","0.11394363723054182","L","random","None","2","50","1.4932181720085151","fixed_k","True","1.0","/data/thallybu/datasets/EMNIST","42","10","[0.9, 0.1]","0.03727372659928859","0.1","False","True","True","3","16","0.018976476043462753","1441.426025390625","0.4323045313358307","0.19758880138397217","0.3258509039878845","0.4138730466365814","0.32287412881851196","0.47468289732933044","0.4301925599575043","0.6034279465675354","0.544916570186615","0.5103273391723633","0.7730835676193237","0.73038250207901","10","0.5422715544700623","0.008300486020743847","0.016199588775634766","0.004961422178894281","0.038760680705308914","0.03637642413377762","0.014121770858764648","0.01543777622282505","0.012689769268035889","0.010059637948870659","0.02194511890411377","0.019658662378787994","0.2159671038389206","0.20418787002563477","3532","20","500","0.19021084904670715","155416","3950","0.015293456614017487","0.43579167127609253","0.43579167127609253","0","0.39387306571006775","0.43579167127609253","0.5642083287239075","23.933881759643555","2.27785325050354","0.06549488753080368","2.531369924545288","ssl_emnist_digits_conv","34","OK"
"2026-03-26 16:00:05","6.1min","ab497763554045889d2c74340f79842b","ssl_emnist_digits_conv_trial_0068","LOCAL","src/cli.py","thallybu","FINISHED","False","None","fixed_k","0.6493009966723197","50","True","ShallowConvAutoencoder","[4]","[1, 28, 28]","2048","1e-06","0","EMNIST","0.04404687256355119","digits","True","784","True","None","0","0.6493009966723197","1","0","0.04404687256355119","0.00016976187320123177","17","0.1709442692552871","5","0","1.344008734348056","1","0.18204460361833238","2","L","(224, 224)","1e-06","0.00016976187320123177","5","17","None","None","10","4","False","0.1709442692552871","L","random","None","5","25","1.344008734348056","threshold","True","1.0","/data/thallybu/datasets/EMNIST","42","10","[0.9, 0.1]","0.18204460361833238","0.1","False","True","True","2","10","0.11429140716791153","14.519407272338867","0.6176053881645203","0.1301427185535431","0.5671957731246948","0","0","0.6308678984642029","0.6054865717887878","0","0.8132779002189636","0","0.5875827074050903","0.7030572891235352","5.14725923538208","","0.0007327255443669856","0.06945698708295822","0.2173457145690918","0.15247341990470886","0.07392288744449615","0.06947770714759827","0.1255098283290863","0.11256266385316849","0.13332152366638184","0.07314498722553253","0.07742436230182648","1.5965484380722046","0.518081545829773","300","50","0","0.4063377380371094","1834","0","1.1699410676956177","0.421916663646698","0.421916663646698","0","0.32081347703933716","0.421916663646698","0.578083336353302","2.454728603363037","1.1997268199920654","0.5318438410758972","0.4118438959121704","ssl_emnist_digits_conv","68","OK"
"2026-03-26 14:54:29","11.7min","a622e426669a4065ac14cb0e8a35d7bb","ssl_emnist_digits_conv_trial_0031","LOCAL","src/cli.py","thallybu","FINISHED","False","None","threshold","0.8927976300871102","250","True","ShallowConvAutoencoder","[8, 16]","[1, 28, 28]","2048","1e-06","0","EMNIST","0.10536104114100232","digits","True","784","True","None","1","0.8927976300871102","3","3","0.10536104114100232","0.004505605334843143","19","0.09410634932917905","2","1","1.482661110253957","0","0.021080293166948153","4","L","(224, 224)","1e-06","0.004505605334843143","5","19","None","None","10","4","False","0.09410634932917905","L","random","None","2","50","1.482661110253957","fixed_k","True","1.0","/data/thallybu/datasets/EMNIST","42","10","[0.9, 0.1]","0.021080293166948153","0.1","False","True","True","4","15","0.029130812734365463","2023.1854248046875","0.7075050473213196","0.20994631946086884","0.6996137499809265","0.5008437037467957","0.8218159675598145","0.7087757587432861","0.7308508157730103","0.8047699332237244","0.8440878391265869","0.7048076391220093","0.8010348677635193","0.7564631700515747","10","0.8927976489067078","0.008289285935461521","0.02241145633161068","0.011602641083300114","0.028670819476246834","0.02955680340528488","0.029120534658432007","0.06938812881708145","0.025235187262296677","0.06174078583717346","0.06371889263391495","0.017504194751381874","0.3793179392814636","0.381949782371521","499","20","500","0.35894936323165894","213886","1835","0.009337777271866798","0.4167916774749756","0.4167916774749756","0","0.35231682658195496","0.4167916774749756","0.5832083225250244","18.015888214111328","2.0584869384765625","0.08903131633996964","1.9803937673568726","ssl_emnist_digits_conv","31","OK"
"2026-03-27 12:02:57","8.2min","aed982ea8c7542b6af867b0ce1e48c5c","ssl_emnist_digits_conv_trial_0399","LOCAL","src/cli.py","thallybu","FINISHED","False","None","threshold","0.6789106521806589","500","True","ShallowConvAutoencoder","[16, 32]","[1, 28, 28]","2048","1e-06","0","EMNIST","0.1330378197397985","digits","True","784","True","None","1","0.6789106521806589","4","4","0.1330378197397985","0.0017772271812413667","8","0.13400935852826484","1","1","1.383200779095939","0","0.028172089652989712","3","L","(224, 224)","1e-06","0.0017772271812413667","5","8","None","None","10","4","False","0.13400935852826484","L","random","None","1","50","1.383200779095939","fixed_k","True","1.0","/data/thallybu/datasets/EMNIST","42","10","[0.9, 0.1]","0.028172089652989712","0.1","False","True","True","3","10","0.031902555376291275","1464.656005859375","0.46905434131622314","0.23595544695854187","0.4277253746986389","0.34169185161590576","0.8212296366691589","0.7966023683547974","0.4356379806995392","0.7762543559074402","0.6323153376579285","0.3695313334465027","0.7231760621070862","0.7230615615844727","10","0.6789106726646423","0.003995905164629221","0.03199306130409241","0.017503585666418076","0.05453694239258766","0.040195900946855545","0.030632689595222473","0.05605178326368332","0.030826762318611145","0.0185783039778471","0.023639485239982605","0.04770742729306221","0.3720191717147827","0.3321802616119385","10488","10","500","0.35166600346565247","164830","1799","0.012082156725227833","0.4000833332538605","0.4000833332538605","0","0.32602816820144653","0.4000833332538605","0.5999166369438171","14.088619232177734","1.8111293315887451","0.04468551650643349","1.5729200839996338","ssl_emnist_digits_conv","399","OK"
"2026-03-26 15:57:14","7.3min","75953f1da74b4ba6be33841f19af2581","ssl_emnist_digits_conv_trial_0066","LOCAL","src/cli.py","thallybu","FINISHED","False","None","fixed_k","0.6414426903888645","500","True","ShallowConvAutoencoder","[8, 16]","[1, 28, 28]","2048","1e-06","0","EMNIST","0.07586776850097907","digits","True","784","True","None","0","0.6414426903888645","4","3","0.07586776850097907","0.00011267672709315396","14","0.21121958359459675","5","2","1.349502996818913","1","0.0742689872445838","2","L","(224, 224)","1e-06","0.00011267672709315396","5","14","None","None","10","4","False","0.21121958359459675","L","random","None","5","100","1.349502996818913","threshold","True","1.0","/data/thallybu/datasets/EMNIST","42","10","[0.9, 0.1]","0.0742689872445838","0.1","False","True","True","2","10","0.10066647827625275","150.15318298339844","0.5726876258850098","0.20326082408428192","0.4985590875148773","0.31158527731895447","0.6013612747192383","0.9704577922821045","0","0.953712522983551","0.7962604761123657","0.7962309122085571","0.890895664691925","0.570483386516571","7.151703834533691","","0.0009630883578211069","0.059323377907276154","0.03071068599820137","0.07318049669265747","0.1310640424489975","0.14988407492637634","0.12469056993722916","0.10628281533718109","0.10546620935201645","0.12089771777391434","0.0707978755235672","0.7300162315368652","0.8247037529945374","4188","50","0","0.5871320962905884","20059","0","0.12065817415714264","0.398375004529953","0.398375004529953","0","0.36702901124954224","0.398375004529953","0.6016249656677246","3.244885206222534","1.1035408973693848","0.17698943614959717","0.39841321110725403","ssl_emnist_digits_conv","66","OK"
"2026-03-27 07:28:15","8.7min","aa0038f7cf49485496cf6edd6c33cc72","ssl_emnist_digits_conv_trial_0302","LOCAL","src/cli.py","thallybu","FINISHED","False","None","threshold","0.6987810987787145","250","True","ShallowConvAutoencoder","[16, 32]","[1, 28, 28]","2048","1e-06","0","EMNIST","0.1229337393713703","digits","True","784","True","None","1","0.6987810987787145","3","4","0.1229337393713703","0.0016477456825417546","29","0.23919465800002332","2","1","1.4495262919272056","0","0.021448789953203908","2","L","(224, 224)","1e-06","0.0016477456825417546","5","29","None","None","10","4","False","0.23919465800002332","L","random","None","2","50","1.4495262919272056","fixed_k","True","1.0","/data/thallybu/datasets/EMNIST","42","10","[0.9, 0.1]","0.021448789953203908","0.1","False","True","True","2","10","0.016922442242503166","1788.925048828125","0.5205666422843933","0.2050926685333252","0.7732577919960022","0.6776499152183533","0.5761892795562744","0.44535014033317566","0.44111165404319763","0.7008983492851257","0.5739223957061768","0.4092085659503937","0.6010373830795288","0.652497410774231","10","0.6987810730934143","0.0069504291750490665","0.022710630670189857","0.00829378329217434","0.018298454582691193","0.017245635390281677","0.01596526801586151","0.040002137422561646","0.016351569443941116","0.025555338710546494","0.04689181223511696","0.020044108852744102","0.26064568758010864","0.21606294810771942","4082","20","500","0.23135872185230255","192705","1792","0.01828884705901146","0.3934166729450226","0.3934166729450226","0","0.34740149974823","0.3934166729450226","0.606583297252655","40.55795669555664","3.438466787338257","0.12217175215482712","4.748560428619385","ssl_emnist_digits_conv","302","OK"
"2026-03-26 15:23:34","9.3min","9da635a388dd4681ab624df87b3feecc","ssl_emnist_digits_conv_trial_0050","LOCAL","src/cli.py","thallybu","FINISHED","False","None","threshold","0.78633678946513","500","True","ShallowConvAutoencoder","[16, 32]","[1, 28, 28]","2048","1e-06","0","EMNIST","0.05446964853932852","digits","True","784","True","None","1","0.78633678946513","4","4","0.05446964853932852","0.0006658380311751012","8","0.07725003394957386","1","2","1.5451990520373546","0","0.024866035449927635","1","L","(224, 224)","1e-06","0.0006658380311751012","5","8","None","None","10","4","False","0.07725003394957386","L","random","None","1","100","1.5451990520373546","fixed_k","True","1.0","/data/thallybu/datasets/EMNIST","42","10","[0.9, 0.1]","0.024866035449927635","0.1","False","True","True","1","10","0.04336832836270332","1259.4195556640625","0.6276772022247314","0.22634777426719666","0.5747389793395996","0.46633225679397583","0.7578573822975159","0.7843019366264343","0.7968466281890869","0.705101490020752","0.6882801055908203","0.7197152376174927","0.7585113048553467","0.8023478388786316","10","0.7863367795944214","0.001962988404557109","0.053286317735910416","0.028014566749334335","0.0630737692117691","0.050399526953697205","0.05707274377346039","0.06508003175258636","0.04593808948993683","0.04504993557929993","0.04250040650367737","0.05448627844452858","0.5178111791610718","0.5002636313438416","14898","10","1000","0.504901647567749","147052","4974","0.007596389856189489","0.3424583375453949","0.3424583375453949","0","0.31460145115852356","0.3424583375453949","0.6575416326522827","10.293079376220703","1.4109057188034058","0.07813155651092529","0.9119088053703308","ssl_emnist_digits_conv","50","OK"
"2026-03-27 08:14:03","7.5min","3b02823256f442b1bec4791435a377da","ssl_emnist_digits_conv_trial_0328","LOCAL","src/cli.py","thallybu","FINISHED","False","None","threshold","0.6881228768837635","250","True","ShallowConvAutoencoder","[4, 8]","[1, 28, 28]","2048","1e-06","0","EMNIST","0.11640060217310469","digits","True","784","True","None","1","0.6881228768837635","3","2","0.11640060217310469","0.0002991299485479206","8","0.16385604636202672","2","1","1.4143878023755774","0","0.022729937613005805","2","L","(224, 224)","1e-06","0.0002991299485479206","5","8","None","None","10","4","False","0.16385604636202672","L","random","None","2","50","1.4143878023755774","fixed_k","True","1.0","/data/thallybu/datasets/EMNIST","42","10","[0.9, 0.1]","0.022729937613005805","0.1","False","True","True","2","10","0.09476012736558914","326.3045959472656","0.6655184030532837","0.12530049681663513","0","0","0.6619876027107239","0.7746155261993408","0.6545434594154358","0.6542285680770874","0.6292678713798523","0.6560903191566467","0","0.7675097584724426","5.616296291351318","0.6881228685379028","0.000563722278457135","0.12222643941640854","0.09831714630126953","0.04640449956059456","0.1069558709859848","0.060295943170785904","0.07269009947776794","0.07777401059865952","0.07224425673484802","0.08169297873973846","0.09568077325820923","1.7135096788406372","0.4524076581001282","1954","20","303","0.4395330250263214","36152","798","1.257885456085205","0.3297916650772095","0.3297916650772095","0","0.3087758719921112","0.3297916650772095","0.6702083349227905","3.3485279083251953","1.2146949768066406","0.4725761115550995","0.4052264988422394","ssl_emnist_digits_conv","328","OK"
"2026-03-26 16:03:00","5.8min","c3732d70dc174998823435e6b890622a","ssl_emnist_digits_conv_trial_0070","LOCAL","src/cli.py","thallybu","FINISHED","False","None","fixed_k","0.6609327413951579","100","True","ShallowConvAutoencoder","[4]","[1, 28, 28]","2048","1e-06","0","EMNIST","0.0464422864733114","digits","True","784","True","None","0","0.6609327413951579","2","0","0.0464422864733114","0.00011242219688680574","17","0.19389942264032073","5","2","1.228387392811774","1","0.06386221985779854","2","L","(224, 224)","1e-06","0.00011242219688680574","5","17","None","None","10","4","False","0.19389942264032073","L","random","None","5","100","1.228387392811774","threshold","True","1.0","/data/thallybu/datasets/EMNIST","42","10","[0.9, 0.1]","0.06386221985779854","0.1","False","True","True","2","10","0.13141058385372162","24.31525993347168","0.703920841217041","0.1594758927822113","0.5814416408538818","0","0","0.6511605978012085","0.8776452541351318","0","0","0","0.5535297393798828","0.777535080909729","5.018962860107422","","0.0007289552595466375","0.07250061631202698","0.2200956791639328","0.1863173544406891","0.07975026965141296","0.11505331844091415","0.13817015290260315","0.1308363378047943","0.17163129150867462","0.07416341453790665","0.07857886701822281","0.7818741798400879","0.649885356426239","500","50","0","0.44058361649513245","3073","0","0.3150809705257416","0.3070833384990692","0.3070833384990692","0","0.19516712427139282","0.3070833384990692","0.6929166316986084","2.9392638206481934","1.3528800010681152","0.4741494953632355","0.5262725949287415","ssl_emnist_digits_conv","70","OK"
"2026-03-26 16:01:55","5.7min","e5d5167196f64620ba5e2328d3b9d3fc","ssl_emnist_digits_conv_trial_0069","LOCAL","src/cli.py","thallybu","FINISHED","False","None","fixed_k","0.5986020615712848","50","True","ShallowConvAutoencoder","[4]","[1, 28, 28]","2048","1e-06","0","EMNIST","0.017398425165213574","digits","True","784","True","None","0","0.5986020615712848","1","0","0.017398425165213574","0.00011366203803659728","14","0.17156710777016312","5","2","1.1613729661062198","1","0.1391755145010432","2","L","(224, 224)","1e-06","0.00011366203803659728","5","14","None","None","10","4","False","0.17156710777016312","L","random","None","5","100","1.1613729661062198","threshold","True","1.0","/data/thallybu/datasets/EMNIST","42","10","[0.9, 0.1]","0.1391755145010432","0.1","False","True","True","2","10","0.13878825306892395","11.31081485748291","0.6892338395118713","0.1715727597475052","0.6078637838363647","0.6342849731445312","0.7554678916931152","0.8205716609954834","0","0","0.6604347229003906","0","0.8866606950759888","0","4.047999858856201","","0.0006005597533658147","0.08279699832201004","0.09359657019376755","0.15467151999473572","0.11660483479499817","0.16114091873168945","0.16383381187915802","0.10103257745504379","0.16465827822685242","0.145654559135437","0.1680068075656891","1.1538233757019043","0.6702443957328796","261","50","0","0.42374616861343384","1455","0","0.7056651711463928","0.23858332633972168","0.23858332633972168","0","0.13519947230815887","0.23858332633972168","0.7614166736602783","2.3597805500030518","1.2501909732818604","0.5525657534599304","0.31615692377090454","ssl_emnist_digits_conv","69","OK"
"2026-03-26 15:57:53","5.9min","e06865d895ab4923be26874ff5ce5482","ssl_emnist_digits_conv_trial_0067","LOCAL","src/cli.py","thallybu","FINISHED","False","None","fixed_k","0.6444447501447453","500","True","ShallowConvAutoencoder","[4]","[1, 28, 28]","2048","1e-06","0","EMNIST","0.04670106348082329","digits","True","784","True","None","0","0.6444447501447453","4","0","0.04670106348082329","0.00010481587114585077","14","0.2148292795055819","5","0","1.3655356831759744","1","0.13677878309577365","2","L","(224, 224)","1e-06","0.00010481587114585077","5","14","None","None","10","4","False","0.2148292795055819","L","random","None","5","25","1.3655356831759744","threshold","True","1.0","/data/thallybu/datasets/EMNIST","42","10","[0.9, 0.1]","0.13677878309577365","0.1","False","True","True","2","10","0.14896397292613983","124.13836669921875","0.823487401008606","0.14596569538116455","0.7871363759040833","0.9745431542396545","0.9050170183181763","0.929048478603363","0.9445658326148987","0","0.6194661259651184","0","0.9196744561195374","0","7.128296375274658","","0.0006925193592905998","0.11981544643640518","0.14544419944286346","0.16709153354167938","0.13502900302410126","0.14734593033790588","0.16875889897346497","0.10209491103887558","0.16702356934547424","0.1286393702030182","0.1641613394021988","1.8168175220489502","1.2565443515777588","2301","50","0","0.9669305682182312","15424","0","0.817192792892456","0.17991666495800018","0.17991666495800018","0","0.11990760266780853","0.17991666495800018","0.8200833201408386","2.208860397338867","1.254930853843689","0.5765856504440308","0.2737358510494232","ssl_emnist_digits_conv","67","OK"
"2026-03-26 15:19:56","9.1min","9bab2909020f43c2b60d39890d35e309","ssl_emnist_digits_conv_trial_0049","LOCAL","src/cli.py","thallybu","FINISHED","False","None","threshold","0.7874980460450485","500","True","ShallowConvAutoencoder","[16, 32]","[1, 28, 28]","2048","1e-06","0","EMNIST","0.09370634501287887","digits","True","784","True","None","1","0.7874980460450485","4","4","0.09370634501287887","0.0007543172472374395","16","0.08363245760158099","1","0","1.5926793429383013","0","0.013304135248103342","2","L","(224, 224)","1e-06","0.0007543172472374395","5","16","None","None","10","4","False","0.08363245760158099","L","random","None","1","25","1.5926793429383013","fixed_k","True","1.0","/data/thallybu/datasets/EMNIST","42","10","[0.9, 0.1]","0.013304135248103342","0.1","False","True","True","2","10","0.04105238616466522","1768.033203125","0.565809965133667","0.23656512796878815","0.7133996486663818","0.43676507472991943","0.804351806640625","0.7666053771972656","0.7637540102005005","0.5490520596504211","0.8116773962974548","0.5806546807289124","0.7613658905029297","0.6370694041252136","10","0.7874980568885803","0.002822312293574214","0.053549543023109436","0.024860458448529243","0.05244731530547142","0.059079360216856","0.04784480854868889","0.02958976849913597","0.04748963192105293","0.05258024111390114","0.049778684973716736","0.029458941891789436","0.46966055035591125","0.4018043577671051","11474","10","250","0.4466787874698639","198134","695","0.016726216301321983","0.16625000536441803","0.16625000536441803","0","0.10225067287683487","0.16625000536441803","0.8337500095367432","25.75654411315918","2.8666601181030273","0.04845103994011879","2.520441770553589","ssl_emnist_digits_conv","49","OK"
"2026-03-26 14:38:31","11.3min","4feb2a2373c544baa2ff1b5d6b0e61b8","ssl_emnist_digits_conv_trial_0022","LOCAL","src/cli.py","thallybu","FINISHED","False","None","fixed_k","0.4225480393089611","100","True","ShallowConvAutoencoder","[4, 8]","[1, 28, 28]","2048","1e-06","0","EMNIST","0.02543818960048133","digits","True","784","True","None","0","0.4225480393089611","2","2","0.02543818960048133","5.444203834037924e-05","14","0.15535322192785989","1","0","1.3595836136040542","1","0.1955665819022368","2","L","(224, 224)","1e-06","5.444203834037924e-05","5","14","None","None","10","4","False","0.15535322192785989","L","random","None","1","25","1.3595836136040542","threshold","True","1.0","/data/thallybu/datasets/EMNIST","42","10","[0.9, 0.1]","0.1955665819022368","0.1","False","True","True","2","19","0.16429942846298218","29.121185302734375","0.6834888458251953","0.21144966781139374","0.9441253542900085","0","0.9747280478477478","0","0","0.8079382181167603","0.927122950553894","0","0","0.48312026262283325","3.1517035961151123","","0.0005160981672815979","0.15183693170547485","0.21645940840244293","0.16508832573890686","0.1907253861427307","0.20033115148544312","0.13873004913330078","0.17405864596366882","0.21394363045692444","0.13991625607013702","0.07217040657997131","0.5147615075111389","0.38459312915802","413","10","0","0.38941100239753723","3495","0","0.09930995851755142","0.14345833659172058","0.14345833659172058","0","0.06843732297420502","0.14345833659172058","0.856541633605957","4.246107578277588","1.5469255447387695","0.4489530622959137","0.5923998951911926","ssl_emnist_digits_conv","22","OK"
"2026-03-26 13:53:52","7.7min","73e18b4046ba4a4caca72204a837c269","ssl_emnist_digits_conv_trial_0016","LOCAL","src/cli.py","thallybu","FINISHED","False","None","fixed_k","0.5498282661112377","50","True","ShallowConvAutoencoder","[4, 8]","[1, 28, 28]","2048","1e-06","0","EMNIST","0.04943591656702681","digits","True","784","True","None","0","0.5498282661112377","1","2","0.04943591656702681","0.00011198937415068717","4","0.16252756115537995","2","0","1.3368283906786693","1","0.1406402422532836","5","L","(224, 224)","1e-06","0.00011198937415068717","5","4","None","None","10","4","False","0.16252756115537995","L","random","None","2","25","1.3368283906786693","threshold","True","1.0","/data/thallybu/datasets/EMNIST","42","10","[0.9, 0.1]","0.1406402422532836","0.1","False","True","True","5","14","0.1387857049703598","16.514963150024414","0.7821680307388306","0.15975172817707062","0","0","0.8503198623657227","0.966202437877655","0.32635873556137085","0.8297643661499023","0.5853384733200073","0","0","0.8464395999908447","4.663703918457031","","0.00035610885242931545","0.1588662564754486","0.17096935212612152","0.1372915655374527","0.14783628284931183","0.1427074670791626","0.1154128834605217","0.07589448988437653","0.15754447877407074","0.14861610531806946","0.12435730546712875","1.6588023900985718","0.55800461769104","200","20","0","0.5585193037986755","1945","0","1.0773698091506958","0.11349999904632568","0.11349999904632568","0","0.05393368378281593","0.11349999904632568","0.8865000009536743","2.7844088077545166","1.3983073234558105","0.49523913860321045","0.35607051849365234","ssl_emnist_digits_conv","16","OK"
