"Start Time","Duration","Run ID","Name","Source Type","Source Name","User","Status","_instantiator","anneal_assignment_threshold","anneal_threshold_epochs","assignment_mode","assignment_threshold","assignments_per_epoch","auto_select_prototypes","autoencoder_class","autoencoder_kwargs","autoencoder_kwargs/conv_channels","autoencoder_kwargs/image_shape","batch_size","cache_dir","cosine_lr_min","cosine_lr_warmup_epochs","dataset_name","dropout","emnist_split","enable_pruning","feature_dim","flatten","hidden_dims","img_mode","img_size","l2_reg","learning_rate","log_samples","log_samples_frequency","min_samples_for_training","n_components","norm_mean","norm_std","num_classes","num_workers","pin_memory","prototype_anchor_weight","prototype_img_mode","prototype_selection","prototype_source","prototypes_per_class","prune_per_epoch","prune_threshold","pruning_mode","raw_pixels","rer_threshold","root_dir","seed","top_n_per_class","train_val_split","umap_loss_weight","umap_min_dist","use_cosine_lr","use_prototype_anchoring","use_umap_loss","warmup_epochs","epoch","lr-AdamW","system/cpu_utilization_percentage","system/disk_available_megabytes","system/disk_usage_megabytes","system/disk_usage_percentage","system/network_receive_megabytes","system/network_transmit_megabytes","system/system_memory_usage_megabytes","system/system_memory_usage_percentage","train/anchor_loss","train/assigned_in_batch","train/assignment_rer_mean","train/assignment_rer_std","train/avg_rer_class_0","train/avg_rer_class_1","train/avg_rer_class_10","train/avg_rer_class_11","train/avg_rer_class_12","train/avg_rer_class_13","train/avg_rer_class_14","train/avg_rer_class_15","train/avg_rer_class_16","train/avg_rer_class_17","train/avg_rer_class_18","train/avg_rer_class_19","train/avg_rer_class_2","train/avg_rer_class_20","train/avg_rer_class_21","train/avg_rer_class_22","train/avg_rer_class_23","train/avg_rer_class_24","train/avg_rer_class_25","train/avg_rer_class_26","train/avg_rer_class_27","train/avg_rer_class_28","train/avg_rer_class_29","train/avg_rer_class_3","train/avg_rer_class_30","train/avg_rer_class_31","train/avg_rer_class_32","train/avg_rer_class_33","train/avg_rer_class_34","train/avg_rer_class_35","train/avg_rer_class_36","train/avg_rer_class_37","train/avg_rer_class_38","train/avg_rer_class_39","train/avg_rer_class_4","train/avg_rer_class_40","train/avg_rer_class_41","train/avg_rer_class_42","train/avg_rer_class_43","train/avg_rer_class_44","train/avg_rer_class_45","train/avg_rer_class_46","train/avg_rer_class_5","train/avg_rer_class_6","train/avg_rer_class_7","train/avg_rer_class_8","train/avg_rer_class_9","train/classes_with_samples","train/effective_assignment_threshold","train/l2_loss","train/loss_class_0","train/loss_class_1","train/loss_class_10","train/loss_class_11","train/loss_class_12","train/loss_class_13","train/loss_class_14","train/loss_class_15","train/loss_class_16","train/loss_class_17","train/loss_class_18","train/loss_class_19","train/loss_class_2","train/loss_class_20","train/loss_class_21","train/loss_class_22","train/loss_class_23","train/loss_class_24","train/loss_class_25","train/loss_class_26","train/loss_class_27","train/loss_class_28","train/loss_class_29","train/loss_class_3","train/loss_class_30","train/loss_class_31","train/loss_class_32","train/loss_class_33","train/loss_class_34","train/loss_class_35","train/loss_class_36","train/loss_class_37","train/loss_class_38","train/loss_class_39","train/loss_class_4","train/loss_class_40","train/loss_class_41","train/loss_class_42","train/loss_class_43","train/loss_class_44","train/loss_class_45","train/loss_class_46","train/loss_class_5","train/loss_class_6","train/loss_class_7","train/loss_class_8","train/loss_class_9","train/loss_epoch","train/loss_step","train/new_assignments_this_epoch","train/prototype_count","train/pruned_this_epoch","train/recon_loss","train/total_assigned","train/total_unassigned","train/umap_loss","val/accuracy","val/accuracy_step","val/assignment_agreement","val/f1_macro","val/f1_micro","val/frac_above_1","val/rer_max","val/rer_mean","val/rer_min","val/rer_std"
"2026-04-06 17:52:14","1.6h","ebf3424f70574c4ba4a6093fe879649f","ssl_emnist_digits_dino-5-seed5","LOCAL","src/cli.py","thallybu","FINISHED","lightning.pytorch.cli.instantiate_module","False","None","threshold","0.6083913525168239","250","True","ShallowAutoencoder","None","","","1024","/data/thallybu/cache","1e-06","0","emnist_digits_dinov2_vits14","0.012148856784032047","","True","384","","[128, 64]","","","1e-06","0.00044990906090564036","False","0","5","28","","","10","4","","0.244778118387659","L","random","None","5","25","1.2","fixed_k","","1.0","","42","10","[0.9, 0.1]","0.18901059192757888","0.1","False","True","True","2","99","0.00044990906090564036","34.4","127468.9","58299.1","31.4","10604.117403998971","23103.608191996813","39293.4","14.5","0.002784895710647106","767.9691772460938","0.4034734070301056","0.16419699788093567","0.34111288189888","0.21772034466266632","","","","","","","","","","","0.5116935968399048","","","","","","","","","","","0.5025768876075745","","","","","","","","","","","0.38887131214141846","","","","","","","","0.461699515581131","0.4715534448623657","0.38203513622283936","0.3962627649307251","0.41397714614868164","10","0.6083913445472717","0.005596544127911329","0.0024865043815225363","0.00303691066801548","","","","","","","","","","","0.002969169057905674","","","","","","","","","","","0.002580113708972931","","","","","","","","","","","0.0035536889918148518","","","","","","","","0.0030494790989905596","0.0029773470014333725","0.002758832648396492","0.0030120748560875654","0.0022433900739997625","0.04504791647195816","0.045518942177295685","463","50","250","0.0286675076931715","162252","16060","0.010102185420691967","0.8761666417121887","0.8761666417121887","0","0.8724066615104675","0.8761666417121887","0.12383332848548889","8.244513511657715","0.6082364916801453","0.04639028385281563","0.4980997145175934"
"2026-04-06 17:51:27","1.5h","366a0cdad76446dfb57735da9d18fad6","ssl_emnist_digits_dino-5-seed4","LOCAL","src/cli.py","thallybu","FINISHED","lightning.pytorch.cli.instantiate_module","False","None","threshold","0.6083913525168239","250","True","ShallowAutoencoder","None","","","1024","/data/thallybu/cache","1e-06","0","emnist_digits_dinov2_vits14","0.012148856784032047","","True","384","","[128, 64]","","","1e-06","0.00044990906090564036","False","0","5","28","","","10","4","","0.244778118387659","L","random","None","5","25","1.2","fixed_k","","1.0","","42","10","[0.9, 0.1]","0.18901059192757888","0.1","False","True","True","2","99","0.00044990906090564036","45.6","127470.1","58298","31.4","10007.38983800076","22577.185129001737","43635.2","16.1","0.0023676296696066856","742.700439453125","0.4118473529815674","0.17602507770061493","0.28465235233306885","0.21583746373653412","","","","","","","","","","","0.5273885726928711","","","","","","","","","","","0.48007145524024963","","","","","","","","","","","0.3799525201320648","","","","","","","","0.5785888433456421","0.45556941628456116","0.42807361483573914","0.38195332884788513","0.5130897760391235","10","0.6083913445472717","0.005469960626214743","0.002508371602743864","0.00315953535027802","","","","","","","","","","","0.002587739145383239","","","","","","","","","","","0.002291486132889986","","","","","","","","","","","0.003605383215472102","","","","","","","","0.0027327744755893946","0.0029802697245031595","0.0032133283093571663","0.003058595350012183","0.00286250957287848","0.04517282918095589","0.04453016072511673","168","50","250","0.02900000289082527","156624","17603","0.01012332458049059","0.847000002861023","0.847000002861023","0","0.849068284034729","0.847000002861023","0.15299999713897705","8.347314834594727","0.6350305676460266","0.04316191002726555","0.4742686152458191"
"2026-04-06 17:46:55","1.5h","cf229b36980647248f74046556a467df","ssl_emnist_digits_dino-5-seed3","LOCAL","src/cli.py","thallybu","FINISHED","lightning.pytorch.cli.instantiate_module","False","None","threshold","0.6083913525168239","250","True","ShallowAutoencoder","None","","","1024","/data/thallybu/cache","1e-06","0","emnist_digits_dinov2_vits14","0.012148856784032047","","True","384","","[128, 64]","","","1e-06","0.00044990906090564036","False","0","5","28","","","10","4","","0.244778118387659","L","random","None","5","25","1.2","fixed_k","","1.0","","42","10","[0.9, 0.1]","0.18901059192757888","0.1","False","True","True","2","99","0.00044990906090564036","35.6","127472.6","58295.4","31.4","9802.954064000398","22212.830911997706","43216.7","16","0.002746589481830597","762.99169921875","0.392726868391037","0.15346792340278625","0.31566184759140015","0.221418097615242","","","","","","","","","","","0.48350244760513306","","","","","","","","","","","0.41470998525619507","","","","","","","","","","","0.384050190448761","","","","","","","","0.5407754778862","0.4438069760799408","0.36639514565467834","0.4020025432109833","0.45368707180023193","10","0.6083913445472717","0.0054962486028671265","0.0026977835223078728","0.0030990473460406065","","","","","","","","","","","0.0028837891295552254","","","","","","","","","","","0.0022004060447216034","","","","","","","","","","","0.0036173146218061447","","","","","","","","0.002666575601324439","0.0028912443667650223","0.0027779287192970514","0.0030179335735738277","0.0024875872768461704","0.04460456594824791","0.04506349936127663","124","50","250","0.028339609503746033","160863","17346","0.010096387937664986","0.9115416407585144","0.9115416407585144","0","0.9102621078491211","0.9115416407585144","0.08845832943916321","8.102953910827637","0.5531732439994812","0.04523637890815735","0.3797062635421753"
"2026-04-06 17:43:08","1.5h","adfcaab118b244bd928a9fe4c551cadd","ssl_emnist_digits_dino-5-seed2","LOCAL","src/cli.py","thallybu","FINISHED","lightning.pytorch.cli.instantiate_module","False","None","threshold","0.6083913525168239","250","True","ShallowAutoencoder","None","","","1024","/data/thallybu/cache","1e-06","0","emnist_digits_dinov2_vits14","0.012148856784032047","","True","384","","[128, 64]","","","1e-06","0.00044990906090564036","False","0","5","28","","","10","4","","0.244778118387659","L","random","None","5","25","1.2","fixed_k","","1.0","","42","10","[0.9, 0.1]","0.18901059192757888","0.1","False","True","True","2","99","0.00044990906090564036","41.7","127476.5","58291.6","31.4","8237.045614998788","20735.816229000688","44204.7","16.3","0.0028475988656282425","753.9706420898438","0.4097912609577179","0.16462105512619019","0.3060555160045624","0.2403944432735443","","","","","","","","","","","0.4791479706764221","","","","","","","","","","","0.47043362259864807","","","","","","","","","","","0.3945932388305664","","","","","","","","0.5527817606925964","0.4922296702861786","0.3836175501346588","0.4100664258003235","0.47357678413391113","10","0.6083913445472717","0.005632360000163317","0.002646485110744834","0.0031020536553114653","","","","","","","","","","","0.0025385853368788958","","","","","","","","","","","0.002447976265102625","","","","","","","","","","","0.003648863872513175","","","","","","","","0.002341215731576085","0.002728143008425832","0.0027658494655042887","0.0030293031595647335","0.0042769997380673885","0.045960549265146255","0.04583495482802391","179","50","250","0.029525477439165115","159015","17827","0.010105689987540245","0.7847083210945129","0.7847083210945129","0","0.7741237282752991","0.7847083210945129","0.21529166400432587","18.078603744506836","0.9303128719329834","0.044406648725271225","1.2439353466033936"
"2026-04-06 17:39:31","1.5h","05ba516eac7543b6af78e87fa0bed67d","ssl_emnist_digits_dino-5-seed1","LOCAL","src/cli.py","thallybu","FINISHED","lightning.pytorch.cli.instantiate_module","False","None","threshold","0.6083913525168239","250","True","ShallowAutoencoder","None","","","1024","/data/thallybu/cache","1e-06","0","emnist_digits_dinov2_vits14","0.012148856784032047","","True","384","","[128, 64]","","","1e-06","0.00044990906090564036","False","0","5","28","","","10","4","","0.244778118387659","L","random","None","5","25","1.2","fixed_k","","1.0","","42","10","[0.9, 0.1]","0.18901059192757888","0.1","False","True","True","2","99","0.00044990906090564036","49.4","127477.2","58290.9","31.4","8001.291263999417","21138.82917100191","44050.4","16.3","0.003009057603776455","755.8429565429688","0.410346657037735","0.16190578043460846","0.30709975957870483","0.22482576966285706","","","","","","","","","","","0.5171874761581421","","","","","","","","","","","0.4267285168170929","","","","","","","","","","","0.4257023334503174","","","","","","","","0.5396631360054016","0.4554619789123535","0.4176010191440582","0.4037778377532959","0.455354243516922","10","0.6083913445472717","0.0054575493559241295","0.00271005486138165","0.0031435813289135695","","","","","","","","","","","0.0030292507726699114","","","","","","","","","","","0.0021771672181785107","","","","","","","","","","","0.003721544286236167","","","","","","","","0.0028750274796038866","0.002978010568767786","0.003073089988902211","0.00304625672288239","0.0026003639213740826","0.04566303640604019","0.04555027559399605","159","50","250","0.029354345053434372","159389","17301","0.010114573873579502","0.8929166793823242","0.8929166793823242","0","0.8938266038894653","0.8929166793823242","0.10708333551883698","11.305562973022461","0.5834642052650452","0.04651788994669914","0.3981111943721771"
"2026-04-06 16:37:44","1.5h","bb17b924f2114af8bfb855d95962faeb","ssl_emnist_digits_dino-4-seed5","LOCAL","src/cli.py","thallybu","FINISHED","lightning.pytorch.cli.instantiate_module","False","None","threshold","0.6083913525168239","250","True","ShallowAutoencoder","None","","","1024","/data/thallybu/cache","1e-06","0","emnist_digits_dinov2_vits14","0.012148856784032047","","True","384","","[128, 64]","","","1e-06","0.00044990906090564036","False","0","5","28","","","10","4","","0.244778118387659","L","random","None","4","25","1.2","fixed_k","","1.0","","42","10","[0.9, 0.1]","0.18901059192757888","0.1","False","True","True","2","99","0.00044990906090564036","17.8","127508.9","58259.2","31.4","12761.974298000336","26487.011239998043","34221.6","12.7","0.0027742707170546055","762.6856079101562","0.40330782532691956","0.1692148745059967","0.3157529830932617","0.195120170712471","","","","","","","","","","","0.467001348733902","","","","","","","","","","","0.48059532046318054","","","","","","","","","","","0.37418219447135925","","","","","","","","0.5033813714981079","0.44835615158081055","0.47515058517456055","0.3854054808616638","0.5152175426483154","10","0.6083913445472717","0.005336398724466562","0.0027190709952265024","0.002927022287622094","","","","","","","","","","","0.0028379762079566717","","","","","","","","","","","0.0025001121684908867","","","","","","","","","","","0.0035939631052315235","","","","","","","","0.003282576333731413","0.0028994299937039614","0.003416683292016387","0.002990131499245763","0.0027477263938635588","0.04605843126773834","0.04626947268843651","202","40","250","0.029914695769548416","160875","16511","0.010128268972039223","0.8731666803359985","0.8731666803359985","0","0.8713245987892151","0.8731666803359985","0.12683333456516266","7.580024719238281","0.6109674572944641","0.04126942157745361","0.48852914571762085"
"2026-04-06 16:24:22","1.5h","5aceb67e3da749c2843e91504e809b44","ssl_emnist_digits_dino-4-seed4","LOCAL","src/cli.py","thallybu","FINISHED","lightning.pytorch.cli.instantiate_module","False","None","threshold","0.6083913525168239","250","True","ShallowAutoencoder","None","","","1024","/data/thallybu/cache","1e-06","0","emnist_digits_dinov2_vits14","0.012148856784032047","","True","384","","[128, 64]","","","1e-06","0.00044990906090564036","False","0","5","28","","","10","4","","0.244778118387659","L","random","None","4","25","1.2","fixed_k","","1.0","","42","10","[0.9, 0.1]","0.18901059192757888","0.1","False","True","True","2","99","0.00044990906090564036","20.2","127516.6","58251.4","31.4","13080.248267998919","27088.47133800015","36918.6","13.7","0.0021891696378588676","732.2278442382812","0.4210781157016754","0.1801377534866333","0.3172537386417389","0.21650144457817078","","","","","","","","","","","0.6006450653076172","","","","","","","","","","","0.4876861274242401","","","","","","","","","","","0.37275952100753784","","","","","","","","0.5699560642242432","0.43861255049705505","0.42375996708869934","0.3870719373226166","0.4891069233417511","10","0.6083913445472717","0.005520188715308905","0.0026143251452594995","0.003125872230157256","","","","","","","","","","","0.002575443359091878","","","","","","","","","","","0.002338759135454893","","","","","","","","","","","0.0036186857614666224","","","","","","","","0.0026715288404375315","0.002835670718923211","0.0032950458116829395","0.0029952488839626312","0.0029553549829870462","0.04521956667304039","0.04482920467853546","185","40","250","0.029025940224528313","154432","18376","0.010137569159269333","0.825124979019165","0.825124979019165","0","0.8269437551498413","0.825124979019165","0.17487499117851257","9.370874404907227","0.6672873497009277","0.04266367852687836","0.5001445412635803"
"2026-04-06 16:20:43","1.5h","07e146ed3e314431a933e1ef2f5e1c51","ssl_emnist_digits_dino-4-seed3","LOCAL","src/cli.py","thallybu","FINISHED","lightning.pytorch.cli.instantiate_module","False","None","threshold","0.6083913525168239","250","True","ShallowAutoencoder","None","","","1024","/data/thallybu/cache","1e-06","0","emnist_digits_dinov2_vits14","0.012148856784032047","","True","384","","[128, 64]","","","1e-06","0.00044990906090564036","False","0","5","28","","","10","4","","0.244778118387659","L","random","None","4","25","1.2","fixed_k","","1.0","","42","10","[0.9, 0.1]","0.18901059192757888","0.1","False","True","True","2","99","0.00044990906090564036","23.6","127518.3","58249.7","31.4","13104.309452001005","27075.632771000266","39786.6","14.7","0.0026734282728284597","749.624267578125","0.3926878571510315","0.16099706292152405","0.3050380349159241","0.19489862024784088","","","","","","","","","","","0.4799664318561554","","","","","","","","","","","0.49431055784225464","","","","","","","","","","","0.3983827829360962","","","","","","","","0.47675320506095886","0.4461202621459961","0.4553762972354889","0.40281251072883606","0.41144150495529175","10","0.6083913445472717","0.005311629734933376","0.0026834856253117323","0.0031407750211656094","","","","","","","","","","","0.0028524284716695547","","","","","","","","","","","0.0026668740902096033","","","","","","","","","","","0.003668315475806594","","","","","","","","0.002689421409741044","0.0028282925486564636","0.003446076763793826","0.003113420447334647","0.0023153265938162804","0.04549533128738403","0.04551805183291435","130","40","250","0.029404407367110252","158047","17051","0.010124883614480495","0.8609166741371155","0.8609166741371155","0","0.8577088713645935","0.8609166741371155","0.13908332586288452","8.98030948638916","0.6295521259307861","0.03878506273031235","0.5338237881660461"
"2026-04-06 16:20:24","1.5h","4d8c9a86e35a4c099c0453a334a61117","ssl_emnist_digits_dino-4-seed2","LOCAL","src/cli.py","thallybu","FINISHED","lightning.pytorch.cli.instantiate_module","False","None","threshold","0.6083913525168239","250","True","ShallowAutoencoder","None","","","1024","/data/thallybu/cache","1e-06","0","emnist_digits_dinov2_vits14","0.012148856784032047","","True","384","","[128, 64]","","","1e-06","0.00044990906090564036","False","0","5","28","","","10","4","","0.244778118387659","L","random","None","4","25","1.2","fixed_k","","1.0","","42","10","[0.9, 0.1]","0.18901059192757888","0.1","False","True","True","2","99","0.00044990906090564036","24.2","127517.9","58250.1","31.4","13263.065310999751","27485.89813899994","39661.4","14.7","0.002426614286378026","730.3706665039062","0.39009514451026917","0.15872538089752197","0.3150467574596405","0.21368670463562012","","","","","","","","","","","0.48149585723876953","","","","","","","","","","","0.4283008873462677","","","","","","","","","","","0.36692875623703003","","","","","","","","0.5409415364265442","0.46386513113975525","0.40986931324005127","0.3818499445915222","0.47327864170074463","10","0.6083913445472717","0.005535149946808815","0.0026203361339867115","0.0031781336292624474","","","","","","","","","","","0.002401418052613735","","","","","","","","","","","0.0023386378306895494","","","","","","","","","","","0.0036296576727181673","","","","","","","","0.0026702452450990677","0.0028283430729061365","0.0030453784856945276","0.003023411612957716","0.00310167926363647","0.04508984461426735","0.04486493021249771","185","40","250","0.02883724868297577","154041","18249","0.010123475454747677","0.8359583616256714","0.8359583616256714","0","0.8331317901611328","0.8359583616256714","0.164041668176651","12.072378158569336","0.6886393427848816","0.040015384554862976","0.6907976269721985"
"2026-04-06 16:18:57","1.6h","23b57efe011c402988e01a6efc3e28a2","ssl_emnist_digits_dino-4-seed1","LOCAL","src/cli.py","thallybu","FINISHED","lightning.pytorch.cli.instantiate_module","False","None","threshold","0.6083913525168239","250","True","ShallowAutoencoder","None","","","1024","/data/thallybu/cache","1e-06","0","emnist_digits_dinov2_vits14","0.012148856784032047","","True","384","","[128, 64]","","","1e-06","0.00044990906090564036","False","0","5","28","","","10","4","","0.244778118387659","L","random","None","4","25","1.2","fixed_k","","1.0","","42","10","[0.9, 0.1]","0.18901059192757888","0.1","False","True","True","2","99","0.00044990906090564036","22.8","127517.8","58250.2","31.4","13473.20167800039","28091.489806000143","39067","14.4","0.002877905499190092","765.1306762695312","0.40348076820373535","0.17157991230487823","0.30405956506729126","0.23153355717658997","","","","","","","","","","","0.49732229113578796","","","","","","","","","","","0.5006439685821533","","","","","","","","","","","0.3836326003074646","","","","","","","","0.4701552093029022","0.47171837091445923","0.3900035619735718","0.3540979027748108","0.4919271469116211","10","0.6083913445472717","0.005390849430114031","0.0027020410634577274","0.003065354423597455","","","","","","","","","","","0.0030794707126915455","","","","","","","","","","","0.0026577431708574295","","","","","","","","","","","0.0035762214101850986","","","","","","","","0.0029237440321594477","0.004107937216758728","0.002885315800085664","0.003054714296013117","0.0027871686033904552","0.04705522209405899","0.04713042825460434","148","40","250","0.030839715152978897","161338","17032","0.010120207443833351","0.8066250085830688","0.8066250085830688","0","0.7963189482688904","0.8066250085830688","0.19337499141693115","8.021472930908203","0.714878261089325","0.045839760452508926","0.6623952388763428"
"2026-04-06 16:14:50","1.5h","23cdf5c1184e42569a0d4b1db7f93d3e","ssl_emnist_digits_dino-3-seed5","LOCAL","src/cli.py","thallybu","FINISHED","lightning.pytorch.cli.instantiate_module","False","None","threshold","0.6083913525168239","250","True","ShallowAutoencoder","None","","","1024","/data/thallybu/cache","1e-06","0","emnist_digits_dinov2_vits14","0.012148856784032047","","True","384","","[128, 64]","","","1e-06","0.00044990906090564036","False","0","5","28","","","10","4","","0.244778118387659","L","random","None","3","25","1.2","fixed_k","","1.0","","42","10","[0.9, 0.1]","0.18901059192757888","0.1","False","True","True","2","99","0.00044990906090564036","26.3","127520.7","58247.4","31.4","13349.517427001148","27571.468203000724","41329.4","15.3","0.0023903236724436283","720.3457641601562","0.42432159185409546","0.1870526373386383","0.345975786447525","0.2106863409280777","","","","","","","","","","","0.5535675883293152","","","","","","","","","","","0.5533227324485779","","","","","","","","","","","0.3771201968193054","","","","","","","","0.5019305944442749","0.4587893784046173","0.48512259125709534","0.350588321685791","0.5726650357246399","10","0.6083913445472717","0.005508997943252325","0.003035628469660878","0.003078838810324669","","","","","","","","","","","0.0024261341895908117","","","","","","","","","","","0.0025125788524746895","","","","","","","","","","","0.0032573649659752846","","","","","","","","0.0030870051123201847","0.002842176938429475","0.0032499691005796194","0.0031077172607183456","0.0028077182359993458","0.04564029350876808","0.046099599450826645","315","30","250","0.02940513752400875","152056","17492","0.010141083039343357","0.7398750185966492","0.7398750185966492","0","0.7425987720489502","0.7398750185966492","0.2601250112056732","8.71706771850586","0.8196868300437927","0.047096408903598785","0.7331488728523254"
"2026-04-06 16:13:15","1.5h","a63dd08f13664f349824c2ce28eff458","ssl_emnist_digits_dino-3-seed4","LOCAL","src/cli.py","thallybu","FINISHED","lightning.pytorch.cli.instantiate_module","False","None","threshold","0.6083913525168239","250","True","ShallowAutoencoder","None","","","1024","/data/thallybu/cache","1e-06","0","emnist_digits_dinov2_vits14","0.012148856784032047","","True","384","","[128, 64]","","","1e-06","0.00044990906090564036","False","0","5","28","","","10","4","","0.244778118387659","L","random","None","3","25","1.2","fixed_k","","1.0","","42","10","[0.9, 0.1]","0.18901059192757888","0.1","False","True","True","2","99","0.00044990906090564036","27.5","127522.6","58245.4","31.4","13170.19405500032","26932.67774700001","41010.8","15.2","0.0019015619764104486","708.0755615234375","0.43328627943992615","0.1963830441236496","0.30313533544540405","0.21434573829174042","","","","","","","","","","","0.6262089610099792","","","","","","","","","","","0.4723142683506012","","","","","","","","","","","0.407408207654953","","","","","","","","0.670396089553833","0.45495977997779846","0.438137948513031","0.40058091282844543","0.5075874924659729","10","0.6083913445472717","0.005597339943051338","0.0026906337589025497","0.003109210869297385","","","","","","","","","","","0.00228338991291821","","","","","","","","","","","0.0019768348429352045","","","","","","","","","","","0.0036920292768627405","","","","","","","","0.0027353386394679546","0.0029280190356075764","0.003257814794778824","0.0029252131935209036","0.0028697934467345476","0.04465850442647934","0.04451698437333107","275","30","250","0.028468279168009758","149426","17530","0.010127423331141472","0.7778750061988831","0.7778750061988831","0","0.7774585485458374","0.7778750061988831","0.22212499380111694","9.58686637878418","0.7303022146224976","0.040270835161209106","0.5703049302101135"
"2026-04-06 16:09:06","1.5h","15ff87f45238433f802ea96afbd171f2","ssl_emnist_digits_dino-3-seed3","LOCAL","src/cli.py","thallybu","FINISHED","lightning.pytorch.cli.instantiate_module","False","None","threshold","0.6083913525168239","250","True","ShallowAutoencoder","None","","","1024","/data/thallybu/cache","1e-06","0","emnist_digits_dinov2_vits14","0.012148856784032047","","True","384","","[128, 64]","","","1e-06","0.00044990906090564036","False","0","5","28","","","10","4","","0.244778118387659","L","random","None","3","25","1.2","fixed_k","","1.0","","42","10","[0.9, 0.1]","0.18901059192757888","0.1","False","True","True","2","99","0.00044990906090564036","25.5","127524.5","58243.5","31.4","13251.768249001354","27074.265479002148","40434.7","15","0.0020946229342371225","761.4699096679688","0.4052150845527649","0.16951093077659607","0.30681848526000977","0.21188348531723022","","","","","","","","","","","0.4658302664756775","","","","","","","","","","","0.4266865849494934","","","","","","","","","","","0.40011629462242126","","","","","","","","0.5268369913101196","0.5385993719100952","0.38887253403663635","0.3861856162548065","0.43059855699539185","10","0.6083913445472717","0.005292618181556463","0.0026643825694918633","0.0031018578447401524","","","","","","","","","","","0.002979649230837822","","","","","","","","","","","0.002361477818340063","","","","","","","","","","","0.003719666739925742","","","","","","","","0.0029092265758663416","0.0030269331764429808","0.002974180970340967","0.0030074247624725103","0.0027434565126895905","0.045410268008708954","0.045493390411138535","210","30","250","0.02948824316263199","160627","16321","0.010116641409695148","0.859333336353302","0.859333336353302","0","0.8573778867721558","0.859333336353302","0.140666663646698","9.502581596374512","0.6335699558258057","0.03972359374165535","0.5273938179016113"
"2026-04-06 15:06:35","1.5h","2219c6184fe34ff39061e20dc6f7ada3","ssl_emnist_digits_dino-3-seed2","LOCAL","src/cli.py","thallybu","FINISHED","lightning.pytorch.cli.instantiate_module","False","None","threshold","0.6083913525168239","250","True","ShallowAutoencoder","None","","","1024","/data/thallybu/cache","1e-06","0","emnist_digits_dinov2_vits14","0.012148856784032047","","True","384","","[128, 64]","","","1e-06","0.00044990906090564036","False","0","5","28","","","10","4","","0.244778118387659","L","random","None","3","25","1.2","fixed_k","","1.0","","42","10","[0.9, 0.1]","0.18901059192757888","0.1","False","True","True","2","99","0.00044990906090564036","22.6","127556.7","58211.3","31.3","14052.708575999364","28006.774421002716","40039.7","14.8","0.001977811800315976","748.4888916015625","0.39685747027397156","0.16224782168865204","0.31218206882476807","0.22244417667388916","","","","","","","","","","","0.46437790989875793","","","","","","","","","","","0.47964537143707275","","","","","","","","","","","0.37434837222099304","","","","","","","","0.5632910132408142","0.444868266582489","0.38140571117401123","0.3788004517555237","0.4782795310020447","10","0.6083913445472717","0.005620385054498911","0.0027532868552953005","0.003018187591806054","","","","","","","","","","","0.002475790912285447","","","","","","","","","","","0.0023875003680586815","","","","","","","","","","","0.003576899180188775","","","","","","","","0.002517631510272622","0.0026984873693436384","0.0027342350222170353","0.0030654773581773043","0.0042472523637115955","0.04569977521896362","0.04505585879087448","201","30","250","0.029474738985300064","157880","17989","0.010120517574250698","0.7769583463668823","0.7769583463668823","0","0.7717533707618713","0.7769583463668823","0.22304166853427887","21.46418571472168","0.9527391791343689","0.039130475372076035","1.3557502031326294"
"2026-04-06 14:48:06","1.6h","025185d87f6d48e195c14ee151fc6d7a","ssl_emnist_digits_dino-3-seed1","LOCAL","src/cli.py","thallybu","FINISHED","lightning.pytorch.cli.instantiate_module","False","None","threshold","0.6083913525168239","250","True","ShallowAutoencoder","None","","","1024","/data/thallybu/cache","1e-06","0","emnist_digits_dinov2_vits14","0.012148856784032047","","True","384","","[128, 64]","","","1e-06","0.00044990906090564036","False","0","5","28","","","10","4","","0.244778118387659","L","random","None","3","25","1.2","fixed_k","","1.0","","42","10","[0.9, 0.1]","0.18901059192757888","0.1","False","True","True","2","99","0.00044990906090564036","23.7","127563.6","58204.4","31.3","17951.78616300039","28483.747271999717","40227.2","14.9","0.0028084092773497105","754.7007446289062","0.4100697636604309","0.1780373454093933","0.3026553988456726","0.21488098800182343","","","","","","","","","","","0.4704154133796692","","","","","","","","","","","0.4983733892440796","","","","","","","","","","","0.3731020987033844","","","","","","","","0.5034558773040771","0.4788404107093811","0.42833825945854187","0.39652785658836365","0.5155346989631653","10","0.6083913445472717","0.005276916082948446","0.002716327551752329","0.003120413050055504","","","","","","","","","","","0.002956758951768279","","","","","","","","","","","0.0027765920385718346","","","","","","","","","","","0.003629542887210846","","","","","","","","0.003201026702299714","0.003524896688759327","0.0032230238430202007","0.0030826933216303587","0.0028512822464108467","0.04718209430575371","0.047502193599939346","114","30","250","0.031082559376955032","159103","16919","0.01013517938554287","0.8262916803359985","0.8262916803359985","0","0.8237878680229187","0.8262916803359985","0.17370833456516266","8.409422874450684","0.6698599457740784","0.04682891070842743","0.5636036992073059"
"2026-04-06 14:44:58","1.6h","f8f48a58d9b24898b127747f66f749de","ssl_emnist_digits_dino-2-seed5","LOCAL","src/cli.py","thallybu","FINISHED","lightning.pytorch.cli.instantiate_module","False","None","threshold","0.6083913525168239","250","True","ShallowAutoencoder","None","","","1024","/data/thallybu/cache","1e-06","0","emnist_digits_dinov2_vits14","0.012148856784032047","","True","384","","[128, 64]","","","1e-06","0.00044990906090564036","False","0","5","28","","","10","4","","0.244778118387659","L","random","None","2","25","1.2","fixed_k","","1.0","","42","10","[0.9, 0.1]","0.18901059192757888","0.1","False","True","True","2","99","0.00044990906090564036","25.5","127565.5","58202.5","31.3","18112.41570400074","28180.709296002984","38986.6","14.4","0.002048846334218979","722.3804321289062","0.41370245814323425","0.17998281121253967","0.3980022370815277","0.21259748935699463","","","","","","","","","","","0.5945801138877869","","","","","","","","","","","0.46535634994506836","","","","","","","","","","","0.3677877187728882","","","","","","","","0.48735180497169495","0.4597983956336975","0.3955077826976776","0.3656989634037018","0.5255351662635803","10","0.6083913445472717","0.005431750323623419","0.0030375157948583364","0.0030346896965056658","","","","","","","","","","","0.0026314391288906336","","","","","","","","","","","0.0023341896012425423","","","","","","","","","","","0.003045452758669853","","","","","","","","0.003423422807827592","0.002945340471342206","0.00325985555537045","0.003041357034817338","0.002518539782613516","0.045325569808483124","0.04553192853927612","202","20","250","0.029271794483065605","152372","18260","0.010120514780282974","0.7339583039283752","0.7339583039283752","0","0.7316844463348389","0.7339583039283752","0.26604166626930237","8.347508430480957","0.8447344303131104","0.04496341571211815","0.7966248393058777"
"2026-04-06 14:44:44","1.6h","0f1b345094e04b109cb071b52ce0009b","ssl_emnist_digits_dino-2-seed4","LOCAL","src/cli.py","thallybu","FINISHED","lightning.pytorch.cli.instantiate_module","False","None","threshold","0.6083913525168239","250","True","ShallowAutoencoder","None","","","1024","/data/thallybu/cache","1e-06","0","emnist_digits_dinov2_vits14","0.012148856784032047","","True","384","","[128, 64]","","","1e-06","0.00044990906090564036","False","0","5","28","","","10","4","","0.244778118387659","L","random","None","2","25","1.2","fixed_k","","1.0","","42","10","[0.9, 0.1]","0.18901059192757888","0.1","False","True","True","2","99","0.00044990906090564036","25.8","127566.4","58201.6","31.3","18297.311374999583","27627.897290002555","42751.5","15.8","0.001690418692305684","717.9505004882812","0.4062630832195282","0.17503169178962708","0.2961515486240387","0.2122952789068222","","","","","","","","","","","0.5729749202728271","","","","","","","","","","","0.5536362528800964","","","","","","","","","","","0.39968204498291016","","","","","","","","0.4839226305484772","0.4699825942516327","0.4043676257133484","0.4098030626773834","0.4745450019836426","10","0.6083913445472717","0.005125712603330612","0.0026883811224251986","0.003185083158314228","","","","","","","","","","","0.002542091766372323","","","","","","","","","","","0.0028864413034170866","","","","","","","","","","","0.003728013252839446","","","","","","","","0.0034157363697886467","0.00306063424795866","0.0030925527680665255","0.0030451305210590363","0.002769851591438055","0.04608992114663124","0.045570891350507736","157","20","250","0.030413907021284103","151393","17034","0.010136501863598824","0.7717083096504211","0.7717083096504211","0","0.763569712638855","0.7717083096504211","0.22829166054725647","11.577285766601562","0.7970757484436035","0.039276544004678726","0.7710061073303223"
"2026-04-06 14:42:06","1.6h","86d4d0413cee49d48fa61620c12b581a","ssl_emnist_digits_dino-2-seed3","LOCAL","src/cli.py","thallybu","FINISHED","lightning.pytorch.cli.instantiate_module","False","None","threshold","0.6083913525168239","250","True","ShallowAutoencoder","None","","","1024","/data/thallybu/cache","1e-06","0","emnist_digits_dinov2_vits14","0.012148856784032047","","True","384","","[128, 64]","","","1e-06","0.00044990906090564036","False","0","5","28","","","10","4","","0.244778118387659","L","random","None","2","25","1.2","fixed_k","","1.0","","42","10","[0.9, 0.1]","0.18901059192757888","0.1","False","True","True","2","99","0.00044990906090564036","22.3","127565.8","58202.3","31.3","19568.235667999834","28869.858682997525","39003.6","14.4","0.0016806900966912508","767.2062377929688","0.3997485637664795","0.16338667273521423","0.30852314829826355","0.20948830246925354","","","","","","","","","","","0.46555835008621216","","","","","","","","","","","0.449903666973114","","","","","","","","","","","0.3751920163631439","","","","","","","","0.5119348764419556","0.49839743971824646","0.3978537321090698","0.38036590814590454","0.43824782967567444","10","0.6083913445472717","0.005392713937908411","0.002675909548997879","0.003068355144932866","","","","","","","","","","","0.003006902989000082","","","","","","","","","","","0.0022947201505303383","","","","","","","","","","","0.0036301035434007645","","","","","","","","0.0027463329024612904","0.0029111779294908047","0.0029957215301692486","0.0030172273982316256","0.00299081695266068","0.045249320566654205","0.04569881781935692","198","20","250","0.02933727577328682","161826","16021","0.010107938200235367","0.8343750238418579","0.8343750238418579","0","0.82627934217453","0.8343750238418579","0.16562499105930328","12.638155937194824","0.749883770942688","0.04465703293681145","0.915971577167511"
"2026-04-06 14:38:44","1.6h","6487a7217e954ce49596b62c3a6901a8","ssl_emnist_digits_dino-2-seed2","LOCAL","src/cli.py","thallybu","FINISHED","lightning.pytorch.cli.instantiate_module","False","None","threshold","0.6083913525168239","250","True","ShallowAutoencoder","None","","","1024","/data/thallybu/cache","1e-06","0","emnist_digits_dinov2_vits14","0.012148856784032047","","True","384","","[128, 64]","","","1e-06","0.00044990906090564036","False","0","5","28","","","10","4","","0.244778118387659","L","random","None","2","25","1.2","fixed_k","","1.0","","42","10","[0.9, 0.1]","0.18901059192757888","0.1","False","True","True","2","99","0.00044990906090564036","24.7","127568.6","58199.4","31.3","19391.36391299963","28114.897422000766","41249","15.3","0.001784426043741405","731.037353515625","0.4252674877643585","0.18246574699878693","0.33547157049179077","0.22215582430362701","","","","","","","","","","","0.6047841906547546","","","","","","","","","","","0.57048499584198","","","","","","","","","","","0.3718741536140442","","","","","","","","0.484752357006073","0.5155662298202515","0.4180538058280945","0.38831230998039246","0.4534945785999298","10","0.6083913445472717","0.00532497838139534","0.002997615374624729","0.0032201879657804966","","","","","","","","","","","0.002402622252702713","","","","","","","","","","","0.0031731368508189917","","","","","","","","","","","0.0036438084207475185","","","","","","","","0.002815301762893796","0.002805400639772415","0.0031275316141545773","0.0031624557450413704","0.0029747041407972574","0.046200938522815704","0.04583519324660301","230","20","250","0.030322762206196785","154227","17393","0.010116390883922577","0.7488750219345093","0.7488750219345093","0","0.7519490718841553","0.7488750219345093","0.2511250078678131","9.722578048706055","0.8084676265716553","0.04044651985168457","0.727344274520874"
"2026-04-06 14:37:46","1.6h","75c274284d8442a1b3ffb4dfedd30662","ssl_emnist_digits_dino-2-seed1","LOCAL","src/cli.py","thallybu","FINISHED","lightning.pytorch.cli.instantiate_module","False","None","threshold","0.6083913525168239","250","True","ShallowAutoencoder","None","","","1024","/data/thallybu/cache","1e-06","0","emnist_digits_dinov2_vits14","0.012148856784032047","","True","384","","[128, 64]","","","1e-06","0.00044990906090564036","False","0","5","28","","","10","4","","0.244778118387659","L","random","None","2","25","1.2","fixed_k","","1.0","","42","10","[0.9, 0.1]","0.18901059192757888","0.1","False","True","True","2","99","0.00044990906090564036","22.7","127569.4","58198.6","31.3","19357.005447998643","27947.796451997012","39688","14.7","0.0019310318166390061","756.3617553710938","0.4108137786388397","0.18052193522453308","0.30226030945777893","0.22416074573993683","","","","","","","","","","","0.4342886209487915","","","","","","","","","","","0.5386670231819153","","","","","","","","","","","0.38369020819664","","","","","","","","0.46286365389823914","0.45813482999801636","0.500521183013916","0.36961451172828674","0.4909777045249939","10","0.6083913445472717","0.0053828321397304535","0.0027190246619284153","0.003127116709947586","","","","","","","","","","","0.002949529094621539","","","","","","","","","","","0.002744237193837762","","","","","","","","","","","0.0037473307456821203","","","","","","","","0.0028730810154229403","0.0029745495412498713","0.004040898755192757","0.0030752134043723345","0.002738264622166753","0.046959683299064636","0.046828728169202805","174","20","250","0.030989237129688263","159514","16885","0.010114915668964386","0.734083354473114","0.734083354473114","0","0.7185441851615906","0.734083354473114","0.2659166753292084","12.002400398254395","0.9794385433197021","0.0477677546441555","1.159533143043518"
"2026-04-06 14:34:16","1.6h","4a269dcdfff74346a4ae2a2342c9dad4","ssl_emnist_digits_dino-1-seed5","LOCAL","src/cli.py","thallybu","FINISHED","lightning.pytorch.cli.instantiate_module","False","None","threshold","0.6083913525168239","250","True","ShallowAutoencoder","None","","","1024","/data/thallybu/cache","1e-06","0","emnist_digits_dinov2_vits14","0.012148856784032047","","True","384","","[128, 64]","","","1e-06","0.00044990906090564036","False","0","5","28","","","10","4","","0.244778118387659","L","random","None","1","25","1.2","fixed_k","","1.0","","42","10","[0.9, 0.1]","0.18901059192757888","0.1","False","True","True","2","99","0.00044990906090564036","23.3","127571.6","58196.4","31.3","19374.251214999706","27568.07964700088","41230.8","15.2","0.001222499180585146","727.4533081054688","0.42145222425460815","0.1791917383670807","0.36045220494270325","0.22862286865711212","","","","","","","","","","","0.5422282218933105","","","","","","","","","","","0.46805810928344727","","","","","","","","","","","0.370285302400589","","","","","","","","0.5345129370689392","0.5376743078231812","0.44288310408592224","0.41631749272346497","0.5219942927360535","10","0.6083913445472717","0.005035563837736845","0.0030248842667788267","0.0032518908847123384","","","","","","","","","","","0.002592239063233137","","","","","","","","","","","0.002298077568411827","","","","","","","","","","","0.0034920694306492805","","","","","","","","0.0031082420609891415","0.004686827305704355","0.003445602720603347","0.003104425733909011","0.0029207251500338316","0.04736184701323509","0.04768116772174835","151","10","250","0.03192497789859772","153390","18111","0.01010205689817667","0.7058333158493042","0.7058333158493042","0","0.686880886554718","0.7058333158493042","0.2941666543483734","11.210750579833984","0.9629486203193665","0.04311465099453926","1.0163676738739014"
"2026-04-06 13:18:37","1.5h","faf15d0bc454492f8b58002644d76d41","ssl_emnist_digits_dino-1-seed4","LOCAL","src/cli.py","thallybu","FINISHED","lightning.pytorch.cli.instantiate_module","False","None","threshold","0.6083913525168239","250","True","ShallowAutoencoder","None","","","1024","/data/thallybu/cache","1e-06","0","emnist_digits_dinov2_vits14","0.012148856784032047","","True","384","","[128, 64]","","","1e-06","0.00044990906090564036","False","0","5","28","","","10","4","","0.244778118387659","L","random","None","1","25","1.2","fixed_k","","1.0","","42","10","[0.9, 0.1]","0.18901059192757888","0.1","False","True","True","2","99","0.00044990906090564036","27.1","127614.1","58153.9","31.3","13151.240943999961","23810.018203999847","39483.7","14.6","0.0011726281372830272","704.0272827148438","0.4376073181629181","0.18741253018379211","0.34893694519996643","0.21561725437641144","","","","","","","","","","","0.6790483593940735","","","","","","","","","","","0.4366258382797241","","","","","","","","","","","0.3694966733455658","","","","","","","","0.5550861358642578","0.44610732793807983","0.39609628915786743","0.5298083424568176","0.4467131793498993","10","0.6083913445472717","0.005024493206292391","0.0029953590128570795","0.0032199975103139877","","","","","","","","","","","0.0029415094759315252","","","","","","","","","","","0.0023026876151561737","","","","","","","","","","","0.003758419072255492","","","","","","","","0.0026141332928091288","0.0030192253179848194","0.0033683322835713625","0.0032681110315024853","0.0031195071060210466","0.04602533578872681","0.04517566040158272","155","10","250","0.03060728684067726","148452","17454","0.010106545872986317","0.6995833516120911","0.6995833516120911","0","0.7012608647346497","0.6995833516120911","0.3004166781902313","9.24936580657959","0.9359453916549683","0.04075971245765686","0.8902084827423096"
"2026-04-06 13:14:38","1.5h","0b704ec911994897a17629a3c33d4ff0","ssl_emnist_digits_dino-1-seed3","LOCAL","src/cli.py","thallybu","FINISHED","lightning.pytorch.cli.instantiate_module","False","None","threshold","0.6083913525168239","250","True","ShallowAutoencoder","None","","","1024","/data/thallybu/cache","1e-06","0","emnist_digits_dinov2_vits14","0.012148856784032047","","True","384","","[128, 64]","","","1e-06","0.00044990906090564036","False","0","5","28","","","10","4","","0.244778118387659","L","random","None","1","25","1.2","fixed_k","","1.0","","42","10","[0.9, 0.1]","0.18901059192757888","0.1","False","True","True","2","99","0.00044990906090564036","26.4","127617.2","58150.8","31.3","11616.255328999832","23162.137791000307","40077.6","14.8","0.0010572174796834588","751.7214965820312","0.4153968393802643","0.17480473220348358","0.32435086369514465","0.21454747021198273","","","","","","","","","","","0.4949743151664734","","","","","","","","","","","0.44850853085517883","","","","","","","","","","","0.37590351700782776","","","","","","","","0.5050292611122131","0.5767609477043152","0.39605003595352173","0.3712509274482727","0.4650932550430298","10","0.6083913445472717","0.005051579792052507","0.0027347716968506575","0.003235857468098402","","","","","","","","","","","0.003491138108074665","","","","","","","","","","","0.0023338054306805134","","","","","","","","","","","0.0037785645108669996","","","","","","","","0.00288334465585649","0.002987686777487397","0.0030369118321686983","0.0030699032358825207","0.003010357031598687","0.045964326709508896","0.04626103490591049","232","10","250","0.030562344938516617","158592","16719","0.010091635398566723","0.8218749761581421","0.8218749761581421","0","0.8179401159286499","0.8218749761581421","0.17812499403953552","9.781233787536621","0.727698564529419","0.04714687541127205","0.7231749892234802"
"2026-04-06 13:14:33","1.5h","94918c09984b4372b22dec83b590fbab","ssl_emnist_digits_dino-1-seed2","LOCAL","src/cli.py","thallybu","FINISHED","lightning.pytorch.cli.instantiate_module","False","None","threshold","0.6083913525168239","250","True","ShallowAutoencoder","None","","","1024","/data/thallybu/cache","1e-06","0","emnist_digits_dinov2_vits14","0.012148856784032047","","True","384","","[128, 64]","","","1e-06","0.00044990906090564036","False","0","5","28","","","10","4","","0.244778118387659","L","random","None","1","25","1.2","fixed_k","","1.0","","42","10","[0.9, 0.1]","0.18901059192757888","0.1","False","True","True","2","99","0.00044990906090564036","26.5","127615.8","58152.2","31.3","12691.456048998982","23841.561583001167","39903.4","14.8","0.0013014108408242464","738.8358764648438","0.42220255732536316","0.1723654419183731","0.31453758478164673","0.27776038646698","","","","","","","","","","","0.6569838523864746","","","","","","","","","","","0.49170058965682983","","","","","","","","","","","0.37520894408226013","","","","","","","","0.505005955696106","0.45132923126220703","0.4109416604042053","0.4062586724758148","0.43069443106651306","9.985777854919434","0.6083913445472717","0.005008124280720949","0.0027391572948545218","0.0030061297584325075","","","","","","","","","","","0.0028289933688938618","","","","","","","","","","","0.003222457831725478","","","","","","","","","","","0.003806938184425235","","","","","","","","0.002558539854362607","0.0029030973091721535","0.003183371154591441","0.0032783583737909794","0.0033723367378115654","0.04617704078555107","0.045855600386857986","179","10","250","0.030851418152451515","155821","17511","0.009998945519328117","0.6614999771118164","0.6614999771118164","0","0.6308203935623169","0.6614999771118164","0.3384999930858612","54.73272705078125","1.9926942586898804","0.04308207705616951","3.8805267810821533"
"2026-04-06 13:14:01","1.5h","c27d61a9c75e4666aee90c642be68b98","ssl_emnist_digits_dino-1-seed1","LOCAL","src/cli.py","thallybu","FINISHED","lightning.pytorch.cli.instantiate_module","False","None","threshold","0.6083913525168239","250","True","ShallowAutoencoder","None","","","1024","/data/thallybu/cache","1e-06","0","emnist_digits_dinov2_vits14","0.012148856784032047","","True","384","","[128, 64]","","","1e-06","0.00044990906090564036","False","0","5","28","","","10","4","","0.244778118387659","L","random","None","1","25","1.2","fixed_k","","1.0","","42","10","[0.9, 0.1]","0.18901059192757888","0.1","False","True","True","2","99","0.00044990906090564036","27.7","127586.6","58181.5","31.3","12914.534383000806","24163.347418997437","39692.2","14.7","0.00113482226151973","779.4639892578125","0.40216144919395447","0.18050546944141388","0.30700889229774475","0.21416176855564117","","","","","","","","","","","0.4071146845817566","","","","","","","","","","","0.4934331476688385","","","","","","","","","","","0.37168800830841064","","","","","","","","0.4599591791629791","0.4952397346496582","0.49928051233291626","0.33744269609451294","0.49502262473106384","9.995259284973145","0.6083913445472717","0.004816810134798288","0.0027710089925676584","0.0031677107326686382","","","","","","","","","","","0.0031570480205118656","","","","","","","","","","","0.0031531474087387323","","","","","","","","","","","0.0038526987191289663","","","","","","","","0.0035865146201103926","0.003197058569639921","0.004392794333398342","0.0030037490651011467","0.0028530643321573734","0.04824952408671379","0.04874943941831589","208","10","250","0.03311396762728691","164422","13681","0.010040963999927044","0.6695416569709778","0.6695416569709778","0","0.6372984051704407","0.6695416569709778","0.3304583430290222","19.35984992980957","1.2957401275634766","0.04240613430738449","1.7088046073913574"
"2026-04-06 13:13:42","1.9h","70c4b889ec4041fea384d95e6343b3e3","ssl_emnist_digits_conv-5-seed5","LOCAL","src/cli.py","thallybu","FINISHED","lightning.pytorch.cli.instantiate_module","False","None","threshold","0.6915232767461349","25","True","ShallowConvAutoencoder","","[16, 32]","[1, 28, 28]","1024","","1e-06","0","EMNIST","0.13468293896362268","digits","True","784","True","None","L","[224, 224]","1e-06","0.002496281467822924","False","0","5","7","None","None","10","4","False","0.21642194080630278","L","random","None","5","50","1.3931184370638707","fixed_k","True","1.0","/data/thallybu/datasets/EMNIST","42","10","[0.9, 0.1]","0.026412139234542886","0.1","False","True","True","2","99","0.002496281467822924","26.8","127604.1","58163.9","31.3","19239.638232000172","29797.65490199998","43087.7","15.9","0.018415886908769608","914.187255859375","0.38784727454185486","0.1885569542646408","0.27934327721595764","0.4146619141101837","","","","","","","","","","","0.3430933356285095","","","","","","","","","","","0.44959965348243713","","","","","","","","","","","0.39812761545181274","","","","","","","","0.3633611798286438","0.30487650632858276","0.3873675763607025","0.46277618408203125","0.44152548909187317","9.976296424865723","0.6915232539176941","0.014629852026700974","0.017268938943743706","0.008633446879684925","","","","","","","","","","","0.05994659662246704","","","","","","","","","","","0.02599019557237625","","","","","","","","","","","0.018478339537978172","","","","","","","","0.02000010386109352","0.02292311005294323","0.015838833525776863","0.02140648290514946","0.016601961106061935","0.25099360942840576","0.25097930431365967","379","50","500","0.22566713392734528","192769","15170","0.006711124442517757","0.8385416865348816","0.8385416865348816","0","0.8003726005554199","0.8385416865348816","0.1614583283662796","15.10636043548584","0.7963252067565918","0.029907986521720886","1.2429497241973877"
"2026-04-06 12:50:16","1.8h","a50a0deaa7e244a7a1eeb9fa245fe6a9","ssl_emnist_digits_conv-5-seed4","LOCAL","src/cli.py","thallybu","FINISHED","lightning.pytorch.cli.instantiate_module","False","None","threshold","0.6915232767461349","25","True","ShallowConvAutoencoder","","[16, 32]","[1, 28, 28]","1024","","1e-06","0","EMNIST","0.13468293896362268","digits","True","784","True","None","L","[224, 224]","1e-06","0.002496281467822924","False","0","5","7","None","None","10","4","False","0.21642194080630278","L","random","None","5","50","1.3931184370638707","fixed_k","True","1.0","/data/thallybu/datasets/EMNIST","42","10","[0.9, 0.1]","0.026412139234542886","0.1","False","True","True","2","99","0.002496281467822924","29","127619","58149","31.3","14691.194225000218","27496.08628800139","39416.2","14.6","0.019857928156852722","862.4014892578125","0.4136877655982971","0.19252997636795044","0.401412695646286","0.29145339131355286","","","","","","","","","","","0.38348907232284546","","","","","","","","","","","0.48294803500175476","","","","","","","","","","","0.44406428933143616","","","","","","","","0.5389849543571472","0.3690667748451233","0.4040231704711914","0.47993287444114685","0.5440494418144226","10","0.6915232539176941","0.01479823887348175","0.052578605711460114","0.008493353612720966","","","","","","","","","","","0.02705213986337185","","","","","","","","","","","0.02795710600912571","","","","","","","","","","","0.018202584236860275","","","","","","","","0.022329943254590034","0.01917898654937744","0.015213029459118843","0.023634793236851692","0.014890603721141815","0.255586713552475","0.26081112027168274","536","50","500","0.2295311540365219","181999","22916","0.006959627382457256","0.7520833611488342","0.7520833611488342","0","0.7150236368179321","0.7520833611488342","0.24791666865348816","16.11091423034668","1.0119048357009888","0.02120240405201912","1.3707796335220337"
"2026-04-06 12:47:00","1.8h","c0e7b89859f3499cbb059560d5cacd8f","ssl_emnist_digits_conv-5-seed3","LOCAL","src/cli.py","thallybu","FINISHED","lightning.pytorch.cli.instantiate_module","False","None","threshold","0.6915232767461349","25","True","ShallowConvAutoencoder","","[16, 32]","[1, 28, 28]","1024","","1e-06","0","EMNIST","0.13468293896362268","digits","True","784","True","None","L","[224, 224]","1e-06","0.002496281467822924","False","0","5","7","None","None","10","4","False","0.21642194080630278","L","random","None","5","50","1.3931184370638707","fixed_k","True","1.0","/data/thallybu/datasets/EMNIST","42","10","[0.9, 0.1]","0.026412139234542886","0.1","False","True","True","2","99","0.002496281467822924","32.3","127619.5","58148.5","31.3","15018.161046000198","27816.56705899909","41680.4","15.4","0.02429390698671341","893.033203125","0.38010111451148987","0.18698175251483917","0.2860853672027588","0.17887553572654724","","","","","","","","","","","0.4311490058898926","","","","","","","","","","","0.5847066044807434","","","","","","","","","","","0.40660902857780457","","","","","","","","0.4189925193786621","0.4667224884033203","0.3393801748752594","0.4400882124900818","0.5901526808738708","10","0.6915232539176941","0.013301721774041653","0.01832202449440956","0.003713492304086685","","","","","","","","","","","0.028566576540470123","","","","","","","","","","","0.0533733032643795","","","","","","","","","","","0.018912605941295624","","","","","","","","0.021531518548727036","0.05170853063464165","0.012210184708237648","0.027660151943564415","0.022540606558322906","0.28342488408088684","0.28403791785240173","429","50","500","0.2585390508174896","188356","19198","0.006326410919427872","0.684333324432373","0.684333324432373","0","0.6104262471199036","0.684333324432373","0.31566667556762695","14.42939567565918","1.1981195211410522","0.029968999326229095","1.5438662767410278"
"2026-04-06 12:45:11","1.8h","16f09032bfca413eb499846aff54dcf9","ssl_emnist_digits_conv-5-seed2","LOCAL","src/cli.py","thallybu","FINISHED","lightning.pytorch.cli.instantiate_module","False","None","threshold","0.6915232767461349","25","True","ShallowConvAutoencoder","","[16, 32]","[1, 28, 28]","1024","","1e-06","0","EMNIST","0.13468293896362268","digits","True","784","True","None","L","[224, 224]","1e-06","0.002496281467822924","False","0","5","7","None","None","10","4","False","0.21642194080630278","L","random","None","5","50","1.3931184370638707","fixed_k","True","1.0","/data/thallybu/datasets/EMNIST","42","10","[0.9, 0.1]","0.026412139234542886","0.1","False","True","True","2","99","0.002496281467822924","32.3","127621.3","58146.7","31.3","14831.391645999625","27305.696183998138","41262.6","15.3","0.011588076129555702","915.966796875","0.39381542801856995","0.20246824622154236","0.24418573081493378","0.2069285362958908","","","","","","","","","","","0.3908953368663788","","","","","","","","","","","0.45649394392967224","","","","","","","","","","","0.4682316184043884","","","","","","","","0.4223766624927521","0.24781471490859985","0.6826606392860413","0.3889305591583252","0.6017265319824219","10","0.6915232539176941","0.015508255921304226","0.014072258956730366","0.004495494533330202","","","","","","","","","","","0.02777896076440811","","","","","","","","","","","0.02256191149353981","","","","","","","","","","","0.02584068477153778","","","","","","","","0.022424159571528435","0.01347574032843113","0.011137250810861588","0.02268168516457081","0.01688023842871189","0.20647193491458893","0.20347248017787933","617","50","500","0.18134838342666626","193381","15075","0.007107343524694443","0.878125011920929","0.878125011920929","0","0.8725020289421082","0.878125011920929","0.12187499552965164","18.386526107788086","0.5958054065704346","0.05129358544945717","0.791008710861206"
"2026-04-06 11:14:23","2.1h","5a13642b41874cc0995e450d162a6938","ssl_emnist_digits_conv-5-seed1","LOCAL","src/cli.py","thallybu","FINISHED","lightning.pytorch.cli.instantiate_module","False","None","threshold","0.6915232767461349","25","True","ShallowConvAutoencoder","","[16, 32]","[1, 28, 28]","1024","","1e-06","0","EMNIST","0.13468293896362268","digits","True","784","True","None","L","[224, 224]","1e-06","0.002496281467822924","False","0","5","7","None","None","10","4","False","0.21642194080630278","L","random","None","5","50","1.3931184370638707","fixed_k","True","1.0","/data/thallybu/datasets/EMNIST","42","10","[0.9, 0.1]","0.026412139234542886","0.1","False","True","True","2","99","0.002496281467822924","43.9","127660.5","58107.5","31.3","28012.83151599951","24574.35974700004","41962.4","15.5","0.010629150085151196","914.9742431640625","0.3764653503894806","0.17288045585155487","0.4035260081291199","0.1579086184501648","","","","","","","","","","","0.3500162661075592","","","","","","","","","","","0.41352221369743347","","","","","","","","","","","0.40977346897125244","","","","","","","","0.43479424715042114","0.4188874661922455","0.3508838713169098","0.3946021497249603","0.49117910861968994","10","0.6915232539176941","0.015640921890735626","0.018932735547423363","0.0036301708314567804","","","","","","","","","","","0.02499421499669552","","","","","","","","","","","0.02217840403318405","","","","","","","","","","","0.02087355963885784","","","","","","","","0.022957418113946915","0.013680611737072468","0.011648542247712612","0.02252093143761158","0.014896262437105179","0.20123465359210968","0.2012799084186554","506","50","500","0.17631280422210693","193063","15153","0.006980422884225845","0.9082916378974915","0.9082916378974915","0","0.9089068174362183","0.9082916378974915","0.09170833230018616","12.817537307739258","0.558635950088501","0.026500020176172256","0.6965016722679138"
"2026-04-06 11:09:41","2.1h","c7c2c6d80f774f7a934eb9603eeb3ff1","ssl_emnist_digits_conv-4-seed5","LOCAL","src/cli.py","thallybu","FINISHED","lightning.pytorch.cli.instantiate_module","False","None","threshold","0.6915232767461349","25","True","ShallowConvAutoencoder","","[16, 32]","[1, 28, 28]","1024","","1e-06","0","EMNIST","0.13468293896362268","digits","True","784","True","None","L","[224, 224]","1e-06","0.002496281467822924","False","0","5","7","None","None","10","4","False","0.21642194080630278","L","random","None","4","50","1.3931184370638707","fixed_k","True","1.0","/data/thallybu/datasets/EMNIST","42","10","[0.9, 0.1]","0.026412139234542886","0.1","False","True","True","2","99","0.002496281467822924","42.3","127662.7","58105.3","31.3","28038.75442400016","24530.114734999835","38600","14.3","0.00988838728517294","904.4844360351562","0.3811764121055603","0.18022358417510986","0.25304391980171204","0.2832579016685486","","","","","","","","","","","0.4047544598579407","","","","","","","","","","","0.44934648275375366","","","","","","","","","","","0.4151119887828827","","","","","","","","0.38476911187171936","0.3238295912742615","0.3694630563259125","0.3805701732635498","0.5302402377128601","10","0.6915232539176941","0.015591086819767952","0.014281549490988255","0.005266787018626928","","","","","","","","","","","0.025469113141298294","","","","","","","","","","","0.030533695593476295","","","","","","","","","","","0.018881691619753838","","","","","","","","0.02068481035530567","0.015380000695586205","0.009582560509443283","0.023034285753965378","0.015842875465750694","0.20364613831043243","0.20473630726337433","470","40","500","0.1789572834968567","190813","16474","0.006957662291824818","0.8684999942779541","0.8684999942779541","0","0.8677677512168884","0.8684999942779541","0.1315000057220459","19.624345779418945","0.6529092788696289","0.032698631286621094","1.0171066522598267"
"2026-04-06 11:09:40","2.1h","827669edbd474a6d933a57339b9fde60","ssl_emnist_digits_conv-4-seed4","LOCAL","src/cli.py","thallybu","FINISHED","lightning.pytorch.cli.instantiate_module","False","None","threshold","0.6915232767461349","25","True","ShallowConvAutoencoder","","[16, 32]","[1, 28, 28]","1024","","1e-06","0","EMNIST","0.13468293896362268","digits","True","784","True","None","L","[224, 224]","1e-06","0.002496281467822924","False","0","5","7","None","None","10","4","False","0.21642194080630278","L","random","None","4","50","1.3931184370638707","fixed_k","True","1.0","/data/thallybu/datasets/EMNIST","42","10","[0.9, 0.1]","0.026412139234542886","0.1","False","True","True","2","99","0.002496281467822924","45.4","127663","58105","31.3","27933.96566900052","24340.004129998386","39456.4","14.6","0.009206647984683514","915.6965942382812","0.3501288890838623","0.17074552178382874","0.29612910747528076","0.2362367808818817","","","","","","","","","","","0.4156617522239685","","","","","","","","","","","0.4097781777381897","","","","","","","","","","","0.3679322898387909","","","","","","","","0.42781510949134827","0.2774764895439148","0.32079756259918213","0.4101598262786865","0.4165728986263275","10","0.6915232539176941","0.015655148774385452","0.017354344949126244","0.004002110566943884","","","","","","","","","","","0.025867372751235962","","","","","","","","","","","0.025160733610391617","","","","","","","","","","","0.018963729962706566","","","","","","","","0.020350314676761627","0.015828048810362816","0.012876054272055626","0.021106047555804253","0.01520459447056055","0.20135068893432617","0.20406363904476166","577","40","500","0.17671337723731995","193285","15349","0.00698965834453702","0.8951666951179504","0.8951666951179504","0","0.8937303423881531","0.8951666951179504","0.10483333468437195","8.267731666564941","0.5213903784751892","0.03400551900267601","0.553275465965271"
"2026-04-06 11:08:30","2.1h","9480592d4ed54dab85341a10d5530ffa","ssl_emnist_digits_conv-4-seed3","LOCAL","src/cli.py","thallybu","FINISHED","lightning.pytorch.cli.instantiate_module","False","None","threshold","0.6915232767461349","25","True","ShallowConvAutoencoder","","[16, 32]","[1, 28, 28]","1024","","1e-06","0","EMNIST","0.13468293896362268","digits","True","784","True","None","L","[224, 224]","1e-06","0.002496281467822924","False","0","5","7","None","None","10","4","False","0.21642194080630278","L","random","None","4","50","1.3931184370638707","fixed_k","True","1.0","/data/thallybu/datasets/EMNIST","42","10","[0.9, 0.1]","0.026412139234542886","0.1","False","True","True","2","99","0.002496281467822924","41.8","127662.7","58105.3","31.3","28239.66336800158","24845.927131999284","38595.1","14.3","0.0112997405230999","921.126220703125","0.3979993760585785","0.17800457775592804","0.2656392753124237","0.35610824823379517","","","","","","","","","","","0.3911413550376892","","","","","","","","","","","0.4653659164905548","","","","","","","","","","","0.4666547179222107","","","","","","","","0.4029546082019806","0.2722739279270172","0.44972366094589233","0.40567827224731445","0.5398093461990356","10","0.6915232539176941","0.015433820895850658","0.015518567524850368","0.004163073375821114","","","","","","","","","","","0.027551736682653427","","","","","","","","","","","0.028839098289608955","","","","","","","","","","","0.0182212945073843","","","","","","","","0.022336125373840332","0.015059323981404305","0.012686875648796558","0.02391831949353218","0.013565382920205593","0.20665036141872406","0.21168072521686554","435","40","500","0.1818597912788391","194289","13811","0.006911250296980143","0.8844166398048401","0.8844166398048401","0","0.8859449625015259","0.8844166398048401","0.11558333039283752","13.638607025146484","0.6561667323112488","0.05299462750554085","0.9512157440185547"
"2026-04-06 11:06:25","2.1h","47df71fa5b774942894c167eabf4afbc","ssl_emnist_digits_conv-4-seed2","LOCAL","src/cli.py","thallybu","FINISHED","lightning.pytorch.cli.instantiate_module","False","None","threshold","0.6915232767461349","25","True","ShallowConvAutoencoder","","[16, 32]","[1, 28, 28]","1024","","1e-06","0","EMNIST","0.13468293896362268","digits","True","784","True","None","L","[224, 224]","1e-06","0.002496281467822924","False","0","5","7","None","None","10","4","False","0.21642194080630278","L","random","None","4","50","1.3931184370638707","fixed_k","True","1.0","/data/thallybu/datasets/EMNIST","42","10","[0.9, 0.1]","0.026412139234542886","0.1","False","True","True","2","99","0.002496281467822924","41.1","127663.2","58104.8","31.3","28379.725463999435","25025.491868998855","41292.5","15.3","0.010415780358016491","902.9046020507812","0.4131416380405426","0.2005292922258377","0.42638009786605835","0.17838367819786072","","","","","","","","","","","0.4480758607387543","","","","","","","","","","","0.4572736620903015","","","","","","","","","","","0.3796679675579071","","","","","","","","0.5369194746017456","0.23539018630981445","0.45559537410736084","0.4450841248035431","0.5627484321594238","10","0.6915232539176941","0.015402656979858875","0.012906145304441452","0.004601328168064356","","","","","","","","","","","0.030595367774367332","","","","","","","","","","","0.02205142006278038","","","","","","","","","","","0.01966337487101555","","","","","","","","0.028748461976647377","0.013362671248614788","0.011543733067810535","0.024541394785046577","0.013454236090183258","0.20603781938552856","0.2120889574289322","352","40","500","0.1814681589603424","190362","17260","0.006912834942340851","0.8194583058357239","0.8194583058357239","0","0.8225772976875305","0.8194583058357239","0.18054166436195374","18.46615219116211","0.7260532975196838","0.029697928577661514","0.9044433236122131"
"2026-04-06 10:39:39","2.2h","67da74f6eef741fba77b99a261d063f6","ssl_emnist_digits_conv-4-seed1","LOCAL","src/cli.py","thallybu","FINISHED","lightning.pytorch.cli.instantiate_module","False","None","threshold","0.6915232767461349","25","True","ShallowConvAutoencoder","","[16, 32]","[1, 28, 28]","1024","","1e-06","0","EMNIST","0.13468293896362268","digits","True","784","True","None","L","[224, 224]","1e-06","0.002496281467822924","False","0","5","7","None","None","10","4","False","0.21642194080630278","L","random","None","4","50","1.3931184370638707","fixed_k","True","1.0","/data/thallybu/datasets/EMNIST","42","10","[0.9, 0.1]","0.026412139234542886","0.1","False","True","True","2","99","0.002496281467822924","44.5","127675.4","58092.6","31.3","33149.80880700052","25206.938250999898","40851.7","15.1","0.010140888392925262","894.1813354492188","0.407470166683197","0.1996484100818634","0.446773886680603","0.17709845304489136","","","","","","","","","","","0.36137330532073975","","","","","","","","","","","0.529547393321991","","","","","","","","","","","0.42652833461761475","","","","","","","","0.4891216456890106","0.489885538816452","0.3594611883163452","0.43057042360305786","0.5408019423484802","10","0.6915232539176941","0.015441893599927425","0.021256139501929283","0.003607013262808323","","","","","","","","","","","0.025543732568621635","","","","","","","","","","","0.020480619743466377","","","","","","","","","","","0.01969628408551216","","","","","","","","0.02220052480697632","0.018777672201395035","0.01088966615498066","0.023513514548540115","0.014422926120460033","0.20507916808128357","0.21086926758289337","490","40","500","0.18038815259933472","188659","18994","0.0070544942282140255","0.815750002861023","0.815750002861023","0","0.8120394349098206","0.815750002861023","0.18424999713897705","19.68454933166504","0.7419836521148682","0.03429846093058586","0.9116641283035278"
"2026-04-06 10:38:40","2.1h","8f2036e5988846e5900b52bc24e8e1a9","ssl_emnist_digits_conv-3-seed5","LOCAL","src/cli.py","thallybu","FINISHED","lightning.pytorch.cli.instantiate_module","False","None","threshold","0.6915232767461349","25","True","ShallowConvAutoencoder","","[16, 32]","[1, 28, 28]","1024","","1e-06","0","EMNIST","0.13468293896362268","digits","True","784","True","None","L","[224, 224]","1e-06","0.002496281467822924","False","0","5","7","None","None","10","4","False","0.21642194080630278","L","random","None","3","50","1.3931184370638707","fixed_k","True","1.0","/data/thallybu/datasets/EMNIST","42","10","[0.9, 0.1]","0.026412139234542886","0.1","False","True","True","2","99","0.002496281467822924","52.4","127677","58091","31.3","32874.529264001176","24744.005539998412","42318.6","15.7","0.007898055016994476","916.4263916015625","0.37917134165763855","0.17452389001846313","0.35731908679008484","0.2650677561759949","","","","","","","","","","","0.36740657687187195","","","","","","","","","","","0.4366559088230133","","","","","","","","","","","0.4456675946712494","","","","","","","","0.390292227268219","0.2927631437778473","0.34469375014305115","0.3848835229873657","0.4667418301105499","10","0.6915232539176941","0.015449228696525097","0.014555325731635094","0.0037549124099314213","","","","","","","","","","","0.024866169318556786","","","","","","","","","","","0.024875247851014137","","","","","","","","","","","0.017000798135995865","","","","","","","","0.01938367821276188","0.016314024105668068","0.009556400589644909","0.020491376519203186","0.01631077565252781","0.19119098782539368","0.19198991358280182","546","30","500","0.16710872948169708","193409","15305","0.006923753302544355","0.8618749976158142","0.8618749976158142","0","0.8627384901046753","0.8618749976158142","0.1381250023841858","35.28105545043945","0.9333636164665222","0.04060554876923561","2.1713473796844482"
"2026-04-06 10:38:06","2.1h","74dd6da1ecd24e47a60e500caa00a5df","ssl_emnist_digits_conv-3-seed4","LOCAL","src/cli.py","thallybu","FINISHED","lightning.pytorch.cli.instantiate_module","False","None","threshold","0.6915232767461349","25","True","ShallowConvAutoencoder","","[16, 32]","[1, 28, 28]","1024","","1e-06","0","EMNIST","0.13468293896362268","digits","True","784","True","None","L","[224, 224]","1e-06","0.002496281467822924","False","0","5","7","None","None","10","4","False","0.21642194080630278","L","random","None","3","50","1.3931184370638707","fixed_k","True","1.0","/data/thallybu/datasets/EMNIST","42","10","[0.9, 0.1]","0.026412139234542886","0.1","False","True","True","2","99","0.002496281467822924","37.7","127678","58090","31.3","32731.63057900034","24503.408382002264","41180.5","15.2","0.018321219831705093","900.0420532226562","0.4033358097076416","0.17750346660614014","0.2966049909591675","0.21838174760341644","","","","","","","","","","","0.4425995945930481","","","","","","","","","","","0.4132404923439026","","","","","","","","","","","0.37107130885124207","","","","","","","","0.3963214159011841","0.4247885048389435","0.39585697650909424","0.5187475085258484","0.4483875632286072","10","0.6915232539176941","0.01432598102837801","0.043654732406139374","0.003866448299959302","","","","","","","","","","","0.029574865475296974","","","","","","","","","","","0.02217349410057068","","","","","","","","","","","0.018433162942528725","","","","","","","","0.022700557485222816","0.018696950748562813","0.011883603408932686","0.025519277900457382","0.014478703029453754","0.23579376935958862","0.2523036599159241","630","30","500","0.21098186075687408","190035","17453","0.006520918570458889","0.8113333582878113","0.8113333582878113","0","0.7743554711341858","0.8113333582878113","0.1886666715145111","23.69985580444336","1.0680768489837646","0.01845436729490757","1.8832335472106934"
"2026-04-06 09:20:15","1.9h","4a897b059b3a4128a193ca33c2f7b523","ssl_emnist_digits_conv-3-seed3","LOCAL","src/cli.py","thallybu","FINISHED","lightning.pytorch.cli.instantiate_module","False","None","threshold","0.6915232767461349","25","True","ShallowConvAutoencoder","","[16, 32]","[1, 28, 28]","1024","","1e-06","0","EMNIST","0.13468293896362268","digits","True","784","True","None","L","[224, 224]","1e-06","0.002496281467822924","False","0","5","7","None","None","10","4","False","0.21642194080630278","L","random","None","3","50","1.3931184370638707","fixed_k","True","1.0","/data/thallybu/datasets/EMNIST","42","10","[0.9, 0.1]","0.026412139234542886","0.1","False","True","True","2","99","0.002496281467822924","40.8","127725.7","58042.3","31.2","19429.810728000477","23785.294418998063","38878.1","14.4","0.010526781901717186","913.0358276367188","0.39588451385498047","0.20238755643367767","0.7912454009056091","0.1895502805709839","","","","","","","","","","","0.3639182448387146","","","","","","","","","","","0.4350481927394867","","","","","","","","","","","0.36674919724464417","","","","","","","","0.40683600306510925","0.43673720955848694","0.35852038860321045","0.3992440104484558","0.5446486473083496","10","0.6915232539176941","0.01557281706482172","0.019799761474132538","0.003532661125063896","","","","","","","","","","","0.026795076206326485","","","","","","","","","","","0.022236598655581474","","","","","","","","","","","0.018977351486682892","","","","","","","","0.023876938968896866","0.02014584094285965","0.012297453358769417","0.023824620991945267","0.015527346171438694","0.2118765413761139","0.21299098432064056","433","30","500","0.1870136559009552","192580","16601","0.007011834066361189","0.8487499952316284","0.8487499952316284","0","0.840215802192688","0.8487499952316284","0.15125000476837158","13.42763900756836","0.6352358460426331","0.02678465098142624","0.7295616865158081"
"2026-04-06 09:16:39","1.9h","2d32e24ed5ec466ebee688cf62743b13","ssl_emnist_digits_conv-3-seed2","LOCAL","src/cli.py","thallybu","FINISHED","lightning.pytorch.cli.instantiate_module","False","None","threshold","0.6915232767461349","25","True","ShallowConvAutoencoder","","[16, 32]","[1, 28, 28]","1024","","1e-06","0","EMNIST","0.13468293896362268","digits","True","784","True","None","L","[224, 224]","1e-06","0.002496281467822924","False","0","5","7","None","None","10","4","False","0.21642194080630278","L","random","None","3","50","1.3931184370638707","fixed_k","True","1.0","/data/thallybu/datasets/EMNIST","42","10","[0.9, 0.1]","0.026412139234542886","0.1","False","True","True","2","99","0.002496281467822924","44.7","127728.2","58039.8","31.2","19281.19499800168","23498.400722000748","38728.6","14.3","0.008630526252090931","909.8009033203125","0.3600822687149048","0.17989960312843323","0.25035932660102844","0.24432244896888733","","","","","","","","","","","0.40947046875953674","","","","","","","","","","","0.49645906686782837","","","","","","","","","","","0.39328107237815857","","","","","","","","0.41207870841026306","0.2745150923728943","0.38571831583976746","0.3751428425312042","0.5422531366348267","10","0.6915232539176941","0.015786679461598396","0.014237274415791035","0.0067517622373998165","","","","","","","","","","","0.0258281659334898","","","","","","","","","","","0.02401731349527836","","","","","","","","","","","0.018589098006486893","","","","","","","","0.022879714146256447","0.01437283307313919","0.009954625740647316","0.023417649790644646","0.012793728150427341","0.1974399983882904","0.19800223410129547","349","30","500","0.17284217476844788","191813","15849","0.0069433581084012985","0.8869583606719971","0.8869583606719971","0","0.8854273557662964","0.8869583606719971","0.11304166913032532","12.181486129760742","0.5608890652656555","0.026226118206977844","0.6808546781539917"
"2026-04-06 09:16:06","1.9h","1279246f51e24cb5bddfb7eabd62ed2d","ssl_emnist_digits_conv-3-seed1","LOCAL","src/cli.py","thallybu","FINISHED","lightning.pytorch.cli.instantiate_module","False","None","threshold","0.6915232767461349","25","True","ShallowConvAutoencoder","","[16, 32]","[1, 28, 28]","1024","","1e-06","0","EMNIST","0.13468293896362268","digits","True","784","True","None","L","[224, 224]","1e-06","0.002496281467822924","False","0","5","7","None","None","10","4","False","0.21642194080630278","L","random","None","3","50","1.3931184370638707","fixed_k","True","1.0","/data/thallybu/datasets/EMNIST","42","10","[0.9, 0.1]","0.026412139234542886","0.1","False","True","True","2","99","0.002496281467822924","48","127728.8","58039.2","31.2","19253.849279999733","23352.300891000777","39958.9","14.8","0.014004180207848549","898.7703857421875","0.3871288299560547","0.18304145336151123","0.3065424859523773","0.1852002739906311","","","","","","","","","","","0.3965035676956177","","","","","","","","","","","0.4619464874267578","","","","","","","","","","","0.46479281783103943","","","","","","","","0.3880065381526947","0.2783375680446625","0","0.4896399974822998","0.506424069404602","9.014222145080566","0.6915232539176941","0.014355490915477276","0.015667689964175224","0.0035250491928309202","","","","","","","","","","","0.024598881602287292","","","","","","","","","","","0.028186911717057228","","","","","","","","","","","0.019092287868261337","","","","","","","","0.020311808213591576","0.014731737785041332","0.06157670542597771","0.023700051009655","0.015147190541028976","0.18949200212955475","0.19167384505271912","592","30","450","0.16583731770515442","189779","16839","0.006268349476158619","0.8202499747276306","0.8202499747276306","0","0.7819890379905701","0.8202499747276306","0.179749995470047","25.54257583618164","1.2637901306152344","0.03149380162358284","2.56457257270813"
"2026-04-06 09:14:08","1.9h","81408fa77f794848b160cd03fe06196a","ssl_emnist_digits_conv-2-seed5","LOCAL","src/cli.py","thallybu","FINISHED","lightning.pytorch.cli.instantiate_module","False","None","threshold","0.6915232767461349","25","True","ShallowConvAutoencoder","","[16, 32]","[1, 28, 28]","1024","","1e-06","0","EMNIST","0.13468293896362268","digits","True","784","True","None","L","[224, 224]","1e-06","0.002496281467822924","False","0","5","7","None","None","10","4","False","0.21642194080630278","L","random","None","2","50","1.3931184370638707","fixed_k","True","1.0","/data/thallybu/datasets/EMNIST","42","10","[0.9, 0.1]","0.026412139234542886","0.1","False","True","True","2","99","0.002496281467822924","44.8","127728.2","58039.8","31.2","19766.557820999995","24074.112712997943","38721.3","14.3","0.0066740368492901325","899.8388061523438","0.41893646121025085","0.19008533656597137","0.42530354857444763","0.2689259946346283","","","","","","","","","","","0.3783140480518341","","","","","","","","","","","0.4276973605155945","","","","","","","","","","","0.4909270703792572","","","","","","","","0.39884987473487854","0.4123716354370117","0.4298473596572876","0.38665640354156494","0.4728964567184448","10","0.6915232539176941","0.01578078791499138","0.01301625557243824","0.0038316587451845407","","","","","","","","","","","0.02443983033299446","","","","","","","","","","","0.02484484389424324","","","","","","","","","","","0.01698293909430504","","","","","","","","0.018520552664995193","0.01872502826154232","0.009246690198779106","0.02116790972650051","0.018064014613628387","0.1932310163974762","0.18851733207702637","387","20","500","0.1688397377729416","189750","18511","0.007166124880313873","0.746833324432373","0.746833324432373","0","0.738827109336853","0.746833324432373","0.25316667556762695","32.10002517700195","1.3231323957443237","0.03094479627907276","2.4575493335723877"
"2026-04-06 09:12:27","1.9h","a8ee14b18ca548e48fd3ed352e7a5196","ssl_emnist_digits_conv-2-seed4","LOCAL","src/cli.py","thallybu","FINISHED","lightning.pytorch.cli.instantiate_module","False","None","threshold","0.6915232767461349","25","True","ShallowConvAutoencoder","","[16, 32]","[1, 28, 28]","1024","","1e-06","0","EMNIST","0.13468293896362268","digits","True","784","True","None","L","[224, 224]","1e-06","0.002496281467822924","False","0","5","7","None","None","10","4","False","0.21642194080630278","L","random","None","2","50","1.3931184370638707","fixed_k","True","1.0","/data/thallybu/datasets/EMNIST","42","10","[0.9, 0.1]","0.026412139234542886","0.1","False","True","True","2","99","0.002496281467822924","50","127729.9","58038.1","31.2","19564.716104000807","23668.165164001286","42579.8","15.7","0.007241958752274513","868.3386840820312","0.4347175061702728","0.20537544786930084","0.47312262654304504","0.22355055809020996","","","","","","","","","","","0.5266112685203552","","","","","","","","","","","0.539821445941925","","","","","","","","","","","0.5012393593788147","","","","","","","","0.45360225439071655","0.2855874001979828","0.34515830874443054","0.5192905068397522","0.48804524540901184","10","0.6915232539176941","0.015746425837278366","0.01444785576313734","0.003475870005786419","","","","","","","","","","","0.028265196830034256","","","","","","","","","","","0.021035509184002876","","","","","","","","","","","0.02241239696741104","","","","","","","","0.02348918840289116","0.0158125888556242","0.011245611123740673","0.02184031344950199","0.015596889890730381","0.202164888381958","0.2038096934556961","600","20","500","0.17762136459350586","183316","20752","0.007229705341160297","0.7512500286102295","0.7512500286102295","0","0.7445695400238037","0.7512500286102295","0.2487500011920929","25.860355377197266","0.8707748651504517","0.017923196777701378","1.2351082563400269"
"2026-04-06 08:49:54","1.8h","33268f3c75e446e1bbbec2edfcdb53da","ssl_emnist_digits_conv-2-seed3","LOCAL","src/cli.py","thallybu","FINISHED","lightning.pytorch.cli.instantiate_module","False","None","threshold","0.6915232767461349","25","True","ShallowConvAutoencoder","","[16, 32]","[1, 28, 28]","1024","","1e-06","0","EMNIST","0.13468293896362268","digits","True","784","True","None","L","[224, 224]","1e-06","0.002496281467822924","False","0","5","7","None","None","10","4","False","0.21642194080630278","L","random","None","2","50","1.3931184370638707","fixed_k","True","1.0","/data/thallybu/datasets/EMNIST","42","10","[0.9, 0.1]","0.026412139234542886","0.1","False","True","True","2","99","0.002496281467822924","49.7","127744.6","58023.4","31.2","14043.17273500003","22800.152553997934","42993.1","15.9","0.011636069044470787","881.9096069335938","0.39277440309524536","0.1833643913269043","0.30763837695121765","0.2610316276550293","","","","","","","","","","","0","","","","","","","","","","","0.43436527252197266","","","","","","","","","","","0.378677099943161","","","","","","","","0.5245245695114136","0.3422568738460541","0.4772593677043915","0.4371950030326843","0.57164067029953","9.009481430053711","0.6915232539176941","0.014809108339250088","0.018095185980200768","0.005626607686281204","","","","","","","","","","","0.04625778645277023","","","","","","","","","","","0.023281604051589966","","","","","","","","","","","0.018194695934653282","","","","","","","","0.024062849581241608","0.018530532717704773","0.019331425428390503","0.021497176960110664","0.013419401831924915","0.1863422691822052","0.19131290912628174","339","20","450","0.16247810423374176","185968","19969","0.0065367566421628","0.7009999752044678","0.7009999752044678","0","0.6487995386123657","0.7009999752044678","0.29899999499320984","20.557350158691406","1.436489462852478","0.03228689357638359","2.1407811641693115"
"2026-04-06 08:48:57","1.8h","24976db19aba4557b11eda4946ca582c","ssl_emnist_digits_conv-2-seed2","LOCAL","src/cli.py","thallybu","FINISHED","lightning.pytorch.cli.instantiate_module","False","None","threshold","0.6915232767461349","25","True","ShallowConvAutoencoder","","[16, 32]","[1, 28, 28]","1024","","1e-06","0","EMNIST","0.13468293896362268","digits","True","784","True","None","L","[224, 224]","1e-06","0.002496281467822924","False","0","5","7","None","None","10","4","False","0.21642194080630278","L","random","None","2","50","1.3931184370638707","fixed_k","True","1.0","/data/thallybu/datasets/EMNIST","42","10","[0.9, 0.1]","0.026412139234542886","0.1","False","True","True","2","99","0.002496281467822924","44.1","127743.8","58024.2","31.2","14540.686005000025","23530.18767800182","37845","14","0.00811540987342596","903.9122924804688","0.35867398977279663","0.17842476069927216","0.29039785265922546","0.2989549934864044","","","","","","","","","","","0.45919686555862427","","","","","","","","","","","0.43565434217453003","","","","","","","","","","","0.4099803566932678","","","","","","","","0.35315611958503723","0.25528573989868164","0.34018608927726746","0.3849344551563263","0.5272161364555359","10","0.6915232539176941","0.015871500596404076","0.016836611554026604","0.008041076362133026","","","","","","","","","","","0.030059833079576492","","","","","","","","","","","0.02424597553908825","","","","","","","","","","","0.019740132614970207","","","","","","","","0.020835217088460922","0.014494604431092739","0.01019738893955946","0.023726070299744606","0.012676646932959557","0.2054642289876938","0.20780710875988007","460","20","500","0.18085353076457977","190682","17810","0.006982884835451841","0.8793749809265137","0.8793749809265137","0","0.8774870038032532","0.8793749809265137","0.12062499672174454","17.85508155822754","0.5753867626190186","0.03639109432697296","0.7181797027587891"
"2026-04-06 08:47:53","1.8h","6142e5cfaf6643dd88c6fdaf388af2d5","ssl_emnist_digits_conv-2-seed1","LOCAL","src/cli.py","thallybu","FINISHED","lightning.pytorch.cli.instantiate_module","False","None","threshold","0.6915232767461349","25","True","ShallowConvAutoencoder","","[16, 32]","[1, 28, 28]","1024","","1e-06","0","EMNIST","0.13468293896362268","digits","True","784","True","None","L","[224, 224]","1e-06","0.002496281467822924","False","0","5","7","None","None","10","4","False","0.21642194080630278","L","random","None","2","50","1.3931184370638707","fixed_k","True","1.0","/data/thallybu/datasets/EMNIST","42","10","[0.9, 0.1]","0.026412139234542886","0.1","False","True","True","2","99","0.002496281467822924","41.7","127744.3","58023.7","31.2","14550.26803999953","23603.063618998975","39039.2","14.4","0.006765192840248346","897.1697998046875","0.3852928876876831","0.1790120005607605","0.4469652473926544","0.17229996621608734","","","","","","","","","","","0.3447939157485962","","","","","","","","","","","0.4172179102897644","","","","","","","","","","","0.3997079133987427","","","","","","","","0.46244412660598755","0.4015998840332031","0.4026654064655304","0.39182764291763306","0.5053629279136658","10","0.6915232539176941","0.015800680965185165","0.0174034982919693","0.003930009435862303","","","","","","","","","","","0.02518024668097496","","","","","","","","","","","0.02266022562980652","","","","","","","","","","","0.01848035864531994","","","","","","","","0.0210372693836689","0.014371948316693306","0.011386506259441376","0.021905863657593727","0.01301810797303915","0.193548321723938","0.1914767175912857","536","20","500","0.16937407851219177","189336","19396","0.006909472402185202","0.8527083396911621","0.8527083396911621","0","0.8521740436553955","0.8527083396911621","0.1472916603088379","15.901490211486816","0.7415885329246521","0.03715923801064491","1.1403803825378418"
"2026-04-06 07:28:13","1.8h","b7658ef8fd744404a96c1a1e386f9741","ssl_emnist_digits_conv-1-seed5","LOCAL","src/cli.py","thallybu","FINISHED","lightning.pytorch.cli.instantiate_module","False","None","threshold","0.6915232767461349","25","True","ShallowConvAutoencoder","","[16, 32]","[1, 28, 28]","1024","","1e-06","0","EMNIST","0.13468293896362268","digits","True","784","True","None","L","[224, 224]","1e-06","0.002496281467822924","False","0","5","7","None","None","10","4","False","0.21642194080630278","L","random","None","1","50","1.3931184370638707","fixed_k","True","1.0","/data/thallybu/datasets/EMNIST","42","10","[0.9, 0.1]","0.026412139234542886","0.1","False","True","True","2","99","0.002496281467822924","43.6","127787.2","57980.8","31.2","13513.311703998595","26717.55824100226","39404.3","14.6","0.00613583205267787","878.4805908203125","0.4257708489894867","0.20177984237670898","0.45146164298057556","0.26759064197540283","","","","","","","","","","","0.5047662854194641","","","","","","","","","","","0.4917851686477661","","","","","","","","","","","0.5190653204917908","","","","","","","","0.544320821762085","0.2911679446697235","0.48868322372436523","0.4321739375591278","0.46315789222717285","10","0.6915232539176941","0.016715247184038162","0.020971236750483513","0.008662980049848557","","","","","","","","","","","0.022529538720846176","","","","","","","","","","","0.023548103868961334","","","","","","","","","","","0.01794295944273472","","","","","","","","0.027531027793884277","0.014470052905380726","0.022265389561653137","0.02380966953933239","0.01179994735866785","0.21971093118190765","0.21005351841449738","391","10","500","0.19353094696998596","185247","21016","0.00813691969960928","0.6145416498184204","0.6145416498184204","0","0.5608688592910767","0.6145416498184204","0.3854583203792572","33.565189361572266","1.9659767150878906","0.03509197384119034","2.910599708557129"
"2026-04-06 07:27:34","1.9h","5a59e6085df5486587d8c2dada67702a","ssl_emnist_digits_conv-1-seed4","LOCAL","src/cli.py","thallybu","FINISHED","lightning.pytorch.cli.instantiate_module","False","None","threshold","0.6915232767461349","25","True","ShallowConvAutoencoder","","[16, 32]","[1, 28, 28]","1024","","1e-06","0","EMNIST","0.13468293896362268","digits","True","784","True","None","L","[224, 224]","1e-06","0.002496281467822924","False","0","5","7","None","None","10","4","False","0.21642194080630278","L","random","None","1","50","1.3931184370638707","fixed_k","True","1.0","/data/thallybu/datasets/EMNIST","42","10","[0.9, 0.1]","0.026412139234542886","0.1","False","True","True","2","99","0.002496281467822924","42","127785.1","57983","31.2","14363.27632700093","27890.76427000016","38888.2","14.4","0.0046899523586034775","889.4177856445312","0.4639279246330261","0.2091953605413437","0.536887526512146","0.23237675428390503","","","","","","","","","","","0.539131760597229","","","","","","","","","","","0.5226929187774658","","","","","","","","","","","0.5339378118515015","","","","","","","","0.4248844087123871","0.4359722435474396","0.37797409296035767","0","0.4831554889678955","9.004740715026855","0.6915232539176941","0.014747620560228825","0.017234982922673225","0.005445112474262714","","","","","","","","","","","0.02688409388065338","","","","","","","","","","","0.02355259843170643","","","","","","","","","","","0.018802961334586143","","","","","","","","0.020964689552783966","0.018476009368896484","0.012415871024131775","0.0011555480305105448","0.01906820759177208","0.1853683441877365","0.18904362618923187","528","10","450","0.162850022315979","187742","18430","0.006755718030035496","0.6113749742507935","0.6113749742507935","0","0.5908647179603577","0.6113749742507935","0.38862499594688416","16.6363468170166","1.569512963294983","0.021003205329179764","2.0481646060943604"
"2026-04-06 07:24:35","1.9h","0b08e17662604117b773aded087b0dcb","ssl_emnist_digits_conv-1-seed3","LOCAL","src/cli.py","thallybu","FINISHED","lightning.pytorch.cli.instantiate_module","False","None","threshold","0.6915232767461349","25","True","ShallowConvAutoencoder","","[16, 32]","[1, 28, 28]","1024","","1e-06","0","EMNIST","0.13468293896362268","digits","True","784","True","None","L","[224, 224]","1e-06","0.002496281467822924","False","0","5","7","None","None","10","4","False","0.21642194080630278","L","random","None","1","50","1.3931184370638707","fixed_k","True","1.0","/data/thallybu/datasets/EMNIST","42","10","[0.9, 0.1]","0.026412139234542886","0.1","False","True","True","2","99","0.002496281467822924","45.6","127787","57981.1","31.2","14189.44427399896","27979.520881999284","38202.3","14.1","0.006152615416795015","886.1907958984375","0.48089733719825745","0.23162154853343964","0.5091078281402588","0.49030911922454834","","","","","","","","","","","0.44568338990211487","","","","","","","","","","","0.45853549242019653","","","","","","","","","","","0.4094202220439911","","","","","","","","0.5231852531433105","0.42427170276641846","0.33010122179985046","0.5403574705123901","0.5720314383506775","10","0.6915232539176941","0.01720815896987915","0.02445058897137642","0.017375262454152107","","","","","","","","","","","0.024880344048142433","","","","","","","","","","","0.021345173940062523","","","","","","","","","","","0.017494207248091698","","","","","","","","0.02498859539628029","0.018498137593269348","0.01190381869673729","0.023419620469212532","0.02210114151239395","0.23309427499771118","0.23109941184520721","365","10","500","0.20645688474178314","186848","18737","0.00809770543128252","0.6075416803359985","0.6075416803359985","0","0.6031756401062012","0.6075416803359985","0.39245831966400146","22.765817642211914","1.5179874897003174","0.03034728579223156","2.0771307945251465"
"2026-04-06 07:23:28","1.8h","168dbf7876b84e87a55da15ce2ddb1dc","ssl_emnist_digits_conv-1-seed2","LOCAL","src/cli.py","thallybu","FINISHED","lightning.pytorch.cli.instantiate_module","False","None","threshold","0.6915232767461349","25","True","ShallowConvAutoencoder","","[16, 32]","[1, 28, 28]","1024","","1e-06","0","EMNIST","0.13468293896362268","digits","True","784","True","None","L","[224, 224]","1e-06","0.002496281467822924","False","0","5","7","None","None","10","4","False","0.21642194080630278","L","random","None","1","50","1.3931184370638707","fixed_k","True","1.0","/data/thallybu/datasets/EMNIST","42","10","[0.9, 0.1]","0.026412139234542886","0.1","False","True","True","2","99","0.002496281467822924","40","127789.2","57978.9","31.2","13693.39978699945","27426.150943998247","40379.4","14.9","0.005105537828058004","889.515869140625","0.429750919342041","0.18944106996059418","0.3821599781513214","0.39820677042007446","","","","","","","","","","","0.3904950022697449","","","","","","","","","","","0.4334109127521515","","","","","","","","","","","0.49864864349365234","","","","","","","","0.4190562069416046","0.45526811480522156","0.5149479508399963","0.40933388471603394","0.5067229270935059","10","0.6915232539176941","0.016756834462285042","0.02023109793663025","0.010542219504714012","","","","","","","","","","","0.02589438296854496","","","","","","","","","","","0.022524336352944374","","","","","","","","","","","0.01912057213485241","","","","","","","","0.01946145109832287","0.013289452530443668","0.015963317826390266","0.020920002833008766","0.014616396278142929","0.2080325037240982","0.2117326557636261","472","10","500","0.1825631707906723","187655","19697","0.007607538253068924","0.7637500166893005","0.7637500166893005","0","0.7528349161148071","0.7637500166893005","0.23624999821186066","32.490577697753906","1.2715243101119995","0.05520005524158478","2.63665771484375"
"2026-04-06 07:22:16","1.9h","0eec9eebb45b44059990862832495612","ssl_emnist_digits_conv-1-seed1","LOCAL","src/cli.py","thallybu","FINISHED","lightning.pytorch.cli.instantiate_module","False","None","threshold","0.6915232767461349","25","True","ShallowConvAutoencoder","","[16, 32]","[1, 28, 28]","1024","","1e-06","0","EMNIST","0.13468293896362268","digits","True","784","True","None","L","[224, 224]","1e-06","0.002496281467822924","False","0","5","7","None","None","10","4","False","0.21642194080630278","L","random","None","1","50","1.3931184370638707","fixed_k","True","1.0","/data/thallybu/datasets/EMNIST","42","10","[0.9, 0.1]","0.026412139234542886","0.1","False","True","True","2","99","0.002496281467822924","44.8","127788.2","57979.8","31.2","14230.314554000273","28322.92509599775","41215.5","15.2","0.011810864321887493","867.6550903320312","0.4484543800354004","0.20525652170181274","0.4448555111885071","0.3777469992637634","","","","","","","","","","","0.4152250587940216","","","","","","","","","","","0.5044742822647095","","","","","","","","","","","0.5391312837600708","","","","","","","","0.40174129605293274","0.5061328411102295","0.3068088889122009","0.44833773374557495","0.46683529019355774","9.985777854919434","0.6915232539176941","0.015503539703786373","0.0166097991168499","0.011305789463222027","","","","","","","","","","","0.026089999824762344","","","","","","","","","","","0.02501727268099785","","","","","","","","","","","0.019610917195677757","","","","","","","","0.02103942260146141","0.01742812804877758","0.04189350828528404","0.02163446694612503","0.01367790624499321","0.23877280950546265","0.22729791700839996","571","10","500","0.2137114405632019","183143","22541","0.0070017133839428425","0.6885833144187927","0.6885833144187927","0","0.6594319939613342","0.6885833144187927","0.3114166557788849","22.402816772460938","1.3803092241287231","0.029507633298635483","2.087872266769409"
"2026-04-06 07:21:37","1.5h","4f10785392d44c57a48faf38ec009df6","ssl_emnist_digits_clip-5-seed5","LOCAL","src/cli.py","thallybu","FINISHED","lightning.pytorch.cli.instantiate_module","False","None","threshold","0.6604551394236491","250","True","ShallowAutoencoder","None","","","1024","/data/thallybu/cache","1e-06","0","emnist_digits_vit-b-32_openai","0.016841562377459117","","True","512","","[128, 64]","","","1e-06","0.0005659554218631249","False","0","5","9","","","10","4","","0.24060616227945564","L","random","None","5","50","1.5182965965985409","threshold","","1.0","","42","10","[0.9, 0.1]","0.17142930477351076","0.1","False","True","True","3","99","0.0005659554218631249","47.3","127800.9","57967.2","31.2","11155.117497000843","23442.3175399974","40480.5","15","0.003068852238357067","833.9869384765625","0.4399934411048889","0.20997387170791626","0.39699020981788635","0.21046970784664154","","","","","","","","","","","0.5799378156661987","","","","","","","","","","","0.46904096007347107","","","","","","","","","","","0.36549702286720276","","","","","","","","0.5620909333229065","0.5000483393669128","0.513420045375824","0.3753868639469147","0.5355281829833984","10","0.6604551672935486","0.0049138739705085754","0.0030827082227915525","0.0023404324892908335","","","","","","","","","","","0.0030769212171435356","","","","","","","","","","","0.002639410551637411","","","","","","","","","","","0.0033950202632695436","","","","","","","","0.003124214941635728","0.0035219367127865553","0.0029210711363703012","0.004169513005763292","0.0034823862370103598","0.0467291921377182","0.04691261798143387","43","50","0","0.031753625720739365","176011","0","0.009323328733444214","0.8723333477973938","0.8723333477973938","0","0.8696797490119934","0.8723333477973938","0.1276666671037674","8.283159255981445","0.597790539264679","0.050118234008550644","0.4364623725414276"
"2026-04-06 07:20:19","1.5h","e5e2b876c8d8481a8d793759bb3d5ba6","ssl_emnist_digits_clip-5-seed4","LOCAL","src/cli.py","thallybu","FINISHED","lightning.pytorch.cli.instantiate_module","False","None","threshold","0.6604551394236491","250","True","ShallowAutoencoder","None","","","1024","/data/thallybu/cache","1e-06","0","emnist_digits_vit-b-32_openai","0.016841562377459117","","True","512","","[128, 64]","","","1e-06","0.0005659554218631249","False","0","5","9","","","10","4","","0.24060616227945564","L","random","None","5","50","1.5182965965985409","threshold","","1.0","","42","10","[0.9, 0.1]","0.17142930477351076","0.1","False","True","True","3","99","0.0005659554218631249","38.4","127801.4","57966.6","31.2","11182.732389999554","23729.62321900204","39200.2","14.5","0.0028113084845244884","832.7540893554688","0.4237622022628784","0.20110343396663666","0.3930739164352417","0.23030994832515717","","","","","","","","","","","0.8069204092025757","","","","","","","","","","","0.45135414600372314","","","","","","","","","","","0.3641495704650879","","","","","","","","0.5069876909255981","0.4754638075828552","0.4742187559604645","0.39291736483573914","0.4402046501636505","10","0.6604551672935486","0.004833868704736233","0.002955749398097396","0.0023069283924996853","","","","","","","","","","","0.0037444899789988995","","","","","","","","","","","0.0028000324964523315","","","","","","","","","","","0.003483190666884184","","","","","","","","0.0027218961622565985","0.0033422179985791445","0.0028748863842338324","0.004123510327190161","0.0031808950006961823","0.046370409429073334","0.0462380088865757","39","50","0","0.031533803790807724","175747","0","0.009326308965682983","0.8369166851043701","0.8369166851043701","0","0.815196692943573","0.8369166851043701","0.16308332979679108","10.282177925109863","0.6589162349700928","0.055990710854530334","0.6282447576522827"
"2026-04-06 07:19:20","1.5h","1d40c69875724994a4bacb6d901beac1","ssl_emnist_digits_clip-5-seed3","LOCAL","src/cli.py","thallybu","FINISHED","lightning.pytorch.cli.instantiate_module","False","None","threshold","0.6604551394236491","250","True","ShallowAutoencoder","None","","","1024","/data/thallybu/cache","1e-06","0","emnist_digits_vit-b-32_openai","0.016841562377459117","","True","512","","[128, 64]","","","1e-06","0.0005659554218631249","False","0","5","9","","","10","4","","0.24060616227945564","L","random","None","5","50","1.5182965965985409","threshold","","1.0","","42","10","[0.9, 0.1]","0.17142930477351076","0.1","False","True","True","3","99","0.0005659554218631249","33.6","127801.9","57966.1","31.2","11188.578067000955","23826.033112000674","40710.2","15.1","0.002592286793515086","835.45068359375","0.4297999143600464","0.20248693227767944","0.40453171730041504","0.20618648827075958","","","","","","","","","","","0.5538964867591858","","","","","","","","","","","0.46404799818992615","","","","","","","","","","","0.3571831285953522","","","","","","","","0.6426880359649658","0.48105406761169434","0.5258631706237793","0.43085864186286926","0.43418875336647034","10","0.6604551672935486","0.005005206447094679","0.0029787591192871332","0.00214244588278234","","","","","","","","","","","0.0031940254848450422","","","","","","","","","","","0.0029022719245404005","","","","","","","","","","","0.0034135947935283184","","","","","","","","0.0030059467535465956","0.0033223165664821863","0.0029374000150710344","0.0040815528482198715","0.0029169453773647547","0.045832909643650055","0.044881030917167664","25","50","0","0.030895255506038666","176303","0","0.009308727458119392","0.8364583253860474","0.8364583253860474","0","0.8309920430183411","0.8364583253860474","0.16354165971279144","9.123125076293945","0.6559692025184631","0.04910910502076149","0.5888370275497437"
"2026-04-06 05:59:47","1.5h","bc199027a3a4483e92796b00dd12cb65","ssl_emnist_digits_clip-5-seed2","LOCAL","src/cli.py","thallybu","FINISHED","lightning.pytorch.cli.instantiate_module","False","None","threshold","0.6604551394236491","250","True","ShallowAutoencoder","None","","","1024","/data/thallybu/cache","1e-06","0","emnist_digits_vit-b-32_openai","0.016841562377459117","","True","512","","[128, 64]","","","1e-06","0.0005659554218631249","False","0","5","9","","","10","4","","0.24060616227945564","L","random","None","5","50","1.5182965965985409","threshold","","1.0","","42","10","[0.9, 0.1]","0.17142930477351076","0.1","False","True","True","3","99","0.0005659554218631249","36.6","127843.4","57924.6","31.2","10164.474798999727","30609.407809000462","37321.4","13.8","0.002797788241878152","839.7913818359375","0.4252054691314697","0.2001507729291916","0.37562140822410583","0.22450938820838928","","","","","","","","","","","0.5745334625244141","","","","","","","","","","","0.49813684821128845","","","","","","","","","","","0.39184749126434326","","","","","","","","0.5140055418014526","0.4865124225616455","0.4997987449169159","0.4096492528915405","0.4163125455379486","10","0.6604551672935486","0.004786590114235878","0.002937226789072156","0.0023008885327726603","","","","","","","","","","","0.003958267159759998","","","","","","","","","","","0.0031884692143648863","","","","","","","","","","","0.0035895754117518663","","","","","","","","0.0030276470351964235","0.0034013765398412943","0.0029951073229312897","0.004137189127504826","0.003042769618332386","0.047354646027088165","0.04790923371911049","110","50","0","0.032578516751527786","177302","0","0.00931637268513441","0.846958339214325","0.846958339214325","0","0.8361616134643555","0.846958339214325","0.15304166078567505","8.659008979797363","0.656175434589386","0.04869869723916054","0.6225194931030273"
"2026-04-06 05:58:52","1.5h","da10784712c8472b94f895c1b9c9058b","ssl_emnist_digits_clip-5-seed1","LOCAL","src/cli.py","thallybu","FINISHED","lightning.pytorch.cli.instantiate_module","False","None","threshold","0.6604551394236491","250","True","ShallowAutoencoder","None","","","1024","/data/thallybu/cache","1e-06","0","emnist_digits_vit-b-32_openai","0.016841562377459117","","True","512","","[128, 64]","","","1e-06","0.0005659554218631249","False","0","5","9","","","10","4","","0.24060616227945564","L","random","None","5","50","1.5182965965985409","threshold","","1.0","","42","10","[0.9, 0.1]","0.17142930477351076","0.1","False","True","True","3","99","0.0005659554218631249","28.5","127843.7","57924.3","31.2","10227.749324001372","30784.661152999848","38444","14.2","0.0032803541980683804","839.8663940429688","0.4451124966144562","0.21404607594013214","0.4287105202674866","0.20751890540122986","","","","","","","","","","","0.6491642594337463","","","","","","","","","","","0.40891286730766296","","","","","","","","","","","0.3494184911251068","","","","","","","","0.679224967956543","0.5134807229042053","0.48591727018356323","0.37708720564842224","0.46851640939712524","10","0.6604551672935486","0.004436355084180832","0.0034278356470167637","0.0023449757136404514","","","","","","","","","","","0.003195094643160701","","","","","","","","","","","0.0028959475457668304","","","","","","","","","","","0.0034486253280192614","","","","","","","","0.0038910452276468277","0.0037035327404737473","0.002868356416001916","0.003963865339756012","0.003207090077921748","0.047497376799583435","0.04800499975681305","65","50","0","0.03294636681675911","177274","0","0.009325377643108368","0.8721250295639038","0.8721250295639038","0","0.8682971000671387","0.8721250295639038","0.12787500023841858","8.26729965209961","0.6112776398658752","0.05092618986964226","0.48876073956489563"
"2026-04-06 05:55:49","1.5h","f2f8450ac2e2487da8eee3b6947857a9","ssl_emnist_digits_clip-4-seed5","LOCAL","src/cli.py","thallybu","FINISHED","lightning.pytorch.cli.instantiate_module","False","None","threshold","0.6604551394236491","250","True","ShallowAutoencoder","None","","","1024","/data/thallybu/cache","1e-06","0","emnist_digits_vit-b-32_openai","0.016841562377459117","","True","512","","[128, 64]","","","1e-06","0.0005659554218631249","False","0","5","9","","","10","4","","0.24060616227945564","L","random","None","4","50","1.5182965965985409","threshold","","1.0","","42","10","[0.9, 0.1]","0.17142930477351076","0.1","False","True","True","3","99","0.0005659554218631249","26.5","127845.8","57922.2","31.2","10062.461624000221","30480.432688001543","37067.3","13.7","0.0028994684107601643","822.5623779296875","0.4245646595954895","0.2053074687719345","0.3740327060222626","0.21263153851032257","","","","","","","","","","","0.6248698234558105","","","","","","","","","","","0.4637610614299774","","","","","","","","","","","0.35567957162857056","","","","","","","","0.5412423610687256","0.4937184751033783","0.4782683849334717","0.3661486804485321","0.4808804988861084","10","0.6604551672935486","0.004736305680125952","0.0029643813613802195","0.0023451223969459534","","","","","","","","","","","0.0031999966595321894","","","","","","","","","","","0.002863692119717598","","","","","","","","","","","0.003410872770473361","","","","","","","","0.0030814867932349443","0.003440535394474864","0.0029097634833306074","0.00413029920309782","0.003494535107165575","0.046589795500040054","0.04646812379360199","77","40","0","0.03184068575501442","173634","0","0.00931517779827118","0.8528749942779541","0.8528749942779541","0","0.8462031483650208","0.8528749942779541","0.1471250057220459","8.34350872039795","0.6150099039077759","0.05236462503671646","0.49856019020080566"
"2026-04-06 05:55:40","1.5h","a46164dab4be44f7a55ff03b899b34e2","ssl_emnist_digits_clip-4-seed4","LOCAL","src/cli.py","thallybu","FINISHED","lightning.pytorch.cli.instantiate_module","False","None","threshold","0.6604551394236491","250","True","ShallowAutoencoder","None","","","1024","/data/thallybu/cache","1e-06","0","emnist_digits_vit-b-32_openai","0.016841562377459117","","True","512","","[128, 64]","","","1e-06","0.0005659554218631249","False","0","5","9","","","10","4","","0.24060616227945564","L","random","None","4","50","1.5182965965985409","threshold","","1.0","","42","10","[0.9, 0.1]","0.17142930477351076","0.1","False","True","True","3","99","0.0005659554218631249","28.2","127845.3","57922.7","31.2","10274.746005000547","30959.58940700069","38392.2","14.2","0.0025855782441794872","821.8838500976562","0.42433393001556396","0.20477195084095","0.3521712124347687","0.21998922526836395","","","","","","","","","","","0.6602060198783875","","","","","","","","","","","0.4565470516681671","","","","","","","","","","","0.3772832751274109","","","","","","","","0.5399842262268066","0.51239013671875","0.49618738889694214","0.40303704142570496","0.4357156455516815","10","0.6604551672935486","0.004821946378797293","0.0027904242742806673","0.0023564205039292574","","","","","","","","","","","0.003456559032201767","","","","","","","","","","","0.002960469573736191","","","","","","","","","","","0.0035024904645979404","","","","","","","","0.0029246641788631678","0.003521482925862074","0.0029023312963545322","0.004175642970949411","0.003181678941473365","0.046535663306713104","0.04629043489694595","78","40","0","0.03177215903997421","173494","0","0.009319433942437172","0.8085416555404663","0.8085416555404663","0","0.795993447303772","0.8085416555404663","0.1914583295583725","12.327488899230957","0.710473895072937","0.05875460430979729","0.7145766019821167"
"2026-04-06 05:53:10","1.5h","49a9a62df4674053bd1aa7ea3e091bb5","ssl_emnist_digits_clip-4-seed3","LOCAL","src/cli.py","thallybu","FINISHED","lightning.pytorch.cli.instantiate_module","False","None","threshold","0.6604551394236491","250","True","ShallowAutoencoder","None","","","1024","/data/thallybu/cache","1e-06","0","emnist_digits_vit-b-32_openai","0.016841562377459117","","True","512","","[128, 64]","","","1e-06","0.0005659554218631249","False","0","5","9","","","10","4","","0.24060616227945564","L","random","None","4","50","1.5182965965985409","threshold","","1.0","","42","10","[0.9, 0.1]","0.17142930477351076","0.1","False","True","True","3","99","0.0005659554218631249","24.1","127846.8","57921.2","31.2","10185.320082001388","30770.728427000344","38738.8","14.3","0.0025406370405107737","818.6349487304688","0.434304416179657","0.2049557864665985","0.42732444405555725","0.19204026460647583","","","","","","","","","","","0.5593122839927673","","","","","","","","","","","0.4420704245567322","","","","","","","","","","","0.380445271730423","","","","","","","","0.5662218332290649","0.5604475140571594","0.5017396807670593","0.4455818831920624","0.4280053377151489","10","0.6604551672935486","0.004708102438598871","0.0029499141965061426","0.0023510907776653767","","","","","","","","","","","0.003164399415254593","","","","","","","","","","","0.0028999890200793743","","","","","","","","","","","0.0038054301403462887","","","","","","","","0.00308767962269485","0.00374719500541687","0.002892320742830634","0.004145069047808647","0.0029146019369363785","0.046586982905864716","0.04572072625160217","102","40","0","0.031957678496837616","172832","0","0.009309878572821617","0.8612083196640015","0.8612083196640015","0","0.8542162775993347","0.8612083196640015","0.13879166543483734","7.7785725593566895","0.6135181188583374","0.044320665299892426","0.46392711997032166"
"2026-04-06 05:53:08","1.5h","c7e02d1787804b22873f6bef8fb44c81","ssl_emnist_digits_clip-4-seed2","LOCAL","src/cli.py","thallybu","FINISHED","lightning.pytorch.cli.instantiate_module","False","None","threshold","0.6604551394236491","250","True","ShallowAutoencoder","None","","","1024","/data/thallybu/cache","1e-06","0","emnist_digits_vit-b-32_openai","0.016841562377459117","","True","512","","[128, 64]","","","1e-06","0.0005659554218631249","False","0","5","9","","","10","4","","0.24060616227945564","L","random","None","4","50","1.5182965965985409","threshold","","1.0","","42","10","[0.9, 0.1]","0.17142930477351076","0.1","False","True","True","3","99","0.0005659554218631249","19.4","127846.4","57921.6","31.2","10366.021835999563","31134.677574001253","38270.7","14.2","0.002239880384877324","836.5306396484375","0.4275910258293152","0.20407669246196747","0.38685932755470276","0.2181362509727478","","","","","","","","","","","0.5428354144096375","","","","","","","","","","","0.5140831470489502","","","","","","","","","","","0.38967955112457275","","","","","","","","0.5169895887374878","0.47632846236228943","0.5045964121818542","0.4068089723587036","0.4341486692428589","10","0.6604551672935486","0.004907106980681419","0.002950617577880621","0.0023382510989904404","","","","","","","","","","","0.0034471473190933466","","","","","","","","","","","0.0030479668639600277","","","","","","","","","","","0.003590434556826949","","","","","","","","0.0028616178315132856","0.0033758010249584913","0.0029135136865079403","0.0041170562617480755","0.003064313204959035","0.04646526277065277","0.04639820754528046","53","40","0","0.03170672804117203","176557","0","0.009312521666288376","0.8460833430290222","0.8460833430290222","0","0.84100741147995","0.8460833430290222","0.15391667187213898","8.383272171020508","0.6330464482307434","0.0471486896276474","0.5369890928268433"
"2026-04-06 05:53:05","1.5h","5b64641d2c17466a8a2851d6e2c7591a","ssl_emnist_digits_clip-4-seed1","LOCAL","src/cli.py","thallybu","FINISHED","lightning.pytorch.cli.instantiate_module","False","None","threshold","0.6604551394236491","250","True","ShallowAutoencoder","None","","","1024","/data/thallybu/cache","1e-06","0","emnist_digits_vit-b-32_openai","0.016841562377459117","","True","512","","[128, 64]","","","1e-06","0.0005659554218631249","False","0","5","9","","","10","4","","0.24060616227945564","L","random","None","4","50","1.5182965965985409","threshold","","1.0","","42","10","[0.9, 0.1]","0.17142930477351076","0.1","False","True","True","3","99","0.0005659554218631249","24.3","127847.4","57920.6","31.2","9977.027909999713","30268.69827600196","39846.9","14.7","0.002945469692349434","802.25390625","0.4609561264514923","0.22584517300128937","0.3784785568714142","0.20048606395721436","","","","","","","","","","","0.621753990650177","","","","","","","","","","","0.48581141233444214","","","","","","","","","","","0.3626352548599243","","","","","","","","0.5461400151252747","0.5414788126945496","0.5202032923698425","0.46284469962120056","0.6831647157669067","10","0.6604551672935486","0.004428078420460224","0.003181915497407317","0.0023788842372596264","","","","","","","","","","","0.003228794550523162","","","","","","","","","","","0.0028611563611775637","","","","","","","","","","","0.0034966212697327137","","","","","","","","0.003161383094266057","0.004096024204045534","0.0025277126114815474","0.004040053579956293","0.0027247597463428974","0.046111106872558594","0.0464102067053318","96","40","0","0.031697291880846024","169368","0","0.009277031756937504","0.7475416660308838","0.7475416660308838","0","0.7399564385414124","0.7475416660308838","0.2524583339691162","8.646265983581543","0.7767564058303833","0.050929103046655655","0.6590574383735657"
"2026-04-06 05:51:16","1.5h","d1f22884493a44608107cbd0318e0ae8","ssl_emnist_digits_clip-3-seed5","LOCAL","src/cli.py","thallybu","FINISHED","lightning.pytorch.cli.instantiate_module","False","None","threshold","0.6604551394236491","250","True","ShallowAutoencoder","None","","","1024","/data/thallybu/cache","1e-06","0","emnist_digits_vit-b-32_openai","0.016841562377459117","","True","512","","[128, 64]","","","1e-06","0.0005659554218631249","False","0","5","9","","","10","4","","0.24060616227945564","L","random","None","3","50","1.5182965965985409","threshold","","1.0","","42","10","[0.9, 0.1]","0.17142930477351076","0.1","False","True","True","3","99","0.0005659554218631249","23","127848","57920","31.2","10128.059152999893","30703.03186399862","40220.3","14.9","0.0022731313947588205","836.2598266601562","0.44493168592453003","0.19935694336891174","0.39433231949806213","0.27717724442481995","","","","","","","","","","","0.5746960043907166","","","","","","","","","","","0.4816126823425293","","","","","","","","","","","0.3941086530685425","","","","","","","","0.5562199950218201","0.46464622020721436","0.515748918056488","0.4135846793651581","0.4400608539581299","10","0.6604551672935486","0.005044920369982719","0.002972665475681424","0.0022602970711886883","","","","","","","","","","","0.0030343877151608467","","","","","","","","","","","0.0026313276030123234","","","","","","","","","","","0.0034841911401599646","","","","","","","","0.0030112946406006813","0.003258117474615574","0.0029905568808317184","0.004532895050942898","0.003144922899082303","0.046228863298892975","0.04659188166260719","21","30","0","0.03132065758109093","176468","0","0.009316354058682919","0.8612083196640015","0.8612083196640015","0","0.8606346845626831","0.8612083196640015","0.13879166543483734","8.428051948547363","0.6226866245269775","0.06788641214370728","0.4927843511104584"
"2026-04-06 04:31:07","1.5h","305a79f4429e474f925683dc132d723d","ssl_emnist_digits_clip-3-seed4","LOCAL","src/cli.py","thallybu","FINISHED","lightning.pytorch.cli.instantiate_module","False","None","threshold","0.6604551394236491","250","True","ShallowAutoencoder","None","","","1024","/data/thallybu/cache","1e-06","0","emnist_digits_vit-b-32_openai","0.016841562377459117","","True","512","","[128, 64]","","","1e-06","0.0005659554218631249","False","0","5","9","","","10","4","","0.24060616227945564","L","random","None","3","50","1.5182965965985409","threshold","","1.0","","42","10","[0.9, 0.1]","0.17142930477351076","0.1","False","True","True","3","99","0.0005659554218631249","21.9","127683.4","58084.6","31.3","10143.695469999686","30761.47339199856","37899.3","14","0.0019577450584620237","824.639404296875","0.45077282190322876","0.20978304743766785","0.38781118392944336","0.21116062998771667","","","","","","","","","","","0.42568475008010864","","","","","","","","","","","0.49016210436820984","","","","","","","","","","","0.46068984270095825","","","","","","","","0.5804381370544434","0.5826667547225952","0.5176402926445007","0.40009963512420654","0.43607407808303833","10","0.6604551672935486","0.004834507126361132","0.0029155334923416376","0.002276206621900201","","","","","","","","","","","0.0036048090551048517","","","","","","","","","","","0.0026237827260047197","","","","","","","","","","","0.0038858724292367697","","","","","","","","0.0030246186070144176","0.0034066620282828808","0.0030172914266586304","0.004183291923254728","0.003158166306093335","0.04671404883265495","0.04612575098872185","29","30","0","0.03209623694419861","174025","0","0.009312259964644909","0.7992500066757202","0.7992500066757202","0","0.7782226800918579","0.7992500066757202","0.20074999332427979","19.353633880615234","0.7694766521453857","0.056075569242239","0.8874090313911438"
"2026-04-06 04:30:23","1.5h","8ab93ca4bfe94b78926c5db3d46e2d80","ssl_emnist_digits_clip-3-seed3","LOCAL","src/cli.py","thallybu","FINISHED","lightning.pytorch.cli.instantiate_module","False","None","threshold","0.6604551394236491","250","True","ShallowAutoencoder","None","","","1024","/data/thallybu/cache","1e-06","0","emnist_digits_vit-b-32_openai","0.016841562377459117","","True","512","","[128, 64]","","","1e-06","0.0005659554218631249","False","0","5","9","","","10","4","","0.24060616227945564","L","random","None","3","50","1.5182965965985409","threshold","","1.0","","42","10","[0.9, 0.1]","0.17142930477351076","0.1","False","True","True","3","99","0.0005659554218631249","23.4","127683.9","58084.1","31.3","10144.761462999508","30669.63171800226","38597.3","14.3","0.002237058710306883","823.9365844726562","0.4308111071586609","0.20328009128570557","0.4077215790748596","0.22294914722442627","","","","","","","","","","","0.6289410591125488","","","","","","","","","","","0.44879066944122314","","","","","","","","","","","0.36585062742233276","","","","","","","","0.6482594609260559","0.4903028905391693","0.4947322905063629","0.4147055447101593","0.4222329258918762","10","0.6604551672935486","0.004835248459130526","0.0030042207799851894","0.0023225201293826103","","","","","","","","","","","0.003156499471515417","","","","","","","","","","","0.002870619995519519","","","","","","","","","","","0.0035028690472245216","","","","","","","","0.003045773832127452","0.0033731574658304453","0.0028423594776540995","0.00416122330352664","0.003087404416874051","0.046066392213106155","0.04493986815214157","52","30","0","0.03136664628982544","173901","0","0.009326235391199589","0.846916675567627","0.846916675567627","0","0.8421207070350647","0.846916675567627","0.15308332443237305","9.129684448242188","0.6296054720878601","0.047910451889038086","0.5095478892326355"
"2026-04-06 04:28:28","1.5h","06c6341178d84f4693923b188143024b","ssl_emnist_digits_clip-3-seed2","LOCAL","src/cli.py","thallybu","FINISHED","lightning.pytorch.cli.instantiate_module","False","None","threshold","0.6604551394236491","250","True","ShallowAutoencoder","None","","","1024","/data/thallybu/cache","1e-06","0","emnist_digits_vit-b-32_openai","0.016841562377459117","","True","512","","[128, 64]","","","1e-06","0.0005659554218631249","False","0","5","9","","","10","4","","0.24060616227945564","L","random","None","3","50","1.5182965965985409","threshold","","1.0","","42","10","[0.9, 0.1]","0.17142930477351076","0.1","False","True","True","3","99","0.0005659554218631249","22.3","127685.5","58082.5","31.3","9978.89369000122","30180.95024799928","37897.3","14","0.001961123663932085","811.6023559570312","0.448216050863266","0.2096066176891327","0.5877280235290527","0.21025414764881134","","","","","","","","","","","0.5956984758377075","","","","","","","","","","","0.49310368299484253","","","","","","","","","","","0.4032248556613922","","","","","","","","0.6691486239433289","0.4706927239894867","0.4709210991859436","0.45683467388153076","0.47907188534736633","10","0.6604551672935486","0.0049119507893919945","0.004040065687149763","0.002319598337635398","","","","","","","","","","","0.003250467125326395","","","","","","","","","","","0.0030550826340913773","","","","","","","","","","","0.00359666021540761","","","","","","","","0.0032658588606864214","0.0033414550125598907","0.0027283746749162674","0.003961447160691023","0.003302500117570162","0.04756989702582359","0.04796784743666649","67","30","0","0.03286149725317955","171312","0","0.009324586018919945","0.6712083220481873","0.6712083220481873","0","0.6303065419197083","0.6712083220481873","0.32879167795181274","8.646255493164062","0.9555205702781677","0.05262983217835426","0.8801640868186951"
"2026-04-06 04:28:17","1.5h","40bd4400480144f48b430b39b58441b0","ssl_emnist_digits_clip-3-seed1","LOCAL","src/cli.py","thallybu","FINISHED","lightning.pytorch.cli.instantiate_module","False","None","threshold","0.6604551394236491","250","True","ShallowAutoencoder","None","","","1024","/data/thallybu/cache","1e-06","0","emnist_digits_vit-b-32_openai","0.016841562377459117","","True","512","","[128, 64]","","","1e-06","0.0005659554218631249","False","0","5","9","","","10","4","","0.24060616227945564","L","random","None","3","50","1.5182965965985409","threshold","","1.0","","42","10","[0.9, 0.1]","0.17142930477351076","0.1","False","True","True","3","99","0.0005659554218631249","28","127685.4","58082.7","31.3","10025.098546000198","30232.655503999442","40816.3","15.1","0.0023556959349662066","784.2933349609375","0.4610438942909241","0.2156495451927185","0.3990072011947632","0.22926592826843262","","","","","","","","","","","0.6468644142150879","","","","","","","","","","","0.436424195766449","","","","","","","","","","","0.3799346387386322","","","","","","","","0.5469624400138855","0.5965197086334229","0.5007520914077759","0.5001317262649536","0.5841906070709229","10","0.6604551672935486","0.004676352255046368","0.0031968906987458467","0.002236726460978389","","","","","","","","","","","0.0032473430037498474","","","","","","","","","","","0.0028649999294430017","","","","","","","","","","","0.0033707201946526766","","","","","","","","0.0034424508921802044","0.0035895577166229486","0.0031456826254725456","0.004432351794093847","0.002639089012518525","0.0467245914041996","0.04685690253973007","40","30","0","0.03216581419110298","165522","0","0.009315629489719868","0.7981666922569275","0.7981666922569275","0","0.7968137264251709","0.7981666922569275","0.2018333375453949","11.326229095458984","0.7176271080970764","0.05370943993330002","0.6366451382637024"
"2026-04-06 04:24:57","1.5h","6bba48e1d2d54d309f43643bb6ddb664","ssl_emnist_digits_clip-2-seed5","LOCAL","src/cli.py","thallybu","FINISHED","lightning.pytorch.cli.instantiate_module","False","None","threshold","0.6604551394236491","250","True","ShallowAutoencoder","None","","","1024","/data/thallybu/cache","1e-06","0","emnist_digits_vit-b-32_openai","0.016841562377459117","","True","512","","[128, 64]","","","1e-06","0.0005659554218631249","False","0","5","9","","","10","4","","0.24060616227945564","L","random","None","2","50","1.5182965965985409","threshold","","1.0","","42","10","[0.9, 0.1]","0.17142930477351076","0.1","False","True","True","3","99","0.0005659554218631249","27","127686.7","58081.3","31.3","9945.11778299883","30380.895608998835","41115.3","15.2","0.0018986506620422006","815.4414672851562","0.4381338655948639","0.21555964648723602","0.3778253197669983","0.20757460594177246","","","","","","","","","","","0.642092764377594","","","","","","","","","","","0.4812375009059906","","","","","","","","","","","0.3594230115413666","","","","","","","","0.5956493616104126","0.5131677389144897","0.4759392738342285","0.3934193551540375","0.43732762336730957","10","0.6604551672935486","0.004823657684028149","0.0029996572993695736","0.002306924434378743","","","","","","","","","","","0.0031617924105376005","","","","","","","","","","","0.0029280437156558037","","","","","","","","","","","0.0034488013479858637","","","","","","","","0.0030931385699659586","0.00349487760104239","0.0027880859561264515","0.004215391818434","0.003122458467260003","0.04614991322159767","0.04641648754477501","52","20","0","0.03155918046832085","172106","0","0.009310273453593254","0.8338333368301392","0.8338333368301392","0","0.8362298607826233","0.8338333368301392","0.16616666316986084","8.330592155456543","0.6483193039894104","0.04957723245024681","0.5273665189743042"
"2026-04-06 04:24:29","1.5h","1a7a4551c5d34572812c2557f35eadf2","ssl_emnist_digits_clip-2-seed4","LOCAL","src/cli.py","thallybu","FINISHED","lightning.pytorch.cli.instantiate_module","False","None","threshold","0.6604551394236491","250","True","ShallowAutoencoder","None","","","1024","/data/thallybu/cache","1e-06","0","emnist_digits_vit-b-32_openai","0.016841562377459117","","True","512","","[128, 64]","","","1e-06","0.0005659554218631249","False","0","5","9","","","10","4","","0.24060616227945564","L","random","None","2","50","1.5182965965985409","threshold","","1.0","","42","10","[0.9, 0.1]","0.17142930477351076","0.1","False","True","True","3","99","0.0005659554218631249","28","127686.7","58081.3","31.3","10136.252758000046","30617.670593999326","41109.1","15.2","0.0014933084603399038","810.8494873046875","0.438444584608078","0.2053258717060089","0.3976897895336151","0.2242681086063385","","","","","","","","","","","0.6821617484092712","","","","","","","","","","","0.4924633502960205","","","","","","","","","","","0.36863449215888977","","","","","","","","0.5622705221176147","0.526340901851654","0.4793817400932312","0.40529221296310425","0.46356040239334106","10","0.6604551672935486","0.004673204384744167","0.0029984780121594667","0.0023194472305476665","","","","","","","","","","","0.00319253234192729","","","","","","","","","","","0.0030500213615596294","","","","","","","","","","","0.003494328586384654","","","","","","","","0.0031398567371070385","0.0033077688422054052","0.00301357195712626","0.004189139697700739","0.003274002578109503","0.04630100727081299","0.04583529382944107","154","20","0","0.03197915107011795","171241","0","0.009289373643696308","0.8005416393280029","0.8005416393280029","0","0.777620255947113","0.8005416393280029","0.19945833086967468","10.430573463439941","0.7192625403404236","0.05860612168908119","0.684259831905365"
"2026-04-06 04:24:15","1.5h","b59fc9afc769446893c433167e8a76d0","ssl_emnist_digits_clip-2-seed3","LOCAL","src/cli.py","thallybu","FINISHED","lightning.pytorch.cli.instantiate_module","False","None","threshold","0.6604551394236491","250","True","ShallowAutoencoder","None","","","1024","/data/thallybu/cache","1e-06","0","emnist_digits_vit-b-32_openai","0.016841562377459117","","True","512","","[128, 64]","","","1e-06","0.0005659554218631249","False","0","5","9","","","10","4","","0.24060616227945564","L","random","None","2","50","1.5182965965985409","threshold","","1.0","","42","10","[0.9, 0.1]","0.17142930477351076","0.1","False","True","True","3","99","0.0005659554218631249","28.1","127686.7","58081.3","31.3","10167.470107000321","30797.813228998333","41102.7","15.2","0.001899860566481948","831.1028442382812","0.4309868812561035","0.20788830518722534","0.3921448886394501","0.2315424531698227","","","","","","","","","","","0.513414740562439","","","","","","","","","","","0.5022372007369995","","","","","","","","","","","0.3582761883735657","","","","","","","","0.5793100595474243","0.4864499270915985","0.6538406610488892","0.38812220096588135","0.44222208857536316","10","0.6604551672935486","0.004593881778419018","0.0029726147186011076","0.0023467615246772766","","","","","","","","","","","0.0026732762344181538","","","","","","","","","","","0.003238036297261715","","","","","","","","","","","0.003484813729301095","","","","","","","","0.003223012201488018","0.0033390140160918236","0.004430036060512066","0.004173577763140202","0.0032011589501053095","0.04745775833725929","0.046500228345394135","28","20","0","0.03308230638504028","175389","0","0.009324461221694946","0.7294166684150696","0.7294166684150696","0","0.7099213004112244","0.7294166684150696","0.2705833315849304","10.263439178466797","0.8910676836967468","0.05536974221467972","0.990948498249054"
"2026-04-06 04:22:45","1.5h","0cb276da53c2433d978c1f6b6ae284f4","ssl_emnist_digits_clip-2-seed2","LOCAL","src/cli.py","thallybu","FINISHED","lightning.pytorch.cli.instantiate_module","False","None","threshold","0.6604551394236491","250","True","ShallowAutoencoder","None","","","1024","/data/thallybu/cache","1e-06","0","emnist_digits_vit-b-32_openai","0.016841562377459117","","True","512","","[128, 64]","","","1e-06","0.0005659554218631249","False","0","5","9","","","10","4","","0.24060616227945564","L","random","None","2","50","1.5182965965985409","threshold","","1.0","","42","10","[0.9, 0.1]","0.17142930477351076","0.1","False","True","True","3","99","0.0005659554218631249","28.7","127687.7","58080.3","31.3","10186.92939900048","30747.773978997022","41950.5","15.5","0.0017648135544732213","810.406494140625","0.43814852833747864","0.2128443866968155","0.7163423895835876","0.2029314488172531","","","","","","","","","","","0.5617939233779907","","","","","","","","","","","0.48258212208747864","","","","","","","","","","","0.3906402289867401","","","","","","","","0.5090383887290955","0.48457852005958557","0.5071530938148499","0.3963950574398041","0.4453068673610687","10","0.6604551672935486","0.0049044364131987095","0.004045009613037109","0.0023557080421596766","","","","","","","","","","","0.0031842284370213747","","","","","","","","","","","0.0030343669932335615","","","","","","","","","","","0.0034713505301624537","","","","","","","","0.0029065099079161882","0.0035611875355243683","0.0028883691411465406","0.003822966478765011","0.0031435301061719656","0.047033391892910004","0.04709334671497345","84","20","0","0.03241322934627533","171076","0","0.00929109938442707","0.7605416774749756","0.7605416774749756","0","0.7366081476211548","0.7605416774749756","0.2394583374261856","11.5015869140625","0.8542195558547974","0.0517587885260582","0.9307693243026733"
"2026-04-06 03:03:41","1.5h","3eda076eb35045ceaa3edf9aa26c64d0","ssl_emnist_digits_clip-2-seed1","LOCAL","src/cli.py","thallybu","FINISHED","lightning.pytorch.cli.instantiate_module","False","None","threshold","0.6604551394236491","250","True","ShallowAutoencoder","None","","","1024","/data/thallybu/cache","1e-06","0","emnist_digits_vit-b-32_openai","0.016841562377459117","","True","512","","[128, 64]","","","1e-06","0.0005659554218631249","False","0","5","9","","","10","4","","0.24060616227945564","L","random","None","2","50","1.5182965965985409","threshold","","1.0","","42","10","[0.9, 0.1]","0.17142930477351076","0.1","False","True","True","3","99","0.0005659554218631249","26.2","127729.6","58038.4","31.2","10570.821784999222","37954.68206899986","40335.5","14.9","0.0017557853134348989","799.249755859375","0.4686136841773987","0.22169600427150726","0.40050816535949707","0.2407662272453308","","","","","","","","","","","0.6103394031524658","","","","","","","","","","","0.5278456211090088","","","","","","","","","","","0.3630651831626892","","","","","","","","0.6004906296730042","0.5495400428771973","0.5556207895278931","0.36885154247283936","0.540683388710022","10","0.6604551672935486","0.004575585480779409","0.0030671353451907635","0.0025991778820753098","","","","","","","","","","","0.0029618677217513323","","","","","","","","","","","0.0028425436466932297","","","","","","","","","","","0.0035124721471220255","","","","","","","","0.00334248598664999","0.0034652268514037132","0.0032296390272676945","0.004327207803726196","0.003323451615869999","0.04696205258369446","0.04736296460032463","72","20","0","0.03267119079828262","168711","0","0.009292803704738617","0.7818333506584167","0.7818333506584167","0","0.7846314311027527","0.7818333506584167","0.21816666424274445","15.505738258361816","0.7598115801811218","0.058275412768125534","0.7471061944961548"
"2026-04-06 03:02:49","1.4h","6e820f80913e4e8b8201c8b48cdaca3a","ssl_emnist_digits_clip-1-seed5","LOCAL","src/cli.py","thallybu","FINISHED","lightning.pytorch.cli.instantiate_module","False","None","threshold","0.6604551394236491","250","True","ShallowAutoencoder","None","","","1024","/data/thallybu/cache","1e-06","0","emnist_digits_vit-b-32_openai","0.016841562377459117","","True","512","","[128, 64]","","","1e-06","0.0005659554218631249","False","0","5","9","","","10","4","","0.24060616227945564","L","random","None","1","50","1.5182965965985409","threshold","","1.0","","42","10","[0.9, 0.1]","0.17142930477351076","0.1","False","True","True","3","99","0.0005659554218631249","25.6","127730.9","58037.1","31.2","10307.98411299847","37424.273876000196","38989.2","14.4","0.0008409386500716209","816.7650146484375","0.4438817799091339","0.22225160896778107","0.38681307435035706","0.21463003754615784","","","","","","","","","","","0.5330053567886353","","","","","","","","","","","0.5278543829917908","","","","","","","","","","","0.37304118275642395","","","","","","","","0.7439546585083008","0.522020161151886","0.4973606765270233","0.39976057410240173","0.43420135974884033","10","0.6604551672935486","0.004647472407668829","0.0031257537193596363","0.002431977540254593","","","","","","","","","","","0.002894781529903412","","","","","","","","","","","0.003984858747571707","","","","","","","","","","","0.0035554764326661825","","","","","","","","0.0033145027700811625","0.0034894293639808893","0.002927318448200822","0.004203224554657936","0.0031834207475185394","0.04725399613380432","0.047826625406742096","46","10","0","0.03311075270175934","172380","0","0.00929343793541193","0.718666672706604","0.718666672706604","0","0.7106556296348572","0.718666672706604","0.281333327293396","9.568499565124512","0.8759649991989136","0.05085372552275658","0.8833111524581909"
"2026-04-06 03:01:57","1.5h","d3b0dfa4f8584892a7ad668172fb3e21","ssl_emnist_digits_clip-1-seed4","LOCAL","src/cli.py","thallybu","FINISHED","lightning.pytorch.cli.instantiate_module","False","None","threshold","0.6604551394236491","250","True","ShallowAutoencoder","None","","","1024","/data/thallybu/cache","1e-06","0","emnist_digits_vit-b-32_openai","0.016841562377459117","","True","512","","[128, 64]","","","1e-06","0.0005659554218631249","False","0","5","9","","","10","4","","0.24060616227945564","L","random","None","1","50","1.5182965965985409","threshold","","1.0","","42","10","[0.9, 0.1]","0.17142930477351076","0.1","False","True","True","3","99","0.0005659554218631249","23.6","127730","58038.1","31.2","10929.711829999462","38838.79619799927","39413.2","14.6","0.0008488931925967336","821.3795776367188","0.43519651889801025","0.21228638291358948","0.39041659235954285","0.1978243738412857","","","","","","","","","","","0.4542923867702484","","","","","","","","","","","0.46831926703453064","","","","","","","","","","","0.3776788115501404","","","","","","","","0.5638691782951355","0.6085667610168457","0.4966883957386017","0.3898312747478485","0.4500712454319","10","0.6604551672935486","0.0042356583289802074","0.0031764048617333174","0.002396312076598406","","","","","","","","","","","0.004060056526213884","","","","","","","","","","","0.0029628651682287455","","","","","","","","","","","0.00356537033803761","","","","","","","","0.0032617298420518637","0.0036030521150678396","0.0031482274644076824","0.00432340893894434","0.003194867167621851","0.047398123890161514","0.04660004749894142","84","10","0","0.03369228541851044","173393","0","0.009265939705073833","0.7922499775886536","0.7922499775886536","0","0.7686518430709839","0.7922499775886536","0.20774999260902405","16.288162231445312","0.7804046273231506","0.04750802740454674","0.9100834131240845"
"2026-04-06 03:00:10","1.5h","a7bed01558e24fb9993b5c2de53f8780","ssl_emnist_digits_clip-1-seed3","LOCAL","src/cli.py","thallybu","FINISHED","lightning.pytorch.cli.instantiate_module","False","None","threshold","0.6604551394236491","250","True","ShallowAutoencoder","None","","","1024","/data/thallybu/cache","1e-06","0","emnist_digits_vit-b-32_openai","0.016841562377459117","","True","512","","[128, 64]","","","1e-06","0.0005659554218631249","False","0","5","9","","","10","4","","0.24060616227945564","L","random","None","1","50","1.5182965965985409","threshold","","1.0","","42","10","[0.9, 0.1]","0.17142930477351076","0.1","False","True","True","3","99","0.0005659554218631249","25.1","127731.1","58037","31.2","10867.142207000405","39091.429636999965","39283.1","14.5","0.0012068796204403043","793.6494750976562","0.4669487178325653","0.2272460013628006","0.49701371788978577","0.20744231343269348","","","","","","","","","","","0.5664412975311279","","","","","","","","","","","0.6943429112434387","","","","","","","","","","","0.38611310720443726","","","","","","","","0.5455968379974365","0.7520630359649658","0.49555206298828125","0.4098779857158661","0.4927784502506256","10","0.6604551672935486","0.004117077682167292","0.003963496536016464","0.002388766733929515","","","","","","","","","","","0.003174887504428625","","","","","","","","","","","0.0048282635398209095","","","","","","","","","","","0.0036294094752520323","","","","","","","","0.003093980485573411","0.003474098863080144","0.0030212383717298508","0.004337775986641645","0.0033604667987674475","0.048989955335855484","0.04750083014369011","96","10","0","0.03527238592505455","167555","0","0.009310116991400719","0.6890000104904175","0.6890000104904175","0","0.6670693159103394","0.6890000104904175","0.3109999895095825","13.653112411499023","0.9496678709983826","0.05014779791235924","0.9890316724777222"
"2026-04-06 02:58:16","1.4h","9e3201b2c45040968fe17f3f4a8c458e","ssl_emnist_digits_clip-1-seed2","LOCAL","src/cli.py","thallybu","FINISHED","lightning.pytorch.cli.instantiate_module","False","None","threshold","0.6604551394236491","250","True","ShallowAutoencoder","None","","","1024","/data/thallybu/cache","1e-06","0","emnist_digits_vit-b-32_openai","0.016841562377459117","","True","512","","[128, 64]","","","1e-06","0.0005659554218631249","False","0","5","9","","","10","4","","0.24060616227945564","L","random","None","1","50","1.5182965965985409","threshold","","1.0","","42","10","[0.9, 0.1]","0.17142930477351076","0.1","False","True","True","3","99","0.0005659554218631249","26.7","127732.8","58035.2","31.2","10674.741652999073","39203.31259500235","38584.5","14.3","0.0021016171667724848","798.6299438476562","0.47720304131507874","0.23110781610012054","0.7997488975524902","0.2045591026544571","","","","","","","","","","","0.5579701662063599","","","","","","","","","","","0.49093952775001526","","","","","","","","","","","0.5931348204612732","","","","","","","","0.6320446729660034","0.4490688443183899","0.48257017135620117","0.36719661951065063","0.5460888743400574","10","0.6604551672935486","0.004082134459167719","0.0044034989550709724","0.0024055202957242727","","","","","","","","","","","0.00295445928350091","","","","","","","","","","","0.0030529259238392115","","","","","","","","","","","0.0036540681030601263","","","","","","","","0.003093274077400565","0.0033655911684036255","0.003915095701813698","0.004037851467728615","0.004218433052301407","0.04902052879333496","0.04957432672381401","50","10","0","0.03510072082281113","168558","0","0.00933202262967825","0.484375","0.484375","0","0.4592165946960449","0.484375","0.515625","17.30362892150879","1.7843437194824219","0.05103498697280884","1.9417698383331299"
"2026-04-06 02:57:16","1.4h","c4c856a4b93849edb8da4e3979e40964","ssl_emnist_digits_clip-1-seed1","LOCAL","src/cli.py","thallybu","FINISHED","lightning.pytorch.cli.instantiate_module","False","None","threshold","0.6604551394236491","250","True","ShallowAutoencoder","None","","","1024","/data/thallybu/cache","1e-06","0","emnist_digits_vit-b-32_openai","0.016841562377459117","","True","512","","[128, 64]","","","1e-06","0.0005659554218631249","False","0","5","9","","","10","4","","0.24060616227945564","L","random","None","1","50","1.5182965965985409","threshold","","1.0","","42","10","[0.9, 0.1]","0.17142930477351076","0.1","False","True","True","3","99","0.0005659554218631249","22.7","127733.2","58034.8","31.2","10746.964864000678","39482.6691839993","38585.1","14.3","0.0010146665154024959","790.8859252929688","0.46527671813964844","0.23055636882781982","0.3700072467327118","0.2255411297082901","","","","","","","","","","","0.5997074246406555","","","","","","","","","","","0.5194272398948669","","","","","","","","","","","0.4066283404827118","","","","","","","","0.4389086961746216","0.5863387584686279","0.46076729893684387","0.3778277337551117","0.6733680367469788","10","0.6604551672935486","0.004231242462992668","0.0030655169393867254","0.0025853635743260384","","","","","","","","","","","0.003564437385648489","","","","","","","","","","","0.0028857209254056215","","","","","","","","","","","0.00344358803704381","","","","","","","","0.0038897672202438116","0.0033361506648361683","0.003020236501470208","0.00427249213680625","0.0037263059057295322","0.047544315457344055","0.047607019543647766","34","10","0","0.03378959000110626","166908","0","0.009279349818825722","0.6412500143051147","0.6412500143051147","0","0.6334834694862366","0.6412500143051147","0.35874998569488525","17.98285675048828","1.2204817533493042","0.05990371108055115","1.4595061540603638"
"2026-04-06 02:56:22","1.4h","980d524a81d54bd6a3e9caff0f7afede","ssl_emnist_balanced_dino-5-seed5","LOCAL","src/cli.py","thallybu","FINISHED","lightning.pytorch.cli.instantiate_module","False","None","fixed_k","0.7831888125313664","100","True","ShallowAutoencoder","None","","","1024","/data/thallybu/cache","1e-06","0","emnist_balanced_dinov2_vits14","0.059975025046032096","","True","384","","[128]","","","1e-06","0.0005115342422899574","False","0","5","30","","","47","4","","0.29080514958518033","L","random","None","5","50","1.304162953363601","threshold","","1.0","","42","10","[0.9, 0.1]","0.05","0.1","False","True","False","1","99","0.0005115342422899574","24.8","127733.9","58034.1","31.2","10636.767698999494","39407.56733100116","40459.8","15","0.0019612181931734085","1022.7517700195312","0.691707968711853","0.20751090347766876","0.7025908827781677","0.583641529083252","0.7639040946960449","0.7146697640419006","0.6499741077423096","0.6548461318016052","0.5958216190338135","0.7909562587738037","0.7545549869537354","0.6413443088531494","0.6356909275054932","0.7078051567077637","0.7830645442008972","0.48265954852104187","0.6164062023162842","0.5423910021781921","0.6832111477851868","0.646765947341919","0.7147704362869263","0.7180503010749817","0.7806084752082825","0.7773153781890869","0.5901158452033997","0.5726433396339417","0.7255425453186035","0.6601678133010864","0.7840592861175537","0.3705599009990692","0.6340965628623962","0.6356094479560852","0.7812270522117615","0.8038263320922852","0.7973878383636475","0.7580671906471252","0.7322633862495422","0.6675936579704285","0.7461193799972534","0.7835702300071716","0.7615470290184021","0.8207734823226929","0.6526248455047607","0.5689827799797058","0.7480888962745667","0.683449387550354","0.6861552000045776","0.6388653516769409","0.7786492705345154","47","","0.010732267051935196","0.0015774479834362864","0.0020033917389810085","0.002809761092066765","0.0020452234894037247","0.0020653819665312767","0.0023792549036443233","0.0025424649938941","0.002978066448122263","0.002083068247884512","0.0027691368013620377","0.0016281289281323552","0.0025182529352605343","0.002172898268327117","0.002623739419505","0.0016393950209021568","0.0014341396745294333","0.0019178275251761079","0.001914294552989304","0.003190485294908285","0.002414934802800417","0.0024455650709569454","0.0016040330519899726","0.0026101525872945786","0.001538321957923472","0.0017948903841897845","0.002677753334864974","0.002504805102944374","0.0016901781782507896","0.0030680650379508734","0.0016682774294167757","0.0025445830542594194","0.0022606905549764633","0.0024187739472836256","0.002460313029587269","0.002318353857845068","0.0020488030277192593","0.001678140601143241","0.0020516044460237026","0.0019664326682686806","0.0016306337201967835","0.002703044330701232","0.002430545398965478","0.0016517945332452655","0.00178658461663872","0.002157064387574792","0.0020967440214008093","0.0021551598329097033","0.11397121846675873","0.11032316833734512","0","235","0","0.10266859084367752","101520","0","","0.5630319118499756","0.5630319118499756","0","0.5628730654716492","0.5630319118499756","0.436968058347702","19.288171768188477","1.2333282232284546","0.08569516986608505","1.1054850816726685"
"2026-04-06 02:55:41","1.5h","a3d89afc2c7a4b9fa9f75e403f92daf8","ssl_emnist_balanced_dino-5-seed4","LOCAL","src/cli.py","thallybu","FINISHED","lightning.pytorch.cli.instantiate_module","False","None","fixed_k","0.7831888125313664","100","True","ShallowAutoencoder","None","","","1024","/data/thallybu/cache","1e-06","0","emnist_balanced_dinov2_vits14","0.059975025046032096","","True","384","","[128]","","","1e-06","0.0005115342422899574","False","0","5","30","","","47","4","","0.29080514958518033","L","random","None","5","50","1.304162953363601","threshold","","1.0","","42","10","[0.9, 0.1]","0.05","0.1","False","True","False","1","99","0.0005115342422899574","22.7","127733.1","58034.9","31.2","11210.215726999566","41058.68192600086","38713.3","14.3","0.0019995050970464945","1022.7517700195312","0.6854287385940552","0.20805934071540833","0.6894760727882385","0.5828871726989746","0.6309927105903625","0.7034866809844971","0.6765906810760498","0.7482219338417053","0.6293222904205322","0.7876814007759094","0.7151440382003784","0.5607884526252747","0.5096531510353088","0.734017550945282","0.73726886510849","0.5416951179504395","0.5235620737075806","0.6817876100540161","0.6983416676521301","0.722104549407959","0.7481601238250732","0.6293572783470154","0.7943329811096191","0.6887679696083069","0.5963377356529236","0.6632485389709473","0.7344494462013245","0.6454563140869141","0.6866911053657532","0.4096137285232544","0.7014939785003662","0.6773673295974731","0.8066883087158203","0.7964293360710144","0.640396237373352","0.6702519655227661","0.8191336989402771","0.6352632641792297","0.7960139513015747","0.7917404174804688","0.7240679860115051","0.7787055373191833","0.6555874347686768","0.5405550003051758","0.8166543245315552","0.7422322034835815","0.6485346555709839","0.5988882780075073","0.8205756545066833","46.994327545166016","","0.010681751184165478","0.0019280078122392297","0.0018067931523546576","0.0030603876803070307","0.0019510347628965974","0.0021220205817371607","0.0021173767745494843","0.0022460040636360645","0.0030820867978036404","0.0020659586880356073","0.002528114477172494","0.001981819747015834","0.0021456177346408367","0.0026492001488804817","0.002779462141916156","0.0014136539539322257","0.001658109249547124","0.00199002493172884","0.0015572493430227041","0.0025134736206382513","0.0022146664559841156","0.0025520045310258865","0.0014395983889698982","0.002717456314712763","0.0015826894668862224","0.0024014338850975037","0.0024715617764741182","0.0016922216163948178","0.001806634129025042","0.0028703792486339808","0.00168013630900532","0.002612754935398698","0.0019333844538778067","0.0029434289317578077","0.001663627801463008","0.002172046573832631","0.00233283918350935","0.0018008374609053135","0.0020181427244096994","0.0018737523350864649","0.0016051112907007337","0.002702748868614435","0.002465006662532687","0.002089158399030566","0.0020219474099576473","0.002220522379502654","0.00217149849049747","0.0021455041132867336","0.11304952204227448","0.10364279896020889","0","235","0","0.1017862930893898","101520","0","","0.5587766170501709","0.5587766170501709","0","0.553580641746521","0.5587766170501709","0.4412233829498291","24.06200408935547","1.241950511932373","0.1016191691160202","1.0982153415679932"
"2026-04-06 01:36:01","1.5h","0319df356fcf42ee966b1d44076398fb","ssl_emnist_balanced_dino-5-seed3","LOCAL","src/cli.py","thallybu","FINISHED","lightning.pytorch.cli.instantiate_module","False","None","fixed_k","0.7831888125313664","100","True","ShallowAutoencoder","None","","","1024","/data/thallybu/cache","1e-06","0","emnist_balanced_dinov2_vits14","0.059975025046032096","","True","384","","[128]","","","1e-06","0.0005115342422899574","False","0","5","30","","","47","4","","0.29080514958518033","L","random","None","5","50","1.304162953363601","threshold","","1.0","","42","10","[0.9, 0.1]","0.05","0.1","False","True","False","1","99","0.0005115342422899574","27","127775","57993","31.2","12378.968729000539","62366.336454000324","38570.6","14.3","0.0020480924285948277","1022.7517700195312","0.6844393610954285","0.2108764797449112","0.6683513522148132","0.5810268521308899","0.6738607287406921","0.6860566139221191","0.6998725533485413","0.6023144125938416","0.7258171439170837","0.6798281073570251","0.6854285597801208","0.582295298576355","0.5273833274841309","0.7103485465049744","0.8460605144500732","0.5321431159973145","0.5776327848434448","0.5718165636062622","0.7820454835891724","0.6159907579421997","0.7298421859741211","0.616543710231781","0.737632155418396","0.6965246796607971","0.6096770763397217","0.7236788272857666","0.775727391242981","0.6487288475036621","0.7027789354324341","0.36799830198287964","0.622847855091095","0.5929710268974304","0.7380048632621765","0.7846388816833496","0.6969846487045288","0.7325409054756165","0.789759635925293","0.6320404410362244","0.8194057941436768","0.8267437815666199","0.7468713521957397","0.8333033919334412","0.6837643980979919","0.5882155299186707","0.8182982802391052","0.703089714050293","0.6640726327896118","0.5422462821006775","0.7951360940933228","46.997161865234375","","0.010813827626407146","0.0017249708762392402","0.001509409281425178","0.0029164855368435383","0.0019786327611654997","0.0022822765167802572","0.0024280515499413013","0.0023138574324548244","0.0036151318345218897","0.0017798154149204493","0.00268838950432837","0.0019499530317261815","0.0026146855670958757","0.002611944219097495","0.0028108442202210426","0.0016775213880464435","0.001465030014514923","0.0022190504241734743","0.0016197458608075976","0.002867948729544878","0.0022388696670532227","0.0027474951930344105","0.0020493781194090843","0.002523767529055476","0.0016311387298628688","0.0019466703524813056","0.002251738915219903","0.0017438315553590655","0.0017126203747466207","0.0026911126915365458","0.0015281467931345105","0.0019446765072643757","0.0018822852289304137","0.0023312456905841827","0.0017896717181429267","0.0021722791716456413","0.0021461083088070154","0.0016375832492485642","0.0020589528139680624","0.001825622166506946","0.0018594851717352867","0.0028974267188459635","0.002665974898263812","0.0015984775964170694","0.0022179060615599155","0.0021844657603651285","0.0020520808175206184","0.00216708448715508","0.11297319084405899","0.10613537579774857","0","235","0","0.10156376659870148","101520","0","","0.571365237236023","0.571365237236023","0","0.571061909198761","0.571365237236023","0.42863473296165466","12.872137069702148","1.1970040798187256","0.07203426212072372","1.0303356647491455"
"2026-04-06 01:35:02","1.5h","ac6d1a0e1a914a4a8e7f07ad95a3f335","ssl_emnist_balanced_dino-5-seed2","LOCAL","src/cli.py","thallybu","FINISHED","lightning.pytorch.cli.instantiate_module","False","None","fixed_k","0.7831888125313664","100","True","ShallowAutoencoder","None","","","1024","/data/thallybu/cache","1e-06","0","emnist_balanced_dinov2_vits14","0.059975025046032096","","True","384","","[128]","","","1e-06","0.0005115342422899574","False","0","5","30","","","47","4","","0.29080514958518033","L","random","None","5","50","1.304162953363601","threshold","","1.0","","42","10","[0.9, 0.1]","0.05","0.1","False","True","False","1","99","0.0005115342422899574","26.1","127747.6","58020.5","31.2","12346.423419998959","62560.381529998034","37249.2","13.8","0.0019042474450543523","1022.7517700195312","0.691051185131073","0.20690687000751495","0.662342369556427","0.5656895637512207","0.6549050807952881","0.7168295979499817","0.6310502290725708","0.5565049052238464","0.7046230435371399","0.703752875328064","0.760511577129364","0.5544196367263794","0.6869353652000427","0.7237387299537659","0.7043607831001282","0.5167925357818604","0.6346599459648132","0.681177020072937","0.7210916876792908","0.6916026473045349","0.6958463788032532","0.6117543578147888","0.7501367926597595","0.7349857091903687","0.6578766703605652","0.5930366516113281","0.801067590713501","0.643285870552063","0.6517179608345032","0.3874107599258423","0.6918938755989075","0.6241747140884399","0.8260734677314758","0.8151264190673828","0.8103148937225342","0.7543940544128418","0.8032560348510742","0.6295244097709656","0.8073375225067139","0.7353785634040833","0.7946140170097351","0.7968509793281555","0.7283567786216736","0.5807002186775208","0.747103214263916","0.7533126473426819","0.6514047384262085","0.578245222568512","0.7890274524688721","46.99858093261719","","0.010792781598865986","0.0017078061355277896","0.0016657831147313118","0.0031014559790492058","0.002072740811854601","0.0019124422688037157","0.002332674339413643","0.0023133368231356144","0.0031189804431051016","0.0019958086777478456","0.0024418800603598356","0.0016538782510906458","0.002650884911417961","0.001983905676752329","0.0025254259817302227","0.0022051825653761625","0.001695399871096015","0.0019648740999400616","0.0018380521796643734","0.002722490578889847","0.002286118920892477","0.0025639079976826906","0.0014774815645068884","0.0026947930455207825","0.0014624119503423572","0.002045780885964632","0.0024360758252441883","0.0015866318717598915","0.0016701114363968372","0.002904076362028718","0.0015573063865303993","0.002114576054736972","0.001970109064131975","0.0030583865009248257","0.0022392694372683764","0.0025060183834284544","0.0021956441923975945","0.0018109588418155909","0.0017472930485382676","0.0023365013767033815","0.0017417288618162274","0.0029276374261826277","0.0025119855999946594","0.001981048844754696","0.0019667267333716154","0.0018604341894388199","0.0020177944097667933","0.002061361214146018","0.112979456782341","0.10826153308153152","0","235","0","0.10163292288780212","101520","0","","0.5591312050819397","0.5591312050819397","0","0.5565946102142334","0.5591312050819397","0.4408687949180603","17.709003448486328","1.2012648582458496","0.07822643220424652","1.0292327404022217"
"2026-04-06 01:33:10","1.5h","09fac02ff9e54dbabb525648b8677fd5","ssl_emnist_balanced_dino-5-seed1","LOCAL","src/cli.py","thallybu","FINISHED","lightning.pytorch.cli.instantiate_module","False","None","fixed_k","0.7831888125313664","100","True","ShallowAutoencoder","None","","","1024","/data/thallybu/cache","1e-06","0","emnist_balanced_dinov2_vits14","0.059975025046032096","","True","384","","[128]","","","1e-06","0.0005115342422899574","False","0","5","30","","","47","4","","0.29080514958518033","L","random","None","5","50","1.304162953363601","threshold","","1.0","","42","10","[0.9, 0.1]","0.05","0.1","False","True","False","1","99","0.0005115342422899574","26.4","127775.9","57992.1","31.2","12522.839274000376","63353.63020800054","37793.8","14","0.0019797540735453367","1022.7517700195312","0.6916417479515076","0.21176327764987946","0.7259585857391357","0.5165748000144958","0.6693174839019775","0.7927446961402893","0.7147535085678101","0.6305949091911316","0.5208518505096436","0.8160988688468933","0.7793088555335999","0.5542783737182617","0.7977668046951294","0.7828012108802795","0.7566720247268677","0.5424273610115051","0.5431245565414429","0.6056970357894897","0.7962943911552429","0.6017327904701233","0.6457881927490234","0.6586169004440308","0.7926337718963623","0.7703761458396912","0.5770902633666992","0.5819092392921448","0.6742130517959595","0.6385577917098999","0.7526664733886719","0.34630876779556274","0.6268782615661621","0.6703392267227173","0.7826982140541077","0.8423744440078735","0.8168631792068481","0.7522670030593872","0.8261879682540894","0.6674056649208069","0.7670615315437317","0.7205787301063538","0.7323716878890991","0.8222662806510925","0.7032685875892639","0.6132111549377441","0.7097434997558594","0.6718345284461975","0.6624628305435181","0.6404247283935547","0.7600574493408203","46.997161865234375","","0.010719692334532738","0.0017043952830135822","0.0014464535051956773","0.003119583474472165","0.0021169129759073257","0.0021545719355344772","0.0023789680562913418","0.0025814510881900787","0.0022735123056918383","0.0019676759839057922","0.0023713496048003435","0.0033518970012664795","0.002772548235952854","0.0021342583931982517","0.0028455760329961777","0.0022917476017028093","0.0015887368936091661","0.0021953098475933075","0.0016761441947892308","0.002735805232077837","0.0023780562914907932","0.0024245791137218475","0.001707933726720512","0.0026484390255063772","0.0014986199093982577","0.0017118066316470504","0.00227286946028471","0.001818709191866219","0.0016367265488952398","0.0029579848051071167","0.001702719833701849","0.0022791996598243713","0.0021051170770078897","0.0023072082549333572","0.002041063504293561","0.0024851877242326736","0.002461184747517109","0.0016830868553370237","0.001709406147710979","0.002817946020513773","0.0016750660724937916","0.0027802796103060246","0.0028871048707515","0.0016755221877247095","0.0020202964078634977","0.0022502215579152107","0.002145024947822094","0.0021054341923445463","0.11518169939517975","0.11377760767936707","0","235","0","0.10388632118701935","101520","0","","0.542553186416626","0.542553186416626","0","0.543628454208374","0.542553186416626","0.45744678378105164","22.07904815673828","1.298902153968811","0.07833195477724075","1.2300776243209839"
"2026-04-06 01:31:43","1.5h","339ab4a7d5994828b8d42afa2d51c112","ssl_emnist_balanced_dino-4-seed5","LOCAL","src/cli.py","thallybu","FINISHED","lightning.pytorch.cli.instantiate_module","False","None","fixed_k","0.7831888125313664","100","True","ShallowAutoencoder","None","","","1024","/data/thallybu/cache","1e-06","0","emnist_balanced_dinov2_vits14","0.059975025046032096","","True","384","","[128]","","","1e-06","0.0005115342422899574","False","0","5","30","","","47","4","","0.29080514958518033","L","random","None","4","50","1.304162953363601","threshold","","1.0","","42","10","[0.9, 0.1]","0.05","0.1","False","True","False","1","99","0.0005115342422899574","23.1","127776.9","57991.1","31.2","12511.09037999995","63432.84094700217","37072.4","13.7","0.0018693757010623813","1022.7517700195312","0.6952555775642395","0.20609980821609497","0.756850004196167","0.5042321085929871","0.8116810917854309","0.7054337859153748","0.6462916135787964","0.6809842586517334","0.5468156933784485","0.7645812034606934","0.7296287417411804","0.6388124227523804","0.6047547459602356","0.7000253796577454","0.7561008930206299","0.500800371170044","0.6518880724906921","0.572834312915802","0.7063771486282349","0.7135905027389526","0.747005045413971","0.6774736046791077","0.7513481378555298","0.7753190398216248","0.6056226491928101","0.6239480376243591","0.7322590351104736","0.6955810785293579","0.7562445998191833","0.3864316940307617","0.625376284122467","0.657668948173523","0.8230941891670227","0.8343005180358887","0.8053565621376038","0.7216540575027466","0.696416974067688","0.750198245048523","0.8203761577606201","0.7916687726974487","0.6961827278137207","0.8267120718955994","0.6666816473007202","0.6032180786132812","0.7128860950469971","0.7069903016090393","0.6850626468658447","0.5727970004081726","0.7295398116111755","46.99858093261719","","0.010686753317713737","0.0015254078898578882","0.001971893012523651","0.0030807084403932095","0.0020205832552164793","0.0021281144581735134","0.0024108868092298508","0.0027340794913470745","0.0026332158595323563","0.0020498214289546013","0.0026950757019221783","0.0016746253240853548","0.002577124396339059","0.0019244977738708258","0.0026342051569372416","0.001948732417076826","0.0014669953379780054","0.0019566917326301336","0.002124543534591794","0.0029713253024965525","0.002339043188840151","0.002616576384752989","0.001534314826130867","0.0028017896693199873","0.0015907639171928167","0.0017376849427819252","0.003019612515345216","0.002197497058659792","0.0017037073848769069","0.0030614971183240414","0.0017286277143284678","0.0022851410321891308","0.0022888444364070892","0.002281567780300975","0.0017720578471198678","0.002246065530925989","0.0022364300675690174","0.0019264855654910207","0.0022062635980546474","0.0018571424297988415","0.002569925971329212","0.0026760068722069263","0.0025013391859829426","0.0016609220765531063","0.001847950741648674","0.0021761320531368256","0.0019911667332053185","0.0016095750033855438","0.11421941220760345","0.10760720819234848","0","188","0","0.10298901796340942","101520","0","","0.519858181476593","0.519858181476593","0","0.519472599029541","0.519858181476593","0.480141818523407","20.744403839111328","1.3092906475067139","0.08917605876922607","1.12172269821167"
"2026-04-06 01:29:37","1.5h","4b9b7b4b9435452cac50a079fdfe7ef9","ssl_emnist_balanced_dino-4-seed4","LOCAL","src/cli.py","thallybu","FINISHED","lightning.pytorch.cli.instantiate_module","False","None","fixed_k","0.7831888125313664","100","True","ShallowAutoencoder","None","","","1024","/data/thallybu/cache","1e-06","0","emnist_balanced_dinov2_vits14","0.059975025046032096","","True","384","","[128]","","","1e-06","0.0005115342422899574","False","0","5","30","","","47","4","","0.29080514958518033","L","random","None","4","50","1.304162953363601","threshold","","1.0","","42","10","[0.9, 0.1]","0.05","0.1","False","True","False","1","99","0.0005115342422899574","25.3","127778.3","57989.7","31.2","12316.220459001139","62814.587977003306","37682.8","13.9","0.001967835472896695","1022.7517700195312","0.6915574073791504","0.20757851004600525","0.8183780908584595","0.617388129234314","0.6506057977676392","0.6839297413825989","0.6447979807853699","0.7595704197883606","0.6847731471061707","0.6702795624732971","0.7223898768424988","0.5756232738494873","0.6400243639945984","0.7646139860153198","0.7354825139045715","0.5058423280715942","0.6109554767608643","0.7063446640968323","0.6474748849868774","0.6688533425331116","0.7718712091445923","0.6601854562759399","0.8006362915039062","0.7239617705345154","0.5908102989196777","0.6077957153320312","0.7218199372291565","0.6548613905906677","0.7186281681060791","0.36956387758255005","0.6325385570526123","0.7026219367980957","0.8232102394104004","0.7959912419319153","0.6340284943580627","0.758104145526886","0.7933205962181091","0.6353281736373901","0.807916522026062","0.8256464004516602","0.7557607293128967","0.8110443353652954","0.6836874485015869","0.5539512634277344","0.7842760682106018","0.6932390332221985","0.6504489779472351","0.5855419039726257","0.7870713472366333","46.99858093261719","","0.010496643371880054","0.0027821874246001244","0.0018545067869126797","0.003192555857822299","0.0020640597213059664","0.0021257975604385138","0.0019731062930077314","0.001958938781172037","0.003396931104362011","0.0020492966286838055","0.0025764850433915854","0.002330097137019038","0.0021265633404254913","0.0026059586089104414","0.0028224370907992125","0.0015662352088838816","0.001738042221404612","0.001932589802891016","0.0015590452821925282","0.002476691734045744","0.0023670182563364506","0.0023845199029892683","0.0018382056150585413","0.0026858332566916943","0.0015374257927760482","0.0021381068509072065","0.0024341426324099302","0.0017284250352531672","0.0017867899732664227","0.0029422775842249393","0.0019361224258318543","0.002738547744229436","0.001957579981535673","0.0027570815291255713","0.0017525437287986279","0.0023547611199319363","0.0023871930316090584","0.0017985921585932374","0.002127198502421379","0.0019508536206558347","0.0017760281916707754","0.0030535159166902304","0.002616893732920289","0.0017165302997455","0.0019439765019342303","0.002238983754068613","0.0021112151443958282","0.002176095964387059","0.11543255299329758","0.11617827415466309","0","188","0","0.10436363518238068","101520","0","","0.533687949180603","0.533687949180603","0","0.5312864184379578","0.533687949180603","0.466312050819397","17.77176284790039","1.282225489616394","0.07804517447948456","1.1021547317504883"
"2026-04-06 01:29:32","1.5h","2cb509b761844859bb29552174fb3fc2","ssl_emnist_balanced_dino-4-seed3","LOCAL","src/cli.py","thallybu","FINISHED","lightning.pytorch.cli.instantiate_module","False","None","fixed_k","0.7831888125313664","100","True","ShallowAutoencoder","None","","","1024","/data/thallybu/cache","1e-06","0","emnist_balanced_dinov2_vits14","0.059975025046032096","","True","384","","[128]","","","1e-06","0.0005115342422899574","False","0","5","30","","","47","4","","0.29080514958518033","L","random","None","4","50","1.304162953363601","threshold","","1.0","","42","10","[0.9, 0.1]","0.05","0.1","False","True","False","1","99","0.0005115342422899574","25.4","127777.8","57990.2","31.2","12581.645535999909","63677.18454599753","37497.1","13.9","0.0019537319894880056","1022.7517700195312","0.701859712600708","0.20484071969985962","0.6916776895523071","0.5834109783172607","0.7109218835830688","0.7631351947784424","0.6269488334655762","0.5779551267623901","0.7564013600349426","0.8065301775932312","0.7175500392913818","0.5731201171875","0.6056858897209167","0.6865508556365967","0.7790547609329224","0.5495485067367554","0.6220441460609436","0.6399691700935364","0.7607914209365845","0.6395015716552734","0.765885055065155","0.6172159314155579","0.7384899854660034","0.6643083691596985","0.6414289474487305","0.6833797693252563","0.7247186303138733","0.6317470669746399","0.6989505290985107","0.38034525513648987","0.7054004073143005","0.6085988879203796","0.7387251257896423","0.7999290227890015","0.7106122374534607","0.77768474817276","0.8062662482261658","0.7263668775558472","0.8161793947219849","0.7902137041091919","0.7917609214782715","0.8050406575202942","0.761090874671936","0.6095945835113525","0.8546097278594971","0.7085937261581421","0.6796929836273193","0.6872026920318604","0.8311358690261841","46.99858093261719","","0.010754642076790333","0.00183846615254879","0.002040965249761939","0.002958412282168865","0.0030111537780612707","0.0020265509374439716","0.0023263513576239347","0.0020846740808337927","0.003874910296872258","0.0019113243324682117","0.002720558550208807","0.0016412456752732396","0.0025986952241510153","0.0024019109550863504","0.00280538247898221","0.0017121577402576804","0.0015457344707101583","0.0025368945207446814","0.0017471712781116366","0.0021080407314002514","0.002272594254463911","0.003108848351985216","0.0018178503960371017","0.002464267425239086","0.0015243316302075982","0.0017326503293588758","0.0021386633161455393","0.001781745464541018","0.0017310006078332663","0.0027090883813798428","0.001498369500041008","0.001892944797873497","0.001806578948162496","0.0024861760903149843","0.001819284283556044","0.0023243981413543224","0.002062350744381547","0.001654761377722025","0.001962451497092843","0.0018913720268756151","0.001968271331861615","0.002755524590611458","0.002568898256868124","0.0019865725189447403","0.002030268544331193","0.0019749330822378397","0.002072863280773163","0.002774603897705674","0.11402209848165512","0.10646659880876541","0","188","0","0.10269932448863983","101520","0","","0.5243794322013855","0.5243794322013855","0","0.5226635336875916","0.5243794322013855","0.4756205379962921","14.71338176727295","1.3094362020492554","0.07975035905838013","1.1343770027160645"
"2026-04-06 01:28:38","1.5h","8a06d8edd46242809016baaf190abe10","ssl_emnist_balanced_dino-4-seed2","LOCAL","src/cli.py","thallybu","FINISHED","lightning.pytorch.cli.instantiate_module","False","None","fixed_k","0.7831888125313664","100","True","ShallowAutoencoder","None","","","1024","/data/thallybu/cache","1e-06","0","emnist_balanced_dinov2_vits14","0.059975025046032096","","True","384","","[128]","","","1e-06","0.0005115342422899574","False","0","5","30","","","47","4","","0.29080514958518033","L","random","None","4","50","1.304162953363601","threshold","","1.0","","42","10","[0.9, 0.1]","0.05","0.1","False","True","False","1","99","0.0005115342422899574","21","127779","57989","31.2","12347.239824999124","62939.104342997074","35909.5","13.3","0.001789736794307828","1022.7517700195312","0.70231032371521","0.20313353836536407","0.6127194166183472","0.6309404969215393","0.6726277470588684","0.7544777989387512","0.6607990264892578","0.6451907753944397","0.6768244504928589","0.7322227954864502","0.7773331999778748","0.5576068162918091","0.6570382714271545","0.6926770210266113","0.7407506704330444","0.5738145112991333","0.6362985372543335","0.6407334208488464","0.7345700263977051","0.7058181166648865","0.6336904168128967","0.6120008826255798","0.7778674960136414","0.7288161516189575","0.604555070400238","0.6184967756271362","0.753761351108551","0.6929367780685425","0.6993296146392822","0.38905277848243713","0.7599833011627197","0.637322187423706","0.8095911741256714","0.8152726888656616","0.8282076120376587","0.798857569694519","0.8067237138748169","0.6423833966255188","0.7890529036521912","0.7463698387145996","0.7856403589248657","0.8583121299743652","0.6895573735237122","0.5887547731399536","0.7972097396850586","0.7001977562904358","0.6961721777915955","0.6378792524337769","0.7932735085487366","46.994327545166016","","0.010682382620871067","0.001797456992790103","0.0018252527806907892","0.003338247537612915","0.001982486341148615","0.0019224638817831874","0.002549709053710103","0.0021959124132990837","0.003019387600943446","0.0020697193685919046","0.002517912769690156","0.0017443386605009437","0.0024515388067811728","0.0023119987454265356","0.0025867263320833445","0.0021478876005858183","0.0015926273772493005","0.0019373265095055103","0.0017704758793115616","0.0025080223567783833","0.0022872351109981537","0.003170924261212349","0.0014368987176567316","0.0026469649747014046","0.0015033941017463803","0.0017169571947306395","0.002631140174344182","0.0015985681675374508","0.001737380400300026","0.0026831894647330046","0.001741651096381247","0.0019070417620241642","0.0022371336817741394","0.002748392056673765","0.0025520441122353077","0.002143450314179063","0.0021791390608996153","0.0016861835028976202","0.0017748689278960228","0.002362874336540699","0.001951292622834444","0.0028470822144299746","0.002584038767963648","0.0019114416791126132","0.0020052555482834578","0.0019910919945687056","0.0022404370829463005","0.0018735622288659215","0.11360834538936615","0.10680660605430603","0","188","0","0.10240549594163895","101520","0","","0.536436140537262","0.536436140537262","0","0.5359042286872864","0.536436140537262","0.46347516775131226","21.142126083374023","1.261609435081482","0.09808406233787537","1.0936928987503052"
"2026-04-06 01:27:42","1.5h","86df07ff7ae74f41b3e7f98ddde0acf5","ssl_emnist_balanced_dino-4-seed1","LOCAL","src/cli.py","thallybu","FINISHED","lightning.pytorch.cli.instantiate_module","False","None","fixed_k","0.7831888125313664","100","True","ShallowAutoencoder","None","","","1024","/data/thallybu/cache","1e-06","0","emnist_balanced_dinov2_vits14","0.059975025046032096","","True","384","","[128]","","","1e-06","0.0005115342422899574","False","0","5","30","","","47","4","","0.29080514958518033","L","random","None","4","50","1.304162953363601","threshold","","1.0","","42","10","[0.9, 0.1]","0.05","0.1","False","True","False","1","99","0.0005115342422899574","24.2","127779.2","57988.8","31.2","12430.578567998484","63172.786525998265","38819.7","14.4","0.001895552733913064","1022.7517700195312","0.6960529685020447","0.20883409678936005","0.686205267906189","0.4563436508178711","0.700234055519104","0.8042209148406982","0.633526086807251","0.6689484715461731","0.6479936838150024","0.8543527126312256","0.7600564956665039","0.6219644546508789","0.4776126742362976","0.7327682971954346","0.7248603105545044","0.5533648133277893","0.7290961742401123","0.6115122437477112","0.7011951804161072","0.6497473120689392","0.6628726720809937","0.6542776226997375","0.794313907623291","0.7579522728919983","0.6235082745552063","0.6387194991111755","0.7683879733085632","0.6307880282402039","0.6991212964057922","0.3619617819786072","0.5926031470298767","0.616461992263794","0.8066571354866028","0.8103932738304138","0.8012123703956604","0.7455058693885803","0.7987598776817322","0.664410412311554","0.8003066778182983","0.7448703050613403","0.7927124500274658","0.8040822148323059","0.7257480621337891","0.6593202948570251","0.7488405704498291","0.7412415742874146","0.6487744450569153","0.7016069293022156","0.7558118104934692","46.997161865234375","","0.010746481828391552","0.001689357333816588","0.0019104074453935027","0.002873955760151148","0.0025451567489653826","0.002033072989434004","0.0023561969865113497","0.0023357891477644444","0.0026671914383769035","0.0018034636741504073","0.0022006318904459476","0.0014840890653431416","0.0027666704263538122","0.0021489830687642097","0.002789213787764311","0.003347269957885146","0.0015413531800732017","0.0020561087876558304","0.0016822981415316463","0.0025034600403159857","0.002228489378467202","0.0022777433041483164","0.0015876364195719361","0.002478227484971285","0.001549355685710907","0.001882706070318818","0.0021736337803304195","0.0016706795431673527","0.0017303224885836244","0.0027509252540767193","0.0016012046253308654","0.0019793142564594746","0.0018443354638293386","0.002154632704332471","0.0019412465626373887","0.002549568424001336","0.0022087455727159977","0.0017166874604299664","0.001765803317539394","0.0027243064250797033","0.0015905892942100763","0.002620180370286107","0.0029648528434336185","0.0018507534405216575","0.0026543932035565376","0.0020648599602282047","0.002317059086635709","0.0021359839010983706","0.11303935945034027","0.10451579838991165","0","188","0","0.10174163430929184","101520","0","","0.527570903301239","0.527570903301239","0","0.5320398807525635","0.527570903301239","0.4724290668964386","20.112503051757812","1.3921163082122803","0.07425003498792648","1.444185495376587"
"2026-04-06 00:04:30","1.5h","a5ee0e19a816421c8c79528cc126d555","ssl_emnist_balanced_dino-3-seed5","LOCAL","src/cli.py","thallybu","FINISHED","lightning.pytorch.cli.instantiate_module","False","None","fixed_k","0.7831888125313664","100","True","ShallowAutoencoder","None","","","1024","/data/thallybu/cache","1e-06","0","emnist_balanced_dinov2_vits14","0.059975025046032096","","True","384","","[128]","","","1e-06","0.0005115342422899574","False","0","5","30","","","47","4","","0.29080514958518033","L","random","None","3","50","1.304162953363601","threshold","","1.0","","42","10","[0.9, 0.1]","0.05","0.1","False","True","False","1","99","0.0005115342422899574","23.8","127821.1","57946.9","31.2","15817.423869000748","63040.03481899947","35162.4","13","0.0017680554883554578","1022.7517700195312","0.7054076194763184","0.202193483710289","0.6839943528175354","0.632862389087677","0.8184501528739929","0.6728971004486084","0.6209718585014343","0.6532216668128967","0.7535504698753357","0.6954154968261719","0.7738928198814392","0.6529955863952637","0.6244833469390869","0.7204358577728271","0.7910041809082031","0.5197715163230896","0.6131771206855774","0.6527056694030762","0.7055100798606873","0.6493862271308899","0.7359591722488403","0.6140245199203491","0.8286471962928772","0.7765995860099792","0.6106201410293579","0.6341286897659302","0.712949275970459","0.6521333456039429","0.7868871092796326","0.425218403339386","0.6610696911811829","0.7153855562210083","0.7573481202125549","0.7977400422096252","0.8366087079048157","0.7432896494865417","0.7400845885276794","0.763514518737793","0.7532535195350647","0.8401211500167847","0.7170583009719849","0.8377576470375061","0.6815084218978882","0.6128237247467041","0.7720757722854614","0.6806987524032593","0.6919376850128174","0.5779361128807068","0.7863935232162476","46.997161865234375","","0.010466117411851883","0.0018241265788674355","0.0022055061999708414","0.002926171524450183","0.0020752132404595613","0.0021268322598189116","0.0024652837309986353","0.003554524155333638","0.0024412809871137142","0.0019833866972476244","0.0027461799327284098","0.001571620930917561","0.0025473744608461857","0.0018479021964594722","0.0027304734103381634","0.0019430092070251703","0.0015796172665432096","0.0018572129774838686","0.0017476797802373767","0.00292079895734787","0.002351799514144659","0.0028300404082983732","0.0015220235800370574","0.0025623911060392857","0.0015868785558268428","0.001770143979229033","0.002472424414008856","0.0022829240188002586","0.0017223214963451028","0.003027933184057474","0.0018762650433927774","0.002316382247954607","0.00264651607722044","0.0028108872938901186","0.0018581065814942122","0.002341540763154626","0.0023215266410261393","0.0015775890788063407","0.002769970102235675","0.001886335201561451","0.0017628691857680678","0.0027725943364202976","0.0023677197750657797","0.001664293697103858","0.0019975618924945593","0.00227276305668056","0.002094923285767436","0.0020867760758847","0.11562296003103256","0.10397017747163773","0","141","0","0.10464273393154144","101520","0","","0.49397164583206177","0.49397164583206177","0","0.49482661485671997","0.49397164583206177","0.5060283541679382","25.368600845336914","1.375088095664978","0.10522308945655823","1.2051728963851929"
"2026-04-06 00:04:11","1.5h","6fead491baef4b1a926df91b32f44096","ssl_emnist_balanced_dino-3-seed4","LOCAL","src/cli.py","thallybu","FINISHED","lightning.pytorch.cli.instantiate_module","False","None","fixed_k","0.7831888125313664","100","True","ShallowAutoencoder","None","","","1024","/data/thallybu/cache","1e-06","0","emnist_balanced_dinov2_vits14","0.059975025046032096","","True","384","","[128]","","","1e-06","0.0005115342422899574","False","0","5","30","","","47","4","","0.29080514958518033","L","random","None","3","50","1.304162953363601","threshold","","1.0","","42","10","[0.9, 0.1]","0.05","0.1","False","True","False","1","99","0.0005115342422899574","20.9","127755.9","58012.1","31.2","16140.147975001484","63973.38157499954","34489.2","12.8","0.0018080107402056456","1022.7517700195312","0.6944675445556641","0.2061397135257721","0.7055267095565796","0.6029291749000549","0.659290075302124","0.7462971210479736","0.6444143652915955","0.7815876007080078","0.5898590683937073","0.6298348903656006","0.7389090061187744","0.595892608165741","0.5887113809585571","0.7460932731628418","0.7382280230522156","0.5511889457702637","0.6125673055648804","0.5870283246040344","0.6897109746932983","0.6473118662834167","0.7004716992378235","0.7343937754631042","0.8108283281326294","0.7483408451080322","0.6138581037521362","0.6587796211242676","0.7737573385238647","0.6224961280822754","0.7786275148391724","0.4409565031528473","0.7387983798980713","0.7131744027137756","0.8048979640007019","0.773216962814331","0.7042592167854309","0.696941614151001","0.8136422038078308","0.8118309378623962","0.7396686673164368","0.7969972491264343","0.7417400479316711","0.8361302614212036","0.632440447807312","0.5462136268615723","0.7537567615509033","0.7054670453071594","0.6298727989196777","0.6006900072097778","0.793982207775116","46.997161865234375","","0.01046786643564701","0.0016462121857330203","0.0016344371251761913","0.0030127321369946003","0.0019907010719180107","0.0021102228201925755","0.0022056433372199535","0.002454368630424142","0.002072390867397189","0.0020222358871251345","0.002405383624136448","0.0015516210114583373","0.002161591313779354","0.0027549511287361383","0.0028320876881480217","0.002615290926769376","0.0015008999034762383","0.0019058233592659235","0.0018181989435106516","0.002458711853250861","0.002514255465939641","0.002066119108349085","0.0015187915414571762","0.0028336707036942244","0.0016381832538172603","0.0019102152436971664","0.0024592929985374212","0.002116385381668806","0.001854473608545959","0.002900869818404317","0.0017290656687691808","0.0028920071199536324","0.0020110071636736393","0.0031485792715102434","0.0016858680173754692","0.002193259773775935","0.0034066075459122658","0.0016294970409944654","0.0022692999336868525","0.0019145909463986754","0.0020404213573783636","0.0025856089778244495","0.002528411103412509","0.0021193930879235268","0.0019857718143612146","0.002278219675645232","0.002173913409933448","0.002288996009156108","0.11483357101678848","0.11404208093881607","0","141","0","0.10383989661931992","101520","0","","0.49485814571380615","0.49485814571380615","0","0.49276843667030334","0.49485814571380615","0.5051418542861938","20.04214096069336","1.3346644639968872","0.10639157146215439","1.1090947389602661"
"2026-04-06 00:03:02","1.5h","e5752d3941e047f6a09ce49ab1b5f348","ssl_emnist_balanced_dino-3-seed3","LOCAL","src/cli.py","thallybu","FINISHED","lightning.pytorch.cli.instantiate_module","False","None","fixed_k","0.7831888125313664","100","True","ShallowAutoencoder","None","","","1024","/data/thallybu/cache","1e-06","0","emnist_balanced_dinov2_vits14","0.059975025046032096","","True","384","","[128]","","","1e-06","0.0005115342422899574","False","0","5","30","","","47","4","","0.29080514958518033","L","random","None","3","50","1.304162953363601","threshold","","1.0","","42","10","[0.9, 0.1]","0.05","0.1","False","True","False","1","99","0.0005115342422899574","19.1","127822.3","57945.7","31.2","15728.913264999166","62648.4527240023","34676.8","12.8","0.001814250834286213","1022.7517700195312","0.7010566592216492","0.20692665874958038","0.7160025835037231","0.5463830232620239","0.7383372783660889","0.7545238733291626","0.6889128684997559","0.5927755832672119","0.7269815802574158","0.6896072030067444","0.7240954041481018","0.5782037973403931","0.6423457264900208","0.696365475654602","0.8058319687843323","0.5160665512084961","0.5359370708465576","0.7745233178138733","0.7694220542907715","0.6164106726646423","0.8065383434295654","0.6119050979614258","0.7180655598640442","0.6782932281494141","0.6217464804649353","0.6477004289627075","0.7374213337898254","0.6774056553840637","0.696800708770752","0.39150330424308777","0.8383952379226685","0.6228077411651611","0.7611371874809265","0.8122429847717285","0.7467703223228455","0.7387790679931641","0.8290916681289673","0.6332381963729858","0.7980789542198181","0.8234545588493347","0.7727487683296204","0.7915070056915283","0.772516667842865","0.585132896900177","0.794087290763855","0.6702738404273987","0.645408570766449","0.6330206394195557","0.8259004354476929","46.99574279785156","","0.010525007732212543","0.0018675907049328089","0.002026837784796953","0.003034718567505479","0.002068118192255497","0.0020703806076198816","0.002407480962574482","0.002406399231404066","0.0036433732602745295","0.00215526414103806","0.0027579551097005606","0.0016081964131444693","0.0026704815682023764","0.0024575584102422","0.002626316621899605","0.0015899449354037642","0.002178703434765339","0.0027376064099371433","0.001737140235491097","0.0020399733912199736","0.0022169724106788635","0.0030704967211931944","0.0014607507036998868","0.002673045266419649","0.0015912895323708653","0.0017566310707479715","0.0024129459634423256","0.001924876356497407","0.0018573971465229988","0.002651530783623457","0.0016531769651919603","0.001969768898561597","0.0016871056286618114","0.0029889007564634085","0.0020076229702681303","0.002261626999825239","0.0023979367688298225","0.0020402974914759398","0.0020304028876125813","0.0016751070506870747","0.001973554026335478","0.0029309650417417288","0.0025202655233442783","0.002051088260486722","0.0018580941250547767","0.0021531276870518923","0.002027139300480485","0.0022948000114411116","0.11526454240083694","0.10654310137033463","0","141","0","0.10421193391084671","101520","0","","0.4991134703159332","0.4991134703159332","0","0.4998088777065277","0.4991134703159332","0.5008864998817444","18.817096710205078","1.444292426109314","0.08119510114192963","1.3726575374603271"
"2026-04-06 00:01:19","1.5h","6246b05f3ab14f55a88fc09257e54f77","ssl_emnist_balanced_dino-3-seed2","LOCAL","src/cli.py","thallybu","FINISHED","lightning.pytorch.cli.instantiate_module","False","None","fixed_k","0.7831888125313664","100","True","ShallowAutoencoder","None","","","1024","/data/thallybu/cache","1e-06","0","emnist_balanced_dinov2_vits14","0.059975025046032096","","True","384","","[128]","","","1e-06","0.0005115342422899574","False","0","5","30","","","47","4","","0.29080514958518033","L","random","None","3","50","1.304162953363601","threshold","","1.0","","42","10","[0.9, 0.1]","0.05","0.1","False","True","False","1","99","0.0005115342422899574","21.7","127823","57945","31.2","15714.179937999696","62716.33207700029","35433.5","13.1","0.0017204449977725744","1022.7517700195312","0.7071523070335388","0.20128972828388214","0.6844974160194397","0.5875141620635986","0.6623685359954834","0.6876202821731567","0.623507022857666","0.6222289204597473","0.7003655433654785","0.6805871725082397","0.7815036773681641","0.6346279978752136","0.6412687301635742","0.7265441417694092","0.758180558681488","0.6063077449798584","0.6610923409461975","0.6362244486808777","0.7688159942626953","0.723933756351471","0.6583008170127869","0.6494965553283691","0.810717761516571","0.7584073543548584","0.6016136407852173","0.6087349653244019","0.7244176268577576","0.6468520164489746","0.7417271137237549","0.3857575058937073","0.7873424887657166","0.6703545451164246","0.8184316158294678","0.8103415369987488","0.8173843026161194","0.7931472063064575","0.7966963648796082","0.6562095880508423","0.8111109733581543","0.7885497808456421","0.7796422839164734","0.8332809209823608","0.6876726746559143","0.5978426337242126","0.7892242670059204","0.7311955690383911","0.6686537265777588","0.5659378170967102","0.8202831149101257","46.994327545166016","","0.010546591132879257","0.0017082890262827277","0.001872969209216535","0.0033192692790180445","0.002061860403046012","0.0018539198208600283","0.0023766427766531706","0.0023113940842449665","0.0032854315359145403","0.0019500748021528125","0.002781557384878397","0.0016578914364799857","0.0020810908172279596","0.00230572372674942","0.0025762084405869246","0.002104059560224414","0.0014853933826088905","0.002158121205866337","0.0018085758201777935","0.0027634338475763798","0.002367186127230525","0.003374936990439892","0.001525724888779223","0.0025917987804859877","0.0015400955453515053","0.001859349780716002","0.0024275470059365034","0.0018233285518363118","0.0018235222669318318","0.002462964039295912","0.0018210078123956919","0.002167473081499338","0.0020291157998144627","0.0026539131067693233","0.002694446127861738","0.0022578237112611532","0.002134526614099741","0.0019510377896949649","0.0019332239171490073","0.0023989963810890913","0.001971875550225377","0.002731019863858819","0.0026351087726652622","0.0018981083994731307","0.0019405768252909184","0.0020948301535099745","0.0020311172120273113","0.0017237381543964148","0.1143592968583107","0.10319019109010696","0","141","0","0.10331239551305771","101520","0","","0.5239361524581909","0.5239361524581909","0","0.5250211954116821","0.5239361524581909","0.4760638177394867","18.653953552246094","1.2927732467651367","0.1015682965517044","1.1071689128875732"
"2026-04-05 23:59:34","1.5h","e710617c3b4c401da3f7079755538b39","ssl_emnist_balanced_dino-3-seed1","LOCAL","src/cli.py","thallybu","FINISHED","lightning.pytorch.cli.instantiate_module","False","None","fixed_k","0.7831888125313664","100","True","ShallowAutoencoder","None","","","1024","/data/thallybu/cache","1e-06","0","emnist_balanced_dinov2_vits14","0.059975025046032096","","True","384","","[128]","","","1e-06","0.0005115342422899574","False","0","5","30","","","47","4","","0.29080514958518033","L","random","None","3","50","1.304162953363601","threshold","","1.0","","42","10","[0.9, 0.1]","0.05","0.1","False","True","False","1","99","0.0005115342422899574","22.5","127824","57944","31.2","15483.706774000078","62147.01477500051","36382.8","13.5","0.001782627310603857","1022.7517700195312","0.6962135434150696","0.2075246423482895","0.6965259909629822","0.5267775058746338","0.6859185695648193","0.7868121266365051","0.6427332758903503","0.6607135534286499","0.5733964443206787","0.8229876756668091","0.7427681684494019","0.7101069092750549","0.5223394632339478","0.7189189195632935","0.7528366446495056","0.5296478271484375","0.7856002449989319","0.6460369825363159","0.7792394757270813","0.6312634944915771","0.6447762250900269","0.6829370260238647","0.7699013352394104","0.7894349098205566","0.5857264995574951","0.6521848440170288","0.7957539558410645","0.6317835450172424","0.6659273505210876","0.3921220600605011","0.6260355710983276","0.6175981163978577","0.7493675947189331","0.839759886264801","0.6995048522949219","0.7493008971214294","0.8041076064109802","0.7025852799415588","0.8282914161682129","0.7214964032173157","0.7719563245773315","0.7692580223083496","0.6995916962623596","0.6326418519020081","0.7337343692779541","0.8161845207214355","0.6555091142654419","0.6224533915519714","0.7821526527404785","46.99858093261719","","0.01060228981077671","0.0017056267242878675","0.001522226259112358","0.0027486628387123346","0.0022985609248280525","0.0019767528865486383","0.0024407461751252413","0.002859496744349599","0.0019793352112174034","0.0020280543249100447","0.002114267786964774","0.0021018891129642725","0.0027892058715224266","0.0023915194906294346","0.0028264126740396023","0.0026351299602538347","0.0016680784756317735","0.00209412700496614","0.0018263300880789757","0.0022709222976118326","0.002372387796640396","0.002045904751867056","0.001796487020328641","0.0025619533844292164","0.0015139266615733504","0.0019961572252213955","0.0021838892716914415","0.001645898213610053","0.0017234893748536706","0.0027729610446840525","0.0016287430189549923","0.0019993495661765337","0.002024388872087002","0.002585412235930562","0.0023434243630617857","0.0027687237598001957","0.0022836155258119106","0.0029461749363690615","0.0017684201011434197","0.0019678701646625996","0.00154356868006289","0.0028222205583006144","0.0027720611542463303","0.0016505317762494087","0.0028240270912647247","0.002074367133900523","0.002246800111606717","0.0019266213057562709","0.11418375372886658","0.10842161625623703","0","141","0","0.10306306183338165","101520","0","","0.5096631050109863","0.5096631050109863","0","0.5063322186470032","0.5096631050109863","0.4903368651866913","23.057918548583984","1.4044824838638306","0.08184067159891129","1.433566927909851"
"2026-04-05 23:56:29","1.5h","d930f88e0b7d4ae8ae14d2fae586dd27","ssl_emnist_balanced_dino-2-seed5","LOCAL","src/cli.py","thallybu","FINISHED","lightning.pytorch.cli.instantiate_module","False","None","fixed_k","0.7831888125313664","100","True","ShallowAutoencoder","None","","","1024","/data/thallybu/cache","1e-06","0","emnist_balanced_dinov2_vits14","0.059975025046032096","","True","384","","[128]","","","1e-06","0.0005115342422899574","False","0","5","30","","","47","4","","0.29080514958518033","L","random","None","2","50","1.304162953363601","threshold","","1.0","","42","10","[0.9, 0.1]","0.05","0.1","False","True","False","1","99","0.0005115342422899574","19.7","127824.5","57943.5","31.2","16629.370636999607","62726.37562500313","36455.2","13.5","0.0015880257124081254","1022.7517700195312","0.6984509825706482","0.2066764235496521","0.6960852742195129","0.5054115653038025","0.7892117500305176","0.6822041273117065","0.6557024121284485","0.6500684022903442","0.7211171984672546","0.693560779094696","0.7379990220069885","0.6775108575820923","0.49040621519088745","0.7319130301475525","0.7757779955863953","0.4798929691314697","0.6501885056495667","0.5704314708709717","0.699791669845581","0.6853650808334351","0.6874738931655884","0.6906160712242126","0.7771596312522888","0.775944173336029","0.656433641910553","0.57939213514328","0.7449111938476562","0.7581526041030884","0.8224625587463379","0.42403820157051086","0.6182883977890015","0.6484705805778503","0.7905223965644836","0.8487066626548767","0.7829853296279907","0.7627419829368591","0.7546629309654236","0.628568172454834","0.7848924398422241","0.7756412029266357","0.836937427520752","0.8684378266334534","0.6240298748016357","0.628844141960144","0.7776874303817749","0.6740189790725708","0.7033110857009888","0.5963764190673828","0.7760246396064758","46.99858093261719","","0.010227270424365997","0.0017736946465447545","0.0020519662648439407","0.0023782472126185894","0.002150579821318388","0.001970789860934019","0.002612824086099863","0.0023055642377585173","0.003634330816566944","0.0021060809958726168","0.002774996915832162","0.0014648514334112406","0.0028240608517080545","0.001957718515768647","0.002557705156505108","0.002012376906350255","0.0015299140941351652","0.0020356951281428337","0.001877234666608274","0.002513645216822624","0.0024452542420476675","0.003130249446257949","0.001716815517283976","0.002793349791318178","0.001554209622554481","0.0018200858030468225","0.002173837972804904","0.0027121303137391806","0.001877344329841435","0.0026398547925055027","0.0017375765601173043","0.002717149443924427","0.002257851418107748","0.002393531147390604","0.0018350384198129177","0.0023405952379107475","0.0021375303622335196","0.0018690478755161166","0.0029833009466528893","0.00227637542411685","0.0019485795637592673","0.0026235985569655895","0.0026399504859000444","0.001871760468930006","0.0020685808267444372","0.0022975646425038576","0.002179904608055949","0.0019058105535805225","0.11616533994674683","0.10976218432188034","0","94","0","0.1054762527346611","101520","0","","0.4796985685825348","0.4796985685825348","0","0.4730413556098938","0.4796985685825348","0.5203014016151428","20.000898361206055","1.497435212135315","0.08321627229452133","1.4288123846054077"
"2026-04-05 23:54:55","1.6h","253f1875694c4761861e4dbf9b88d52e","ssl_emnist_balanced_dino-2-seed4","LOCAL","src/cli.py","thallybu","FINISHED","lightning.pytorch.cli.instantiate_module","False","None","fixed_k","0.7831888125313664","100","True","ShallowAutoencoder","None","","","1024","/data/thallybu/cache","1e-06","0","emnist_balanced_dinov2_vits14","0.059975025046032096","","True","384","","[128]","","","1e-06","0.0005115342422899574","False","0","5","30","","","47","4","","0.29080514958518033","L","random","None","2","50","1.304162953363601","threshold","","1.0","","42","10","[0.9, 0.1]","0.05","0.1","False","True","False","1","99","0.0005115342422899574","22.6","127824","57944","31.2","18742.93672399968","64395.76453899965","36382.2","13.5","0.0016557134222239256","1022.7517700195312","0.7078738212585449","0.20199546217918396","0.6374959349632263","0.5189549326896667","0.6842406392097473","0.7268063426017761","0.6806755065917969","0.8173210620880127","0.7286251187324524","0.6769543290138245","0.746931791305542","0.7120633125305176","0.5950501561164856","0.7090552449226379","0.7411636710166931","0.5397732853889465","0.6323555111885071","0.6670920252799988","0.7769215106964111","0.6567226052284241","0.6144263744354248","0.7015451788902283","0.8434973359107971","0.7920958995819092","0.8334389925003052","0.5856165289878845","0.7416341304779053","0.583734393119812","0.7114567756652832","0.4211871922016144","0.8127473592758179","0.6520547270774841","0.8016950488090515","0.7895330786705017","0.670332670211792","0.7602590918540955","0.733552098274231","0.6167999505996704","0.7773600816726685","0.7669568657875061","0.7109512686729431","0.7504761815071106","0.6699703335762024","0.6326345205307007","0.7508169412612915","0.7898508310317993","0.7715421319007874","0.8154352903366089","0.83109450340271","46.99574279785156","","0.010189296677708626","0.00167938438244164","0.0014065657742321491","0.003349479055032134","0.0021266769617795944","0.002204648684710264","0.0027049127966165543","0.0017334399744868279","0.002475769491866231","0.0020706485956907272","0.0022249585017561913","0.0017231748206540942","0.0026814385782927275","0.003012025961652398","0.0027693843003362417","0.0027852491475641727","0.0017441287636756897","0.002040144521743059","0.0017149450723081827","0.002579927211627364","0.0024225376546382904","0.0020102080889046192","0.0016387113137170672","0.0024940655566751957","0.0015649284468963742","0.0023122450802475214","0.0025604022666811943","0.001789419329725206","0.001855868729762733","0.002033572643995285","0.0016742503503337502","0.0031550549902021885","0.0022856469731777906","0.0028428956866264343","0.0018186765955761075","0.003149760654196143","0.0028539844788610935","0.0017342587234452367","0.0017123850993812084","0.0018838284304365516","0.002186737023293972","0.0029077669605612755","0.0026990592014044523","0.0022688095923513174","0.0018653684528544545","0.0025881887413561344","0.0026867480482906103","0.0030721647199243307","0.11775423586368561","0.10947099328041077","0","94","0","0.10708341747522354","101520","0","","0.4054078161716461","0.4054078161716461","0","0.4069497287273407","0.4054078161716461","0.5945921540260315","24.440866470336914","1.7804780006408691","0.10522209852933884","1.786527156829834"
"2026-04-05 23:54:49","1.5h","0a654fc2db1442d38f0dac9154cd98b2","ssl_emnist_balanced_dino-2-seed3","LOCAL","src/cli.py","thallybu","FINISHED","lightning.pytorch.cli.instantiate_module","False","None","fixed_k","0.7831888125313664","100","True","ShallowAutoencoder","None","","","1024","/data/thallybu/cache","1e-06","0","emnist_balanced_dinov2_vits14","0.059975025046032096","","True","384","","[128]","","","1e-06","0.0005115342422899574","False","0","5","30","","","47","4","","0.29080514958518033","L","random","None","2","50","1.304162953363601","threshold","","1.0","","42","10","[0.9, 0.1]","0.05","0.1","False","True","False","1","99","0.0005115342422899574","27.5","127824.9","57943.1","31.2","18268.76011900045","62781.422892000526","39132.2","14.5","0.0016035675071179867","1022.7517700195312","0.7173613905906677","0.20004068315029144","0.7106589078903198","0.5842251181602478","0.7723831534385681","0.7070790529251099","0.662326455116272","0.6923580765724182","0.5882620215415955","0.7393425703048706","0.7926249504089355","0.6039220094680786","0.6135585308074951","0.7194740772247314","0.7946763634681702","0.5927606821060181","0.6083471179008484","0.6718002557754517","0.7612590193748474","0.6391801238059998","0.7670451998710632","0.6894199252128601","0.7699435949325562","0.7111309766769409","0.6232588887214661","0.6093425750732422","0.7486814856529236","0.7840328812599182","0.6929452419281006","0.3851538300514221","0.8209463357925415","0.678533673286438","0.7913588881492615","0.8475210666656494","0.6867842674255371","0.7507399320602417","0.763002336025238","0.6669595837593079","0.8369866013526917","0.7687816023826599","0.7859816551208496","0.8102035522460938","0.7930973768234253","0.6777143478393555","0.8422986268997192","0.8012034296989441","0.6590408086776733","0.6685027480125427","0.8542181849479675","46.99574279785156","","0.010192341171205044","0.0017380680656060576","0.002144215162843466","0.002951425965875387","0.002097013406455517","0.002298548584803939","0.0025007419753819704","0.002752917353063822","0.0034191450104117393","0.0024036255199462175","0.002500857226550579","0.0019193136831745505","0.0028045903891324997","0.002370467409491539","0.003129594959318638","0.0017529575852677226","0.0016008267411962152","0.002117439405992627","0.0018231029389426112","0.0021019119303673506","0.0022850329987704754","0.0029712419491261244","0.001608676160685718","0.0027613083366304636","0.0015409613260999322","0.001756004523485899","0.003334025153890252","0.0020663542672991753","0.0017761960625648499","0.0023581204004585743","0.0017321303021162748","0.001993043115362525","0.0018116371938958764","0.002472522435709834","0.0017565747257322073","0.0027899686247110367","0.0023860596120357513","0.0019370781956240535","0.0019813368562608957","0.002133030444383621","0.001922687515616417","0.0028672378975898027","0.0025749218184500933","0.0019573112949728966","0.0024105531629174948","0.002214142819866538","0.002233001869171858","0.0025771085638552904","0.1172858476638794","0.10806210339069366","0","94","0","0.1066271960735321","101520","0","","0.45620566606521606","0.45620566606521606","0","0.4569234251976013","0.45620566606521606","0.5437943339347839","17.396440505981445","1.5247613191604614","0.07895410805940628","1.3942139148712158"
"2026-04-05 22:29:25","1.6h","d071024c65e345c3b4dda47e5aae3493","ssl_emnist_balanced_dino-2-seed2","LOCAL","src/cli.py","thallybu","FINISHED","lightning.pytorch.cli.instantiate_module","False","None","fixed_k","0.7831888125313664","100","True","ShallowAutoencoder","None","","","1024","/data/thallybu/cache","1e-06","0","emnist_balanced_dinov2_vits14","0.059975025046032096","","True","384","","[128]","","","1e-06","0.0005115342422899574","False","0","5","30","","","47","4","","0.29080514958518033","L","random","None","2","50","1.304162953363601","threshold","","1.0","","42","10","[0.9, 0.1]","0.05","0.1","False","True","False","1","99","0.0005115342422899574","19.5","127873.7","57894.3","31.2","20203.585694998503","59043.92105699703","34714.6","12.8","0.0015126456273719668","1022.7517700195312","0.7237575054168701","0.19296178221702576","0.6679386496543884","0.6191788911819458","0.6856404542922974","0.7621617317199707","0.6887905597686768","0.5739542245864868","0.6696665287017822","0.738923192024231","0.7629578709602356","0.6377289295196533","0.6187249422073364","0.8043426275253296","0.720713198184967","0.5696451663970947","0.6405194997787476","0.7431380748748779","0.737971842288971","0.698393702507019","0.6372103095054626","0.7222470045089722","0.8296083211898804","0.8201740384101868","0.6449078321456909","0.5988895297050476","0.7228012681007385","0.6693375706672668","0.7195087671279907","0.5265799760818481","0.709604024887085","0.7040171027183533","0.8185701966285706","0.8431024551391602","0.7916795611381531","0.7925257682800293","0.7786480784416199","0.7704163193702698","0.826154887676239","0.7787322402000427","0.7656424045562744","0.8138380646705627","0.6480616927146912","0.7403465509414673","0.7883352041244507","0.7443086504936218","0.7563216686248779","0.8460389375686646","0.7362754940986633","46.99574279785156","","0.010442221537232399","0.0017396220937371254","0.0018126772483810782","0.0034164462704211473","0.0023087305016815662","0.0019301979336887598","0.002303090412169695","0.00325460615567863","0.0021808401215821505","0.0019954645540565252","0.002947710920125246","0.001638986635953188","0.0021174366120249033","0.002446330152451992","0.0027622610796242952","0.002251927275210619","0.0016870024846866727","0.0019698659889400005","0.0018802606500685215","0.002625793218612671","0.0026173812802881002","0.002098467666655779","0.0018156567821279168","0.0027196051087230444","0.001585881458595395","0.0018130372045561671","0.002409576205536723","0.0015763530973345041","0.0019409459782764316","0.0027614645659923553","0.0017989185871556401","0.0019214954227209091","0.0019290130585432053","0.0025054740253835917","0.003219612641260028","0.002562698908150196","0.001951600075699389","0.0019490820122882724","0.0019160129595547915","0.002140813274309039","0.0023928950540721416","0.002721344120800495","0.0026272349059581757","0.0015882813604548573","0.0019843927584588528","0.0024025628808885813","0.0025899314787238836","0.0016395899001508951","0.11532256752252579","0.10806731879711151","0","94","0","0.10444045066833496","101520","0","","0.4510638415813446","0.4510638415813446","0","0.4514676034450531","0.4510638415813446","0.548936128616333","15.404816627502441","1.4732165336608887","0.13282613456249237","1.2373439073562622"
"2026-04-05 22:29:09","1.6h","f8b3002b9f72462da8348a49096e01ca","ssl_emnist_balanced_dino-2-seed1","LOCAL","src/cli.py","thallybu","FINISHED","lightning.pytorch.cli.instantiate_module","False","None","fixed_k","0.7831888125313664","100","True","ShallowAutoencoder","None","","","1024","/data/thallybu/cache","1e-06","0","emnist_balanced_dinov2_vits14","0.059975025046032096","","True","384","","[128]","","","1e-06","0.0005115342422899574","False","0","5","30","","","47","4","","0.29080514958518033","L","random","None","2","50","1.304162953363601","threshold","","1.0","","42","10","[0.9, 0.1]","0.05","0.1","False","True","False","1","99","0.0005115342422899574","23.1","127934.6","57833.4","31.1","20489.423262000084","60040.43918899819","35279.7","13","0.0015855043893679976","1022.7517700195312","0.7011094093322754","0.20902058482170105","0.6992428302764893","0.49773073196411133","0.6951598525047302","0.8617843389511108","0.7598843574523926","0.5715154409408569","0.567444920539856","0.7747530341148376","0.8181358575820923","0.7160734534263611","0.5668349862098694","0.6317251324653625","0.7306870222091675","0.4736734926700592","0.7529687285423279","0.6175939440727234","0.7346118688583374","0.6801363825798035","0.7954312562942505","0.6690762639045715","0.8263041973114014","0.7345285415649414","0.5816951394081116","0.6280180811882019","0.8162811994552612","0.8238219022750854","0.8002210259437561","0.42053908109664917","0.6231778860092163","0.6197138428688049","0.7447187304496765","0.7401465177536011","0.7404133677482605","0.7774325609207153","0.7557377815246582","0.6467646360397339","0.8324698209762573","0.621031641960144","0.7895485758781433","0.799832820892334","0.733060359954834","0.6775088310241699","0.7958806753158569","0.7058847546577454","0.6558812856674194","0.6080875992774963","0.7692548632621765","46.99858093261719","","0.010303601622581482","0.00184506771620363","0.0015203030779957771","0.0031895556021481752","0.0019312947988510132","0.001940386020578444","0.002413799986243248","0.0028163823299109936","0.001977523323148489","0.0026873797178268433","0.002044566674157977","0.002171498956158757","0.0024304401595145464","0.002505355281755328","0.0026896423660218716","0.0026872376911342144","0.0015470398357138038","0.0022251736372709274","0.0017860035877674818","0.0019551864825189114","0.0024220438208431005","0.002545516472309828","0.0016578793292865157","0.0026500949170440435","0.0015628543915227056","0.002218350302428007","0.0027623947244137526","0.002346136374399066","0.001826178515329957","0.002875786041840911","0.00168463378213346","0.0021256902255117893","0.003112896578386426","0.002525742631405592","0.0018852204084396362","0.0027046597097069025","0.002237894805148244","0.001986754359677434","0.0019455022411420941","0.002225694479420781","0.0017452265601605177","0.003111808095127344","0.0028800154104828835","0.0018082604510709643","0.002122620353475213","0.0023861185181885958","0.00218973052687943","0.0022256718948483467","0.11689577996730804","0.1124277263879776","0","94","0","0.10613109171390533","101520","0","","0.46046099066734314","0.46046099066734314","0","0.4571143090724945","0.46046099066734314","0.5395389795303345","22.216075897216797","1.5056759119033813","0.08389627933502197","1.4826016426086426"
"2026-04-05 22:27:46","1.6h","c71b7769fa2643258bbea82841f9e7df","ssl_emnist_balanced_dino-1-seed5","LOCAL","src/cli.py","thallybu","FINISHED","lightning.pytorch.cli.instantiate_module","False","None","fixed_k","0.7831888125313664","100","True","ShallowAutoencoder","None","","","1024","/data/thallybu/cache","1e-06","0","emnist_balanced_dinov2_vits14","0.059975025046032096","","True","384","","[128]","","","1e-06","0.0005115342422899574","False","0","5","30","","","47","4","","0.29080514958518033","L","random","None","1","50","1.304162953363601","threshold","","1.0","","42","10","[0.9, 0.1]","0.05","0.1","False","True","False","1","99","0.0005115342422899574","21.3","127936.1","57832","31.1","20238.920775000006","58798.75159499794","35219.1","13","0.0013574508484452963","1022.7517700195312","0.7303265333175659","0.19638961553573608","0.7172340154647827","0.5448196530342102","0.8073629140853882","0.7148336172103882","0.722540020942688","0.7366170883178711","0.7172075510025024","0.7368584871292114","0.8668057322502136","0.6662419438362122","0.5603327751159668","0.8047243356704712","0.8208274841308594","0.5319229960441589","0.5819239616394043","0.6702814698219299","0.778473973274231","0.6474577188491821","0.7657703757286072","0.6771881580352783","0.7402152419090271","0.8124634027481079","0.6619235873222351","0.6211671233177185","0.7510417103767395","0.7434519529342651","0.7091580033302307","0.49020087718963623","0.6533427238464355","0.7436635494232178","0.7830060124397278","0.8257389068603516","0.7892142534255981","0.7494103312492371","0.7775195837020874","0.7587459683418274","0.8164936304092407","0.8231109380722046","0.7984029054641724","0.8274539709091187","0.8201901316642761","0.807835042476654","0.7336530685424805","0.6986456513404846","0.799713134765625","0.6032094359397888","0.7562851309776306","46.99858093261719","","0.00955530907958746","0.001944115268997848","0.00226406566798687","0.0023229129146784544","0.0023286042269319296","0.002264944836497307","0.0029621277935802937","0.0020005658734589815","0.0034195994958281517","0.0019050466362386942","0.002830186393111944","0.0015197282191365957","0.003626773366704583","0.0020621400326490402","0.002780688228085637","0.0019715765956789255","0.0018100463785231113","0.002513557905331254","0.0017937244847416878","0.002707030391320586","0.0025810287334024906","0.003580602817237377","0.0024153266567736864","0.0025888520758599043","0.0015941675519570708","0.0019643674604594707","0.002267499454319477","0.0023712862748652697","0.002000429667532444","0.003100563772022724","0.0019982573576271534","0.0024535038974136114","0.0031085561495274305","0.0020866503473371267","0.002222313079982996","0.0025782568845897913","0.0029199731070548296","0.0016441753832623363","0.0021490370854735374","0.00204958813264966","0.002073991345241666","0.0032574967481195927","0.003258794080466032","0.0019502914510667324","0.00204323953948915","0.002672749338671565","0.0022539773490279913","0.0033556295093148947","0.12351543456315994","0.12163569778203964","0","47","0","0.11356530338525772","101520","0","","0.35611701011657715","0.35611701011657715","0","0.3575334846973419","0.35611701011657715","0.6438829302787781","19.879573822021484","1.7750927209854126","0.11663587391376495","1.5548408031463623"
"2026-04-05 22:25:57","1.6h","be82f2988c2746c497b37c30f3af2952","ssl_emnist_balanced_dino-1-seed4","LOCAL","src/cli.py","thallybu","FINISHED","lightning.pytorch.cli.instantiate_module","False","None","fixed_k","0.7831888125313664","100","True","ShallowAutoencoder","None","","","1024","/data/thallybu/cache","1e-06","0","emnist_balanced_dinov2_vits14","0.059975025046032096","","True","384","","[128]","","","1e-06","0.0005115342422899574","False","0","5","30","","","47","4","","0.29080514958518033","L","random","None","1","50","1.304162953363601","threshold","","1.0","","42","10","[0.9, 0.1]","0.05","0.1","False","True","False","1","99","0.0005115342422899574","23.4","127211.4","58556.6","31.5","20233.840866001323","58361.46110699698","35640.8","13.2","0.0013339589349925518","1022.7517700195312","0.7164881825447083","0.20315738022327423","0.6313387155532837","0.5444340109825134","0.706741452217102","0.6785960793495178","0.7407026886940002","0.7110163569450378","0.8004229068756104","0.6172496676445007","0.7587881088256836","0.7726146578788757","0.4758986532688141","0.8119926452636719","0.7948648929595947","0.5265535712242126","0.6635899543762207","0.8262728452682495","0.7727152705192566","0.7920951843261719","0.6334827542304993","0.7925003170967102","0.8244326114654541","0.7379689812660217","0.8251237273216248","0.6142900586128235","0.733471691608429","0.6685189008712769","0.6878907680511475","0.42373940348625183","0.6135914325714111","0.8081231713294983","0.8067379593849182","0.7770556807518005","0.7691330909729004","0.7093139886856079","0.7655313611030579","0.7097327709197998","0.7659504413604736","0.7181057929992676","0.6980440020561218","0.7506105899810791","0.7709836959838867","0.5780678987503052","0.7790936827659607","0.7719194293022156","0.7344891428947449","0.6835076212882996","0.8179404735565186","47","","0.009515751153230667","0.0018194731092080474","0.001635227119550109","0.003198864171281457","0.002130417851731181","0.002163489116355777","0.0020444917026907206","0.002073427429422736","0.0023069747257977724","0.0026997574605047703","0.0028721289709210396","0.002138156443834305","0.002803330309689045","0.003301511751487851","0.003083172719925642","0.0032912464812397957","0.002163769444450736","0.0021060847211629152","0.0020249870140105486","0.0026066231075674295","0.0027269870042800903","0.0021832927595824003","0.0016568517312407494","0.0032289468217641115","0.001601440249942243","0.002150756772607565","0.00270952470600605","0.002067448105663061","0.0018566850339993834","0.0024673675652593374","0.0021204620134085417","0.002148023108020425","0.0026644666213542223","0.00281358789652586","0.0022545417305082083","0.002562849083915353","0.0034049726091325283","0.0019320491701364517","0.0023634720128029585","0.001827505766414106","0.0023087000008672476","0.0035688045900315046","0.0027680571656674147","0.002353155752643943","0.0018102007452398539","0.002964136190712452","0.0030687677208334208","0.002235431456938386","0.12418527156114578","0.12961071729660034","0","47","0","0.11428166925907135","101520","0","","0.32154256105422974","0.32154256105422974","0","0.3218730092048645","0.32154256105422974","0.6784574389457703","42.811405181884766","2.0037689208984375","0.09110502153635025","1.92092764377594"
"2026-04-05 22:24:02","1.5h","db6b3f9bf9de439585b314c083756c24","ssl_emnist_balanced_dino-1-seed3","LOCAL","src/cli.py","thallybu","FINISHED","lightning.pytorch.cli.instantiate_module","False","None","fixed_k","0.7831888125313664","100","True","ShallowAutoencoder","None","","","1024","/data/thallybu/cache","1e-06","0","emnist_balanced_dinov2_vits14","0.059975025046032096","","True","384","","[128]","","","1e-06","0.0005115342422899574","False","0","5","30","","","47","4","","0.29080514958518033","L","random","None","1","50","1.304162953363601","threshold","","1.0","","42","10","[0.9, 0.1]","0.05","0.1","False","True","False","1","99","0.0005115342422899574","23.6","127213.3","58554.8","31.5","17576.973912999034","57867.96381799877","35963.9","13.3","0.0013852606061846018","1022.7517700195312","0.7411808967590332","0.188547745347023","0.7361372709274292","0.6263298988342285","0.7891208529472351","0.7261444926261902","0.6920861005783081","0.642015814781189","0.7441215515136719","0.6914692521095276","0.7670279741287231","0.656658947467804","0.5069178938865662","0.6814215779304504","0.779811680316925","0.7292340993881226","0.8001428842544556","0.7272440791130066","0.7672199606895447","0.5875663161277771","0.8416154980659485","0.8646517395973206","0.788235604763031","0.7107048630714417","0.6350230574607849","0.6814126968383789","0.7873885035514832","0.7103609442710876","0.7338111400604248","0.7582539916038513","0.7985320687294006","0.6592329740524292","0.801093339920044","0.7992240190505981","0.7868983149528503","0.7700133919715881","0.8119069933891296","0.7059154510498047","0.8084896802902222","0.8152692914009094","0.7640814781188965","0.819745659828186","0.8269211053848267","0.6407442092895508","0.8477829694747925","0.7321953177452087","0.7618887424468994","0.7327530980110168","0.7629075646400452","46.99574279785156","","0.009550821967422962","0.0019215046195313334","0.0024346034042537212","0.0029136892408132553","0.0020486547145992517","0.0023347316309809685","0.00248769111931324","0.0015126134967431426","0.003180168569087982","0.002296428894624114","0.0028447925578802824","0.0016799218719825149","0.002710968255996704","0.0025494976434856653","0.0029141532722860575","0.0027936999686062336","0.001776246470399201","0.002085441490635276","0.0018319532973691821","0.0021659035701304674","0.0027043945156037807","0.0029012577142566442","0.002070554532110691","0.003190297167748213","0.001650001504458487","0.0019610708113759756","0.003090632613748312","0.002069188514724374","0.003091365797445178","0.0023101153783500195","0.001770316855981946","0.0028089722618460655","0.0021937955170869827","0.0031969891861081123","0.002162949414923787","0.003316784044727683","0.002561659784987569","0.0020418078638613224","0.0019739775452762842","0.002267182571813464","0.0019179664086550474","0.0031450556125491858","0.0027657360769808292","0.0020763541106134653","0.0036572101525962353","0.002732559572905302","0.002942474326118827","0.0020501872058957815","0.12504908442497253","0.11347012221813202","0","47","0","0.11509544402360916","101520","0","","0.3013297915458679","0.3013297915458679","0","0.3012344241142273","0.3013297915458679","0.6986702084541321","22.873109817504883","2.0103046894073486","0.11722318828105927","1.7766833305358887"
"2026-04-05 22:23:53","1.5h","4c2f3eafacb24606b08429d6c8d63591","ssl_emnist_balanced_dino-1-seed2","LOCAL","src/cli.py","thallybu","FINISHED","lightning.pytorch.cli.instantiate_module","False","None","fixed_k","0.7831888125313664","100","True","ShallowAutoencoder","None","","","1024","/data/thallybu/cache","1e-06","0","emnist_balanced_dinov2_vits14","0.059975025046032096","","True","384","","[128]","","","1e-06","0.0005115342422899574","False","0","5","30","","","47","4","","0.29080514958518033","L","random","None","1","50","1.304162953363601","threshold","","1.0","","42","10","[0.9, 0.1]","0.05","0.1","False","True","False","1","99","0.0005115342422899574","27.9","127213.7","58554.4","31.5","17311.178292000666","56999.835110999644","39178.1","14.5","0.001337232068181038","1022.7517700195312","0.7255426645278931","0.19831442832946777","0.7008922100067139","0.5992042422294617","0.7215157151222229","0.7588151097297668","0.8193307518959045","0.5936724543571472","0.7586433291435242","0.6403523683547974","0.84517502784729","0.6753454208374023","0.5600175857543945","0.7652663588523865","0.7237969040870667","0.6114211082458496","0.5264552235603333","0.6921399235725403","0.7916274666786194","0.7109020352363586","0.8211519122123718","0.6981592178344727","0.842917799949646","0.7692328691482544","0.5845056176185608","0.5891129374504089","0.7353243231773376","0.6323722004890442","0.7005898356437683","0.592799723148346","0.7142389416694641","0.8099541068077087","0.7917788028717041","0.8323502540588379","0.856770396232605","0.8182320594787598","0.7745559811592102","0.6718695163726807","0.799716055393219","0.8405309915542603","0.738474428653717","0.7676399350166321","0.6641327738761902","0.669721245765686","0.8268002271652222","0.7731617093086243","0.6353071331977844","0.7017513513565063","0.7645735740661621","46.994327545166016","","0.009529056027531624","0.001833327696658671","0.0019959015771746635","0.0028702884446829557","0.0022257014643400908","0.002086944179609418","0.00264475354924798","0.0023147938773036003","0.003394915023818612","0.0027231848798692226","0.0028943680226802826","0.0023451054003089666","0.002728209365159273","0.002926449291408062","0.002646275330334902","0.0018535017734393477","0.0018871300853788853","0.0019760867580771446","0.0019797636196017265","0.003454688237980008","0.0026489037554711103","0.0034704406280070543","0.0017884471453726292","0.002629362978041172","0.001619128161109984","0.0022031799890100956","0.0023780844639986753","0.0019212185870856047","0.0018879111157730222","0.0029633177910000086","0.001962019596248865","0.0019609141163527966","0.0023816400207579136","0.003574189729988575","0.0031331328209489584","0.0023667754139751196","0.002219462301582098","0.00213724747300148","0.0018628892721608281","0.002955772913992405","0.002022910863161087","0.002817971631884575","0.0029307054355740547","0.0018458347767591476","0.0019964613020420074","0.0021940262522548437","0.0027397663798183203","0.0019528210395947099","0.12325078994035721","0.11670665442943573","0","47","0","0.11333287507295609","101520","0","","0.4238475263118744","0.4238475263118744","0","0.4204065799713135","0.4238475263118744","0.5761524438858032","20.976703643798828","1.56615149974823","0.11060409992933273","1.3478868007659912"
"2026-04-05 22:23:51","1.5h","66a5922ca1ba47dab08c8055285177d1","ssl_emnist_balanced_dino-1-seed1","LOCAL","src/cli.py","thallybu","FINISHED","lightning.pytorch.cli.instantiate_module","False","None","fixed_k","0.7831888125313664","100","True","ShallowAutoencoder","None","","","1024","/data/thallybu/cache","1e-06","0","emnist_balanced_dinov2_vits14","0.059975025046032096","","True","384","","[128]","","","1e-06","0.0005115342422899574","False","0","5","30","","","47","4","","0.29080514958518033","L","random","None","1","50","1.304162953363601","threshold","","1.0","","42","10","[0.9, 0.1]","0.05","0.1","False","True","False","1","99","0.0005115342422899574","24.9","127213.7","58554.3","31.5","17305.212265999988","57021.701613001525","37818.8","14","0.001383441616781056","1022.7517700195312","0.7294392585754395","0.19805262982845306","0.7267520427703857","0.4452992081642151","0.6790565252304077","0.7594735622406006","0.8039013147354126","0.7186262607574463","0.570850670337677","0.7772924900054932","0.7557737827301025","0.7445484399795532","0.7346039414405823","0.8152291774749756","0.756051242351532","0.5063144564628601","0.6947381496429443","0.6792108416557312","0.7212780714035034","0.6905896663665771","0.8085893988609314","0.6583207845687866","0.7966684103012085","0.8465156555175781","0.6845591068267822","0.6880831718444824","0.7830550670623779","0.6732426285743713","0.8107548952102661","0.5785221457481384","0.7545081377029419","0.7016229033470154","0.8194617033004761","0.7173795104026794","0.838172197341919","0.8069037199020386","0.8327608704566956","0.8231809735298157","0.7505936622619629","0.6356828808784485","0.720687985420227","0.8007992506027222","0.6815922260284424","0.7911686301231384","0.7277392148971558","0.7288990020751953","0.6844214797019958","0.7230642437934875","0.8229330778121948","46.99858093261719","","0.00957484357059002","0.0018568732775747776","0.001642592833377421","0.003169770585373044","0.0020553108770400286","0.0020300911273807287","0.0029704205226153135","0.0029246618505567312","0.002781291026622057","0.0021388791501522064","0.0022718580439686775","0.0036209765821695328","0.002738664159551263","0.0025002779439091682","0.0028747471515089273","0.002876007929444313","0.0018047081539407372","0.0023840174544602633","0.002046935958787799","0.0021210454870015383","0.002466493286192417","0.002302727894857526","0.0027845471631735563","0.0028278387617319822","0.0016394306439906359","0.0033074072562158108","0.0024433997459709644","0.0024380595423281193","0.001616905676200986","0.003120962530374527","0.00195647613145411","0.0022972477599978447","0.0028741881251335144","0.002281386172398925","0.0019088464323431253","0.0027799850795418024","0.0019354792311787605","0.002285391092300415","0.0019421745091676712","0.0018860464915633202","0.0022219351958483458","0.002462631557136774","0.0030238318722695112","0.001896555069833994","0.002631479175761342","0.0028744246810674667","0.0023151009809225798","0.0033117164857685566","0.12461426109075546","0.11580589413642883","0","47","0","0.1146370992064476","101520","0","","0.3476063907146454","0.3476063907146454","0","0.34383031725883484","0.3476063907146454","0.6523935794830322","36.42592239379883","2.0017175674438477","0.08822360634803772","2.13723087310791"
"2026-04-05 22:23:04","1.7h","596722e1150a40d0a614c7e72cab4928","ssl_emnist_balanced_conv-5-seed5","LOCAL","src/cli.py","thallybu","FINISHED","lightning.pytorch.cli.instantiate_module","False","None","fixed_k","0.8","100","True","ShallowConvAutoencoder","","[8]","[1, 28, 28]","1024","","1e-06","0","EMNIST","0.060100280021198146","balanced","True","784","True","None","L","[224, 224]","1e-06","0.004033618795504522","False","0","5","12","None","None","47","4","False","0.46908662221321074","L","random","None","5","25","1.2","fixed_k","True","1.0","/data/thallybu/datasets/EMNIST","0","10","[0.9, 0.1]","0.05","0.1","False","True","False","2","99","0.004033618795504522","19.8","127934.4","57833.6","31.1","21783.575837999582","63896.057532999665","33176.7","12.3","0.005732845980674028","1022.7517700195312","0.4640046954154968","0.1959776133298874","0.6363053321838379","0.6222935914993286","0.4865611791610718","0.5118862986564636","0.3953196108341217","0.4839746356010437","0.4146357774734497","0.5225278735160828","0.4777218699455261","0.43812471628189087","0.5664486885070801","0.427493155002594","0.4312346577644348","0.4519571363925934","0.3789980113506317","0.32739946246147156","0.3975558578968048","0.6561278700828552","0.6081985235214233","0.5132374167442322","0.48058611154556274","0.4715239107608795","0.36773988604545593","0.3628675639629364","0.4904003441333771","0.4508150517940521","0.32240667939186096","0.3672776520252228","0.4879254102706909","0.37213030457496643","0.4732794761657715","0.42971938848495483","0.40185442566871643","0.4475303888320923","0.46900150179862976","0.4725269675254822","0.6087877154350281","0.4965434968471527","0.3629606366157532","0.5189836621284485","0.3707411289215088","0.5096890926361084","0.4630509316921234","0.4606981575489044","0.2806592583656311","0.4802002012729645","0.5923623442649841","46.99574279785156","","0.04971855506300926","0.008122317492961884","0.001867470215074718","0.014179202727973461","0.02123151160776615","0.008230116218328476","0.014067493379116058","0.014789887703955173","0.01168027799576521","0.016934219747781754","0.012085579335689545","0.004591973032802343","0.011020325124263763","0.015191400423645973","0.013303225859999657","0.001774079049937427","0.014120480045676231","0.010752568952739239","0.009923530742526054","0.011778281070291996","0.019624991342425346","0.014622384682297707","0.011429022997617722","0.00669602956622839","0.012098666280508041","0.010688706301152706","0.007486701477319002","0.013889241963624954","0.008179710246622562","0.008061899803578854","0.010287469252943993","0.012621956877410412","0.007661039009690285","0.010995264165103436","0.009934311732649803","0.01016687136143446","0.010442501865327358","0.01037494745105505","0.01066603697836399","0.009277339093387127","0.013022907078266144","0.006117139011621475","0.010738489218056202","0.01099124364554882","0.008450658991932869","0.00593229616060853","0.014713420532643795","0.013080346398055553","0.566253662109375","0.5426239967346191","1175","235","1175","0.5138459205627441","101520","0","","0.6742021441459656","0.6742021441459656","0","0.6688835620880127","0.6742021441459656","0.3257978558540344","59.179290771484375","1.3679280281066895","0.0889609307050705","2.3336575031280518"
"2026-04-05 20:49:26","1.7h","70b53f9d9da6430986882ec39a61a5ea","ssl_emnist_balanced_conv-5-seed4","LOCAL","src/cli.py","thallybu","FINISHED","lightning.pytorch.cli.instantiate_module","False","None","fixed_k","0.8","100","True","ShallowConvAutoencoder","","[8]","[1, 28, 28]","1024","","1e-06","0","EMNIST","0.060100280021198146","balanced","True","784","True","None","L","[224, 224]","1e-06","0.004033618795504522","False","0","5","12","None","None","47","4","False","0.46908662221321074","L","random","None","5","25","1.2","fixed_k","True","1.0","/data/thallybu/datasets/EMNIST","0","10","[0.9, 0.1]","0.05","0.1","False","True","False","2","99","0.004033618795504522","21.5","127257.5","58510.5","31.5","16165.277053998783","33206.567055001855","31893.1","11.8","0.005791055504232645","1022.7517700195312","0.4851910471916199","0.1956491619348526","0.62149578332901","0.479748010635376","0.49082833528518677","0.5998594760894775","0.5444109439849854","0.5130638480186462","0.4800747334957123","0.5513288974761963","0.46017128229141235","0.4427664577960968","0.5834746360778809","0.44365161657333374","0.47998958826065063","0.42838093638420105","0.5629370212554932","0.33337658643722534","0.3790781795978546","0.681377112865448","0.5440859794616699","0.4804234504699707","0.4878946542739868","0.5124699473381042","0.3527457118034363","0.49196791648864746","0.514559268951416","0.4363607168197632","0.3150101602077484","0.3038209080696106","0.4970797002315521","0.52288419008255","0.44929400086402893","0.5285805463790894","0.3786333501338959","0.5095474720001221","0.5110803246498108","0.4253116548061371","0.5139843225479126","0.5357995629310608","0.39529117941856384","0.6059367656707764","0.4433434307575226","0.48778867721557617","0.4649829566478729","0.49197623133659363","0.3490529954433441","0.480623334646225","0.5723130702972412","46.99574279785156","","0.049898821860551834","0.007364886812865734","0.0032935163471847773","0.013645729050040245","0.019351273775100708","0.009508190676569939","0.016551876440644264","0.013889671303331852","0.011313125491142273","0.017054567113518715","0.012983402237296104","0.0016762400045990944","0.01165212132036686","0.011988279409706593","0.013332869857549667","0.002439191797748208","0.014011720195412636","0.010514160618185997","0.011694743297994137","0.010589784011244774","0.01810150407254696","0.016589049249887466","0.010618631727993488","0.0069485018029809","0.013795049861073494","0.010158242657780647","0.006455734372138977","0.013575956225395203","0.008943766355514526","0.007411279249936342","0.013514277525246143","0.01246759481728077","0.010327699594199657","0.011957446113228798","0.011700289323925972","0.010169354267418385","0.010395490564405918","0.011558406054973602","0.007613493129611015","0.009413162246346474","0.011661491356790066","0.0072243474423885345","0.009766132570803165","0.012091086246073246","0.00883383210748434","0.006300762295722961","0.014120679348707199","0.013148665428161621","0.5702762007713318","0.5716114044189453","1175","235","1175","0.517660915851593","101520","0","","0.6489361524581909","0.6489361524581909","0","0.6485145688056946","0.6489361524581909","0.3510638177394867","73.7571029663086","1.4203481674194336","0.08747188746929169","3.0624141693115234"
"2026-04-05 20:48:32","1.7h","22a2eeda0e2148c8a941f2aaec712e2e","ssl_emnist_balanced_conv-5-seed3","LOCAL","src/cli.py","thallybu","FINISHED","lightning.pytorch.cli.instantiate_module","False","None","fixed_k","0.8","100","True","ShallowConvAutoencoder","","[8]","[1, 28, 28]","1024","","1e-06","0","EMNIST","0.060100280021198146","balanced","True","784","True","None","L","[224, 224]","1e-06","0.004033618795504522","False","0","5","12","None","None","47","4","False","0.46908662221321074","L","random","None","5","25","1.2","fixed_k","True","1.0","/data/thallybu/datasets/EMNIST","0","10","[0.9, 0.1]","0.05","0.1","False","True","False","2","99","0.004033618795504522","24.8","127258.3","58509.7","31.5","16014.915763998404","32460.428366001695","34658.1","12.8","0.005825513042509556","1022.7517700195312","0.4805136024951935","0.19849266111850739","0.6368807554244995","0.6592801809310913","0.5101341009140015","0.5599004030227661","0.43625572323799133","0.5482326149940491","0.4735119938850403","0.6346748471260071","0.4702858328819275","0.4744037091732025","0.4745321571826935","0.42373937368392944","0.4680280387401581","0.45675718784332275","0.6261098384857178","0.34038200974464417","0.3821926414966583","0.6399524211883545","0.5438689589500427","0.4924039840698242","0.46250274777412415","0.5370683073997498","0.3467414975166321","0.4992411732673645","0.5132378339767456","0.4290676712989807","0.3150148391723633","0.3183564841747284","0.5089502930641174","0.3770160377025604","0.49017471075057983","0.5280953049659729","0.38517528772354126","0.4974365234375","0.4328223466873169","0.5266988277435303","0.6259645223617554","0.4635450541973114","0.34979745745658875","0.5561012029647827","0.3690676689147949","0.4716901183128357","0.490172803401947","0.4658879041671753","0.28012704849243164","0.4620891213417053","0.5429835915565491","46.99858093261719","","0.04956291988492012","0.011116871610283852","0.0026436413172632456","0.01177967805415392","0.02153966762125492","0.008846442215144634","0.013656070455908775","0.01407640241086483","0.012475375086069107","0.017563311383128166","0.012258773669600487","0.0020122563000768423","0.01075756922364235","0.01574733667075634","0.012432381510734558","0.0031541709322482347","0.014303520321846008","0.010859261266887188","0.008299363777041435","0.011071315966546535","0.019279753789305687","0.0158520620316267","0.011323471553623676","0.0066666691564023495","0.012543516233563423","0.009379379451274872","0.0069149574264883995","0.014099354855716228","0.00909394770860672","0.0065209222957491875","0.009874697774648666","0.01264970563352108","0.008550425060093403","0.01130090095102787","0.010393097996711731","0.011086382903158665","0.01089574582874775","0.013604221865534782","0.010478010401129723","0.009321915917098522","0.013735356740653515","0.005945469718426466","0.009276430122554302","0.011110877618193626","0.009295460768043995","0.006154950708150864","0.014172627590596676","0.009023749269545078","0.5654129981994629","0.539226770401001","1175","235","1175","0.5131174325942993","101520","0","","0.6904255151748657","0.6904255151748657","0","0.6877036690711975","0.6904255151748657","0.3095744550228119","60.765926361083984","1.2668408155441284","0.09348257631063461","2.6542534828186035"
"2026-04-05 20:45:24","1.7h","929499cde1094446a0b0a3e4d4ca38dd","ssl_emnist_balanced_conv-5-seed2","LOCAL","src/cli.py","thallybu","FINISHED","lightning.pytorch.cli.instantiate_module","False","None","fixed_k","0.8","100","True","ShallowConvAutoencoder","","[8]","[1, 28, 28]","1024","","1e-06","0","EMNIST","0.060100280021198146","balanced","True","784","True","None","L","[224, 224]","1e-06","0.004033618795504522","False","0","5","12","None","None","47","4","False","0.46908662221321074","L","random","None","5","25","1.2","fixed_k","True","1.0","/data/thallybu/datasets/EMNIST","0","10","[0.9, 0.1]","0.05","0.1","False","True","False","2","99","0.004033618795504522","28.7","127257.6","58510.5","31.5","18618.116387000307","33741.49840199947","34474.9","12.8","0.00603780010715127","1022.7517700195312","0.4757595360279083","0.1965266466140747","0.5857118368148804","0.5486424565315247","0.49155840277671814","0.5638429522514343","0.4024634063243866","0.5077255964279175","0.4571126401424408","0.5088353753089905","0.4655056595802307","0.42498981952667236","0.4970106780529022","0.439916729927063","0.4454181492328644","0.49319419264793396","0.7027387022972107","0.3257625699043274","0.4061412513256073","0.6340043544769287","0.5232558846473694","0.48922428488731384","0.47563549876213074","0.4865206480026245","0.4235062599182129","0.5214927792549133","0.517017662525177","0.4422162175178528","0.33643069863319397","0.32263320684432983","0.5759007334709167","0.3451249301433563","0.45478343963623047","0.5800713300704956","0.38027268648147583","0.47824108600616455","0.4707997441291809","0.5397807359695435","0.594031810760498","0.46833980083465576","0.38143789768218994","0.6169689893722534","0.33817142248153687","0.49046337604522705","0.4827865958213806","0.4325844645500183","0.3054797947406769","0.4529552459716797","0.5221253037452698","46.99574279785156","","0.04958871752023697","0.007996761240065098","0.001930158818140626","0.013287093490362167","0.020327728241682053","0.008754618465900421","0.013401739299297333","0.014662259258329868","0.01075807400047779","0.0174882709980011","0.012138040736317635","0.004579432774335146","0.011408505029976368","0.015496674925088882","0.01480291411280632","0.002149280160665512","0.014667021110653877","0.010639960877597332","0.013225077651441097","0.010907072573900223","0.019410045817494392","0.015530453063547611","0.010599902831017971","0.00714898994192481","0.013227726332843304","0.010212079621851444","0.006652004551142454","0.013696270994842052","0.00916269700974226","0.005849532317370176","0.009958673268556595","0.01154884323477745","0.009975478984415531","0.01136130839586258","0.010222777724266052","0.010442221537232399","0.01081306952983141","0.012814062647521496","0.007637141738086939","0.009375739842653275","0.013815750367939472","0.00576749537140131","0.011268801055848598","0.012661022134125233","0.008712755516171455","0.0060930512845516205","0.014854468405246735","0.00800130981951952","0.5678126215934753","0.5274373888969421","1175","235","1175","0.5153917074203491","101520","0","","0.6768617033958435","0.6768617033958435","0","0.6711576581001282","0.6768617033958435","0.3231382966041565","70.80924224853516","1.2994859218597412","0.10012001544237137","2.392538070678711"
"2026-04-05 20:45:14","1.7h","fe0c0e54e0884703a9df7224681ef8a2","ssl_emnist_balanced_conv-5-seed1","LOCAL","src/cli.py","thallybu","FINISHED","lightning.pytorch.cli.instantiate_module","False","None","fixed_k","0.8","100","True","ShallowConvAutoencoder","","[8]","[1, 28, 28]","1024","","1e-06","0","EMNIST","0.060100280021198146","balanced","True","784","True","None","L","[224, 224]","1e-06","0.004033618795504522","False","0","5","12","None","None","47","4","False","0.46908662221321074","L","random","None","5","25","1.2","fixed_k","True","1.0","/data/thallybu/datasets/EMNIST","0","10","[0.9, 0.1]","0.05","0.1","False","True","False","2","99","0.004033618795504522","26.2","127259.3","58508.7","31.5","18436.64651699923","32102.18606700003","34970.6","12.9","0.005806635599583387","1022.7517700195312","0.4701124131679535","0.1966404765844345","0.6618740558624268","0.6129171848297119","0.5399152040481567","0.5776466131210327","0.41427063941955566","0.5083760619163513","0.4307529628276825","0.5202177166938782","0.4751363694667816","0.45649731159210205","0.5809107422828674","0.43442246317863464","0.43038493394851685","0.41630709171295166","0.48037147521972656","0.32512226700782776","0.41609930992126465","0.6523146629333496","0.5707206726074219","0.47983548045158386","0.4723100960254669","0.47950661182403564","0.3449803292751312","0.4205910563468933","0.4764481782913208","0.4587423801422119","0.32440897822380066","0.29835832118988037","0.5590882897377014","0.4103929102420807","0.530922532081604","0.46090632677078247","0.3806632459163666","0.43436193466186523","0.5436316728591919","0.43106088042259216","0.5582601428031921","0.4120427370071411","0.3737853169441223","0.5991346836090088","0.3767852187156677","0.4408682882785797","0.4491407871246338","0.47060397267341614","0.3068992793560028","0.4626060724258423","0.5811129212379456","46.997161865234375","","0.049418848007917404","0.008651291951537132","0.002339758910238743","0.01422816701233387","0.019353393465280533","0.00811338797211647","0.015986409038305283","0.014582401141524315","0.011508972384035587","0.017337093129754066","0.011503350920975208","0.0020417438354343176","0.010971522890031338","0.01612543687224388","0.013402542099356651","0.005330342333763838","0.01389654353260994","0.011222617700695992","0.00822268147021532","0.01197157334536314","0.020068297162652016","0.015068021602928638","0.011494760401546955","0.006861615926027298","0.01265169307589531","0.010235554538667202","0.0070029147900640965","0.013618474826216698","0.008664791472256184","0.005676626693457365","0.01057058572769165","0.011553118005394936","0.00934813916683197","0.01127058919519186","0.009848346002399921","0.010324985720217228","0.010665979236364365","0.010337179526686668","0.00745393568649888","0.00917753204703331","0.017036505043506622","0.005981689319014549","0.009250462055206299","0.011732298880815506","0.00924048013985157","0.006089340895414352","0.014454426243901253","0.009940903633832932","0.5645231008529663","0.5358676910400391","1175","235","1175","0.5123805403709412","101520","0","","0.6728723645210266","0.6728723645210266","0","0.6679153442382812","0.6728723645210266","0.3271276354789734","30.276762008666992","1.3938181400299072","0.09356410801410675","2.284238338470459"
"2026-04-05 20:43:43","1.7h","cde2e299041e49d3bb0d1cada98eb8a3","ssl_emnist_balanced_conv-4-seed5","LOCAL","src/cli.py","thallybu","FINISHED","lightning.pytorch.cli.instantiate_module","False","None","fixed_k","0.8","100","True","ShallowConvAutoencoder","","[8]","[1, 28, 28]","1024","","1e-06","0","EMNIST","0.060100280021198146","balanced","True","784","True","None","L","[224, 224]","1e-06","0.004033618795504522","False","0","5","12","None","None","47","4","False","0.46908662221321074","L","random","None","4","25","1.2","fixed_k","True","1.0","/data/thallybu/datasets/EMNIST","0","10","[0.9, 0.1]","0.05","0.1","False","True","False","2","99","0.004033618795504522","36.2","127177.4","58590.6","31.5","18362.522616000846","31692.472498998046","34429.2","12.7","0.005316831637173891","1022.7517700195312","0.48195597529411316","0.19747354090213776","0.6665436625480652","0.6316157579421997","0.5903646945953369","0.5384165048599243","0.4210728704929352","0.5185651183128357","0.5194240212440491","0.5283517837524414","0.48321980237960815","0.4413463771343231","0.5764575600624084","0.44770559668540955","0.4407394230365753","0.4329643249511719","0.35015034675598145","0.32304278016090393","0.4367365837097168","0.6468846201896667","0.5280078649520874","0.5046646595001221","0.44566839933395386","0.4699248969554901","0.37376832962036133","0.37958741188049316","0.5299418568611145","0.4788326323032379","0.3787987530231476","0.39590704441070557","0.4989962577819824","0.3601636588573456","0.49025076627731323","0.5221829414367676","0.39935746788978577","0.5795620083808899","0.47568976879119873","0.450509250164032","0.5990989804267883","0.5389598608016968","0.5323002934455872","0.5582828521728516","0.40921998023986816","0.4636775255203247","0.4521954357624054","0.4742278456687927","0.26733386516571045","0.4654202461242676","0.5719754695892334","46.997161865234375","","0.04999805614352226","0.009306869469583035","0.0018894874956458807","0.012185866013169289","0.02100355550646782","0.008343867026269436","0.012869841419160366","0.013037812896072865","0.012015863321721554","0.017755068838596344","0.011598271317780018","0.0034291527699679136","0.01218099519610405","0.015363420359790325","0.013357993215322495","0.002092081820592284","0.013939404860138893","0.010447502136230469","0.008448145352303982","0.01141043845564127","0.018805785104632378","0.015485427342355251","0.011755289509892464","0.006893624551594257","0.01243935339152813","0.010470832698047161","0.007321533281356096","0.013844027183949947","0.008597075939178467","0.008320145308971405","0.010122664272785187","0.012539844028651714","0.008164478465914726","0.01034504733979702","0.012135275639593601","0.010700642131268978","0.01047535240650177","0.012414991855621338","0.012618346139788628","0.011927707120776176","0.012242969125509262","0.006132837384939194","0.010053486563265324","0.010843121446669102","0.00909111276268959","0.005937715992331505","0.01454460434615612","0.01115359552204609","0.5685127377510071","0.6105027794837952","1175","188","1175","0.516020655632019","101520","0","","0.63741135597229","0.63741135597229","0","0.632519543170929","0.63741135597229","0.36258864402770996","40.43528747558594","1.4263185262680054","0.10380830615758896","2.1516034603118896"
"2026-04-05 20:43:42","1.7h","2345b9d90a904e4fb50f56dea4a1f419","ssl_emnist_balanced_conv-4-seed4","LOCAL","src/cli.py","thallybu","FINISHED","lightning.pytorch.cli.instantiate_module","False","None","fixed_k","0.8","100","True","ShallowConvAutoencoder","","[8]","[1, 28, 28]","1024","","1e-06","0","EMNIST","0.060100280021198146","balanced","True","784","True","None","L","[224, 224]","1e-06","0.004033618795504522","False","0","5","12","None","None","47","4","False","0.46908662221321074","L","random","None","4","25","1.2","fixed_k","True","1.0","/data/thallybu/datasets/EMNIST","0","10","[0.9, 0.1]","0.05","0.1","False","True","False","2","99","0.004033618795504522","34.3","127260.3","58507.7","31.5","18306.115693999454","31531.019935000688","36194.2","13.4","0.005236792378127575","1022.7517700195312","0.4874914288520813","0.1951645314693451","0.6294095516204834","0.4465845227241516","0.48905688524246216","0.5774519443511963","0.5336399674415588","0.5255835056304932","0.4766030013561249","0.49295005202293396","0.45738571882247925","0.4583507776260376","0.6214510202407837","0.43063443899154663","0.3942420780658722","0.5025716423988342","0.5504271984100342","0.3327270746231079","0.3910273015499115","0.6204190254211426","0.5407326817512512","0.5025541186332703","0.49902430176734924","0.43055954575538635","0.36037111282348633","0.5286738872528076","0.4870266914367676","0.47698357701301575","0.38285523653030396","0.322742760181427","0.5178589224815369","0.47048136591911316","0.4931471049785614","0.5199453830718994","0.39847636222839355","0.47339484095573425","0.5010387897491455","0.5653448104858398","0.5170283317565918","0.491944819688797","0.35952067375183105","0.5419194102287292","0.4008512794971466","0.5849393010139465","0.4894346594810486","0.4941127896308899","0.5567725896835327","0.4503799378871918","0.5533096194267273","46.994327545166016","","0.04988306760787964","0.011113546788692474","0.0019227948505431414","0.013764637522399426","0.019326988607645035","0.008998232893645763","0.016872460022568703","0.015531498938798904","0.010146760381758213","0.01697706989943981","0.012602398172020912","0.001722870278172195","0.012587329372763634","0.010549526661634445","0.013404262252151966","0.00924122054129839","0.01409555971622467","0.010677727870643139","0.007771701086312532","0.011243021115660667","0.01839630864560604","0.017280658707022667","0.010555087588727474","0.006958581507205963","0.013966917060315609","0.009394383057951927","0.00692492350935936","0.013670813292264938","0.008941222913563251","0.007821514271199703","0.014392699114978313","0.011704850941896439","0.012260663323104382","0.011898319236934185","0.010787972249090672","0.00995034072548151","0.01191793940961361","0.012243063189089298","0.0070213209837675095","0.009276783093810081","0.01054708193987608","0.006204872392117977","0.003362073330208659","0.011870474554598331","0.008842453360557556","0.010428185574710369","0.014391562901437283","0.007992544211447239","0.5698233842849731","0.5528642535209656","1175","188","1175","0.5174838900566101","101520","0","","0.6013298034667969","0.6013298034667969","0","0.5953445434570312","0.6013298034667969","0.3986701965332031","39.832862854003906","1.6350691318511963","0.09718886762857437","2.6130435466766357"
"2026-04-05 20:42:53","1.7h","1e89b92adf694325a51d9ec9ad723d74","ssl_emnist_balanced_conv-4-seed3","LOCAL","src/cli.py","thallybu","FINISHED","lightning.pytorch.cli.instantiate_module","False","None","fixed_k","0.8","100","True","ShallowConvAutoencoder","","[8]","[1, 28, 28]","1024","","1e-06","0","EMNIST","0.060100280021198146","balanced","True","784","True","None","L","[224, 224]","1e-06","0.004033618795504522","False","0","5","12","None","None","47","4","False","0.46908662221321074","L","random","None","4","25","1.2","fixed_k","True","1.0","/data/thallybu/datasets/EMNIST","0","10","[0.9, 0.1]","0.05","0.1","False","True","False","2","99","0.004033618795504522","25.4","127260.4","58507.7","31.5","18492.643648998812","31960.36131799966","34993.3","12.9","0.0052899569272994995","1022.7517700195312","0.47902384400367737","0.19411151111125946","0.5991884469985962","0.5601351261138916","0.5666693449020386","0.5498536825180054","0.4721769690513611","0.5218004584312439","0.48195895552635193","0.5398864150047302","0.4562624990940094","0.4546068608760834","0.4441797733306885","0.46676015853881836","0.4481867253780365","0.5041643381118774","0.4769952595233917","0.33899372816085815","0.38387104868888855","0.6426829695701599","0.5267243981361389","0.4925307631492615","0.4998077154159546","0.5914950966835022","0.4016444981098175","0.40727218985557556","0.46976974606513977","0.4849816858768463","0.3308449983596802","0.3414830267429352","0.5537222623825073","0.35493746399879456","0.47739267349243164","0.5753755569458008","0.3834969997406006","0.4591241478919983","0.49073565006256104","0.5364842414855957","0.5719506740570068","0.49261122941970825","0.3630988895893097","0.5300827026367188","0.40550026297569275","0.4937032461166382","0.5028579235076904","0.48800891637802124","0.3794616162776947","0.474741131067276","0.47666022181510925","46.99574279785156","","0.04975608363747597","0.010298714973032475","0.0016498590121045709","0.01293272990733385","0.022214403375983238","0.00822653528302908","0.014836571179330349","0.012913793325424194","0.010956072248518467","0.016292624175548553","0.012054377235472202","0.002244852017611265","0.011047271080315113","0.015114090405404568","0.012202933430671692","0.003501197788864374","0.01426725648343563","0.01057297084480524","0.008155652321875095","0.011094928719103336","0.01928229257464409","0.01603468880057335","0.011385160498321056","0.006885133683681488","0.012349673546850681","0.00898172426968813","0.008943800814449787","0.013459961861371994","0.009077123366296291","0.006982410326600075","0.010009028017520905","0.011956596747040749","0.009648357518017292","0.011241589672863483","0.010634885169565678","0.01078835316002369","0.010770603083074093","0.015528793446719646","0.009050464257597923","0.009007470682263374","0.012755018658936024","0.006100764498114586","0.010713819414377213","0.011310437694191933","0.009012876078486443","0.00666316132992506","0.014670214615762234","0.00793041568249464","0.5639272928237915","0.5000091195106506","1175","188","1175","0.5116897225379944","101520","0","","0.6785460710525513","0.6785460710525513","0","0.674532949924469","0.6785460710525513","0.32145389914512634","81.48123931884766","1.4333833456039429","0.09924183785915375","3.567512035369873"
"2026-04-05 20:42:11","1.7h","4dae360ccb3941baaa073203af6c58de","ssl_emnist_balanced_conv-4-seed2","LOCAL","src/cli.py","thallybu","FINISHED","lightning.pytorch.cli.instantiate_module","False","None","fixed_k","0.8","100","True","ShallowConvAutoencoder","","[8]","[1, 28, 28]","1024","","1e-06","0","EMNIST","0.060100280021198146","balanced","True","784","True","None","L","[224, 224]","1e-06","0.004033618795504522","False","0","5","12","None","None","47","4","False","0.46908662221321074","L","random","None","4","25","1.2","fixed_k","True","1.0","/data/thallybu/datasets/EMNIST","0","10","[0.9, 0.1]","0.05","0.1","False","True","False","2","99","0.004033618795504522","39.5","127260.7","58507.3","31.5","18515.566105999053","31912.534579999745","38352.3","14.2","0.005462141241878271","1022.7517700195312","0.4855881929397583","0.19868484139442444","0.6365297436714172","0.6387520432472229","0.48110297322273254","0.5155991911888123","0.4405292570590973","0.504039466381073","0.4434348940849304","0.5887417793273926","0.4637564718723297","0.4365520477294922","0.41768860816955566","0.40181949734687805","0.4763939678668976","0.48682665824890137","0.6505517363548279","0.3447272777557373","0.37939760088920593","0.6774170398712158","0.6100208759307861","0.4869697391986847","0.47434142231941223","0.6056815385818481","0.422483891248703","0.3786649703979492","0.48136645555496216","0.48898863792419434","0.3182104229927063","0.44823282957077026","0.5648524165153503","0.3581782281398773","0.4582332372665405","0.5384013652801514","0.3687010109424591","0.49178534746170044","0.4586784839630127","0.4724959135055542","0.6375300288200378","0.45905107259750366","0.40755385160446167","0.5186048746109009","0.37863391637802124","0.5120896100997925","0.535881757736206","0.4928439259529114","0.2834479510784149","0.5695674419403076","0.57408607006073","46.997161865234375","","0.049834541976451874","0.009302187711000443","0.0027163198683410883","0.013256019912660122","0.021341396495699883","0.009398320689797401","0.013989885337650776","0.013748576864600182","0.01103330310434103","0.017077816650271416","0.012143129482865334","0.0023392499424517155","0.010866514407098293","0.014423766173422337","0.01353896502405405","0.002097808988764882","0.014098245650529861","0.010417896322906017","0.00854792445898056","0.012715758755803108","0.0188027024269104","0.01564263179898262","0.011622223071753979","0.008173544891178608","0.011640012264251709","0.009753701277077198","0.0075084189884364605","0.013583204708993435","0.009012765251100063","0.008323773741722107","0.01013345830142498","0.011837705969810486","0.009075610898435116","0.011540774255990982","0.00975586287677288","0.009881381876766682","0.009831836447119713","0.016249746084213257","0.008062236942350864","0.010465225204825401","0.011828853748738766","0.005947101395577192","0.010098968632519245","0.011948511004447937","0.00952203944325447","0.005929902195930481","0.017058584839105606","0.008687376976013184","0.5673340559005737","0.512699544429779","1175","188","1175","0.514937162399292","101520","0","","0.6670212745666504","0.6670212745666504","0","0.6623398661613464","0.6670212745666504","0.3329787254333496","46.559268951416016","1.3058676719665527","0.09072190523147583","2.3239052295684814"
"2026-04-05 19:08:58","1.7h","3f6e7d0e7b6d4a4dabfc3d92ba5dcac7","ssl_emnist_balanced_conv-4-seed1","LOCAL","src/cli.py","thallybu","FINISHED","lightning.pytorch.cli.instantiate_module","False","None","fixed_k","0.8","100","True","ShallowConvAutoencoder","","[8]","[1, 28, 28]","1024","","1e-06","0","EMNIST","0.060100280021198146","balanced","True","784","True","None","L","[224, 224]","1e-06","0.004033618795504522","False","0","5","12","None","None","47","4","False","0.46908662221321074","L","random","None","4","25","1.2","fixed_k","True","1.0","/data/thallybu/datasets/EMNIST","0","10","[0.9, 0.1]","0.05","0.1","False","True","False","2","99","0.004033618795504522","38.9","127308.6","58459.4","31.5","16916.83419799991","31634.823137000203","33845.3","12.5","0.0052290721796453","1022.7517700195312","0.4761914312839508","0.19856266677379608","0.6900193095207214","0.6429380774497986","0.5091506838798523","0.5592700839042664","0.4584275782108307","0.5222200155258179","0.4705785810947418","0.5117749571800232","0.48823118209838867","0.4361231029033661","0.6281760334968567","0.45206090807914734","0.4579819440841675","0.4425835907459259","0.4149799644947052","0.3233764171600342","0.41781505942344666","0.6644273996353149","0.5665562748908997","0.47369515895843506","0.49013251066207886","0.4656677544116974","0.3357406556606293","0.416542649269104","0.48845329880714417","0.39509522914886475","0.3136897385120392","0.29570889472961426","0.5547837018966675","0.32339659333229065","0.5401825904846191","0.5014315843582153","0.386017769575119","0.4643995761871338","0.5445396304130554","0.4555502235889435","0.6555720567703247","0.4341171979904175","0.36662474274635315","0.5565273761749268","0.3954746127128601","0.44480934739112854","0.463154137134552","0.4862501919269562","0.37798577547073364","0.4625681936740875","0.5695433020591736","46.99574279785156","","0.049423329532146454","0.009331551380455494","0.002621289109811187","0.013771642930805683","0.020320551469922066","0.008313550613820553","0.01523418165743351","0.014836981892585754","0.012060937471687794","0.017516909167170525","0.012115143239498138","0.0022165856789797544","0.010930352844297886","0.016658229753375053","0.013578338548541069","0.0028372900560498238","0.013816727325320244","0.010787423700094223","0.008247663266956806","0.010981409810483456","0.019028054550290108","0.01450934074819088","0.011341343633830547","0.006679217331111431","0.012666026130318642","0.010818482376635075","0.006429692264646292","0.01375750731676817","0.008785993792116642","0.005907136015594006","0.010121067054569721","0.011999844573438168","0.010431121103465557","0.011260917410254478","0.010584625415503979","0.009944445453584194","0.010632951743900776","0.012354141101241112","0.00755483889952302","0.009453809820115566","0.01401777658611536","0.006303097121417522","0.009180364198982716","0.012267021462321281","0.008850650861859322","0.007983881048858166","0.01437282469123602","0.009640931151807308","0.564868688583374","0.5017042756080627","1175","188","1175","0.5129923820495605","101520","0","","0.6753545999526978","0.6753545999526978","0","0.6699095368385315","0.6753545999526978","0.32464537024497986","46.40195083618164","1.342259168624878","0.08046884834766388","2.304943323135376"
"2026-04-05 19:08:17","1.7h","c394f83385ce4a9181f8f45703c137d5","ssl_emnist_balanced_conv-3-seed5","LOCAL","src/cli.py","thallybu","FINISHED","lightning.pytorch.cli.instantiate_module","False","None","fixed_k","0.8","100","True","ShallowConvAutoencoder","","[8]","[1, 28, 28]","1024","","1e-06","0","EMNIST","0.060100280021198146","balanced","True","784","True","None","L","[224, 224]","1e-06","0.004033618795504522","False","0","5","12","None","None","47","4","False","0.46908662221321074","L","random","None","3","25","1.2","fixed_k","True","1.0","/data/thallybu/datasets/EMNIST","0","10","[0.9, 0.1]","0.05","0.1","False","True","False","2","99","0.004033618795504522","15.3","127309.2","58458.8","31.5","16587.73214999959","31687.52527999878","32994.1","12.2","0.004715570714324713","1022.7517700195312","0.4834422767162323","0.1972922384738922","0.6598173975944519","0.5349791646003723","0.5376346707344055","0.5182391405105591","0.48104149103164673","0.5455216765403748","0.5116588473320007","0.5164721012115479","0.4814494550228119","0.4862213432788849","0.6339898705482483","0.46930450201034546","0.44135990738868713","0.43970751762390137","0.5765014886856079","0.3224000036716461","0.3928120732307434","0.6664018034934998","0.5585785508155823","0.5379064083099365","0.47928526997566223","0.45931729674339294","0.42654839158058167","0.37980854511260986","0.5135251879692078","0.5093749761581421","0.3648602068424225","0.36792463064193726","0.4940701425075531","0.3219282627105713","0.470761239528656","0.4989495575428009","0.42034605145454407","0.5637751221656799","0.4688262939453125","0.4659593105316162","0.5614569187164307","0.4837527573108673","0.4222192168235779","0.5760853290557861","0.46300485730171204","0.47640180587768555","0.48423799872398376","0.4553621709346771","0.28745603561401367","0.4612278342247009","0.5159124135971069","46.997161865234375","","0.04924698919057846","0.00978840421885252","0.0017606773180887103","0.014096889644861221","0.02131173573434353","0.009360413067042828","0.01622174307703972","0.013081301935017109","0.012368964031338692","0.017241761088371277","0.012133607640862465","0.0017785681411623955","0.012901334092020988","0.01595238596200943","0.012880628928542137","0.002904672874137759","0.013918568380177021","0.010787153616547585","0.008754706010222435","0.01169615052640438","0.019178705289959908","0.015129044651985168","0.011425364762544632","0.007133859675377607","0.012223538011312485","0.00996543001383543","0.007340886164456606","0.014346117153763771","0.008577057160437107","0.007435057312250137","0.010148957371711731","0.012511135078966618","0.008308022283017635","0.010308539494872093","0.011268606409430504","0.01072587538510561","0.010469240136444569","0.011044811457395554","0.008251309394836426","0.009417557157576084","0.014901179820299149","0.006567675154656172","0.010365167632699013","0.010868207551538944","0.00899204146116972","0.005971810314804316","0.014485807158052921","0.010668794624507427","0.5683973431587219","0.5786588788032532","1175","141","1175","0.516938328742981","101520","0","","0.6403368711471558","0.6403368711471558","0","0.638468861579895","0.6403368711471558","0.35966309905052185","102.66339874267578","1.4223212003707886","0.07177477329969406","2.546595573425293"
"2026-04-05 19:07:38","1.6h","80a06710c76a4e74a8da8c119bb12756","ssl_emnist_balanced_conv-3-seed4","LOCAL","src/cli.py","thallybu","FINISHED","lightning.pytorch.cli.instantiate_module","False","None","fixed_k","0.8","100","True","ShallowConvAutoencoder","","[8]","[1, 28, 28]","1024","","1e-06","0","EMNIST","0.060100280021198146","balanced","True","784","True","None","L","[224, 224]","1e-06","0.004033618795504522","False","0","5","12","None","None","47","4","False","0.46908662221321074","L","random","None","3","25","1.2","fixed_k","True","1.0","/data/thallybu/datasets/EMNIST","0","10","[0.9, 0.1]","0.05","0.1","False","True","False","2","99","0.004033618795504522","32.6","127310.8","58457.3","31.5","14367.82098400034","31047.769142001867","34096.7","12.6","0.004631904419511557","1022.7517700195312","0.5017794370651245","0.198114812374115","0.5859375","0.5359245538711548","0.4768127501010895","0.598099410533905","0.4878818988800049","0.5360483527183533","0.5237979888916016","0.4984615743160248","0.4598748981952667","0.48028141260147095","0.593265175819397","0.43771064281463623","0.46307143568992615","0.5070928335189819","0.6576681733131409","0.34441569447517395","0.44657015800476074","0.6672548055648804","0.5816931128501892","0.5061435699462891","0.47835415601730347","0.4614434540271759","0.396144300699234","0.5319628715515137","0.5187256336212158","0.475346177816391","0.3377645015716553","0.31478071212768555","0.52019864320755","0.511534571647644","0.6501206159591675","0.4901588261127472","0.4256739914417267","0.5698035955429077","0.46465617418289185","0.5344598889350891","0.5260136127471924","0.4390093684196472","0.3711107671260834","0.6466123461723328","0.46374890208244324","0.566335916519165","0.536687970161438","0.5049639940261841","0.4300922453403473","0.459138959646225","0.5824652314186096","46.997161865234375","","0.049756765365600586","0.01284109614789486","0.0054524182341992855","0.013695064932107925","0.01857776939868927","0.00877311546355486","0.01605873368680477","0.01232870016247034","0.009518822655081749","0.017159689217805862","0.013083276338875294","0.005536537151783705","0.013860485516488552","0.013107046484947205","0.013162088580429554","0.002359732985496521","0.014269936829805374","0.010883214883506298","0.007201429922133684","0.011489619500935078","0.018483933061361313","0.017277268692851067","0.010478472337126732","0.006894250400364399","0.014872770756483078","0.010302412323653698","0.007034787442535162","0.01354073453694582","0.008861823938786983","0.007728881668299437","0.012547442689538002","0.014581623487174511","0.010202661156654358","0.01017124205827713","0.011302884668111801","0.009958847425878048","0.012104115448892117","0.014622144401073456","0.007070232182741165","0.009347221814095974","0.014015004970133305","0.0072208791971206665","0.002289209747686982","0.009993419982492924","0.008870115503668785","0.007291876710951328","0.014308190904557705","0.00952646043151617","0.5721505284309387","0.5855343341827393","1175","141","1175","0.5202208757400513","101520","0","","0.5759751796722412","0.5759751796722412","0","0.5676314830780029","0.5759751796722412","0.4240248203277588","77.84233856201172","1.979283094406128","0.08874203264713287","4.1646013259887695"
"2026-04-05 19:06:39","1.6h","fc33fa52de5f45f8b3a856b1d08ae120","ssl_emnist_balanced_conv-3-seed3","LOCAL","src/cli.py","thallybu","FINISHED","lightning.pytorch.cli.instantiate_module","False","None","fixed_k","0.8","100","True","ShallowConvAutoencoder","","[8]","[1, 28, 28]","1024","","1e-06","0","EMNIST","0.060100280021198146","balanced","True","784","True","None","L","[224, 224]","1e-06","0.004033618795504522","False","0","5","12","None","None","47","4","False","0.46908662221321074","L","random","None","3","25","1.2","fixed_k","True","1.0","/data/thallybu/datasets/EMNIST","0","10","[0.9, 0.1]","0.05","0.1","False","True","False","2","99","0.004033618795504522","34.8","127310.7","58457.3","31.5","14600.457417000085","31522.900892999023","34091.5","12.6","0.004644555971026421","1022.7517700195312","0.49220311641693115","0.19476893544197083","0.6183800101280212","0.5544838309288025","0.5250101089477539","0.5285193920135498","0.48504528403282166","0.5167507529258728","0.4644177556037903","0.5086742639541626","0.46325352787971497","0.4403453767299652","0.4633169174194336","0.4340505599975586","0.6075282096862793","0.5601802468299866","0.5568486452102661","0.34197530150413513","0.3676140010356903","0.6580678820610046","0.5587441325187683","0.4791289269924164","0.5199443101882935","0.5455153584480286","0.3451763391494751","0.4985949993133545","0.47545233368873596","0.5402235984802246","0.3190409541130066","0.3204643726348877","0.5046701431274414","0.4782313108444214","0.5397249460220337","0.5961568355560303","0.38805270195007324","0.5325142741203308","0.508725643157959","0.6309812664985657","0.5839993357658386","0.5076873898506165","0.3774789869785309","0.526742160320282","0.38158708810806274","0.45642390847206116","0.603541910648346","0.47422516345977783","0.341146856546402","0.45201605558395386","0.5205463767051697","46.997161865234375","","0.04978284239768982","0.009296280331909657","0.0017218192806467414","0.014118687249720097","0.021673377603292465","0.008374437689781189","0.015521769411861897","0.013086259365081787","0.010127847082912922","0.017360616475343704","0.012137342244386673","0.0017689946107566357","0.012524143792688847","0.015702303498983383","0.008895397186279297","0.007186984643340111","0.01440814696252346","0.010633169673383236","0.008250684477388859","0.011175224557518959","0.018703429028391838","0.014843650162220001","0.011552228592336178","0.00669099809601903","0.01293252594769001","0.010099315084517002","0.008432157337665558","0.013782735913991928","0.00894403737038374","0.007046245038509369","0.011194935068488121","0.01598050259053707","0.009547163732349873","0.010286171920597553","0.010995288379490376","0.011366402730345726","0.012872757390141487","0.015322408638894558","0.007974985055625439","0.009504949674010277","0.011457380838692188","0.005913261324167252","0.010023118928074837","0.012967740185558796","0.009068331681191921","0.006109170615673065","0.01406977791339159","0.008132684044539928","0.5716890692710876","0.5214848518371582","1175","141","1175","0.5197277069091797","101520","0","","0.6282801628112793","0.6282801628112793","0","0.6214806437492371","0.6282801628112793","0.3717198371887207","44.539546966552734","1.4977022409439087","0.10159151256084442","2.6177539825439453"
"2026-04-05 19:05:45","1.6h","a0c7a064777442518a069d40079d03b8","ssl_emnist_balanced_conv-3-seed2","LOCAL","src/cli.py","thallybu","FINISHED","lightning.pytorch.cli.instantiate_module","False","None","fixed_k","0.8","100","True","ShallowConvAutoencoder","","[8]","[1, 28, 28]","1024","","1e-06","0","EMNIST","0.060100280021198146","balanced","True","784","True","None","L","[224, 224]","1e-06","0.004033618795504522","False","0","5","12","None","None","47","4","False","0.46908662221321074","L","random","None","3","25","1.2","fixed_k","True","1.0","/data/thallybu/datasets/EMNIST","0","10","[0.9, 0.1]","0.05","0.1","False","True","False","2","99","0.004033618795504522","28.8","127311.7","58456.4","31.5","14490.276734000072","31221.53394399956","34383.6","12.7","0.004742646589875221","1022.7517700195312","0.4844832718372345","0.20042245090007782","0.6653445959091187","0.5956892967224121","0.4918671250343323","0.5678088665008545","0.5637722015380859","0.5170413255691528","0.4620756208896637","0.5081086158752441","0.45408356189727783","0.4380062222480774","0.3395439088344574","0.4180874526500702","0.44226616621017456","0.48507487773895264","0.6367350220680237","0.3248007595539093","0.3872704803943634","0.6517754793167114","0.5555099844932556","0.4986230432987213","0.520154595375061","0.505577802658081","0.38333141803741455","0.555809736251831","0.46602141857147217","0.49827155470848083","0.32698893547058105","0.323599249124527","0.592542290687561","0.3442774713039398","0.46771061420440674","0.5286976099014282","0.378850519657135","0.45559507608413696","0.48942917585372925","0.5590828657150269","0.46763062477111816","0.47303229570388794","0.4061434268951416","0.5692147612571716","0.3975730836391449","0.4908710718154907","0.543211042881012","0.47281572222709656","0.26258283853530884","0.6101085543632507","0.565436840057373","46.994327545166016","","0.04956965520977974","0.00901256874203682","0.002865248592570424","0.013209815137088299","0.019533567130565643","0.01255776546895504","0.013810454867780209","0.014074324630200863","0.010388504713773727","0.016297904774546623","0.011853925883769989","0.002016087295487523","0.011702308431267738","0.014797249808907509","0.01424840185791254","0.0017558735562488437","0.014087352901697159","0.010487720370292664","0.007744484581053257","0.011508393101394176","0.019346440210938454","0.014292069710791111","0.010437875054776669","0.007212942466139793","0.012922286055982113","0.008783848956227303","0.009122674353420734","0.013780344277620316","0.009196771308779716","0.008020239882171154","0.009786239825189114","0.01227607298642397","0.008295627310872078","0.011486555449664593","0.010768162086606026","0.01102568581700325","0.01089312694966793","0.014842023141682148","0.008257144130766392","0.010091659612953663","0.011422142386436462","0.005831636022776365","0.009578278288245201","0.013243893161416054","0.009196100756525993","0.0059371269308030605","0.019858669489622116","0.008063905872404575","0.5676385164260864","0.5001259446144104","1175","141","1175","0.5158441066741943","101520","0","","0.6343085169792175","0.6343085169792175","0","0.6315258145332336","0.6343085169792175","0.36569148302078247","85.53152465820312","1.6125370264053345","0.08991244435310364","3.492859125137329"
"2026-04-05 19:05:42","1.6h","51ede01da3ce4862bb3f51da0dd44f65","ssl_emnist_balanced_conv-3-seed1","LOCAL","src/cli.py","thallybu","FINISHED","lightning.pytorch.cli.instantiate_module","False","None","fixed_k","0.8","100","True","ShallowConvAutoencoder","","[8]","[1, 28, 28]","1024","","1e-06","0","EMNIST","0.060100280021198146","balanced","True","784","True","None","L","[224, 224]","1e-06","0.004033618795504522","False","0","5","12","None","None","47","4","False","0.46908662221321074","L","random","None","3","25","1.2","fixed_k","True","1.0","/data/thallybu/datasets/EMNIST","0","10","[0.9, 0.1]","0.05","0.1","False","True","False","2","99","0.004033618795504522","33.9","127311.9","58456.1","31.5","14338.514635998756","30851.309468999505","35657.1","13.2","0.004513989202678204","1022.7517700195312","0.47904619574546814","0.19809208810329437","0.6597326397895813","0.5676707029342651","0.4834222197532654","0.5272196531295776","0.5437764525413513","0.5214741826057434","0.46288469433784485","0.5719531178474426","0.4950629472732544","0.4441160559654236","0.5745635628700256","0.44656628370285034","0.45272383093833923","0.40484362840652466","0.5592547059059143","0.3208761513233185","0.4219396412372589","0.6197871565818787","0.5464093089103699","0.47599226236343384","0.6002635955810547","0.5127396583557129","0.38293957710266113","0.37389859557151794","0.5111120343208313","0.48472699522972107","0.3088700473308563","0.3085535764694214","0.490607887506485","0.36872807145118713","0.5385229587554932","0.47895321249961853","0.40078413486480713","0.45441287755966187","0.5546537637710571","0.43835702538490295","0.5417277812957764","0.4286056160926819","0.3794761598110199","0.5930439233779907","0.4124116599559784","0.43522223830223083","0.4488459527492523","0.5053036212921143","0.34579816460609436","0.46663883328437805","0.5897604823112488","46.997161865234375","","0.04944276809692383","0.010188979096710682","0.002045098692178726","0.013562660664319992","0.020338982343673706","0.00823539961129427","0.016906091943383217","0.014580794610083103","0.010471741668879986","0.01677549257874489","0.011583559215068817","0.001811613910831511","0.010773075744509697","0.015717655420303345","0.01323870848864317","0.005796276032924652","0.013470643199980259","0.011340482160449028","0.007805211003869772","0.011424371972680092","0.019206853583455086","0.013843195512890816","0.011400863528251648","0.007106458302587271","0.012611337006092072","0.010195312090218067","0.006976459641009569","0.013241593725979328","0.00869982410222292","0.007540468126535416","0.010562402196228504","0.01250083651393652","0.010942485183477402","0.011488030664622784","0.010686374269425869","0.011569620110094547","0.010638222098350525","0.009541545994579792","0.00737274345010519","0.009774653241038322","0.016961481422185898","0.006675641518086195","0.008785676211118698","0.012250668369233608","0.009001858532428741","0.006349528208374977","0.01447839755564928","0.011506588198244572","0.5694912075996399","0.5172693133354187","1175","141","1175","0.5179307460784912","101520","0","","0.6347517967224121","0.6347517967224121","0","0.6306543350219727","0.6347517967224121","0.3652482032775879","80.48172760009766","1.6162703037261963","0.09229445457458496","3.215172529220581"
"2026-04-05 19:05:21","1.6h","b440c1229a994e1cb3fe93ae1370e118","ssl_emnist_balanced_conv-2-seed5","LOCAL","src/cli.py","thallybu","FINISHED","lightning.pytorch.cli.instantiate_module","False","None","fixed_k","0.8","100","True","ShallowConvAutoencoder","","[8]","[1, 28, 28]","1024","","1e-06","0","EMNIST","0.060100280021198146","balanced","True","784","True","None","L","[224, 224]","1e-06","0.004033618795504522","False","0","5","12","None","None","47","4","False","0.46908662221321074","L","random","None","2","25","1.2","fixed_k","True","1.0","/data/thallybu/datasets/EMNIST","0","10","[0.9, 0.1]","0.05","0.1","False","True","False","2","99","0.004033618795504522","30.6","127312.4","58455.6","31.5","14267.282826000825","30695.10207299888","36877.5","13.6","0.003973375074565411","1022.7517700195312","0.5071349740028381","0.20049606263637543","0.6456713080406189","0.6681755185127258","0.4726424515247345","0.5362435579299927","0.547038733959198","0.5199145674705505","0.5118192434310913","0.4940465986728668","0.5281752347946167","0.5113762617111206","0.655088484287262","0.40763217210769653","0.4429493248462677","0.4549475908279419","0.48138874769210815","0.31079527735710144","0.44918620586395264","0.6540938019752502","0.5387012958526611","0.5506945252418518","0.5232672095298767","0.4869953691959381","0.4590633511543274","0.3966251611709595","0.5324380993843079","0.4663262665271759","0.3468403220176697","0.34531593322753906","0.4787350296974182","0.3343586325645447","0.5171967148780823","0.6041558980941772","0.5319572687149048","0.5560109615325928","0.44477900862693787","0.5271870493888855","0.6386906504631042","0.5766879320144653","0.5787686705589294","0.5848054885864258","0.5513712763786316","0.5186668038368225","0.49028119444847107","0.5018818974494934","0.33069029450416565","0.5673069357872009","0.5503944754600525","46.9929084777832","","0.04962974786758423","0.00973681453615427","0.002265485469251871","0.011528955772519112","0.021480729803442955","0.010366054251790047","0.014642534777522087","0.013795997947454453","0.010206394828855991","0.01894301362335682","0.012070772238075733","0.005414928309619427","0.010263732634484768","0.015666749328374863","0.013128029182553291","0.002273346995934844","0.014014791697263718","0.011135974898934364","0.008315288461744785","0.011697836220264435","0.019705014303326607","0.014385968446731567","0.01159773301333189","0.007738303858786821","0.012778537347912788","0.010373542085289955","0.007144574075937271","0.01423355471342802","0.008993898518383503","0.007721383590251207","0.00990851130336523","0.013306812383234501","0.011420329101383686","0.009923900477588177","0.011803294532001019","0.010383055545389652","0.010831334628164768","0.014638597145676613","0.008218507282435894","0.013034941628575325","0.012333537451922894","0.00642130384221673","0.011342942714691162","0.011656753718852997","0.00990261323750019","0.006194744259119034","0.01583147421479225","0.009553865529596806","0.5797231793403625","0.541562020778656","1175","94","1175","0.5282297134399414","101520","0","","0.5623226761817932","0.5623226761817932","0","0.5579585433006287","0.5623226761817932","0.4376772940158844","39.6552848815918","1.6173322200775146","0.08330728113651276","2.1797454357147217"
"2026-04-05 19:05:06","1.6h","b4ba844ea5c2435483efb5bf1d7847ff","ssl_emnist_balanced_conv-2-seed4","LOCAL","src/cli.py","thallybu","FINISHED","lightning.pytorch.cli.instantiate_module","False","None","fixed_k","0.8","100","True","ShallowConvAutoencoder","","[8]","[1, 28, 28]","1024","","1e-06","0","EMNIST","0.060100280021198146","balanced","True","784","True","None","L","[224, 224]","1e-06","0.004033618795504522","False","0","5","12","None","None","47","4","False","0.46908662221321074","L","random","None","2","25","1.2","fixed_k","True","1.0","/data/thallybu/datasets/EMNIST","0","10","[0.9, 0.1]","0.05","0.1","False","True","False","2","99","0.004033618795504522","31.2","127311.5","58456.5","31.5","14724.996119000018","31588.872069001198","35161.4","13","0.003869403153657913","1022.7517700195312","0.512890100479126","0.1975182592868805","0.5637564063072205","0.44471392035484314","0.4858987033367157","0.5875009894371033","0.4990997910499573","0.5627502202987671","0.5775200724601746","0.45354729890823364","0.45825955271720886","0.5359417796134949","0.6366236805915833","0.4637746214866638","0.49402979016304016","0.548671305179596","0.6085332632064819","0.3677266836166382","0.483450323343277","0.6346633434295654","0.5760077834129333","0.546337902545929","0.4738445281982422","0.45923373103141785","0.4872305989265442","0.4614083468914032","0.5580829977989197","0.43490204215049744","0.4217253029346466","0.352230429649353","0.4902430772781372","0.5005359053611755","0.5720110535621643","0.5223150253295898","0.42285799980163574","0.6006277203559875","0.5636799931526184","0.5251152515411377","0.5729361772537231","0.46456247568130493","0.34288185834884644","0.6189888119697571","0.5282132029533386","0.5356877446174622","0.5287267565727234","0.5575876832008362","0.5294107794761658","0.45253074169158936","0.5088840126991272","46.997161865234375","","0.04958410561084747","0.015991732478141785","0.003211850067600608","0.013713973574340343","0.019910257309675217","0.010219650343060493","0.013933357782661915","0.01339639537036419","0.009549946524202824","0.017070172354578972","0.016238650307059288","0.002003330737352371","0.01290846336632967","0.012649830430746078","0.013690595515072346","0.002313633682206273","0.013911422342061996","0.010814442299306393","0.007924562320113182","0.0123624037951231","0.018086249008774757","0.01632094569504261","0.010459814220666885","0.009205637499690056","0.01344198826700449","0.010676245205104351","0.007246510591357946","0.0141641516238451","0.008523005060851574","0.007387067191302776","0.013365122489631176","0.011898314580321312","0.01109287515282631","0.00981102604418993","0.011685159988701344","0.009890073910355568","0.01088704727590084","0.014793512411415577","0.006908188108354807","0.009299912489950657","0.011156925931572914","0.0075479717925190926","0.009649904444813728","0.009877130389213562","0.00997338816523552","0.008802599273622036","0.01454616617411375","0.010585970245301723","0.5804604291915894","0.5882902145385742","1175","94","1175","0.5290612578392029","101520","0","","0.5020390152931213","0.5020390152931213","0","0.4950370192527771","0.5020390152931213","0.49796098470687866","104.42420959472656","2.2592246532440186","0.09209273010492325","4.951362133026123"
"2026-04-05 17:30:29","1.6h","8c8f1c5a70f14763b0fc9686e17456b2","ssl_emnist_balanced_conv-2-seed3","LOCAL","src/cli.py","thallybu","FINISHED","lightning.pytorch.cli.instantiate_module","False","None","fixed_k","0.8","100","True","ShallowConvAutoencoder","","[8]","[1, 28, 28]","1024","","1e-06","0","EMNIST","0.060100280021198146","balanced","True","784","True","None","L","[224, 224]","1e-06","0.004033618795504522","False","0","5","12","None","None","47","4","False","0.46908662221321074","L","random","None","2","25","1.2","fixed_k","True","1.0","/data/thallybu/datasets/EMNIST","0","10","[0.9, 0.1]","0.05","0.1","False","True","False","2","99","0.004033618795504522","29.4","127360.8","58407.2","31.4","14654.324465001002","30647.63154700026","33768.1","12.5","0.004048851318657398","1022.7517700195312","0.5123857855796814","0.19717110693454742","0.6317172646522522","0.6111178994178772","0.5382513403892517","0.5917465686798096","0.4894316494464874","0.5166442394256592","0.5139631628990173","0.5227611660957336","0.4952993392944336","0.46132180094718933","0.5485925078392029","0.5541985034942627","0.5664105415344238","0.6443278193473816","0.5884650945663452","0.32687434554100037","0.38620853424072266","0.6613517999649048","0.49844154715538025","0.4820725917816162","0.5772930383682251","0.5279731750488281","0.41297826170921326","0.49916210770606995","0.45170703530311584","0.5404073596000671","0.3508758842945099","0.37430045008659363","0.5164004564285278","0.4393380284309387","0.5472840070724487","0.45365771651268005","0.5070114731788635","0.6266278624534607","0.5249993801116943","0.5637678503990173","0.5981162190437317","0.5084201097488403","0.3849162757396698","0.5845598578453064","0.4038409888744354","0.5116791725158691","0.496063232421875","0.5480204224586487","0.477628231048584","0.4501204192638397","0.5907285213470459","46.99858093261719","","0.04948391765356064","0.008634475991129875","0.0018082845490425825","0.012117771431803703","0.02111290767788887","0.008897797204554081","0.016053922474384308","0.012134207412600517","0.010844863019883633","0.016988461837172508","0.011866825632750988","0.0034457077272236347","0.014053069055080414","0.013220440596342087","0.004484856501221657","0.005083458963781595","0.013784997165203094","0.010803165845572948","0.009127690456807613","0.011227277107536793","0.01966644637286663","0.014366710558533669","0.011431637220084667","0.008378586731851101","0.013484427705407143","0.010279836133122444","0.009696390479803085","0.013693772256374359","0.009318819269537926","0.006469115149229765","0.011352294124662876","0.013283450156450272","0.008229486644268036","0.010737214237451553","0.015131168067455292","0.011457801796495914","0.009812920354306698","0.015206428244709969","0.010426103137433529","0.009588692337274551","0.01174142025411129","0.006399654783308506","0.010907802730798721","0.011988082900643349","0.010732356458902359","0.0077508888207376","0.014497620984911919","0.008468082174658775","0.5715511441230774","0.5342081785202026","1175","94","1175","0.520167887210846","101520","0","","0.5510638356208801","0.5510638356208801","0","0.5430481433868408","0.5510638356208801","0.4488475024700165","99.1561279296875","1.9663618803024292","0.1209898293018341","4.021094799041748"
"2026-04-05 17:30:29","1.6h","fb9cbeb14b614c99b77a9a99f18cc007","ssl_emnist_balanced_conv-2-seed2","LOCAL","src/cli.py","thallybu","FINISHED","lightning.pytorch.cli.instantiate_module","False","None","fixed_k","0.8","100","True","ShallowConvAutoencoder","","[8]","[1, 28, 28]","1024","","1e-06","0","EMNIST","0.060100280021198146","balanced","True","784","True","None","L","[224, 224]","1e-06","0.004033618795504522","False","0","5","12","None","None","47","4","False","0.46908662221321074","L","random","None","2","25","1.2","fixed_k","True","1.0","/data/thallybu/datasets/EMNIST","0","10","[0.9, 0.1]","0.05","0.1","False","True","False","2","99","0.004033618795504522","35.8","127360","58408","31.4","14929.272926000878","31160.67407600209","32956.2","12.2","0.0041848598048090935","1022.7517700195312","0.49685850739479065","0.1965399831533432","0.6751531958580017","0.5566379427909851","0.5078353881835938","0.5565319657325745","0.41887712478637695","0.5090312957763672","0.5767315626144409","0.5503824353218079","0.45257169008255005","0.49144768714904785","0.3731708526611328","0.4991759955883026","0.48664531111717224","0.45478150248527527","0.5896073579788208","0.3209629952907562","0.45492029190063477","0.6298462748527527","0.5690128207206726","0.5184490084648132","0.510394811630249","0.4977077543735504","0.41264235973358154","0.5517252087593079","0.5224607586860657","0.4741028845310211","0.3419764041900635","0.5956810116767883","0.465177059173584","0.4102729856967926","0.4513894021511078","0.5113838315010071","0.37983444333076477","0.46069028973579407","0.5974879264831543","0.5009526610374451","0.5675718188285828","0.42898252606391907","0.3841422498226166","0.5328761339187622","0.4506043791770935","0.50544273853302","0.5092747807502747","0.507080614566803","0.2942681908607483","0.6044450998306274","0.5634079575538635","46.994327545166016","","0.04908222332596779","0.00885083433240652","0.0031241609249264","0.014300530776381493","0.018462732434272766","0.008873537182807922","0.01404300145804882","0.013394455425441265","0.010440011508762836","0.017220737412571907","0.011300088837742805","0.002424631267786026","0.010492301546037197","0.014680773951113224","0.01369992271065712","0.0017151882639154792","0.014364691451191902","0.011972842738032341","0.009955229237675667","0.012940332293510437","0.021648356691002846","0.015974082052707672","0.01152559369802475","0.008108798414468765","0.014501623809337616","0.010439588688313961","0.007113337051123381","0.014062072150409222","0.011921064928174019","0.008115583099424839","0.01094120554625988","0.011774544604122639","0.008417461067438126","0.011233609169721603","0.010301199741661549","0.013527121394872665","0.01023837085813284","0.013842225074768066","0.008017309010028839","0.009477676823735237","0.013016092590987682","0.006005699280649424","0.01048841793090105","0.011758677661418915","0.010471112094819546","0.006156580522656441","0.01901763305068016","0.008212470449507236","0.5795337557792664","0.548276960849762","1175","94","1175","0.5284885168075562","101520","0","","0.5685283541679382","0.5685283541679382","0","0.5628703832626343","0.5685283541679382","0.4314716160297394","87.58644104003906","1.903687834739685","0.08494199812412262","4.120481967926025"
"2026-04-05 17:29:30","1.6h","2514200c54e04f7e9fc94ece62a72097","ssl_emnist_balanced_conv-2-seed1","LOCAL","src/cli.py","thallybu","FINISHED","lightning.pytorch.cli.instantiate_module","False","None","fixed_k","0.8","100","True","ShallowConvAutoencoder","","[8]","[1, 28, 28]","1024","","1e-06","0","EMNIST","0.060100280021198146","balanced","True","784","True","None","L","[224, 224]","1e-06","0.004033618795504522","False","0","5","12","None","None","47","4","False","0.46908662221321074","L","random","None","2","25","1.2","fixed_k","True","1.0","/data/thallybu/datasets/EMNIST","0","10","[0.9, 0.1]","0.05","0.1","False","True","False","2","99","0.004033618795504522","32.6","127360.4","58407.6","31.4","15295.268944000825","32182.658050000668","32989.8","12.2","0.003956138156354427","1022.7517700195312","0.49013087153434753","0.1999146193265915","0.6639930605888367","0.4717695415019989","0.5207212567329407","0.6557735800743103","0.439682275056839","0.5296547412872314","0.4976825416088104","0.48271289467811584","0.4916381239891052","0.5003697276115417","0.5343331694602966","0.4244535267353058","0.4471514821052551","0.4680160582065582","0.5951716899871826","0.3300968110561371","0.44211897253990173","0.6473763585090637","0.5573228001594543","0.47790518403053284","0.602017879486084","0.4667184352874756","0.3843611478805542","0.5792703032493591","0.46635037660598755","0.5279066562652588","0.2990104854106903","0.3043867349624634","0.5983820557594299","0.34269726276397705","0.5943318009376526","0.48531287908554077","0.43698805570602417","0.4391748905181885","0.4916510581970215","0.5447853803634644","0.5148966312408447","0.4377092123031616","0.4068604111671448","0.5614381432533264","0.38259971141815186","0.5875686407089233","0.45598140358924866","0.5142635703086853","0.3603658676147461","0.4631131589412689","0.584244430065155","46.99574279785156","","0.048767805099487305","0.009018843062222004","0.004241573624312878","0.014390897937119007","0.015844078734517097","0.007956305518746376","0.01746537908911705","0.015155484899878502","0.010233313776552677","0.018529018387198448","0.011959215626120567","0.0016695981612429023","0.011692015454173088","0.01601986400783062","0.012548517435789108","0.0029471779707819223","0.013789909891784191","0.010711669921875","0.008027064613997936","0.011638443917036057","0.019521979615092278","0.014347619377076626","0.011459226720035076","0.0071697901003062725","0.01682206243276596","0.009711443446576595","0.008025492541491985","0.013086941093206406","0.008792837150394917","0.007564428262412548","0.01022595725953579","0.013604149222373962","0.012245992198586464","0.011683464981615543","0.010145903564989567","0.011980789713561535","0.010757440701127052","0.009793022647500038","0.0076182931661605835","0.009782800450921059","0.015606755390763283","0.0063653080724179745","0.00934592355042696","0.011632801964879036","0.008973291143774986","0.006485893856734037","0.014820215292274952","0.01062573492527008","0.572603166103363","0.5047905445098877","1175","94","1175","0.5219793915748596","101520","0","","0.596187949180603","0.596187949180603","0","0.5931442379951477","0.596187949180603","0.403812050819397","51.51690673828125","1.824881911277771","0.10216738283634186","3.1861066818237305"
"2026-04-05 17:29:28","1.6h","1472aa967c8943cdb174a2e84ea55566","ssl_emnist_balanced_conv-1-seed5","LOCAL","src/cli.py","thallybu","FINISHED","lightning.pytorch.cli.instantiate_module","False","None","fixed_k","0.8","100","True","ShallowConvAutoencoder","","[8]","[1, 28, 28]","1024","","1e-06","0","EMNIST","0.060100280021198146","balanced","True","784","True","None","L","[224, 224]","1e-06","0.004033618795504522","False","0","5","12","None","None","47","4","False","0.46908662221321074","L","random","None","1","25","1.2","fixed_k","True","1.0","/data/thallybu/datasets/EMNIST","0","10","[0.9, 0.1]","0.05","0.1","False","True","False","2","99","0.004033618795504522","33.6","127361.6","58406.4","31.4","14621.694884000346","31071.28749600053","33524.1","12.4","0.0030977686401456594","1022.7517700195312","0.5315554141998291","0.19840572774410248","0.6551665663719177","0.5248501896858215","0.5844063758850098","0.5905742645263672","0.59804767370224","0.5865854024887085","0.6432104110717773","0.47452297806739807","0.5118266940116882","0.5669353008270264","0.564115583896637","0.575230062007904","0.4465793967247009","0.5213609933853149","0.5529105067253113","0.3962419629096985","0.5330795645713806","0.6525237560272217","0.5056058764457703","0.542423665523529","0.5943371653556824","0.5447847843170166","0.41230952739715576","0.5516536235809326","0.4854488968849182","0.5519639849662781","0.379667192697525","0.47595977783203125","0.49942275881767273","0.37445032596588135","0.6496941447257996","0.5509580969810486","0.503820538520813","0.5230805277824402","0.5186859369277954","0.4801182746887207","0.44038090109825134","0.5097905993461609","0.4629421830177307","0.5893009901046753","0.49777260422706604","0.5869503021240234","0.49347150325775146","0.5725178122520447","0.4985264837741852","0.5384705066680908","0.6271142363548279","46.99858093261719","","0.047876112163066864","0.011800508014857769","0.009238683618605137","0.015741774812340736","0.017364181578159332","0.011993519961833954","0.017142441123723984","0.01224764809012413","0.01042962446808815","0.018719062209129333","0.013110202737152576","0.0016823307378217578","0.01631244644522667","0.016637729480862617","0.013003523461520672","0.001970220822840929","0.013287138193845749","0.014097059145569801","0.010388504713773727","0.012558487243950367","0.01932707615196705","0.012219456024467945","0.01352376863360405","0.00875154696404934","0.015196211636066437","0.009585261344909668","0.00721976300701499","0.01417878270149231","0.013620357029139996","0.007565721869468689","0.010929101146757603","0.00993434153497219","0.008827622048556805","0.011018299497663975","0.009978104382753372","0.009328939951956272","0.010816728696227074","0.008581910282373428","0.0077895512804389","0.011316239833831787","0.012982181273400784","0.007451482117176056","0.011731673963367939","0.011578968726098537","0.01222935039550066","0.00926188938319683","0.010240788571536541","0.012185689061880112","0.5944121479988098","0.63633793592453","1175","47","1175","0.5450826287269592","101520","0","","0.38421985507011414","0.38421985507011414","0","0.37761935591697693","0.38421985507011414","0.6157801151275635","64.85215759277344","2.5538275241851807","0.08774484694004059","3.574395179748535"
"2026-04-05 17:29:12","1.6h","297ba07cacf94e8c8f292deef8c02b31","ssl_emnist_balanced_conv-1-seed4","LOCAL","src/cli.py","thallybu","FINISHED","lightning.pytorch.cli.instantiate_module","False","None","fixed_k","0.8","100","True","ShallowConvAutoencoder","","[8]","[1, 28, 28]","1024","","1e-06","0","EMNIST","0.060100280021198146","balanced","True","784","True","None","L","[224, 224]","1e-06","0.004033618795504522","False","0","5","12","None","None","47","4","False","0.46908662221321074","L","random","None","1","25","1.2","fixed_k","True","1.0","/data/thallybu/datasets/EMNIST","0","10","[0.9, 0.1]","0.05","0.1","False","True","False","2","99","0.004033618795504522","33.7","127361.2","58406.8","31.4","15013.937958000228","31569.324227001518","32862.2","12.2","0.003177325939759612","1022.7517700195312","0.5131553411483765","0.20150290429592133","0.6144324541091919","0.38443371653556824","0.5430199503898621","0.532725989818573","0.5286614298820496","0.5877560973167419","0.5450838208198547","0.4625204801559448","0.48193031549453735","0.5254929661750793","0.6031708121299744","0.525475263595581","0.45232900977134705","0.5403032302856445","0.73813396692276","0.3536785840988159","0.5096990466117859","0.6762962341308594","0.5933600664138794","0.6192688941955566","0.4884727895259857","0.46688899397850037","0.5742527842521667","0.38995566964149475","0.48363378643989563","0.5398156046867371","0.4768534302711487","0.354504257440567","0.5059618949890137","0.3725469410419464","0.39618852734565735","0.5025923848152161","0.4147244393825531","0.6476829648017883","0.5420166850090027","0.5764020085334778","0.6125038266181946","0.5423575639724731","0.3982352316379547","0.5933517217636108","0.5444459915161133","0.5180495381355286","0.4651830494403839","0.515981912612915","0.46083885431289673","0.4645951986312866","0.5053986310958862","46.994327545166016","","0.04703091084957123","0.02188766933977604","0.0020312757696956396","0.015200828202068806","0.021906094625592232","0.009705291129648685","0.011714338324964046","0.013442101888358593","0.010657291859388351","0.016583837568759918","0.010390883311629295","0.0017189804930239916","0.012122624553740025","0.016813652589917183","0.013447721488773823","0.0037208464927971363","0.014301648363471031","0.01370252575725317","0.009755299426615238","0.013232224620878696","0.014416837133467197","0.016853773966431618","0.012506936676800251","0.010012075304985046","0.012471954338252544","0.010395249351859093","0.006531383842229843","0.011506550945341587","0.009872779250144958","0.009174318984150887","0.011077211238443851","0.013391132466495037","0.01156962476670742","0.011310956440865993","0.012222333811223507","0.009964815340936184","0.010969681665301323","0.00998698454350233","0.008928093127906322","0.009542640298604965","0.010928616859018803","0.009780223481357098","0.009758427739143372","0.010438951663672924","0.010503672994673252","0.00877806730568409","0.01546939741820097","0.013319305144250393","0.5924784541130066","0.5790079832077026","1175","47","1175","0.5439571142196655","101520","0","","0.4551418423652649","0.4551418423652649","0","0.44439393281936646","0.4551418423652649","0.5448581576347351","111.48387908935547","2.768301486968994","0.10616875439882278","4.955672740936279"
"2026-04-05 17:27:58","1.6h","77c6de06606a4569a3ac17489a8e720a","ssl_emnist_balanced_conv-1-seed3","LOCAL","src/cli.py","thallybu","FINISHED","lightning.pytorch.cli.instantiate_module","False","None","fixed_k","0.8","100","True","ShallowConvAutoencoder","","[8]","[1, 28, 28]","1024","","1e-06","0","EMNIST","0.060100280021198146","balanced","True","784","True","None","L","[224, 224]","1e-06","0.004033618795504522","False","0","5","12","None","None","47","4","False","0.46908662221321074","L","random","None","1","25","1.2","fixed_k","True","1.0","/data/thallybu/datasets/EMNIST","0","10","[0.9, 0.1]","0.05","0.1","False","True","False","2","99","0.004033618795504522","33.9","127330.4","58437.7","31.5","15304.74602300115","33165.92304100096","33531.3","12.4","0.0032853931188583374","1022.7517700195312","0.5398151278495789","0.1994476318359375","0.6075734496116638","0.6950886249542236","0.5691503286361694","0.6009673476219177","0.5708380937576294","0.5597674250602722","0.546919584274292","0.5277963876724243","0.6708256602287292","0.5063723921775818","0.6931912302970886","0.5307620167732239","0.48625797033309937","0.6108508110046387","0.6137632727622986","0.3492421507835388","0.42315420508384705","0.6921018362045288","0.5273653268814087","0.5104531049728394","0.46585267782211304","0.5674107670783997","0.4224546253681183","0.5472050309181213","0.44065341353416443","0.47697824239730835","0.5120289325714111","0.5015514492988586","0.5619149208068848","0.511491060256958","0.5203068852424622","0.5627063512802124","0.5621721148490906","0.5811678767204285","0.5618696212768555","0.6287747621536255","0.5884189605712891","0.5460137128829956","0.42538759112358093","0.5422680377960205","0.3684346377849579","0.626559317111969","0.5575132966041565","0.5263788104057312","0.4416472613811493","0.47139573097229004","0.580706000328064","46.997161865234375","","0.04745534434914589","0.010105780325829983","0.003481730120256543","0.013574969954788685","0.019651904702186584","0.01168652344495058","0.015814047306776047","0.013869388960301876","0.009897937066853046","0.015991682186722755","0.012215793132781982","0.009384947828948498","0.01340312510728836","0.013418673537671566","0.004712587222456932","0.006666902918368578","0.015310229733586311","0.011550749652087688","0.009021666832268238","0.011641817167401314","0.021592723205685616","0.013191980309784412","0.012397298589348793","0.008016832172870636","0.014845226891338825","0.014911478385329247","0.008700908161699772","0.01038886047899723","0.009128599427640438","0.00787147507071495","0.01338020246475935","0.015399010851979256","0.009532883763313293","0.01207390334457159","0.01141528133302927","0.011166439391672611","0.011184358038008213","0.01494499109685421","0.01585838757455349","0.010567410849034786","0.010477648116648197","0.00611107237637043","0.006174776237457991","0.012001070193946362","0.014761945232748985","0.006817009299993515","0.015155418775975704","0.010243815369904041","0.5986678004264832","0.5672062635421753","1175","47","1175","0.5496712923049927","101520","0","","0.41826242208480835","0.41826242208480835","0","0.4121234118938446","0.41826242208480835","0.5817375779151917","53.54994583129883","2.4144821166992188","0.12566079199314117","3.3623404502868652"
"2026-04-05 17:27:02","1.6h","a0f64ec1012c40e18e8084b6b99a5a85","ssl_emnist_balanced_conv-1-seed2","LOCAL","src/cli.py","thallybu","FINISHED","lightning.pytorch.cli.instantiate_module","False","None","fixed_k","0.8","100","True","ShallowConvAutoencoder","","[8]","[1, 28, 28]","1024","","1e-06","0","EMNIST","0.060100280021198146","balanced","True","784","True","None","L","[224, 224]","1e-06","0.004033618795504522","False","0","5","12","None","None","47","4","False","0.46908662221321074","L","random","None","1","25","1.2","fixed_k","True","1.0","/data/thallybu/datasets/EMNIST","0","10","[0.9, 0.1]","0.05","0.1","False","True","False","2","99","0.004033618795504522","31.3","127362.1","58405.9","31.4","15601.62038799934","34366.60551100224","36867.3","13.6","0.0031159273348748684","1022.7517700195312","0.5312627553939819","0.19810675084590912","0.6676992177963257","0.6242677569389343","0.5545104146003723","0.5444235801696777","0.5177176594734192","0.5812395215034485","0.5162405371665955","0.5279126167297363","0.4729907214641571","0.4872453212738037","0.6691247820854187","0.46542906761169434","0.48377102613449097","0.4855557680130005","0.5954122543334961","0.5390776991844177","0.4941001236438751","0.6533716917037964","0.6205957531929016","0.5818436741828918","0.5283024311065674","0.4878464341163635","0.43975475430488586","0.5490111708641052","0.5203034281730652","0.5499465465545654","0.41883599758148193","0.5279282927513123","0.6590271592140198","0.3231927752494812","0.4777166247367859","0.5678693652153015","0.49321427941322327","0.5542818307876587","0.5824989676475525","0.5422297716140747","0.5030650496482849","0.4585370123386383","0.4597431719303131","0.5692534446716309","0.5662710666656494","0.5627923607826233","0.6131676435470581","0.5434050559997559","0.3653905689716339","0.4915301501750946","0.5714972615242004","46.9929084777832","","0.04849271848797798","0.010413198731839657","0.010261235758662224","0.014046802185475826","0.014055678620934486","0.010608975775539875","0.014544489793479443","0.008580178953707218","0.010007417760789394","0.017706990242004395","0.012563229538500309","0.004583057947456837","0.010464955121278763","0.016405874863266945","0.01344120129942894","0.0024431929923594","0.01374982949346304","0.01153294462710619","0.009442580863833427","0.015906691551208496","0.022062862291932106","0.017412405461072922","0.011021481826901436","0.0091230608522892","0.01375858299434185","0.009531904943287373","0.01165207102894783","0.015140857547521591","0.010045238770544529","0.005361022427678108","0.010422030463814735","0.011923277750611305","0.008740255609154701","0.012903003953397274","0.010118271224200726","0.011436713859438896","0.01147022657096386","0.014744814485311508","0.007592693902552128","0.012148157693445683","0.011945242993533611","0.009106110781431198","0.008470763452351093","0.016593869775533676","0.010676447302103043","0.007716399617493153","0.015868419781327248","0.010442091152071953","0.5980702042579651","0.5650272965431213","1175","47","1175","0.5481157302856445","101520","0","","0.4576241075992584","0.4576241075992584","0","0.4498988389968872","0.4576241075992584","0.5423758625984192","66.41830444335938","2.3325319290161133","0.10357464849948883","3.472109317779541"
"2026-04-05 17:27:01","1.6h","a75064d0b00a4a30a18e584b19598d03","ssl_emnist_balanced_conv-1-seed1","LOCAL","src/cli.py","thallybu","FINISHED","lightning.pytorch.cli.instantiate_module","False","None","fixed_k","0.8","100","True","ShallowConvAutoencoder","","[8]","[1, 28, 28]","1024","","1e-06","0","EMNIST","0.060100280021198146","balanced","True","784","True","None","L","[224, 224]","1e-06","0.004033618795504522","False","0","5","12","None","None","47","4","False","0.46908662221321074","L","random","None","1","25","1.2","fixed_k","True","1.0","/data/thallybu/datasets/EMNIST","0","10","[0.9, 0.1]","0.05","0.1","False","True","False","2","99","0.004033618795504522","30.8","127361.9","58406.1","31.4","15668.09624600038","34511.80222399905","35526.4","13.1","0.003240392543375492","1022.7517700195312","0.5329926609992981","0.19803813099861145","0.6917449831962585","0.5242838263511658","0.5183883905410767","0.6341003179550171","0.5480165481567383","0.5384130477905273","0.5389155745506287","0.4662240147590637","0.46753978729248047","0.5750320553779602","0.5390889048576355","0.6105610132217407","0.47641825675964355","0.4801715016365051","0.6000447273254395","0.32653719186782837","0.4424923360347748","0.6313102841377258","0.5914429426193237","0.5667449831962585","0.6104798913002014","0.6369661688804626","0.48577508330345154","0.5309797525405884","0.48199817538261414","0.5506093502044678","0.37754979729652405","0.5914469361305237","0.564525306224823","0.45662301778793335","0.5826936960220337","0.5020480751991272","0.4113633334636688","0.5512468814849854","0.5241886377334595","0.4464239180088043","0.5464524626731873","0.4686947762966156","0.4281753897666931","0.6405484080314636","0.5501131415367126","0.5368507504463196","0.4887840747833252","0.5037627220153809","0.47625526785850525","0.5609424710273743","0.6452605724334717","46.997161865234375","","0.047162022441625595","0.01133668888360262","0.004503741394728422","0.014757194556295872","0.018725117668509483","0.00957694835960865","0.01612311415374279","0.014760562218725681","0.0070008342154324055","0.01685492880642414","0.012439125217497349","0.0019515601452440023","0.014651400037109852","0.016529429703950882","0.014543389901518822","0.002248263219371438","0.01419894490391016","0.011279177851974964","0.00897950679063797","0.012097068130970001","0.017827298492193222","0.01336157601326704","0.011462803930044174","0.009066249243915081","0.014456828124821186","0.010561805218458176","0.008221850730478764","0.014835606329143047","0.010702689178287983","0.0062075103633105755","0.012900175526738167","0.012874957174062729","0.011810921132564545","0.011512690223753452","0.009736147709190845","0.012645633891224861","0.010497327893972397","0.010012470185756683","0.007841554470360279","0.009866823442280293","0.01078586932271719","0.00932945404201746","0.009903166443109512","0.012899675406515598","0.009179428219795227","0.009454920887947083","0.0145517997443676","0.016728952527046204","0.5904465913772583","0.5795307159423828","1175","47","1175","0.5417647361755371","101520","0","","0.4834219813346863","0.4834219813346863","0","0.47919055819511414","0.4834219813346863","0.5165780186653137","59.35301208496094","2.303575038909912","0.10611484199762344","3.717686176300049"
"2026-04-05 14:59:26","2.5h","2ceeb81c88e142c89871f747518c0089","ssl_emnist_balanced_clip-5-seed5","LOCAL","src/cli.py","thallybu","FINISHED","lightning.pytorch.cli.instantiate_module","False","None","fixed_k","0.8936328820286583","100","True","ShallowAutoencoder","None","","","1024","/data/thallybu/cache","1e-06","0","emnist_balanced_vit-b-32_openai","0.027476091031828784","","True","512","","[256]","","","1e-06","0.0004410208721549314","False","0","5","31","","","47","4","","0.47538308851765915","L","random","None","5","50","1.39911613197451","fixed_k","","1.0","","42","10","[0.9, 0.1]","0.05","0.1","False","True","False","3","99","0.0004410208721549314","30.6","127409.9","58358.2","31.4","35299.26671499945","143361.074010998","35745.7","13.2","0.0011538484832271934","1022.7517700195312","0.631416380405426","0.20513534545898438","0.6629159450531006","0.657179057598114","0.6771404147148132","0.6173861622810364","0.6224794983863831","0.5257859826087952","0.5303468108177185","0.7361108660697937","0.582577109336853","0.5440249443054199","0.6037790179252625","0.6129881143569946","0.7260449528694153","0.3910242021083832","0.6192342042922974","0.5084408521652222","0.6834948062896729","0.7047654390335083","0.7276578545570374","0.6134077310562134","0.6231189966201782","0.6546208262443542","0.6082432270050049","0.49900564551353455","0.5944214463233948","0.621921181678772","0.6487653255462646","0.5060334801673889","0.5637732744216919","0.5289967656135559","0.6715055108070374","0.6697214245796204","0.7462148666381836","0.6586325168609619","0.6937938928604126","0.6279922127723694","0.7040894031524658","0.7600498199462891","0.6671948432922363","0.7043126225471497","0.5796754956245422","0.6048790812492371","0.6973020434379578","0.644123375415802","0.6392872929573059","0.52183997631073","0.7967789173126221","46.994327545166016","","0.012270688079297543","0.0016927765682339668","0.0010258167749270797","0.0018274609465152025","0.0022315068636089563","0.0017609888454899192","0.0018474861280992627","0.001816191477701068","0.0020393410231918097","0.0018901251023635268","0.001604658318683505","0.0012386554153636098","0.002047604648396373","0.0021007140167057514","0.0019674242939800024","0.0008602779707871377","0.0018068555509671569","0.0012798269744962454","0.0013698979746550322","0.002066085347905755","0.0019769456703215837","0.0021286685951054096","0.001582564553245902","0.0014415278565138578","0.0014536262024194002","0.0011286074295639992","0.0011961867567151785","0.0014064291026443243","0.0012304080883041024","0.0018028930062428117","0.0012190579436719418","0.0017581990687176585","0.001967471558600664","0.0023506160359829664","0.0017550463089719415","0.0017353889998048544","0.0016251127235591412","0.0021024527959525585","0.0017627746565267444","0.0016592403408139944","0.001601185416802764","0.001968603115528822","0.0017080804100260139","0.0015367706073448062","0.0017497810767963529","0.0014119395054876804","0.0021540711168199778","0.001965076895430684","0.09266110509634018","0.08118454366922379","2350","235","2350","0.07984188944101334","101520","0","","0.6039893627166748","0.6039893627166748","0","0.6086699962615967","0.6039893627166748","0.3960106372833252","32.29338836669922","1.1246001720428467","0.053343288600444794","1.0461292266845703"
"2026-04-05 14:56:13","2.5h","c78021c6d6cb4aeebb2a88f1720ac291","ssl_emnist_balanced_clip-5-seed4","LOCAL","src/cli.py","thallybu","FINISHED","lightning.pytorch.cli.instantiate_module","False","None","fixed_k","0.8936328820286583","100","True","ShallowAutoencoder","None","","","1024","/data/thallybu/cache","1e-06","0","emnist_balanced_vit-b-32_openai","0.027476091031828784","","True","512","","[256]","","","1e-06","0.0004410208721549314","False","0","5","31","","","47","4","","0.47538308851765915","L","random","None","5","50","1.39911613197451","fixed_k","","1.0","","42","10","[0.9, 0.1]","0.05","0.1","False","True","False","3","99","0.0004410208721549314","23.6","127411.4","58356.6","31.4","35950.37882300094","144257.71248000115","40151.6","14.9","0.0011735906591638923","1022.7517700195312","0.6276602149009705","0.20701883733272552","0.7008377313613892","0.5360866785049438","0.7134115099906921","0.6302841901779175","0.5916670560836792","0.5615200996398926","0.6150507926940918","0.6959697604179382","0.604878306388855","0.5563705563545227","0.6012344360351562","0.6058746576309204","0.6948350071907043","0.41449835896492004","0.6352740526199341","0.6056762337684631","0.5918528437614441","0.6679121255874634","0.6787933707237244","0.62138432264328","0.6243107318878174","0.6438946723937988","0.5814204812049866","0.5710240602493286","0.6752511262893677","0.6175891160964966","0.561684787273407","0.45597904920578003","0.5963762998580933","0.6193646788597107","0.6810750961303711","0.7382391691207886","0.7807400822639465","0.672465980052948","0.6515417098999023","0.5816939473152161","0.7648739218711853","0.6559455394744873","0.7127984166145325","0.8370545506477356","0.5596429705619812","0.6033819317817688","0.6911005973815918","0.6084045171737671","0.5547845363616943","0.4910866916179657","0.6745259165763855","46.99858093261719","","0.012120700441300869","0.0014785138191655278","0.0009230587165802717","0.002197698224335909","0.0021801514085382223","0.0016828671796247363","0.0018881992436945438","0.0020269923843443394","0.002078061690554023","0.001982906134799123","0.0016258707037195563","0.0011898106895387173","0.0020413275342434645","0.001910721999593079","0.0018710821168497205","0.0010480644414201379","0.0015492814127355814","0.0012581584742292762","0.0015467886114493012","0.002084276871755719","0.0020423606038093567","0.0021264792885631323","0.00163236481603235","0.0014937487430870533","0.0015260523650795221","0.0013668694300577044","0.0013675326481461525","0.0010261593852192163","0.0012553151464089751","0.0019106268882751465","0.001291152206249535","0.0017765284283086658","0.0019330047070980072","0.0020801618229597807","0.0018297425704076886","0.0016617045039311051","0.001695064827799797","0.0019433572888374329","0.0016425567446276546","0.001923271338455379","0.0018365090945735574","0.0021472626831382513","0.001728047034703195","0.0015481875743716955","0.0017708864761516452","0.0014397251652553678","0.0021353010088205338","0.0020822493825107813","0.09345253556966782","0.09494500607252121","2350","235","2350","0.08077393472194672","101520","0","","0.6358156204223633","0.6358156204223633","0","0.6328555941581726","0.6358156204223633","0.3641843795776367","23.06971549987793","1.119415521621704","0.051898255944252014","1.127945065498352"
"2026-04-05 14:55:25","2.6h","ea597423b05d433194abeeadc20d5a2e","ssl_emnist_balanced_clip-5-seed3","LOCAL","src/cli.py","thallybu","FINISHED","lightning.pytorch.cli.instantiate_module","False","None","fixed_k","0.8936328820286583","100","True","ShallowAutoencoder","None","","","1024","/data/thallybu/cache","1e-06","0","emnist_balanced_vit-b-32_openai","0.027476091031828784","","True","512","","[256]","","","1e-06","0.0004410208721549314","False","0","5","31","","","47","4","","0.47538308851765915","L","random","None","5","50","1.39911613197451","fixed_k","","1.0","","42","10","[0.9, 0.1]","0.05","0.1","False","True","False","3","99","0.0004410208721549314","29.3","127410.1","58357.9","31.4","36892.002177000046","147655.69218599796","36382","13.5","0.0011986920144408941","1022.7517700195312","0.6304143071174622","0.20787544548511505","0.7096407413482666","0.5204111337661743","0.6957031488418579","0.597834587097168","0.6599607467651367","0.5149508714675903","0.687975287437439","0.6944184899330139","0.6185586452484131","0.5354185104370117","0.593437135219574","0.6779288053512573","0.6791405081748962","0.39506250619888306","0.6985923647880554","0.5642133951187134","0.6391350626945496","0.6435009241104126","0.7532865405082703","0.6721767783164978","0.7288535237312317","0.5980243682861328","0.5997344851493835","0.49748244881629944","0.6572402119636536","0.6526286602020264","0.630735456943512","0.4001273810863495","0.5834806561470032","0.5583903193473816","0.7081431150436401","0.6472292542457581","0.6759713888168335","0.6453076601028442","0.6946235299110413","0.5799530744552612","0.7819315791130066","0.6709784269332886","0.654588520526886","0.7984961867332458","0.5666701793670654","0.5948935151100159","0.699052631855011","0.6159394979476929","0.5950853824615479","0.498752236366272","0.7351964116096497","46.994327545166016","","0.012231831438839436","0.001374651095829904","0.0009142239578068256","0.0019639162346720695","0.0022830329835414886","0.0017267187358811498","0.0018412326462566853","0.002200723858550191","0.0020338958129286766","0.0019417396979406476","0.0016150778392329812","0.0010611203033477068","0.0019494331208989024","0.002079848200082779","0.002024792367592454","0.0012066351482644677","0.0016384324990212917","0.0012797152157872915","0.0016416555736213923","0.002057003788650036","0.002211914863437414","0.0024139569140970707","0.001568936393596232","0.0014263858320191503","0.0014461210230365396","0.0013616770738735795","0.0013349901419132948","0.0010589193552732468","0.0012335025239735842","0.001967186573892832","0.0011893614428117871","0.001960305729880929","0.0021342402324080467","0.002185324439778924","0.0018026509787887335","0.0016626305878162384","0.0016814485425129533","0.0019013592973351479","0.001655607600696385","0.0016638522502034903","0.00234547583386302","0.002080522244796157","0.0017095579532906413","0.001570870983414352","0.001782259438186884","0.0014069974422454834","0.0021613030694425106","0.0015544554917141795","0.09409823268651962","0.09071166068315506","2350","235","2350","0.08129655569791794","101520","0","","0.6000000238418579","0.6000000238418579","0","0.6005690097808838","0.6000000238418579","0.3999999761581421","20.30586051940918","1.147402286529541","0.05730440467596054","1.0803642272949219"
"2026-04-05 14:54:17","2.6h","b9b945a99f284e6fb0f6f10c57b3fbe4","ssl_emnist_balanced_clip-5-seed2","LOCAL","src/cli.py","thallybu","FINISHED","lightning.pytorch.cli.instantiate_module","False","None","fixed_k","0.8936328820286583","100","True","ShallowAutoencoder","None","","","1024","/data/thallybu/cache","1e-06","0","emnist_balanced_vit-b-32_openai","0.027476091031828784","","True","512","","[256]","","","1e-06","0.0004410208721549314","False","0","5","31","","","47","4","","0.47538308851765915","L","random","None","5","50","1.39911613197451","fixed_k","","1.0","","42","10","[0.9, 0.1]","0.05","0.1","False","True","False","3","99","0.0004410208721549314","16.6","127411.2","58356.8","31.4","36677.59451800026","147916.5590049997","39137.1","14.5","0.00122324179392308","1022.7517700195312","0.6293020248413086","0.2072959989309311","0.6372311115264893","0.7144811153411865","0.6945008635520935","0.627698540687561","0.601793110370636","0.5165662169456482","0.6155219078063965","0.7383628487586975","0.6026973724365234","0.5722746849060059","0.5870838761329651","0.6321299076080322","0.6775782108306885","0.39959076046943665","0.5257930159568787","0.716189444065094","0.5853008031845093","0.6745855212211609","0.7026271820068359","0.7119911313056946","0.6387902498245239","0.5942021608352661","0.5762647390365601","0.5162128210067749","0.6736415028572083","0.5941001772880554","0.6083734035491943","0.399852991104126","0.5820072293281555","0.5624618530273438","0.7011019587516785","0.6779191493988037","0.7339898347854614","0.6393771767616272","0.6588737368583679","0.6488346457481384","0.7450913786888123","0.7232778668403625","0.6416428685188293","0.7026715874671936","0.5719653964042664","0.669058620929718","0.758108913898468","0.6456799507141113","0.5466735363006592","0.5259273052215576","0.7010783553123474","46.997161865234375","","0.012136602774262428","0.0013370222877711058","0.0011197150452062488","0.0017158478731289506","0.002226543379947543","0.001774718053638935","0.0018307269783690572","0.0020150644704699516","0.0023304312489926815","0.0019548621494323015","0.0016555541660636663","0.0010189154418185353","0.0019960508216172457","0.002073888201266527","0.0020070213358849287","0.001026105135679245","0.0019105252576991916","0.0012176834279671311","0.0019082805374637246","0.0022712124045938253","0.0022509300615638494","0.0021764265839010477","0.0014576459070667624","0.0014647808857262135","0.0014624581672251225","0.0013145603006705642","0.0014110273914411664","0.001099070766940713","0.0012679434148594737","0.0018889844650402665","0.0012764139100909233","0.0018259526696056128","0.0019405793864279985","0.0021997641306370497","0.0017441138625144958","0.0016825604252517223","0.0017462024698033929","0.002048168331384659","0.00196591904386878","0.0016498178010806441","0.0020118753891438246","0.002116068499162793","0.0017028425354510546","0.0019442426273599267","0.001815949217416346","0.0013831044780090451","0.002132193883880973","0.0015480250585824251","0.0946311205625534","0.09190808981657028","2350","235","2350","0.08191301673650742","101520","0","","0.5714539289474487","0.5714539289474487","0","0.5679621696472168","0.5714539289474487","0.42854607105255127","30.79084014892578","1.2088146209716797","0.05146857351064682","1.1682345867156982"
"2026-04-05 14:54:09","2.6h","53651ef440664c39a376ef970fb32233","ssl_emnist_balanced_clip-5-seed1","LOCAL","src/cli.py","thallybu","FINISHED","lightning.pytorch.cli.instantiate_module","False","None","fixed_k","0.8936328820286583","100","True","ShallowAutoencoder","None","","","1024","/data/thallybu/cache","1e-06","0","emnist_balanced_vit-b-32_openai","0.027476091031828784","","True","512","","[256]","","","1e-06","0.0004410208721549314","False","0","5","31","","","47","4","","0.47538308851765915","L","random","None","5","50","1.39911613197451","fixed_k","","1.0","","42","10","[0.9, 0.1]","0.05","0.1","False","True","False","3","99","0.0004410208721549314","22.9","127243.9","58524.1","31.5","36568.09856100008","147295.88000800088","41319","15.3","0.0011585238389670849","1022.7517700195312","0.6283766627311707","0.20719413459300995","0.6802738308906555","0.7248536348342896","0.7296851873397827","0.6329408288002014","0.6038380265235901","0.5402355790138245","0.7357117533683777","0.5709948539733887","0.5992131233215332","0.5504454970359802","0.5558700561523438","0.6640247702598572","0.6628733277320862","0.388092041015625","0.6253120303153992","0.4862244725227356","0.6183013319969177","0.6537774801254272","0.720528781414032","0.602329432964325","0.6942915320396423","0.5856410264968872","0.6309624910354614","0.5103291869163513","0.6396389603614807","0.6161048412322998","0.5952125191688538","0.4583889842033386","0.6102316975593567","0.6046799421310425","0.6681092977523804","0.7036829590797424","0.7334314584732056","0.6623637080192566","0.6688563823699951","0.6217882633209229","0.6995006203651428","0.6785820126533508","0.7054341435432434","0.7826639413833618","0.5733682513237","0.597912073135376","0.7067386507987976","0.6259741187095642","0.5644687414169312","0.5159677863121033","0.7567884922027588","46.997161865234375","","0.012169864028692245","0.0015017876867204905","0.001069180783815682","0.0019930650014430285","0.0023850081488490105","0.0017367497785016894","0.0018324977718293667","0.0024210482370108366","0.001924289157614112","0.0019519329071044922","0.0016160077648237348","0.0010319038992747664","0.0019809543155133724","0.0020004555117338896","0.0019518203334882855","0.0011328111868351698","0.0016716299578547478","0.0012267481070011854","0.0015890848590061069","0.0023543904535472393","0.002042988548055291","0.0021380772814154625","0.001493827672675252","0.0014277597656473517","0.0014930759789422154","0.001353057916276157","0.0012774738715961576","0.0011129369959235191","0.0012175848241895437","0.001964468974620104","0.0012340977555140853","0.0017635902622714639","0.0019614463672041893","0.0022985413670539856","0.001738778199069202","0.0016515759052708745","0.0017389972927048802","0.002394325565546751","0.0016709697665646672","0.0018041824223473668","0.0017155661480501294","0.0020404488313943148","0.0016685129376128316","0.0016148838913068175","0.0018341747345402837","0.001357915927655995","0.0021458750125020742","0.0019161161035299301","0.09415894746780396","0.08775974810123444","2350","235","2350","0.0814383253455162","101520","0","","0.6286347508430481","0.6286347508430481","0","0.628433346748352","0.6286347508430481","0.3713652491569519","23.154584884643555","1.117644190788269","0.04595930874347687","1.1469566822052002"
"2026-04-05 14:53:45","2.6h","02bcfb8974cf4e28bd3fa9cace44ab68","ssl_emnist_balanced_clip-4-seed5","LOCAL","src/cli.py","thallybu","FINISHED","lightning.pytorch.cli.instantiate_module","False","None","fixed_k","0.8936328820286583","100","True","ShallowAutoencoder","None","","","1024","/data/thallybu/cache","1e-06","0","emnist_balanced_vit-b-32_openai","0.027476091031828784","","True","512","","[256]","","","1e-06","0.0004410208721549314","False","0","5","31","","","47","4","","0.47538308851765915","L","random","None","4","50","1.39911613197451","fixed_k","","1.0","","42","10","[0.9, 0.1]","0.05","0.1","False","True","False","3","99","0.0004410208721549314","24.9","127411.8","58356.2","31.4","36291.79552800022","145815.7848509997","40055.7","14.8","0.0011125995079055429","1022.7517700195312","0.6368318200111389","0.20399759709835052","0.6714712977409363","0.6594531536102295","0.7067297697067261","0.6122015714645386","0.5981820821762085","0.5384501218795776","0.6550716161727905","0.6265987157821655","0.6034448146820068","0.5241185426712036","0.5855475664138794","0.6242018938064575","0.6907485723495483","0.3980475962162018","0.5981025099754333","0.5259736180305481","0.6457191705703735","0.7276706695556641","0.748936653137207","0.6262843012809753","0.638588011264801","0.5851842761039734","0.6610231995582581","0.5198000073432922","0.6487703919410706","0.5992342233657837","0.6448405385017395","0.4388394355773926","0.5698946714401245","0.5642802715301514","0.6651689410209656","0.6533288359642029","0.751957893371582","0.6750664114952087","0.719736635684967","0.6162295341491699","0.7337231040000916","0.6380879878997803","0.6812433004379272","0.7055885791778564","0.6032678484916687","0.784826934337616","0.7367148399353027","0.6331439018249512","0.6176289916038513","0.5250514149665833","0.7103890776634216","46.9929084777832","","0.012027284130454063","0.0017012672033160925","0.0010892070131376386","0.0018398505635559559","0.002245181007310748","0.001713212113827467","0.0018770403694361448","0.0019221350084990263","0.0020242133177816868","0.001964373979717493","0.0016347661148756742","0.0012326558353379369","0.002224662806838751","0.0015704537509009242","0.001998789142817259","0.0009322030236944556","0.0017701801843941212","0.0012135334545746446","0.0013939263299107552","0.0019389225635677576","0.0019977842457592487","0.0021485311444848776","0.0015580988256260753","0.0015800928231328726","0.0014959836844354868","0.0011368616251274943","0.0012564663775265217","0.001473719603382051","0.0012154371943324804","0.00183679792098701","0.0012924617622047663","0.0017216027481481433","0.0021504040341824293","0.002387197222560644","0.0017317959573119879","0.0018424744484946132","0.0016806189669296145","0.002079503145068884","0.001719196094200015","0.0016865722136572003","0.0016017720336094499","0.002150636399164796","0.002239374676719308","0.001694061211310327","0.0017746500670909882","0.0014493846101686358","0.0021980770397931337","0.0020351302810013294","0.09396383166313171","0.07874573022127151","2350","188","2350","0.08140760660171509","101520","0","","0.5615248084068298","0.5615248084068298","0","0.571516215801239","0.5615248084068298","0.4384751617908478","29.10851287841797","1.2286570072174072","0.059039343148469925","1.1761482954025269"
"2026-04-05 14:52:26","2.6h","af62e0c0ccaa4031964baf4959c45a96","ssl_emnist_balanced_clip-4-seed4","LOCAL","src/cli.py","thallybu","FINISHED","lightning.pytorch.cli.instantiate_module","False","None","fixed_k","0.8936328820286583","100","True","ShallowAutoencoder","None","","","1024","/data/thallybu/cache","1e-06","0","emnist_balanced_vit-b-32_openai","0.027476091031828784","","True","512","","[256]","","","1e-06","0.0004410208721549314","False","0","5","31","","","47","4","","0.47538308851765915","L","random","None","4","50","1.39911613197451","fixed_k","","1.0","","42","10","[0.9, 0.1]","0.05","0.1","False","True","False","3","99","0.0004410208721549314","29.9","127412.4","58355.6","31.4","36384.994063999504","145544.52698899806","46470.8","17.2","0.0010505830869078636","1022.7517700195312","0.6329193711280823","0.20732377469539642","0.653893232345581","0.4997423589229584","0.7373157143592834","0.6306337714195251","0.6004668474197388","0.5334054231643677","0.5888188481330872","0.7022451162338257","0.5891509652137756","0.5573349595069885","0.6119807958602905","0.6848340034484863","0.7108909487724304","0.397073358297348","0.6444973349571228","0.6192721724510193","0.6239598989486694","0.7307433485984802","0.648078441619873","0.619343638420105","0.639175295829773","0.599405825138092","0.5731498003005981","0.5329136252403259","0.660799503326416","0.625484049320221","0.5659093856811523","0.4866527318954468","0.5942080616950989","0.5741463303565979","0.6568583846092224","0.7754709720611572","0.7628357410430908","0.6978824734687805","0.6802663207054138","0.6427306532859802","0.7444543242454529","0.6710519790649414","0.7013875246047974","0.7366804480552673","0.5902436971664429","0.6133790016174316","0.7067869305610657","0.6523101329803467","0.5470545291900635","0.48818427324295044","0.7181554436683655","46.99574279785156","","0.011902882717549801","0.0014715066645294428","0.0009169859113171697","0.0022316290996968746","0.0022163884714245796","0.0017480921233072877","0.0018452868098393083","0.002014785772189498","0.002080703154206276","0.0019811242818832397","0.0016383810434490442","0.001223636558279395","0.002331041032448411","0.002168182749301195","0.0019398013828322291","0.001007770304568112","0.0015870907809585333","0.0011918036034330726","0.0016546244733035564","0.0020211138762533665","0.0020821918733417988","0.0021783967968076468","0.0015657354379072785","0.0014941685367375612","0.0014958506217226386","0.0013114333851262927","0.0014296864392235875","0.0010882244678214192","0.0012426445027813315","0.0018628874095156789","0.0012841149000450969","0.0019063804065808654","0.0018945335177704692","0.0025225200224667788","0.001796881784684956","0.0017174476524814963","0.001679453533142805","0.0018113967962563038","0.001639797119423747","0.001829794142395258","0.001645160373300314","0.002233115490525961","0.0017038944642990828","0.0016528527485206723","0.00184650719165802","0.0013289505150169134","0.0022119490895420313","0.0021488454658538103","0.09426920115947723","0.09299076348543167","2350","188","2350","0.08186689019203186","101520","0","","0.6059397459030151","0.6059397459030151","0","0.6088600754737854","0.6059397459030151","0.39406028389930725","18.23374366760254","1.1410146951675415","0.04675953835248947","1.0777734518051147"
"2026-04-05 14:52:25","2.6h","9e6db3e586cb4639ad84716f2f6ec8c1","ssl_emnist_balanced_clip-4-seed3","LOCAL","src/cli.py","thallybu","FINISHED","lightning.pytorch.cli.instantiate_module","False","None","fixed_k","0.8936328820286583","100","True","ShallowAutoencoder","None","","","1024","/data/thallybu/cache","1e-06","0","emnist_balanced_vit-b-32_openai","0.027476091031828784","","True","512","","[256]","","","1e-06","0.0004410208721549314","False","0","5","31","","","47","4","","0.47538308851765915","L","random","None","4","50","1.39911613197451","fixed_k","","1.0","","42","10","[0.9, 0.1]","0.05","0.1","False","True","False","3","99","0.0004410208721549314","24.4","127077.9","58690.1","31.6","36388.07727400027","145546.5703219995","46587.3","17.2","0.001142888329923153","1022.7517700195312","0.6413300037384033","0.20759142935276031","0.7457075119018555","0.6329074501991272","0.5915045738220215","0.5847335457801819","0.6681128144264221","0.5429223775863647","0.6538715362548828","0.6846439838409424","0.7480226755142212","0.7922447323799133","0.6370601654052734","0.70152747631073","0.7098711133003235","0.4047398567199707","0.5387880802154541","0.6172245144844055","0.7071826457977295","0.6142638325691223","0.7561755180358887","0.6085311770439148","0.7290982604026794","0.6642927527427673","0.5952664017677307","0.5662022233009338","0.6106416583061218","0.7015097141265869","0.6604297757148743","0.42257481813430786","0.5997617244720459","0.5704237222671509","0.6475695371627808","0.640425443649292","0.677047073841095","0.7481039762496948","0.6631702184677124","0.6401861310005188","0.8295326232910156","0.6211663484573364","0.7288073301315308","0.7658588290214539","0.5498523116111755","0.6106708645820618","0.6156086325645447","0.6624307632446289","0.6385401487350464","0.5075783729553223","0.7429011464118958","46.997161865234375","","0.01193933468312025","0.0015836796956136823","0.0008464654674753547","0.0017130274791270494","0.0022645159624516964","0.0017852617893368006","0.001891181105747819","0.001970582641661167","0.002069775015115738","0.002035413635894656","0.0023086373694241047","0.0013188041048124433","0.0019030770054087043","0.00221949047408998","0.0020138227846473455","0.0010036715539172292","0.001791987451724708","0.0013425464276224375","0.0015354447532445192","0.0019869820680469275","0.0021330094896256924","0.0025097269099205732","0.0023149519693106413","0.001508904853835702","0.0015859478153288364","0.0011548956390470266","0.0014322098577395082","0.001359105808660388","0.0012488875072449446","0.0018710133153945208","0.0013284663436934352","0.001935984124429524","0.002105497755110264","0.0020974704530090094","0.001956019550561905","0.0017103336285799742","0.0017461898969486356","0.0021049026399850845","0.0016018145252019167","0.0018002561992034316","0.0021724202670156956","0.002071776892989874","0.0017090537585318089","0.0015555217396467924","0.0018750813324004412","0.0013953649904578924","0.0021724614780396223","0.0016389586962759495","0.09615878760814667","0.0908380001783371","2350","188","2350","0.08367612212896347","101520","0","","0.5269503593444824","0.5269503593444824","0","0.5181029438972473","0.5269503593444824","0.4730496406555176","30.16114616394043","1.3503434658050537","0.05003152787685394","1.430700659751892"
"2026-04-05 13:09:22","1.8h","b7169857f33b41a8a1a8b01ca2da16ed","ssl_emnist_balanced_clip-4-seed2","LOCAL","src/cli.py","thallybu","FINISHED","lightning.pytorch.cli.instantiate_module","False","None","fixed_k","0.8936328820286583","100","True","ShallowAutoencoder","None","","","1024","/data/thallybu/cache","1e-06","0","emnist_balanced_vit-b-32_openai","0.027476091031828784","","True","512","","[256]","","","1e-06","0.0004410208721549314","False","0","5","31","","","47","4","","0.47538308851765915","L","random","None","4","50","1.39911613197451","fixed_k","","1.0","","42","10","[0.9, 0.1]","0.05","0.1","False","True","False","3","99","0.0004410208721549314","35.6","127487.9","58280.2","31.4","22459.763637000695","147711.05374599993","60648.3","22.4","0.0011269196402281523","1022.7517700195312","0.6384698152542114","0.21147039532661438","0.614429235458374","0.7448779940605164","0.7861460447311401","0.6248520612716675","0.7148380875587463","0.5769063234329224","0.617082953453064","0.6791699528694153","0.5868333578109741","0.5333446860313416","0.4990338087081909","0.654428243637085","0.6794729232788086","0.3788623511791229","0.5775747299194336","0.5497046113014221","0.5282824635505676","0.6933274269104004","0.662822425365448","0.714729368686676","0.7320042252540588","0.6106750965118408","0.5580730438232422","0.5060483813285828","0.603996992111206","0.6866114735603333","0.5968645811080933","0.36731961369514465","0.6154677867889404","0.5543995499610901","0.7922652363777161","0.7600768804550171","0.7237802147865295","0.7134658694267273","0.6646953821182251","0.766074001789093","0.700762152671814","0.6477574706077576","0.6679612994194031","0.7084368467330933","0.5777245163917542","0.6772617101669312","0.7345576286315918","0.7033311128616333","0.6054723858833313","0.5149195790290833","0.7151585817337036","46.994327545166016","","0.011884268373250961","0.0012945141643285751","0.0011483312118798494","0.002405220875516534","0.0022499810438603163","0.0019312675576657057","0.0019316717516630888","0.001978173153474927","0.002052403287962079","0.0020333740394562483","0.0016508980188518763","0.00107104133348912","0.0022571254521608353","0.0021839153487235308","0.0020355316810309887","0.0010077387560158968","0.001745379762724042","0.0012887647608295083","0.0019243817077949643","0.002063010586425662","0.0023238081485033035","0.002320764819160104","0.0014884956181049347","0.0015850692288950086","0.0014898576773703098","0.0012672789162024856","0.001509779947809875","0.001157473074272275","0.0012723823310807347","0.0018727658316493034","0.001290121115744114","0.002004522131755948","0.0019134373869746923","0.0022844162303954363","0.0018637977773323655","0.001676606247201562","0.0020685899071395397","0.0018921433947980404","0.00195295549929142","0.001764083281159401","0.002193183870986104","0.0020404765382409096","0.001679739449173212","0.0017293973360210657","0.0018999837338924408","0.001462889718823135","0.0022815631236881018","0.0016162177780643106","0.0965636596083641","0.08807693421840668","2350","188","2350","0.08414367586374283","101520","0","","0.5620567202568054","0.5620567202568054","0","0.5594894289970398","0.5620567202568054","0.4378545880317688","32.31891632080078","1.1951205730438232","0.05235188454389572","1.1174432039260864"
"2026-04-05 13:08:37","1.8h","2dff300da8b64989b40b36b327b3031a","ssl_emnist_balanced_clip-4-seed1","LOCAL","src/cli.py","thallybu","FINISHED","lightning.pytorch.cli.instantiate_module","False","None","fixed_k","0.8936328820286583","100","True","ShallowAutoencoder","None","","","1024","/data/thallybu/cache","1e-06","0","emnist_balanced_vit-b-32_openai","0.027476091031828784","","True","512","","[256]","","","1e-06","0.0004410208721549314","False","0","5","31","","","47","4","","0.47538308851765915","L","random","None","4","50","1.39911613197451","fixed_k","","1.0","","42","10","[0.9, 0.1]","0.05","0.1","False","True","False","3","99","0.0004410208721549314","37.4","127335.7","58432.3","31.5","21053.92603999935","143461.4779479988","60930.3","22.5","0.0011049638269469142","1022.7517700195312","0.6351150870323181","0.20970971882343292","0.6397531628608704","0.7332798838615417","0.7219595909118652","0.6098895072937012","0.5901086926460266","0.5321815013885498","0.7632808089256287","0.54604172706604","0.6165411472320557","0.5723459720611572","0.5196161866188049","0.6707488894462585","0.6951344013214111","0.37802255153656006","0.6232849955558777","0.48204419016838074","0.66872239112854","0.6743034720420837","0.719639778137207","0.6675012707710266","0.6929160356521606","0.5750020742416382","0.6023695468902588","0.5098995566368103","0.6141741275787354","0.618898868560791","0.6580339670181274","0.6990455389022827","0.6109747886657715","0.6090584993362427","0.6759835481643677","0.786953866481781","0.7506352066993713","0.6763221621513367","0.676419198513031","0.6326367259025574","0.6789764761924744","0.6550598740577698","0.7402651309967041","0.8161503672599792","0.6220844388008118","0.5977402329444885","0.7258614301681519","0.6160892844200134","0.6066338419914246","0.5409628748893738","0.6970148086547852","46.997161865234375","","0.011890611611306667","0.001427827519364655","0.0009783126879483461","0.002084772801026702","0.0022813184186816216","0.0017431755550205708","0.0019059571204707026","0.002448761137202382","0.0019597355276346207","0.002054019132629037","0.001620812457986176","0.0010506256949156523","0.0020538363605737686","0.0020813082810491323","0.0019838172011077404","0.0012466444168239832","0.0017890558810904622","0.001352868159301579","0.001746564987115562","0.0021464284509420395","0.002143080346286297","0.0022245775908231735","0.001524044550023973","0.0014703668421134353","0.0014991890639066696","0.0013085795799270272","0.0014450036687776446","0.0013080316130071878","0.0012446657055988908","0.0018325375858694315","0.001291063497774303","0.0014325273223221302","0.002096289535984397","0.0020705503411591053","0.0017682377947494388","0.0017066539730876684","0.001733614131808281","0.00219297525472939","0.0016783454921096563","0.0018857584800571203","0.0019369815709069371","0.0020739606115967035","0.0016723854932934046","0.001735970377922058","0.00182630296330899","0.0017098472453653812","0.0021486927289515734","0.0016151448944583535","0.09494282305240631","0.09207523614168167","2350","188","2350","0.08252692222595215","101520","0","","0.5908687710762024","0.5908687710762024","0","0.5865011811256409","0.5908687710762024","0.4091311991214752","24.887977600097656","1.2344505786895752","0.04847051948308945","1.3814523220062256"
"2026-04-05 13:08:36","1.8h","8faa09fcdfeb4bd6b45e7a6460b04a33","ssl_emnist_balanced_clip-3-seed5","LOCAL","src/cli.py","thallybu","FINISHED","lightning.pytorch.cli.instantiate_module","False","None","fixed_k","0.8936328820286583","100","True","ShallowAutoencoder","None","","","1024","/data/thallybu/cache","1e-06","0","emnist_balanced_vit-b-32_openai","0.027476091031828784","","True","512","","[256]","","","1e-06","0.0004410208721549314","False","0","5","31","","","47","4","","0.47538308851765915","L","random","None","3","50","1.39911613197451","fixed_k","","1.0","","42","10","[0.9, 0.1]","0.05","0.1","False","True","False","3","99","0.0004410208721549314","36.2","127489.9","58278.2","31.4","21602.61450099945","145052.82802399993","58756.7","21.7","0.0009356164373457432","1022.7517700195312","0.6483926177024841","0.20606128871440887","0.6971554756164551","0.6877394318580627","0.7193731665611267","0.6622591018676758","0.6605232357978821","0.5163669586181641","0.5485027432441711","0.6435070633888245","0.6330935955047607","0.5484530925750732","0.582312822341919","0.6944519281387329","0.7111065983772278","0.4028215706348419","0.6038386225700378","0.576840877532959","0.6739038825035095","0.6928055882453918","0.7672684788703918","0.6603418588638306","0.6417703628540039","0.5907155275344849","0.5859586596488953","0.4904007613658905","0.6654482483863831","0.6003867983818054","0.6621003150939941","0.5537720918655396","0.6013163328170776","0.6041046380996704","0.6503052115440369","0.6420025825500488","0.7599817514419556","0.8036931157112122","0.7576996684074402","0.6165779232978821","0.7620037794113159","0.7566242814064026","0.6333431601524353","0.7508286833763123","0.5687344074249268","0.8196449875831604","0.789536714553833","0.6760758757591248","0.5860713720321655","0.5447561144828796","0.7219533324241638","46.99007034301758","","0.011923368088901043","0.0017838811036199331","0.0010618289234116673","0.0017757908208295703","0.002296909922733903","0.0018576192669570446","0.0018404683796688914","0.0018886759644374251","0.001805291511118412","0.002050927374511957","0.0016408402007073164","0.0013087327824905515","0.0022334614768624306","0.001971145858988166","0.0020174989476799965","0.0009866541950032115","0.0017643591854721308","0.0012563976924866438","0.0014253960689529777","0.002094737021252513","0.0021850483026355505","0.002175719942897558","0.0015427921898663044","0.0014717142330482602","0.0014884889824315906","0.0012211271096020937","0.0011822276283055544","0.0013643520651385188","0.0012263318058103323","0.00185395369771868","0.0013220221735537052","0.001838988740928471","0.0020579309202730656","0.0023393279407173395","0.002308162860572338","0.0017631563823670149","0.0017593959346413612","0.0018917374545708299","0.0018606834346428514","0.0016968509880825877","0.0016867050435394049","0.002146722050383687","0.002163431840017438","0.001783252926543355","0.0017954005161300302","0.0014088025782257318","0.00234020221978426","0.002002885565161705","0.0952872559428215","0.07807021588087082","2350","141","2350","0.08291912078857422","101520","0","","0.5428191423416138","0.5428191423416138","0","0.5408357381820679","0.5428191423416138","0.45718082785606384","30.168249130249023","1.2451577186584473","0.05279664322733879","1.157209873199463"
"2026-04-05 13:08:10","1.8h","d5a48f0cd3d146caaee1e98ae23e3ce5","ssl_emnist_balanced_clip-3-seed4","LOCAL","src/cli.py","thallybu","FINISHED","lightning.pytorch.cli.instantiate_module","False","None","fixed_k","0.8936328820286583","100","True","ShallowAutoencoder","None","","","1024","/data/thallybu/cache","1e-06","0","emnist_balanced_vit-b-32_openai","0.027476091031828784","","True","512","","[256]","","","1e-06","0.0004410208721549314","False","0","5","31","","","47","4","","0.47538308851765915","L","random","None","3","50","1.39911613197451","fixed_k","","1.0","","42","10","[0.9, 0.1]","0.05","0.1","False","True","False","3","99","0.0004410208721549314","35.3","127490.2","58277.8","31.4","21048.691699000075","144439.49766900018","59771.7","22.1","0.0009177731699310243","1022.7517700195312","0.6439510583877563","0.21008612215518951","0.672900915145874","0.5098220705986023","0.6925579309463501","0.6832125782966614","0.6709039211273193","0.5222437381744385","0.6769236326217651","0.6479331254959106","0.6502701640129089","0.7214611172676086","0.7396209239959717","0.61600661277771","0.712101399898529","0.4244362413883209","0.5327749848365784","0.67277991771698","0.6050132513046265","0.6855548620223999","0.6557080745697021","0.6788825988769531","0.6531288623809814","0.6146236062049866","0.6204598546028137","0.5121379494667053","0.6761381030082703","0.6975008845329285","0.5850740671157837","0.3829708695411682","0.787140429019928","0.6928597092628479","0.6630575656890869","0.6906627416610718","0.7716748118400574","0.6241760849952698","0.6986961960792542","0.657254695892334","0.7716758847236633","0.6255471706390381","0.540249228477478","0.7543550133705139","0.5662696361541748","0.6264406442642212","0.7251806259155273","0.7583736181259155","0.5894040465354919","0.4825609624385834","0.7138903737068176","47","","0.011755247600376606","0.001447244780138135","0.0009226907277479768","0.0017905530985444784","0.00231546675786376","0.0017823155503720045","0.0019258103566244245","0.002157046925276518","0.002084050327539444","0.0020200691651552916","0.0021018115803599358","0.000985387829132378","0.0020977724343538284","0.0020813271403312683","0.0019645183347165585","0.00117603805847466","0.0016611268511041999","0.001322033698670566","0.0016929504927247763","0.0021034078672528267","0.0022212069015949965","0.002254929393529892","0.0015875931130722165","0.0015105473576113582","0.0015183580107986927","0.0013362630270421505","0.0015634010778740048","0.0011105096200481057","0.0013027943205088377","0.001857814728282392","0.0013601130340248346","0.0018881995929405093","0.0018395938677713275","0.002347951289266348","0.0018129440722987056","0.0018517359858378768","0.001668825396336615","0.0018889108905568719","0.0015961074968799949","0.0017012087628245354","0.0019902398344129324","0.0021161821205168962","0.001785965054295957","0.001687672920525074","0.0025150729343295097","0.0014472408220171928","0.002232532249763608","0.0021350993774831295","0.09595219045877457","0.09815791994333267","2350","141","2350","0.08376062661409378","101520","0","","0.5480496287345886","0.5480496287345886","0","0.5476800799369812","0.5480496287345886","0.451950341463089","20.570985794067383","1.2504206895828247","0.05455236881971359","1.1808806657791138"
"2026-04-05 13:07:44","1.8h","e4390bc919354f9791babbdde20a0fb5","ssl_emnist_balanced_clip-3-seed3","LOCAL","src/cli.py","thallybu","FINISHED","lightning.pytorch.cli.instantiate_module","False","None","fixed_k","0.8936328820286583","100","True","ShallowAutoencoder","None","","","1024","/data/thallybu/cache","1e-06","0","emnist_balanced_vit-b-32_openai","0.027476091031828784","","True","512","","[256]","","","1e-06","0.0004410208721549314","False","0","5","31","","","47","4","","0.47538308851765915","L","random","None","3","50","1.39911613197451","fixed_k","","1.0","","42","10","[0.9, 0.1]","0.05","0.1","False","True","False","3","99","0.0004410208721549314","37.7","127489.5","58278.6","31.4","22110.708612998948","147474.63147499785","58472.3","21.6","0.0009607631945982575","1022.7517700195312","0.6450396776199341","0.2109357714653015","0.6981164813041687","0.7622408866882324","0.6890418529510498","0.6034085154533386","0.6360665559768677","0.514775276184082","0.7835705280303955","0.6682953238487244","0.7042343616485596","0.555148184299469","0.64469975233078","0.7208738923072815","0.7094584703445435","0.45639434456825256","0.5561362504959106","0.49770742654800415","0.7319789528846741","0.6381828784942627","0.7607450485229492","0.6790744066238403","0.7684850692749023","0.6865321397781372","0.6037206649780273","0.5600990056991577","0.6522959470748901","0.7007057666778564","0.5648266077041626","0.40914151072502136","0.5915029048919678","0.5516824722290039","0.7151831388473511","0.6172254085540771","0.6758168339729309","0.6812112331390381","0.6991277933120728","0.5646753311157227","0.7391242980957031","0.6654831767082214","0.7084527611732483","0.8160719275474548","0.6106057167053223","0.7855349779129028","0.6035833358764648","0.6437271237373352","0.6090066432952881","0.5102027654647827","0.7408707737922668","46.994327545166016","","0.011776166036725044","0.0015188928227871656","0.0010042847134172916","0.0017314384458586574","0.0023956294171512127","0.0018261019140481949","0.0018826206214725971","0.001907820231281221","0.0018072687089443207","0.0021288522984832525","0.0017101977718994021","0.0011361942160874605","0.0022267051972448826","0.0023048915900290012","0.002191922627389431","0.0009905677288770676","0.0016946245450526476","0.0013100049691274762","0.0016158533981069922","0.0021373277995735407","0.0022879252210259438","0.002261239802464843","0.002109718509018421","0.0015357310185208917","0.0015940917655825615","0.001503219362348318","0.0015536337159574032","0.0011590204667299986","0.0011667415965348482","0.001908710110001266","0.0013161402894183993","0.0023121631238609552","0.00210096244700253","0.002184867160394788","0.0019715954549610615","0.001737177954055369","0.0017702595796436071","0.0018632452702149749","0.0017371659632772207","0.0015881092986091971","0.0018454561941325665","0.00210399623028934","0.0021631927229464054","0.0015274891629815102","0.00185680715367198","0.0014234090922400355","0.002236205618828535","0.0026153537910431623","0.09717767685651779","0.08828583359718323","2350","141","2350","0.08494476974010468","101520","0","","0.5024822950363159","0.5024822950363159","0","0.49515044689178467","0.5024822950363159","0.4975177049636841","24.203107833862305","1.4184784889221191","0.060125499963760376","1.4674750566482544"
"2026-04-05 13:07:44","1.7h","ac4dfbbc8f16456f88efac8f441223ea","ssl_emnist_balanced_clip-3-seed1","LOCAL","src/cli.py","thallybu","FINISHED","lightning.pytorch.cli.instantiate_module","False","None","fixed_k","0.8936328820286583","100","True","ShallowAutoencoder","None","","","1024","/data/thallybu/cache","1e-06","0","emnist_balanced_vit-b-32_openai","0.027476091031828784","","True","512","","[256]","","","1e-06","0.0004410208721549314","False","0","5","31","","","47","4","","0.47538308851765915","L","random","None","3","50","1.39911613197451","fixed_k","","1.0","","42","10","[0.9, 0.1]","0.05","0.1","False","True","False","3","99","0.0004410208721549314","20","127491.5","58276.5","31.4","20550.924343999475","142526.60570000112","42404.2","15.7","0.0009607879328541458","1022.7517700195312","0.65143221616745","0.20754791796207428","0.6683933138847351","0.7299726605415344","0.7146483063697815","0.6158211827278137","0.6714147925376892","0.5858666896820068","0.6896562576293945","0.660497784614563","0.5927838683128357","0.6574211120605469","0.5500378012657166","0.6688205599784851","0.6717813611030579","0.3910769820213318","0.6298744082450867","0.5600084662437439","0.7077169418334961","0.6781433820724487","0.7370047569274902","0.6115441918373108","0.7244672179222107","0.5950539708137512","0.6106233596801758","0.5240793228149414","0.6446017026901245","0.5866460800170898","0.5575512647628784","0.565394937992096","0.6216927170753479","0.5903207659721375","0.7221167683601379","0.7344452738761902","0.7383010983467102","0.7414560317993164","0.6606744527816772","0.6380170583724976","0.6927791237831116","0.7253746390342712","0.7045630216598511","0.8047783374786377","0.7706096768379211","0.7205983996391296","0.7484838366508484","0.6824182271957397","0.5798501372337341","0.5034650564193726","0.6882912516593933","46.994327545166016","","0.011602665297687054","0.0015299273654818535","0.0008607297786511481","0.0021140463650226593","0.0023152115754783154","0.0018417580286040902","0.0021129166707396507","0.0022412172984331846","0.002176474081352353","0.002077944576740265","0.0017494099447503686","0.0010913800215348601","0.002131323330104351","0.0022881196346133947","0.002042432315647602","0.001234309864230454","0.001645384938456118","0.0012903049355372787","0.0017119054682552814","0.0022736734244972467","0.0020893325563520193","0.002322247251868248","0.0015601023333147168","0.0014835174661129713","0.001584665384143591","0.0013336555566638708","0.0020529907196760178","0.0010822034673765302","0.0011127125471830368","0.0019523747032508254","0.001343230833299458","0.001802340499125421","0.002107067499309778","0.00211104704067111","0.0019529230194166303","0.0016732383519411087","0.0016535860486328602","0.0023051612079143524","0.0016540122451260686","0.0016859512543305755","0.0018845187732949853","0.002040375489741564","0.002013699384406209","0.0018692518351599574","0.0019132406450808048","0.001438376260921359","0.002372340764850378","0.0017032184405252337","0.09687529504299164","0.09050200879573822","2350","141","2350","0.08481583744287491","101520","0","","0.5406914949417114","0.5406914949417114","0","0.541672945022583","0.5406914949417114","0.4593085050582886","33.664546966552734","1.2790846824645996","0.0452091209590435","1.283949851989746"
"2026-04-05 13:07:44","1.8h","aec72f1d9b664e838fb4a37ee9f772fc","ssl_emnist_balanced_clip-3-seed2","LOCAL","src/cli.py","thallybu","FINISHED","lightning.pytorch.cli.instantiate_module","False","None","fixed_k","0.8936328820286583","100","True","ShallowAutoencoder","None","","","1024","/data/thallybu/cache","1e-06","0","emnist_balanced_vit-b-32_openai","0.027476091031828784","","True","512","","[256]","","","1e-06","0.0004410208721549314","False","0","5","31","","","47","4","","0.47538308851765915","L","random","None","3","50","1.39911613197451","fixed_k","","1.0","","42","10","[0.9, 0.1]","0.05","0.1","False","True","False","3","99","0.0004410208721549314","38.8","127490.7","58277.4","31.4","21086.730474999174","144133.66718900204","60406.8","22.3","0.0009761496912688017","1022.7517700195312","0.6441565752029419","0.21484139561653137","0.6631428003311157","0.7625377178192139","0.6739015579223633","0.6045585870742798","0.5987276434898376","0.516708254814148","0.650414228439331","0.6942179799079895","0.6196051836013794","0.7704346179962158","0.4687468409538269","0.6633818745613098","0.6681360602378845","0.41004884243011475","0.6162192225456238","0.5089752674102783","0.679455578327179","0.6756237149238586","0.6651060581207275","0.7817889451980591","0.7577201128005981","0.7039938569068909","0.5552854537963867","0.5967240929603577","0.6972549557685852","0.6723262667655945","0.6628145575523376","0.4127306342124939","0.6823352575302124","0.6292955279350281","0.7489680647850037","0.7704882621765137","0.7302971482276917","0.6652355194091797","0.6633939146995544","0.7746891379356384","0.74944669008255","0.6033470034599304","0.6773639917373657","0.7733328938484192","0.594397246837616","0.6140308380126953","0.5830199718475342","0.654434323310852","0.5793501734733582","0.5176003575325012","0.7594647407531738","46.997161865234375","","0.011484472081065178","0.0014128119219094515","0.0010529487626627088","0.0019910677801817656","0.002288074931129813","0.0018933616811409593","0.0019570260774344206","0.0020748088136315346","0.002159952186048031","0.0020745343063026667","0.0022450715769082308","0.0010524734389036894","0.00227035628631711","0.0021480636205524206","0.0021653161384165287","0.0012524094199761748","0.0016681973356753588","0.001228705164976418","0.001847603707574308","0.002209968399256468","0.0024485643953084946","0.0025395117700099945","0.0015348570886999369","0.0015975635033100843","0.0016216051299124956","0.0014150160131976008","0.0014143538428470492","0.0013621225953102112","0.001286478596739471","0.0018407547613605857","0.0013412032276391983","0.0020516118966042995","0.0020835716277360916","0.0022542772348970175","0.0019050210248678923","0.001782455132342875","0.0022241570986807346","0.0016026588855311275","0.0016405490459874272","0.0017115051159635186","0.0021483676973730326","0.0021875188685953617","0.0017821734072640538","0.0018520988523960114","0.001935573061928153","0.001458416343666613","0.0022088787518441677","0.002241850132122636","0.0984075739979744","0.09435030817985535","2350","141","2350","0.08645902574062347","101520","0","","0.5307624340057373","0.5307624340057373","0","0.5235002636909485","0.5307624340057373","0.4692375659942627","25.40340805053711","1.3188271522521973","0.05201413482427597","1.3260313272476196"
"2026-04-05 13:07:44","1.7h","2438d2abf7a64113ac7c3d3f6f50b1e8","ssl_emnist_balanced_clip-2-seed5","LOCAL","src/cli.py","thallybu","FINISHED","lightning.pytorch.cli.instantiate_module","False","None","fixed_k","0.8936328820286583","100","True","ShallowAutoencoder","None","","","1024","/data/thallybu/cache","1e-06","0","emnist_balanced_vit-b-32_openai","0.027476091031828784","","True","512","","[256]","","","1e-06","0.0004410208721549314","False","0","5","31","","","47","4","","0.47538308851765915","L","random","None","2","50","1.39911613197451","fixed_k","","1.0","","42","10","[0.9, 0.1]","0.05","0.1","False","True","False","3","99","0.0004410208721549314","22.4","127491.6","58276.5","31.4","20546.744531000033","142525.26431700215","42532","15.7","0.0007862647180445492","1022.7214965820312","0.6641037464141846","0.21071219444274902","0.7091879844665527","0.7186155319213867","0.6687672138214111","0.6426958441734314","0.7342629432678223","0.5126569867134094","0.6255753040313721","0.7637144327163696","0.6491575241088867","0.7193987369537354","0.5191197395324707","0.7041187286376953","0.753810465335846","0.393873006105423","0.6216523051261902","0.531872570514679","0.6353745460510254","0.6534531116485596","0.7862600088119507","0.7076665759086609","0.6600576639175415","0.6588221192359924","0.549020528793335","0.5086420178413391","0.7271807789802551","0.6531329154968262","0.697354257106781","0.5370742082595825","0.6262485384941101","0.7359485030174255","0.6796286702156067","0.6521582007408142","0.8014253377914429","0.8032893538475037","0.771934449672699","0.668203592300415","0.8161758184432983","0.7427670955657959","0.6759423017501831","0.7304240465164185","0.5668094158172607","0.6536682844161987","0.7559268474578857","0.6616043448448181","0.6266621947288513","0.5231238603591919","0.7254923582077026","46.99148941040039","","0.011322349309921265","0.0018478732090443373","0.001258334144949913","0.0017440526280552149","0.002474997891113162","0.0020075414795428514","0.001991797937080264","0.001942806993611157","0.002093058777973056","0.0020712960977107286","0.0018619269831106067","0.0012392619391903281","0.0025016716681420803","0.001664849929511547","0.0021245700772851706","0.0010068926494568586","0.0018349442398175597","0.00138370122294873","0.0014369492419064045","0.002038907026872039","0.002545012393966317","0.0023626394104212523","0.0017071323236450553","0.0015850388444960117","0.0016416896833106875","0.0013765559997409582","0.001370005658827722","0.001388327218592167","0.0012348431628197432","0.0018310823943465948","0.0016447666566818953","0.0018644338706508279","0.0021634192671626806","0.0026129756588488817","0.0020648865029215813","0.001928345300257206","0.0017614560201764107","0.0027007542084902525","0.0020500251557677984","0.0016703021246939898","0.002195194363594055","0.0021434344816952944","0.0018495796248316765","0.0017673256807029247","0.0018403056310489774","0.0015995034482330084","0.002212207531556487","0.0017739076865836978","0.09908948093652725","0.0820920318365097","2353","94","2350","0.08739335089921951","101520","0","","0.5037233829498291","0.5037233829498291","0","0.4967650771141052","0.5037233829498291","0.4962765872478485","29.88358497619629","1.3569560050964355","0.04567892104387283","1.2994470596313477"
"2026-04-05 11:23:36","1.7h","76d81bf9ed7740d7a5b02fb314be64a8","ssl_emnist_balanced_clip-2-seed4","LOCAL","src/cli.py","thallybu","FINISHED","lightning.pytorch.cli.instantiate_module","False","None","fixed_k","0.8936328820286583","100","True","ShallowAutoencoder","None","","","1024","/data/thallybu/cache","1e-06","0","emnist_balanced_vit-b-32_openai","0.027476091031828784","","True","512","","[256]","","","1e-06","0.0004410208721549314","False","0","5","31","","","47","4","","0.47538308851765915","L","random","None","2","50","1.39911613197451","fixed_k","","1.0","","42","10","[0.9, 0.1]","0.05","0.1","False","True","False","3","99","0.0004410208721549314","27.5","127545.1","58222.9","31.3","16660.43140999973","141488.16434499994","41237.4","15.3","0.0007787696085870266","1022.7517700195312","0.6625086665153503","0.2051418423652649","0.7233039736747742","0.6664779782295227","0.7955020070075989","0.7050918936729431","0.5938524007797241","0.5540015697479248","0.6392439007759094","0.6966135501861572","0.6161384582519531","0.5682695508003235","0.5386551022529602","0.7532755136489868","0.7328383326530457","0.5241326093673706","0.656660795211792","0.5711910128593445","0.7004829049110413","0.6260093450546265","0.7042727470397949","0.6443615555763245","0.7162504196166992","0.7455325126647949","0.5854505300521851","0.5579646825790405","0.7535507678985596","0.6466942429542542","0.677657425403595","0.5105100274085999","0.7472913861274719","0.751116931438446","0.6722310185432434","0.7195043563842773","0.7737961411476135","0.6821790337562561","0.6612915396690369","0.6311457753181458","0.760859489440918","0.6890937089920044","0.6103763580322266","0.7517895102500916","0.654408872127533","0.5790213942527771","0.6595281958580017","0.7176212668418884","0.5713447332382202","0.4933881163597107","0.6591545343399048","46.997161865234375","","0.011265415698289871","0.0017103715799748898","0.0012836761306971312","0.002333804266527295","0.002360011450946331","0.0017963065765798092","0.002000966342166066","0.002013648860156536","0.0020556612871587276","0.0021035615354776382","0.0017182634910568595","0.0009494104306213558","0.0016660712426528335","0.002327868714928627","0.002100812504068017","0.0011191614903509617","0.0017714238492771983","0.0017298335442319512","0.0015411644708365202","0.0022747046314179897","0.0022459011524915695","0.002301024040207267","0.001739328377880156","0.0015037335688248277","0.0016397510189563036","0.0017574465600773692","0.0015399135882034898","0.0010122893145307899","0.0012305499985814095","0.0020150390919297934","0.0016230510082095861","0.0019311293726786971","0.0020687198266386986","0.0018207833636552095","0.0018681809306144714","0.0017744558863341808","0.0017689431551843882","0.0022559454664587975","0.0017312943236902356","0.001419942476786673","0.0022326605394482613","0.0023157456889748573","0.001712715602479875","0.001651893137022853","0.002146682469174266","0.0013908878900110722","0.0022351862862706184","0.002390851266682148","0.09781114012002945","0.09770268201828003","2350","94","2350","0.08617553859949112","101520","0","","0.4899822771549225","0.4899822771549225","0","0.49547260999679565","0.4899822771549225","0.5100176930427551","23.461219787597656","1.438795804977417","0.052266065031290054","1.4606006145477295"
"2026-04-05 11:23:27","1.7h","93eb7f5d95164199ba578b63b46c5536","ssl_emnist_balanced_clip-1-seed4","LOCAL","src/cli.py","thallybu","FINISHED","lightning.pytorch.cli.instantiate_module","False","None","fixed_k","0.8936328820286583","100","True","ShallowAutoencoder","None","","","1024","/data/thallybu/cache","1e-06","0","emnist_balanced_vit-b-32_openai","0.027476091031828784","","True","512","","[256]","","","1e-06","0.0004410208721549314","False","0","5","31","","","47","4","","0.47538308851765915","L","random","None","1","50","1.39911613197451","fixed_k","","1.0","","42","10","[0.9, 0.1]","0.05","0.1","False","True","False","3","99","0.0004410208721549314","27.2","127545.1","58222.9","31.3","16665.786113999784","141490.04769400135","39448.3","14.6","0.0006687089917249978","1022.7517700195312","0.6783937215805054","0.21176452934741974","0.7617554664611816","0.666815459728241","0.6855940818786621","0.7605026960372925","0.7481257319450378","0.5502476692199707","0.5945744514465332","0.5032389163970947","0.6964737772941589","0.6007712483406067","0.6548766493797302","0.719036340713501","0.75897616147995","0.7873430848121643","0.7648371458053589","0.6876862645149231","0.5706969499588013","0.7872165441513062","0.6570509672164917","0.7269635796546936","0.6702885627746582","0.5791742205619812","0.6267755627632141","0.586870551109314","0.703150749206543","0.7469245195388794","0.7550106048583984","0.40919360518455505","0.7297958135604858","0.6792464256286621","0.7316503524780273","0.7948956489562988","0.7990909218788147","0.7862475514411926","0.7409158945083618","0.580137312412262","0.7479421496391296","0.6487569808959961","0.7707754969596863","0.7251651883125305","0.6625224351882935","0.6327895522117615","0.6609250903129578","0.6478541493415833","0.7227227687835693","0.5352034568786621","0.6745941638946533","46.98423767089844","","0.009172456339001656","0.00222798902541399","0.0016527491388842463","0.002174358582124114","0.0020782609935849905","0.002129658591002226","0.0023231422528624535","0.002346060937270522","0.0027373447082936764","0.0024776102509349585","0.002044046064838767","0.0013236538507044315","0.0018570413812994957","0.002252018079161644","0.0024533576797693968","0.0012439164565876126","0.001832424197345972","0.002013812307268381","0.0020045575220137835","0.0024692376609891653","0.0028952211141586304","0.0026968205347657204","0.0015228191623464227","0.0019897816237062216","0.0017890131566673517","0.002235656837001443","0.002231006743386388","0.0016062910435721278","0.0015662165824323893","0.0017801743233576417","0.0018980475142598152","0.0020754921715706587","0.002613623393699527","0.002195444656535983","0.0028387822676450014","0.0023152874782681465","0.002136463997885585","0.0021007556933909655","0.002530317520722747","0.0022404510527849197","0.002564003923907876","0.00275430572219193","0.0018217245815321803","0.0022584942635148764","0.002137556206434965","0.0018411010969430208","0.0025595473125576973","0.0025400228332728148","0.11083121597766876","0.10367421060800552","2350","47","2350","0.10134091973304749","101520","0","","0.2992021143436432","0.2992021143436432","0","0.2965306043624878","0.2992021143436432","0.7007978558540344","35.46468734741211","2.3130970001220703","0.051365286111831665","2.5204977989196777"
"2026-04-05 11:23:27","1.7h","20453e98ccd4464a941fd4502ca2536c","ssl_emnist_balanced_clip-1-seed3","LOCAL","src/cli.py","thallybu","FINISHED","lightning.pytorch.cli.instantiate_module","False","None","fixed_k","0.8936328820286583","100","True","ShallowAutoencoder","None","","","1024","/data/thallybu/cache","1e-06","0","emnist_balanced_vit-b-32_openai","0.027476091031828784","","True","512","","[256]","","","1e-06","0.0004410208721549314","False","0","5","31","","","47","4","","0.47538308851765915","L","random","None","1","50","1.39911613197451","fixed_k","","1.0","","42","10","[0.9, 0.1]","0.05","0.1","False","True","False","3","99","0.0004410208721549314","13.5","127545.2","58222.8","31.3","16921.125059999526","143098.4632599987","36467.7","13.5","0.0006265190313570201","1022.7517700195312","0.6900025606155396","0.20797409117221832","0.7208943367004395","0.596091628074646","0.7830379605293274","0.6772892475128174","0.6684541702270508","0.5599278211593628","0.611234724521637","0.7031693458557129","0.7520526051521301","0.6922051310539246","0.7417348623275757","0.6863946914672852","0.7712777256965637","0.49516773223876953","0.5246723294258118","0.6584423780441284","0.7480411529541016","0.7724625468254089","0.7869278192520142","0.7176799178123474","0.7607727646827698","0.7008886933326721","0.7284955978393555","0.5560646057128906","0.7207707166671753","0.7814798951148987","0.6830093860626221","0.7341011762619019","0.6692550182342529","0.6516925692558289","0.751374363899231","0.6729341745376587","0.7280505299568176","0.7213456034660339","0.749886691570282","0.6850366592407227","0.7288773655891418","0.7641434669494629","0.7001045346260071","0.7433450222015381","0.6516401171684265","0.6282036900520325","0.6885547041893005","0.741489052772522","0.7641619443893433","0.5319036245346069","0.768591046333313","46.98565673828125","","0.009300889447331429","0.002093192422762513","0.00124335044529289","0.00231942324899137","0.002771744504570961","0.0020763438660651445","0.00230328063480556","0.0022775244433432817","0.002357565565034747","0.0023930533789098263","0.0019611718598753214","0.0023258542641997337","0.0022259613033384085","0.002344792243093252","0.0024357950314879417","0.001049913465976715","0.0018372343620285392","0.0014252903638407588","0.002609959105029702","0.0023440548684448004","0.002250682096928358","0.002796189859509468","0.002596227452158928","0.002015023725107312","0.0018434807425364852","0.0016752942465245724","0.001671551144681871","0.001955827232450247","0.0013341568410396576","0.0017019249498844147","0.0014820278156548738","0.0020434586331248283","0.00200195936486125","0.00252667092718184","0.0020039365626871586","0.0026013972237706184","0.0019402859034016728","0.002744633238762617","0.002081288257613778","0.002459048992022872","0.0019114504102617502","0.0027264065574854612","0.0018637852044776082","0.0017564594745635986","0.0023444669786840677","0.0027027663309127092","0.0025703872088342905","0.002672395668923855","0.11022930592298508","0.10175415873527527","2350","47","2350","0.10063058137893677","101520","0","","0.28661346435546875","0.28661346435546875","0","0.27877336740493774","0.28661346435546875","0.7133864760398865","33.642024993896484","2.3798303604125977","0.04458696395158768","2.6149847507476807"
"2026-04-05 11:23:27","1.7h","f10aaff4146d44768e9cbde608ed42f0","ssl_emnist_balanced_clip-2-seed3","LOCAL","src/cli.py","thallybu","FINISHED","lightning.pytorch.cli.instantiate_module","False","None","fixed_k","0.8936328820286583","100","True","ShallowAutoencoder","None","","","1024","/data/thallybu/cache","1e-06","0","emnist_balanced_vit-b-32_openai","0.027476091031828784","","True","512","","[256]","","","1e-06","0.0004410208721549314","False","0","5","31","","","47","4","","0.47538308851765915","L","random","None","2","50","1.39911613197451","fixed_k","","1.0","","42","10","[0.9, 0.1]","0.05","0.1","False","True","False","3","99","0.0004410208721549314","27.7","127545.2","58222.8","31.3","16668.103742999956","141492.121247001","39609.7","14.7","0.0007654540822841227","1022.7517700195312","0.6485041975975037","0.20878271758556366","0.6581114530563354","0.6101171970367432","0.7444061040878296","0.6293892860412598","0.6344427466392517","0.5429981350898743","0.5636786222457886","0.7366541624069214","0.6340948939323425","0.5510172247886658","0.5896502137184143","0.6758733987808228","0.6874773502349854","0.41042062640190125","0.633813738822937","0.5480149388313293","0.6928361058235168","0.716937243938446","0.7289368510246277","0.6428530216217041","0.7377962470054626","0.7007086873054504","0.5817517042160034","0.5704371333122253","0.707738995552063","0.6817742586135864","0.5513856410980225","0.4091809391975403","0.6184327006340027","0.5760401487350464","0.7208598852157593","0.6653293967247009","0.6889030337333679","0.6433663964271545","0.7731714248657227","0.7603285908699036","0.6627665162086487","0.625004231929779","0.6822905540466309","0.8287904262542725","0.5718902945518494","0.7448961734771729","0.7385358810424805","0.6460335850715637","0.7669205665588379","0.5140111446380615","0.6849309206008911","46.99148941040039","","0.011504326947033405","0.0015207423130050302","0.0010205918224528432","0.0020102073904126883","0.0025326800532639027","0.0018004225566983223","0.0019793438259512186","0.001981426728889346","0.0020992462523281574","0.0021263703238219023","0.0016486127860844135","0.001171247335150838","0.0021700493525713682","0.0018571483669802547","0.0021861870773136616","0.001110282726585865","0.0016442991327494383","0.0014708158560097218","0.001961135771125555","0.002097506308928132","0.0022208469454199076","0.001791274407878518","0.002222340786829591","0.0015321101527661085","0.0016211390029639006","0.001566068036481738","0.0014793373411521316","0.0010527715785428882","0.0011557511752471328","0.0019259763648733497","0.0013105265097692609","0.002071140334010124","0.002203458920121193","0.0023316550068557262","0.0019359035650268197","0.002570958575233817","0.002383464714512229","0.0017416044138371944","0.0017729677492752671","0.0015805955044925213","0.0021489891223609447","0.002209370955824852","0.0016537418123334646","0.0016258172690868378","0.0019684594590216875","0.0018993939738720655","0.0022747067268937826","0.0016271035419777036","0.09811993688344955","0.08408233523368835","2350","94","2350","0.08625172823667526","101520","0","","0.4999113380908966","0.4999113380908966","0","0.4913073480129242","0.4999113380908966","0.500088632106781","27.8150691986084","1.4673815965652466","0.05688706040382385","1.5344724655151367"
"2026-04-05 11:23:27","1.7h","8b274c03cab44b76a37f2933c224ac3c","ssl_emnist_balanced_clip-1-seed1","LOCAL","src/cli.py","thallybu","FINISHED","lightning.pytorch.cli.instantiate_module","False","None","fixed_k","0.8936328820286583","100","True","ShallowAutoencoder","None","","","1024","/data/thallybu/cache","1e-06","0","emnist_balanced_vit-b-32_openai","0.027476091031828784","","True","512","","[256]","","","1e-06","0.0004410208721549314","False","0","5","31","","","47","4","","0.47538308851765915","L","random","None","1","50","1.39911613197451","fixed_k","","1.0","","42","10","[0.9, 0.1]","0.05","0.1","False","True","False","3","99","0.0004410208721549314","11.9","127545.2","58222.8","31.3","16997.541701000184","143171.62386499718","33756.8","12.5","0.0006917415303178132","1018.3814086914062","0.6866607666015625","0.20606979727745056","0.7471802234649658","0.7178730964660645","0.7516466975212097","0.6467692255973816","0.6704266667366028","0.5616979002952576","0.6384127140045166","0.7554826140403748","0.6572355628013611","0.6515002250671387","0.6153571009635925","0.7193685173988342","0.7664109468460083","0.472484290599823","0.6000954508781433","0.609309196472168","0.7443772554397583","0.7104620337486267","0.6483953595161438","0.705041229724884","0.7855050563812256","0.7956328392028809","0.5540982484817505","0.5343460440635681","0.7404525279998779","0.7095385789871216","0.7308153510093689","0.748254656791687","0.6170348525047302","0.6564921736717224","0.6859948635101318","0.6847085952758789","0.7227502465248108","0.7079806327819824","0.7687147855758667","0.6165550351142883","0.818359375","0.7987908720970154","0.7546036839485168","0.7767709493637085","0.7571449279785156","0.6278013586997986","0.8084381222724915","0.7129310369491577","0.7213203310966492","0.7641547918319702","0.6436672210693359","47","","0.009122741408646107","0.0028414814732968807","0.0012285992270335555","0.002643183572217822","0.002791385632008314","0.002042764564976096","0.002335639437660575","0.0022626568097621202","0.002688916167244315","0.0024618811439722776","0.0027032974176108837","0.0015620498452335596","0.002631629118695855","0.0024284489918500185","0.002397774951532483","0.0012359688989818096","0.0018994682468473911","0.001835369155742228","0.0021093618124723434","0.001964817987754941","0.0020872147288173437","0.002900661202147603","0.002120354911312461","0.0018075676634907722","0.001865880098193884","0.0017970931949093938","0.001632549799978733","0.0015756131615489721","0.0018495054682716727","0.0017362604849040508","0.0015861308202147484","0.0025141704827547073","0.002419260796159506","0.0026295394636690617","0.0019631534814834595","0.002539421431720257","0.0020051205065101385","0.0027405843138694763","0.0022756613325327635","0.002215493470430374","0.0020315339788794518","0.0024207832757383585","0.002101354533806443","0.002534563886001706","0.001861473312601447","0.002062450395897031","0.002279897453263402","0.0025292153004556894","0.11159873753786087","0.10872156172990799","2379","47","2350","0.10214722901582718","101114","403","","0.34893617033958435","0.34893617033958435","0","0.3440938889980316","0.34893617033958435","0.6509751677513123","34.730464935302734","2.0645911693573","0.05263851210474968","2.3021416664123535"
"2026-04-05 11:23:27","1.7h","83d09647c90e442f9cdeee14c55d382a","ssl_emnist_balanced_clip-2-seed1","LOCAL","src/cli.py","thallybu","FINISHED","lightning.pytorch.cli.instantiate_module","False","None","fixed_k","0.8936328820286583","100","True","ShallowAutoencoder","None","","","1024","/data/thallybu/cache","1e-06","0","emnist_balanced_vit-b-32_openai","0.027476091031828784","","True","512","","[256]","","","1e-06","0.0004410208721549314","False","0","5","31","","","47","4","","0.47538308851765915","L","random","None","2","50","1.39911613197451","fixed_k","","1.0","","42","10","[0.9, 0.1]","0.05","0.1","False","True","False","3","99","0.0004410208721549314","27.8","127545.1","58222.9","31.3","16668.419708000496","141491.39151999727","39797.9","14.7","0.0008221098687499762","1022.7517700195312","0.6633269786834717","0.20691867172718048","0.6483914256095886","0.7048191428184509","0.7521312832832336","0.6289324760437012","0.6872774362564087","0.6154496073722839","0.6256423592567444","0.6933735609054565","0.6135089993476868","0.6340436935424805","0.6173962354660034","0.7396268248558044","0.6923327445983887","0.420657753944397","0.6001023054122925","0.6411818265914917","0.753021240234375","0.6922399401664734","0.7062535881996155","0.6279197335243225","0.7394796013832092","0.5825783014297485","0.5479815602302551","0.5200019478797913","0.6553176045417786","0.5881689786911011","0.6526415348052979","0.557681679725647","0.5657923221588135","0.695975124835968","0.761693000793457","0.7511086463928223","0.7658146619796753","0.6474900245666504","0.7215268015861511","0.7223860621452332","0.7001656293869019","0.7515524625778198","0.7075473070144653","0.7831788659095764","0.7571985125541687","0.7531405091285706","0.733039140701294","0.63126540184021","0.6705945730209351","0.5100412368774414","0.7641682624816895","46.9929084777832","","0.011174405924975872","0.0015288471477106214","0.0012352389749139547","0.0020699959713965654","0.002449659164994955","0.0019553916063159704","0.0021161288022994995","0.002077473094686866","0.0022817831486463547","0.0021694593597203493","0.0018269543070346117","0.0011971021303907037","0.0022879012394696474","0.00225666887126863","0.0021076947450637817","0.0011443357216194272","0.0016381527530029416","0.0015505654737353325","0.0018756170757114887","0.0023556682281196117","0.002127941930666566","0.002529737539589405","0.0016285046003758907","0.0016428375383839011","0.0016299993731081486","0.0011781324865296483","0.001760727958753705","0.0014411408919841051","0.0013175011845305562","0.002012376906350255","0.0014442035462707281","0.0019218898378312588","0.00223760143853724","0.0023696802090853453","0.0018417597748339176","0.0018018262926489115","0.0019277841784060001","0.002321906154975295","0.0018909950740635395","0.002104794839397073","0.0018243568483740091","0.0021584394853562117","0.001979420194402337","0.002051881980150938","0.0019055937882512808","0.0017041476676240563","0.002268310636281967","0.0019504799274727702","0.10064935684204102","0.09103167057037354","2350","94","2350","0.08908417075872421","101520","0","","0.5108156204223633","0.5108156204223633","0","0.5043681263923645","0.5108156204223633","0.4891843795776367","27.244159698486328","1.4094089269638062","0.054695289582014084","1.5101573467254639"
"2026-04-05 11:23:27","1.8h","cbbd4556ae504d7f96a903eee6bf8474","ssl_emnist_balanced_clip-2-seed2","LOCAL","src/cli.py","thallybu","FINISHED","lightning.pytorch.cli.instantiate_module","False","None","fixed_k","0.8936328820286583","100","True","ShallowAutoencoder","None","","","1024","/data/thallybu/cache","1e-06","0","emnist_balanced_vit-b-32_openai","0.027476091031828784","","True","512","","[256]","","","1e-06","0.0004410208721549314","False","0","5","31","","","47","4","","0.47538308851765915","L","random","None","2","50","1.39911613197451","fixed_k","","1.0","","42","10","[0.9, 0.1]","0.05","0.1","False","True","False","3","99","0.0004410208721549314","10.8","127544.4","58223.6","31.3","18026.715812999755","146002.02687099949","30458.1","11.3","0.0008195576374419034","1022.7517700195312","0.6616337895393372","0.21140331029891968","0.7333874106407166","0.6493877172470093","0.7329376935958862","0.6120634078979492","0.6263452768325806","0.5374676585197449","0.550125002861023","0.7640222907066345","0.665008544921875","0.586948812007904","0.5374615788459778","0.633731484413147","0.7091274261474609","0.4699883460998535","0.7667171955108643","0.6102701425552368","0.6456421613693237","0.6588314771652222","0.5610475540161133","0.8063534498214722","0.7251232266426086","0.6374673843383789","0.6257679462432861","0.800707995891571","0.6798511743545532","0.721971333026886","0.5765208601951599","0.39494752883911133","0.7339269518852234","0.5906612277030945","0.7017102241516113","0.7118983268737793","0.7538321018218994","0.7088833451271057","0.6800310015678406","0.6919997334480286","0.7233182787895203","0.704086422920227","0.7258166670799255","0.7374581694602966","0.812677264213562","0.7296191453933716","0.7944507002830505","0.6857220530509949","0.5807949304580688","0.5197609066963196","0.7637580633163452","46.99858093261719","","0.011264774017035961","0.001571984146721661","0.0009905744809657335","0.0018735929625108838","0.0017828939016908407","0.0019080879865214229","0.0020465077832341194","0.0019700576085597277","0.00239492766559124","0.00222691404633224","0.0017349220579490066","0.001158001716248691","0.0021364670246839523","0.0020080117974430323","0.0021984772756695747","0.002151662018150091","0.0018838027026504278","0.0012887523043900728","0.0017260871827602386","0.0017986427992582321","0.0022858181037008762","0.002567372750490904","0.0015549689996987581","0.0015956675633788109","0.0021564788185060024","0.0014522194396704435","0.0014353443402796984","0.001240850193426013","0.0013978095958009362","0.0021438465919345617","0.0013497797772288322","0.002008053008466959","0.0021614981815218925","0.002142330864444375","0.0019624256528913975","0.0017955093644559383","0.0020153264049440622","0.002307070419192314","0.002188282087445259","0.0018280253279954195","0.002431235508993268","0.0023949050810188055","0.0017258862499147654","0.0023014626931399107","0.001987901981920004","0.0015180970076471567","0.0022722745779901743","0.001617868896573782","0.10033979266881943","0.09788598865270615","2350","94","2350","0.08868543803691864","101520","0","","0.47686171531677246","0.47686171531677246","0","0.465619832277298","0.47686171531677246","0.5231382846832275","25.721797943115234","1.4519010782241821","0.04585782438516617","1.4412798881530762"
"2026-04-05 11:23:27","1.7h","4f2d29d218e94990bfc4524847e07f9c","ssl_emnist_balanced_clip-1-seed5","LOCAL","src/cli.py","thallybu","FINISHED","lightning.pytorch.cli.instantiate_module","False","None","fixed_k","0.8936328820286583","100","True","ShallowAutoencoder","None","","","1024","/data/thallybu/cache","1e-06","0","emnist_balanced_vit-b-32_openai","0.027476091031828784","","True","512","","[256]","","","1e-06","0.0004410208721549314","False","0","5","31","","","47","4","","0.47538308851765915","L","random","None","1","50","1.39911613197451","fixed_k","","1.0","","42","10","[0.9, 0.1]","0.05","0.1","False","True","False","3","99","0.0004410208721549314","19.1","127545.3","58222.7","31.3","16656.394235000014","141485.8577130027","38663.4","14.3","0.0006855457904748619","1022.7517700195312","0.679004430770874","0.209716334939003","0.7722420692443848","0.6967565417289734","0.7007054686546326","0.7478635907173157","0.7105809450149536","0.6239727735519409","0.5895267128944397","0.689832866191864","0.6759706139564514","0.6111303567886353","0.6574357748031616","0.8034220933914185","0.7978127002716064","0.4325472116470337","0.4858442544937134","0.6065394878387451","0.5982317328453064","0.6139739155769348","0.7592236995697021","0.7309784889221191","0.6808777451515198","0.6845160722732544","0.5896055698394775","0.7716602087020874","0.5870993733406067","0.6917780041694641","0.6872703433036804","0.4651557207107544","0.6340487003326416","0.7178124785423279","0.7203620672225952","0.7136632204055786","0.6169541478157043","0.7745553851127625","0.6312402486801147","0.803772509098053","0.7977235317230225","0.6148632168769836","0.7229633331298828","0.7279976010322571","0.5882230997085571","0.6427482962608337","0.6865260004997253","0.6938296556472778","0.6943075656890869","0.8103658556938171","0.7138005495071411","46.9929084777832","","0.009167895652353764","0.002002630615606904","0.0013234708458185196","0.002049264730885625","0.002519516507163644","0.002326885238289833","0.002282852539792657","0.0022223815321922302","0.002112793270498514","0.0024483513552695513","0.001977492356672883","0.001454641344025731","0.0027651379350572824","0.002447957405820489","0.0025483311619609594","0.0010687982430681586","0.0022236634977161884","0.001582344644702971","0.0017877273494377732","0.002238973043859005","0.002950898837298155","0.0027546945493668318","0.001966719049960375","0.001759965904057026","0.0024265653919428587","0.0013093373272567987","0.001603171112947166","0.0019982585217803717","0.0014936227817088366","0.001578005263581872","0.0022518420591950417","0.0023099971003830433","0.0024076071567833424","0.0027875069063156843","0.0025183868128806353","0.0018004532903432846","0.0022702733986079693","0.003066576784476638","0.002261199988424778","0.0017544851871207356","0.0025580134242773056","0.0025505288504064083","0.00212497659958899","0.0018392781494185328","0.002180177252739668","0.0019230743637308478","0.0022681376431137323","0.0017918793018907309","0.10936525464057922","0.09425941854715347","2350","47","2350","0.09987145662307739","101520","0","","0.36320921778678894","0.36320921778678894","0","0.35944122076034546","0.36320921778678894","0.6367907524108887","24.93389320373535","1.9574055671691895","0.052125152200460434","2.0168890953063965"
